#############################################################################
# Project CNPq: Increasing PHC with team sizing
# Author: João Flávio de Freitas Almeida <joao.flavio@dep.ufmg.br>
# LEPOINT: Laboratório de Estudos em Planejamento de Operações Integradas
# Departamento de Engenharia de Produção
# Universidade Federal de Minas Gerais - Escola de Engenharia
#############################################################################
# Health Care Facility Location Problem: Considering fixed facilities,
# choose intermediate facilities according a criteria that improve service
# quality. Consider health care teams.
#############################################################################
# glpsol -m aps.mod -d LS.dat --cuts

#############################################################################
# DADOS REFERENTES AO MUNICIPIO DE: 
# Contagem 
#############################################################################
data;
# Distance matrix between same-level facilities (for team transfer) 
# {EL[1], L[1]} default 0; # Distance between L1 facilities (min)  
param DL1 := 
3118602190990 3118602190990 0 
3118602190990 3118602191229 520 
3118602190990 3118602190591 1088 
3118602190990 3118602190567 3148 
3118602190990 3118602190532 4093 
3118602190990 3118602190494 4895 
3118602190990 3118602190869 3561 
3118602190990 3118602190605 4199 
3118602190990 3118602190109 3526 
3118602190990 3118607116306 6599 
3118602190990 3118602190931 6264 
3118602190990 3118602190923 7258 
3118602190990 3118602190893 8437 
3118602190990 3118602190486 6351 
3118602190990 3118602190915 8750 
3118602190990 3118602190222 7688 
3118602190990 3118604696077 4218 
3118602190990 3118602191024 4868 
3118602190990 3118602190478 5342 
3118602190990 3118602190389 5907 
3118602190990 3118607110316 6946 
3118602190990 3118602220261 3952 
3118602190990 3118602190397 5783 
3118602190990 3118602190176 4001 
3118602190990 3118602191059 3396 
3118602190990 3118602191040 4186 
3118602190990 3118602190451 7690 
3118602190990 3118602190206 8098 
3118602190990 3118602190524 9116 
3118602190990 3118602190400 7288 
3118602190990 3118602190966 8955 
3118602190990 3118602190877 8098 
3118602190990 3118602190826 12719 
3118602190990 3118602190729 15425 
3118602190990 3118602190656 15425 
3118602190990 3118602190834 15182 
3118602190990 3118602190710 15153 
3118602190990 3118602190796 15404 
3118602190990 3118602190648 15723 
3118602190990 3118602190818 12218 
3118602190990 3118602190885 6963 
3118602190990 3118607053355 8955 
3118602190990 3118602190192 6173 
3118602190990 3118602190214 5585 
3118602190990 3118602190680 5920 
3118602190990 3118602190753 4391 
3118602190990 3118602190141 6465 
3118602190990 3118602220245 3001 
3118602190990 3118602190788 0 
3118602190990 CLU_2943 1746 
3118602190990 CLU_2961 3577 
3118602190990 CLU_2970 4711 
3118602190990 CLU_2971 4890 
3118602190990 CLU_3051 4868 
3118602190990 CLU_3055 5006 
3118602190990 CLU_3060 5361 
3118602190990 CLU_3084 8266 
3118602190990 CLU_3086 14153 
3118602190990 CLU_3087 14789 
3118602190990 CLU_3098 14406 
3118602190990 CLU_3108 10707 
3118602190990 CLU_3114 11466 
3118602190990 CLU_3121 3350 
3118602190990 CLU_3128 5969 
3118602190990 CLU_3141 6401 
3118602190990 CLU_3143 5263 
3118602190990 CLU_3160 5469 
3118602190990 CLU_3166 4427 
3118602190990 CLU_3176 4552 
3118602190990 CLU_3200 2352 
3118602190990 CLU_3214 1778 
3118602190990 CLU_7923 8338 
3118602191229 3118602190990 520 
3118602191229 3118602191229 0 
3118602191229 3118602190591 876 
3118602191229 3118602190567 2964 
3118602191229 3118602190532 3923 
3118602191229 3118602190494 4648 
3118602191229 3118602190869 3600 
3118602191229 3118602190605 4350 
3118602191229 3118602190109 3775 
3118602191229 3118607116306 6475 
3118602191229 3118602190931 6145 
3118602191229 3118602190923 7255 
3118602191229 3118602190893 8378 
3118602191229 3118602190486 6379 
3118602191229 3118602190915 8726 
3118602191229 3118602190222 7610 
3118602191229 3118604696077 4729 
3118602191229 3118602191024 5387 
3118602191229 3118602190478 5859 
3118602191229 3118602190389 6425 
3118602191229 3118607110316 7457 
3118602191229 3118602220261 4472 
3118602191229 3118602190397 6303 
3118602191229 3118602190176 4469 
3118602191229 3118602191059 3917 
3118602191229 3118602191040 4665 
3118602191229 3118602190451 8202 
3118602191229 3118602190206 8613 
3118602191229 3118602190524 9634 
3118602191229 3118602190400 7806 
3118602191229 3118602190966 9476 
3118602191229 3118602190877 8613 
3118602191229 3118602190826 13171 
3118602191229 3118602190729 15835 
3118602191229 3118602190656 15835 
3118602191229 3118602190834 15600 
3118602191229 3118602190710 15529 
3118602191229 3118602190796 15794 
3118602191229 3118602190648 16122 
3118602191229 3118602190818 12661 
3118602191229 3118602190885 7329 
3118602191229 3118607053355 9476 
3118602191229 3118602190192 6069 
3118602191229 3118602190214 5540 
3118602191229 3118602190680 6017 
3118602191229 3118602190753 4764 
3118602191229 3118602190141 6665 
3118602191229 3118602220245 3122 
3118602191229 3118602190788 520 
3118602191229 CLU_2943 1464 
3118602191229 CLU_2961 3503 
3118602191229 CLU_2970 4613 
3118602191229 CLU_2971 4739 
3118602191229 CLU_3051 5387 
3118602191229 CLU_3055 5487 
3118602191229 CLU_3060 5821 
3118602191229 CLU_3084 8786 
3118602191229 CLU_3086 14588 
3118602191229 CLU_3087 15215 
3118602191229 CLU_3098 14807 
3118602191229 CLU_3108 10983 
3118602191229 CLU_3114 11953 
3118602191229 CLU_3121 3156 
3118602191229 CLU_3128 5772 
3118602191229 CLU_3141 6418 
3118602191229 CLU_3143 5298 
3118602191229 CLU_3160 5555 
3118602191229 CLU_3166 4690 
3118602191229 CLU_3176 4714 
3118602191229 CLU_3200 2374 
3118602191229 CLU_3214 1352 
3118602191229 CLU_7923 8658 
3118602190591 3118602190990 1088 
3118602190591 3118602191229 876 
3118602190591 3118602190591 0 
3118602190591 3118602190567 2096 
3118602190591 3118602190532 3053 
3118602190591 3118602190494 3815 
3118602190591 3118602190869 2776 
3118602190591 3118602190605 3612 
3118602190591 3118602190109 3169 
3118602190591 3118607116306 5599 
3118602190591 3118602190931 5269 
3118602190591 3118602190923 6396 
3118602190591 3118602190893 7505 
3118602190591 3118602190486 5535 
3118602190591 3118602190915 7860 
3118602190591 3118602190222 6735 
3118602190591 3118604696077 4792 
3118602190591 3118602191024 5649 
3118602190591 3118602190478 6153 
3118602190591 3118602190389 6688 
3118602190591 3118607110316 7483 
3118602190591 3118602220261 4660 
3118602190591 3118602190397 6449 
3118602190591 3118602190176 4318 
3118602190591 3118602191059 4150 
3118602190591 3118602191040 5169 
3118602190591 3118602190451 8533 
3118602190591 3118602190206 8914 
3118602190591 3118602190524 9897 
3118602190591 3118602190400 8071 
3118602190591 3118602190966 9640 
3118602190591 3118602190877 8914 
3118602190591 3118602190826 12900 
3118602190591 3118602190729 15437 
3118602190591 3118602190656 15437 
3118602190591 3118602190834 15225 
3118602190591 3118602190710 15058 
3118602190591 3118602190796 15353 
3118602190591 3118602190648 15699 
3118602190591 3118602190818 12363 
3118602190591 3118602190885 6869 
3118602190591 3118607053355 9640 
3118602190591 3118602190192 6907 
3118602190591 3118602190214 6401 
3118602190591 3118602190680 6892 
3118602190591 3118602190753 5474 
3118602190591 3118602190141 7513 
3118602190591 3118602220245 3990 
3118602190591 3118602190788 1088 
3118602190591 CLU_2943 661 
3118602190591 CLU_2961 2631 
3118602190591 CLU_2970 3737 
3118602190591 CLU_2971 3867 
3118602190591 CLU_3051 5649 
3118602190591 CLU_3055 5369 
3118602190591 CLU_3060 5619 
3118602190591 CLU_3084 9008 
3118602190591 CLU_3086 14261 
3118602190591 CLU_3087 14861 
3118602190591 CLU_3098 14391 
3118602190591 CLU_3108 10352 
3118602190591 CLU_3114 11818 
3118602190591 CLU_3121 3959 
3118602190591 CLU_3128 6551 
3118602190591 CLU_3141 7292 
3118602190591 CLU_3143 6174 
3118602190591 CLU_3160 6430 
3118602190591 CLU_3166 5502 
3118602190591 CLU_3176 5574 
3118602190591 CLU_3200 3251 
3118602190591 CLU_3214 1961 
3118602190591 CLU_7923 8102 
3118602190567 3118602190990 3148 
3118602190567 3118602191229 2964 
3118602190567 3118602190591 2096 
3118602190567 3118602190567 0 
3118602190567 3118602190532 959 
3118602190567 3118602190494 1790 
3118602190567 3118602190869 1525 
3118602190567 3118602190605 2631 
3118602190567 3118602190109 2848 
3118602190567 3118607116306 3528 
3118602190567 3118602190931 3204 
3118602190567 3118602190923 4525 
3118602190567 3118602190893 5503 
3118602190567 3118602190486 3781 
3118602190567 3118602190915 5917 
3118602190567 3118602190222 4711 
3118602190567 3118604696077 5830 
3118602190567 3118602191024 6977 
3118602190567 3118602190478 7514 
3118602190567 3118602190389 7971 
3118602190567 3118607110316 8274 
3118602190567 3118602220261 5929 
3118602190567 3118602190397 7529 
3118602190567 3118602190176 4983 
3118602190567 3118602191059 5534 
3118602190567 3118602191040 6890 
3118602190567 3118602190451 9882 
3118602190567 3118602190206 10200 
3118602190567 3118602190524 11089 
3118602190567 3118602190400 9312 
3118602190567 3118602190966 10644 
3118602190567 3118602190877 10200 
3118602190567 3118602190826 12840 
3118602190567 3118602190729 15006 
3118602190567 3118602190656 15006 
3118602190567 3118602190834 14859 
3118602190567 3118602190710 14432 
3118602190567 3118602190796 14806 
3118602190567 3118602190648 15196 
3118602190567 3118602190818 12243 
3118602190567 3118602190885 6505 
3118602190567 3118607053355 10644 
3118602190567 3118602190192 8842 
3118602190567 3118602190214 8405 
3118602190567 3118602190680 8979 
3118602190567 3118602190753 7447 
3118602190567 3118602190141 9606 
3118602190567 3118602220245 6085 
3118602190567 3118602190788 3148 
3118602190567 CLU_2943 1531 
3118602190567 CLU_2961 867 
3118602190567 CLU_2970 1735 
3118602190567 CLU_2971 1781 
3118602190567 CLU_3051 6977 
3118602190567 CLU_3055 5990 
3118602190567 CLU_3060 6028 
3118602190567 CLU_3084 10141 
3118602190567 CLU_3086 14035 
3118602190567 CLU_3087 14553 
3118602190567 CLU_3098 13926 
3118602190567 CLU_3108 9325 
3118602190567 CLU_3114 12112 
3118602190567 CLU_3121 5858 
3118602190567 CLU_3128 8352 
3118602190567 CLU_3141 9339 
3118602190567 CLU_3143 8237 
3118602190567 CLU_3160 8514 
3118602190567 CLU_3166 7574 
3118602190567 CLU_3176 7671 
3118602190567 CLU_3200 5328 
3118602190567 CLU_3214 3739 
3118602190567 CLU_7923 7385 
3118602190532 3118602190990 4093 
3118602190532 3118602191229 3923 
3118602190532 3118602190591 3053 
3118602190532 3118602190567 959 
3118602190532 3118602190532 0 
3118602190532 3118602190494 1034 
3118602190532 3118602190869 1593 
3118602190532 3118602190605 2573 
3118602190532 3118602190109 3112 
3118602190532 3118607116306 2576 
3118602190532 3118602190931 2257 
3118602190532 3118602190923 3698 
3118602190532 3118602190893 4585 
3118602190532 3118602190486 3057 
3118602190532 3118602190915 5030 
3118602190532 3118602190222 3783 
3118602190532 3118604696077 6416 
3118602190532 3118602191024 7644 
3118602190532 3118602190478 8184 
3118602190532 3118602190389 8606 
3118602190532 3118607110316 8709 
3118602190532 3118602220261 6596 
3118602190532 3118602190397 8093 
3118602190532 3118602190176 5463 
3118602190532 3118602191059 6250 
3118602190532 3118602191040 7700 
3118602190532 3118602190451 10522 
3118602190532 3118602190206 10812 
3118602190532 3118602190524 11655 
3118602190532 3118602190400 9914 
3118602190532 3118602190966 11136 
3118602190532 3118602190877 10812 
3118602190532 3118602190826 12842 
3118602190532 3118602190729 14819 
3118602190532 3118602190656 14819 
3118602190532 3118602190834 14703 
3118602190532 3118602190710 14156 
3118602190532 3118602190796 14565 
3118602190532 3118602190648 14974 
3118602190532 3118602190818 12223 
3118602190532 3118602190885 6475 
3118602190532 3118607053355 11136 
3118602190532 3118602190192 9773 
3118602190532 3118602190214 9352 
3118602190532 3118602190680 9939 
3118602190532 3118602190753 8344 
3118602190532 3118602190141 10557 
3118602190532 3118602220245 7043 
3118602190532 3118602190788 4093 
3118602190532 CLU_2943 2487 
3118602190532 CLU_2961 858 
3118602190532 CLU_2970 903 
3118602190532 CLU_2971 827 
3118602190532 CLU_3051 7644 
3118602190532 CLU_3055 6413 
3118602190532 CLU_3060 6362 
3118602190532 CLU_3084 10691 
3118602190532 CLU_3086 13950 
3118602190532 CLU_3087 14427 
3118602190532 CLU_3098 13731 
3118602190532 CLU_3108 8900 
3118602190532 CLU_3114 12282 
3118602190532 CLU_3121 6789 
3118602190532 CLU_3128 9250 
3118602190532 CLU_3141 10294 
3118602190532 CLU_3143 9194 
3118602190532 CLU_3160 9474 
3118602190532 CLU_3166 8513 
3118602190532 CLU_3176 8627 
3118602190532 CLU_3200 6287 
3118602190532 CLU_3214 4665 
3118602190532 CLU_7923 7154 
3118602190494 3118602190990 4895 
3118602190494 3118602191229 4648 
3118602190494 3118602190591 3815 
3118602190494 3118602190567 1790 
3118602190494 3118602190532 1034 
3118602190494 3118602190494 0 
3118602190494 3118602190869 2604 
3118602190494 3118602190605 3504 
3118602190494 3118602190109 4127 
3118602190494 3118607116306 2258 
3118602190494 3118602190931 2018 
3118602190494 3118602190923 3777 
3118602190494 3118602190893 4354 
3118602190494 3118602190486 3377 
3118602190494 3118602190915 4897 
3118602190494 3118602190222 3542 
3118602190494 3118604696077 7450 
3118602190494 3118602191024 8668 
3118602190494 3118602190478 9208 
3118602190494 3118602190389 9636 
3118602190494 3118607110316 9735 
3118602190494 3118602220261 7619 
3118602190494 3118602190397 9128 
3118602190494 3118602190176 6497 
3118602190494 3118602191059 7260 
3118602190494 3118602191040 8670 
3118602190494 3118602190451 11552 
3118602190494 3118602190206 11844 
3118602190494 3118602190524 12690 
3118602190494 3118602190400 10947 
3118602190494 3118602190966 12167 
3118602190494 3118602190877 11844 
3118602190494 3118602190826 13698 
3118602190494 3118602190729 15541 
3118602190494 3118602190656 15541 
3118602190494 3118602190834 15450 
3118602190494 3118602190710 14808 
3118602190494 3118602190796 15246 
3118602190494 3118602190648 15669 
3118602190494 3118602190818 13068 
3118602190494 3118602190885 7344 
3118602190494 3118607053355 12167 
3118602190494 3118602190192 10243 
3118602190494 3118602190214 9893 
3118602190494 3118602190680 10606 
3118602190494 3118602190753 9231 
3118602190494 3118602190141 11314 
3118602190494 3118602220245 7755 
3118602190494 3118602190788 4895 
3118602190494 CLU_2943 3184 
3118602190494 CLU_2961 1891 
3118602190494 CLU_2970 1431 
3118602190494 CLU_2971 957 
3118602190494 CLU_3051 8668 
3118602190494 CLU_3055 7439 
3118602190494 CLU_3060 7374 
3118602190494 CLU_3084 11725 
3118602190494 CLU_3086 14748 
3118602190494 CLU_3087 15196 
3118602190494 CLU_3098 14450 
3118602190494 CLU_3108 9442 
3118602190494 CLU_3114 13225 
3118602190494 CLU_3121 7281 
3118602190494 CLU_3128 9622 
3118602190494 CLU_3141 10882 
3118602190494 CLU_3143 9814 
3118602190494 CLU_3160 10135 
3118602190494 CLU_3166 9318 
3118602190494 CLU_3176 9355 
3118602190494 CLU_3200 6956 
3118602190494 CLU_3214 5176 
3118602190494 CLU_7923 7884 
3118602190869 3118602190990 3561 
3118602190869 3118602191229 3600 
3118602190869 3118602190591 2776 
3118602190869 3118602190567 1525 
3118602190869 3118602190532 1593 
3118602190869 3118602190494 2604 
3118602190869 3118602190869 0 
3118602190869 3118602190605 1106 
3118602190869 3118602190109 1522 
3118602190869 3118607116306 3327 
3118602190869 3118602190931 2995 
3118602190869 3118602190923 3703 
3118602190869 3118602190893 4941 
3118602190869 3118602190486 2790 
3118602190869 3118602190915 5206 
3118602190869 3118602190222 4239 
3118602190869 3118604696077 4941 
3118602190869 3118602191024 6234 
3118602190869 3118602190478 6773 
3118602190869 3118602190389 7155 
3118602190869 3118607110316 7134 
3118602190869 3118602220261 5200 
3118602190869 3118602190397 6585 
3118602190869 3118602190176 3924 
3118602190869 3118602191059 4925 
3118602190869 3118602191040 6513 
3118602190869 3118602190451 9064 
3118602190869 3118602190206 9328 
3118602190869 3118602190524 10135 
3118602190869 3118602190400 8426 
3118602190869 3118602190966 9577 
3118602190869 3118602190877 9328 
3118602190869 3118602190826 11353 
3118602190869 3118602190729 13481 
3118602190869 3118602190656 13481 
3118602190869 3118602190834 13336 
3118602190869 3118602190710 12912 
3118602190869 3118602190796 13282 
3118602190869 3118602190648 13671 
3118602190869 3118602190818 10747 
3118602190869 3118602190885 4999 
3118602190869 3118607053355 9577 
3118602190869 3118602190192 9669 
3118602190869 3118602190214 9127 
3118602190869 3118602190680 9457 
3118602190869 3118602190753 7390 
3118602190869 3118602190141 9879 
3118602190869 3118602220245 6544 
3118602190869 3118602190788 3561 
3118602190869 CLU_2943 2502 
3118602190869 CLU_2961 772 
3118602190869 CLU_2970 1526 
3118602190869 CLU_2971 1958 
3118602190869 CLU_3051 6234 
3118602190869 CLU_3055 4840 
3118602190869 CLU_3060 4771 
3118602190869 CLU_3084 9163 
3118602190869 CLU_3086 12522 
3118602190869 CLU_3087 13033 
3118602190869 CLU_3098 12401 
3118602190869 CLU_3108 7861 
3118602190869 CLU_3114 10712 
3118602190869 CLU_3121 6734 
3118602190869 CLU_3128 9327 
3118602190869 CLU_3141 9962 
3118602190869 CLU_3143 8824 
3118602190869 CLU_3160 9015 
3118602190869 CLU_3166 7761 
3118602190869 CLU_3176 8044 
3118602190869 CLU_3200 5910 
3118602190869 CLU_3214 4709 
3118602190869 CLU_7923 5863 
3118602190605 3118602190990 4199 
3118602190605 3118602191229 4350 
3118602190605 3118602190591 3612 
3118602190605 3118602190567 2631 
3118602190605 3118602190532 2573 
3118602190605 3118602190494 3504 
3118602190605 3118602190869 1106 
3118602190605 3118602190605 0 
3118602190605 3118602190109 1017 
3118602190605 3118607116306 3599 
3118602190605 3118602190931 3304 
3118602190605 3118602190923 3417 
3118602190605 3118602190893 4798 
3118602190605 3118602190486 2440 
3118602190605 3118602190915 4923 
3118602190605 3118602190222 4216 
3118602190605 3118604696077 4518 
3118602190605 3118602191024 5892 
3118602190605 3118602190478 6416 
3118602190605 3118602190389 6722 
3118602190605 3118607110316 6411 
3118602190605 3118602220261 4910 
3118602190605 3118602190397 6054 
3118602190605 3118602190176 3390 
3118602190605 3118602191059 4753 
3118602190605 3118602191040 6459 
3118602190605 3118602190451 8596 
3118602190605 3118602190206 8811 
3118602190605 3118602190524 9539 
3118602190605 3118602190400 7910 
3118602190605 3118602190966 8890 
3118602190605 3118602190877 8811 
3118602190605 3118602190826 10281 
3118602190605 3118602190729 12374 
3118602190605 3118602190656 12374 
3118602190605 3118602190834 12231 
3118602190605 3118602190710 11810 
3118602190605 3118602190796 12176 
3118602190605 3118602190648 12565 
3118602190605 3118602190818 9668 
3118602190605 3118602190885 3916 
3118602190605 3118607053355 8890 
3118602190605 3118602190192 10372 
3118602190605 3118602190214 9771 
3118602190605 3118602190680 9941 
3118602190605 3118602190753 7549 
3118602190605 3118602190141 10219 
3118602190605 3118602220245 7071 
3118602190605 3118602190788 4199 
3118602190605 CLU_2943 3468 
3118602190605 CLU_2961 1842 
3118602190605 CLU_2970 2176 
3118602190605 CLU_2971 2685 
3118602190605 CLU_3051 5892 
3118602190605 CLU_3055 4163 
3118602190605 CLU_3060 3981 
3118602190605 CLU_3084 8558 
3118602190605 CLU_3086 11427 
3118602190605 CLU_3087 11932 
3118602190605 CLU_3098 11294 
3118602190605 CLU_3108 6815 
3118602190605 CLU_3114 9722 
3118602190605 CLU_3121 7504 
3118602190605 CLU_3128 10122 
3118602190605 CLU_3141 10534 
3118602190605 CLU_3143 9386 
3118602190605 CLU_3160 9519 
3118602190605 CLU_3166 8081 
3118602190605 CLU_3176 8483 
3118602190605 CLU_3200 6530 
3118602190605 CLU_3214 5573 
3118602190605 CLU_7923 4761 
3118602190109 3118602190990 3526 
3118602190109 3118602191229 3775 
3118602190109 3118602190591 3169 
3118602190109 3118602190567 2848 
3118602190109 3118602190532 3112 
3118602190109 3118602190494 4127 
3118602190109 3118602190869 1522 
3118602190109 3118602190605 1017 
3118602190109 3118602190109 0 
3118602190109 3118607116306 4561 
3118602190109 3118602190931 4252 
3118602190109 3118602190923 4428 
3118602190109 3118602190893 5815 
3118602190109 3118602190486 3450 
3118602190109 3118602190915 5927 
3118602190109 3118602190222 5231 
3118602190109 3118604696077 3543 
3118602190109 3118602191024 4899 
3118602190109 3118602190478 5428 
3118602190109 3118602190389 5758 
3118602190109 3118607110316 5615 
3118602190109 3118602220261 3904 
3118602190109 3118602190397 5130 
3118602190109 3118602190176 2454 
3118602190109 3118602191059 3736 
3118602190109 3118602191040 5444 
3118602190109 3118602190451 7650 
3118602190109 3118602190206 7886 
3118602190109 3118602190524 8657 
3118602190109 3118602190400 6983 
3118602190109 3118602190966 8068 
3118602190109 3118602190877 7886 
3118602190109 3118602190826 10036 
3118602190109 3118602190729 12365 
3118602190109 3118602190656 12365 
3118602190109 3118602190834 12182 
3118602190109 3118602190710 11921 
3118602190109 3118602190796 12238 
3118602190109 3118602190648 12600 
3118602190109 3118602190818 9454 
3118602190109 3118602190885 3782 
3118602190109 3118607053355 8068 
3118602190109 3118602190192 9658 
3118602190109 3118602190214 9013 
3118602190109 3118602190680 9078 
3118602190109 3118602190753 6566 
3118602190109 3118602190141 9287 
3118602190109 3118602220245 6253 
3118602190109 3118602190788 3526 
3118602190109 CLU_2943 3212 
3118602190109 CLU_2961 2268 
3118602190109 CLU_2970 2961 
3118602190109 CLU_2971 3437 
3118602190109 CLU_3051 4899 
3118602190109 CLU_3055 3326 
3118602190109 CLU_3060 3250 
3118602190109 CLU_3084 7680 
3118602190109 CLU_3086 11290 
3118602190109 CLU_3087 11846 
3118602190109 CLU_3098 11303 
3118602190109 CLU_3108 7209 
3118602190109 CLU_3114 9264 
3118602190109 CLU_3121 6876 
3118602190109 CLU_3128 9496 
3118602190109 CLU_3141 9721 
3118602190109 CLU_3143 8573 
3118602190109 CLU_3160 8669 
3118602190109 CLU_3166 7149 
3118602190109 CLU_3176 7603 
3118602190109 CLU_3200 5784 
3118602190109 CLU_3214 5084 
3118602190109 CLU_7923 4934 
3118607116306 3118602190990 6599 
3118607116306 3118602191229 6475 
3118607116306 3118602190591 5599 
3118607116306 3118602190567 3528 
3118607116306 3118602190532 2576 
3118607116306 3118602190494 2258 
3118607116306 3118602190869 3327 
3118607116306 3118602190605 3599 
3118607116306 3118602190109 4561 
3118607116306 3118607116306 0 
3118607116306 3118602190931 337 
3118607116306 3118602190923 1771 
3118607116306 3118602190893 2096 
3118607116306 3118602190486 1900 
3118607116306 3118602190915 2651 
3118607116306 3118602190222 1284 
3118607116306 3118604696077 8104 
3118607116306 3118602191024 9457 
3118607116306 3118602190478 9989 
3118607116306 3118602190389 10316 
3118607116306 3118607110316 9940 
3118607116306 3118602220261 8448 
3118607116306 3118602190397 9654 
3118607116306 3118602190176 6988 
3118607116306 3118602191059 8221 
3118607116306 3118602191040 9838 
3118607116306 3118602190451 12195 
3118607116306 3118602190206 12409 
3118607116306 3118602190524 13121 
3118607116306 3118602190400 11509 
3118607116306 3118602190966 12427 
3118607116306 3118602190877 12409 
3118607116306 3118602190826 12823 
3118607116306 3118602190729 14241 
3118607116306 3118602190656 14241 
3118607116306 3118602190834 14213 
3118607116306 3118602190710 13349 
3118607116306 3118602190796 13847 
3118607116306 3118602190648 14299 
3118607116306 3118602190818 12163 
3118607116306 3118602190885 6713 
3118607116306 3118607053355 12427 
3118607116306 3118602190192 12341 
3118607116306 3118602190214 11928 
3118607116306 3118602190680 12491 
3118607116306 3118602190753 10689 
3118607116306 3118602190141 13054 
3118607116306 3118602220245 9583 
3118607116306 3118602190788 6599 
3118607116306 CLU_2943 5059 
3118607116306 CLU_2961 3038 
3118607116306 CLU_2970 1898 
3118607116306 CLU_2971 1748 
3118607116306 CLU_3051 9457 
3118607116306 CLU_3055 7740 
3118607116306 CLU_3060 7495 
3118607116306 CLU_3084 12138 
3118607116306 CLU_3086 13669 
3118607116306 CLU_3087 14023 
3118607116306 CLU_3098 13153 
3118607116306 CLU_3108 7847 
3118607116306 CLU_3114 12721 
3118607116306 CLU_3121 9359 
3118607116306 CLU_3128 11788 
3118607116306 CLU_3141 12867 
3118607116306 CLU_3143 11763 
3118607116306 CLU_3160 12030 
3118607116306 CLU_3166 10973 
3118607116306 CLU_3176 11151 
3118607116306 CLU_3200 8847 
3118607116306 CLU_3214 7235 
3118607116306 CLU_7923 6783 
3118602190931 3118602190990 6264 
3118602190931 3118602191229 6145 
3118602190931 3118602190591 5269 
3118602190931 3118602190567 3204 
3118602190931 3118602190532 2257 
3118602190931 3118602190494 2018 
3118602190931 3118602190869 2995 
3118602190931 3118602190605 3304 
3118602190931 3118602190109 4252 
3118602190931 3118607116306 337 
3118602190931 3118602190931 0 
3118602190931 3118602190923 1845 
3118602190931 3118602190893 2364 
3118602190931 3118602190486 1794 
3118602190931 3118602190915 2881 
3118602190931 3118602190222 1551 
3118602190931 3118604696077 7796 
3118602190931 3118602191024 9144 
3118602190931 3118602190478 9677 
3118602190931 3118602190389 10010 
3118602190931 3118607110316 9672 
3118602190931 3118602220261 8131 
3118602190931 3118602190397 9358 
3118602190931 3118602190176 6688 
3118602190931 3118602191059 7897 
3118602190931 3118602191040 9508 
3118602190931 3118602190451 11895 
3118602190931 3118602190206 12115 
3118602190931 3118602190524 12838 
3118602190931 3118602190400 11214 
3118602190931 3118602190966 12158 
3118602190931 3118602190877 12115 
3118602190931 3118602190826 12693 
3118602190931 3118602190729 14187 
3118602190931 3118602190656 14187 
3118602190931 3118602190834 14146 
3118602190931 3118602190710 13324 
3118602190931 3118602190796 13811 
3118602190931 3118602190648 14258 
3118602190931 3118602190818 12036 
3118602190931 3118602190885 6528 
3118602190931 3118607053355 12158 
3118602190931 3118602190192 12028 
3118602190931 3118602190214 11608 
3118602190931 3118602190680 12160 
3118602190931 3118602190753 10352 
3118602190931 3118602190141 12718 
3118602190931 3118602220245 9251 
3118602190931 3118602190788 6264 
3118602190931 CLU_2943 4735 
3118602190931 CLU_2961 2701 
3118602190931 CLU_2970 1560 
3118602190931 CLU_2971 1431 
3118602190931 CLU_3051 9144 
3118602190931 CLU_3055 7457 
3118602190931 CLU_3060 7227 
3118602190931 CLU_3084 11856 
3118602190931 CLU_3086 13574 
3118602190931 CLU_3087 13945 
3118602190931 CLU_3098 13096 
3118602190931 CLU_3108 7842 
3118602190931 CLU_3114 12538 
3118602190931 CLU_3121 9045 
3118602190931 CLU_3128 11487 
3118602190931 CLU_3141 12542 
3118602190931 CLU_3143 11436 
3118602190931 CLU_3160 11699 
3118602190931 CLU_3166 10636 
3118602190931 CLU_3176 10817 
3118602190931 CLU_3200 8518 
3118602190931 CLU_3214 6921 
3118602190931 CLU_7923 6673 
3118602190923 3118602190990 7258 
3118602190923 3118602191229 7255 
3118602190923 3118602190591 6396 
3118602190923 3118602190567 4525 
3118602190923 3118602190532 3698 
3118602190923 3118602190494 3777 
3118602190923 3118602190869 3703 
3118602190923 3118602190605 3417 
3118602190923 3118602190109 4428 
3118602190923 3118607116306 1771 
3118602190923 3118602190931 1845 
3118602190923 3118602190923 0 
3118602190923 3118602190893 1428 
3118602190923 3118602190486 977 
3118602190923 3118602190915 1516 
3118602190923 3118602190222 1147 
3118602190923 3118604696077 7791 
3118602190923 3118602191024 9190 
3118602190923 3118602190478 9695 
3118602190923 3118602190389 9929 
3118602190923 3118607110316 9203 
3118602190923 3118602220261 8257 
3118602190923 3118602190397 9170 
3118602190923 3118602190176 6619 
3118602190923 3118602191059 8149 
3118602190923 3118602191040 9871 
3118602190923 3118602190451 11728 
3118602190923 3118602190206 11876 
3118602190923 3118602190524 12470 
3118602190923 3118602190400 10995 
3118602190923 3118602190966 11665 
3118602190923 3118602190877 11876 
3118602190923 3118602190826 11335 
3118602190923 3118602190729 12562 
3118602190923 3118602190656 12562 
3118602190923 3118602190834 12557 
3118602190923 3118602190710 11624 
3118602190923 3118602190796 12137 
3118602190923 3118602190648 12597 
3118602190923 3118602190818 10667 
3118602190923 3118602190885 5519 
3118602190923 3118607053355 11665 
3118602190923 3118602190192 13297 
3118602190923 3118602190214 12795 
3118602190923 3118602190680 13160 
3118602190923 3118602190753 10953 
3118602190923 3118602190141 13552 
3118602190923 3118602220245 10247 
3118602190923 3118602190788 7258 
3118602190923 CLU_2943 5978 
3118602190923 CLU_2961 3785 
3118602190923 CLU_2970 2808 
3118602190923 CLU_2971 2975 
3118602190923 CLU_3051 9190 
3118602190923 CLU_3055 7172 
3118602190923 CLU_3060 6806 
3118602190923 CLU_3084 11495 
3118602190923 CLU_3086 12078 
3118602190923 CLU_3087 12392 
3118602190923 CLU_3098 11480 
3118602190923 CLU_3108 6108 
3118602190923 CLU_3114 11443 
3118602190923 CLU_3121 10328 
3118602190923 CLU_3128 12865 
3118602190923 CLU_3141 13655 
3118602190923 CLU_3143 12520 
3118602190923 CLU_3160 12717 
3118602190923 CLU_3166 11422 
3118602190923 CLU_3176 11742 
3118602190923 CLU_3200 9599 
3118602190923 CLU_3214 8232 
3118602190923 CLU_7923 5281 
3118602190893 3118602190990 8437 
3118602190893 3118602191229 8378 
3118602190893 3118602190591 7505 
3118602190893 3118602190567 5503 
3118602190893 3118602190532 4585 
3118602190893 3118602190494 4354 
3118602190893 3118602190869 4941 
3118602190893 3118602190605 4798 
3118602190893 3118602190109 5815 
3118602190893 3118607116306 2096 
3118602190893 3118602190931 2364 
3118602190893 3118602190923 1428 
3118602190893 3118602190893 0 
3118602190893 3118602190486 2381 
3118602190893 3118602190915 671 
3118602190893 3118602190222 813 
3118602190893 3118604696077 9215 
3118602190893 3118602191024 10613 
3118602190893 3118602190478 11120 
3118602190893 3118602190389 11358 
3118602190893 3118607110316 10611 
3118602190893 3118602220261 9672 
3118602190893 3118602190397 10598 
3118602190893 3118602190176 8045 
3118602190893 3118602191059 9548 
3118602190893 3118602191040 11257 
3118602190893 3118602190451 13156 
3118602190893 3118602190206 13301 
3118602190893 3118602190524 13884 
3118602190893 3118602190400 12421 
3118602190893 3118602190966 13062 
3118602190893 3118602190877 13301 
3118602190893 3118602190826 12374 
3118602190893 3118602190729 13309 
3118602190893 3118602190656 13309 
3118602190893 3118602190834 13350 
3118602190893 3118602190710 12255 
3118602190893 3118602190796 12811 
3118602190893 3118602190648 13288 
3118602190893 3118602190818 11701 
3118602190893 3118602190885 6824 
3118602190893 3118607053355 13062 
3118602190893 3118602190192 14346 
3118602190893 3118602190214 13894 
3118602190893 3118602190680 14358 
3118602190893 3118602190753 12288 
3118602190893 3118602190141 14820 
3118602190893 3118602220245 11439 
3118602190893 3118602190788 8437 
3118602190893 CLU_2943 7019 
3118602190893 CLU_2961 4876 
3118602190893 CLU_2970 3779 
3118602190893 CLU_2971 3773 
3118602190893 CLU_3051 10613 
3118602190893 CLU_3055 8599 
3118602190893 CLU_3060 8225 
3118602190893 CLU_3084 12911 
3118602190893 CLU_3086 12985 
3118602190893 CLU_3087 13233 
3118602190893 CLU_3098 12246 
3118602190893 CLU_3108 6759 
3118602190893 CLU_3114 12649 
3118602190893 CLU_3121 11362 
3118602190893 CLU_3128 13834 
3118602190893 CLU_3141 14797 
3118602190893 CLU_3143 13675 
3118602190893 CLU_3160 13906 
3118602190893 CLU_3166 12702 
3118602190893 CLU_3176 12970 
3118602190893 CLU_3200 10749 
3118602190893 CLU_3214 9242 
3118602190893 CLU_7923 6382 
3118602190486 3118602190990 6351 
3118602190486 3118602191229 6379 
3118602190486 3118602190591 5535 
3118602190486 3118602190567 3781 
3118602190486 3118602190532 3057 
3118602190486 3118602190494 3377 
3118602190486 3118602190869 2790 
3118602190486 3118602190605 2440 
3118602190486 3118602190109 3450 
3118602190486 3118607116306 1900 
3118602190486 3118602190931 1794 
3118602190486 3118602190923 977 
3118602190486 3118602190893 2381 
3118602190486 3118602190486 0 
3118602190486 3118602190915 2486 
3118602190486 3118602190222 1915 
3118602190486 3118604696077 6837 
3118602190486 3118602191024 8233 
3118602190486 3118602190478 8742 
3118602190486 3118602190389 8991 
3118602190486 3118607110316 8350 
3118602190486 3118602220261 7291 
3118602190486 3118602190397 8249 
3118602190486 3118602190176 5669 
3118602190486 3118602191059 7174 
3118602190486 3118602191040 8894 
3118602190486 3118602190451 10809 
3118602190486 3118602190206 10972 
3118602190486 3118602190524 11598 
3118602190486 3118602190400 10085 
3118602190486 3118602190966 10826 
3118602190486 3118602190877 10972 
3118602190486 3118602190826 10922 
3118602190486 3118602190729 12399 
3118602190486 3118602190656 12399 
3118602190486 3118602190834 12354 
3118602190486 3118602190710 11560 
3118602190486 3118602190796 12035 
3118602190486 3118602190648 12478 
3118602190486 3118602190818 10262 
3118602190486 3118602190885 4862 
3118602190486 3118607053355 10826 
3118602190486 3118602190192 12442 
3118602190486 3118602190214 11915 
3118602190486 3118602190680 12233 
3118602190486 3118602190753 9980 
3118602190486 3118602190141 12597 
3118602190486 3118602220245 9326 
3118602190486 3118602190788 6351 
3118602190486 CLU_2943 5163 
3118602190486 CLU_2961 2978 
3118602190486 CLU_2970 2157 
3118602190486 CLU_2971 2462 
3118602190486 CLU_3051 8233 
3118602190486 CLU_3055 6263 
3118602190486 CLU_3060 5927 
3118602190486 CLU_3084 10619 
3118602190486 CLU_3086 11781 
3118602190486 CLU_3087 12150 
3118602190486 CLU_3098 11308 
3118602190486 CLU_3108 6112 
3118602190486 CLU_3114 10857 
3118602190486 CLU_3121 9488 
3118602190486 CLU_3128 12053 
3118602190486 CLU_3141 12752 
3118602190486 CLU_3143 11613 
3118602190486 CLU_3160 11795 
3118602190486 CLU_3166 10464 
3118602190486 CLU_3176 10804 
3118602190486 CLU_3200 8701 
3118602190486 CLU_3214 7417 
3118602190486 CLU_7923 4886 
3118602190915 3118602190990 8750 
3118602190915 3118602191229 8726 
3118602190915 3118602190591 7860 
3118602190915 3118602190567 5917 
3118602190915 3118602190532 5030 
3118602190915 3118602190494 4897 
3118602190915 3118602190869 5206 
3118602190915 3118602190605 4923 
3118602190915 3118602190109 5927 
3118602190915 3118607116306 2651 
3118602190915 3118602190931 2881 
3118602190915 3118602190923 1516 
3118602190915 3118602190893 671 
3118602190915 3118602190486 2486 
3118602190915 3118602190915 0 
3118602190915 3118602190222 1386 
3118602190915 3118604696077 9222 
3118602190915 3118602191024 10624 
3118602190915 3118602190478 11118 
3118602190915 3118602190389 11323 
3118602190915 3118607110316 10456 
3118602190915 3118602220261 9716 
3118602190915 3118602190397 10534 
3118602190915 3118602190176 8046 
3118602190915 3118602191059 9631 
3118602190915 3118602191040 11363 
3118602190915 3118602190451 13082 
3118602190915 3118602190206 13202 
3118602190915 3118602190524 13740 
3118602190915 3118602190400 12334 
3118602190915 3118602190966 12881 
3118602190915 3118602190877 13202 
3118602190915 3118602190826 11893 
3118602190915 3118602190729 12722 
3118602190915 3118602190656 12722 
3118602190915 3118602190834 12776 
3118602190915 3118602190710 11641 
3118602190915 3118602190796 12207 
3118602190915 3118602190648 12687 
3118602190915 3118602190818 11220 
3118602190915 3118602190885 6543 
3118602190915 3118607053355 12881 
3118602190915 3118602190192 14742 
3118602190915 3118602190214 14261 
3118602190915 3118602190680 14662 
3118602190915 3118602190753 12466 
3118602190915 3118602190141 15067 
3118602190915 3118602220245 11745 
3118602190915 3118602190788 8750 
3118602190915 CLU_2943 7409 
3118602190915 CLU_2961 5232 
3118602190915 CLU_2970 4181 
3118602190915 CLU_2971 4241 
3118602190915 CLU_3051 10624 
3118602190915 CLU_3055 8527 
3118602190915 CLU_3060 8115 
3118602190915 CLU_3084 12774 
3118602190915 CLU_3086 12449 
3118602190915 CLU_3087 12674 
3118602190915 CLU_3098 11666 
3118602190915 CLU_3108 6167 
3118602190915 CLU_3114 12262 
3118602190915 CLU_3121 11763 
3118602190915 CLU_3128 14269 
3118602190915 CLU_3141 15139 
3118602190915 CLU_3143 14008 
3118602190915 CLU_3160 14216 
3118602190915 CLU_3166 12938 
3118602190915 CLU_3176 13250 
3118602190915 CLU_3200 11083 
3118602190915 CLU_3214 9652 
3118602190915 CLU_7923 5962 
3118602190222 3118602190990 7688 
3118602190222 3118602191229 7610 
3118602190222 3118602190591 6735 
3118602190222 3118602190567 4711 
3118602190222 3118602190532 3783 
3118602190222 3118602190494 3542 
3118602190222 3118602190869 4239 
3118602190222 3118602190605 4216 
3118602190222 3118602190109 5231 
3118602190222 3118607116306 1284 
3118602190222 3118602190931 1551 
3118602190222 3118602190923 1147 
3118602190222 3118602190893 813 
3118602190222 3118602190486 1915 
3118602190222 3118602190915 1386 
3118602190222 3118602190222 0 
3118602190222 3118604696077 8704 
3118602190222 3118602191024 10092 
3118602190222 3118602190478 10609 
3118602190222 3118602190389 10879 
3118602190222 3118607110316 10263 
3118602190222 3118602220261 9124 
3118602190222 3118602190397 10151 
3118602190222 3118602190176 7546 
3118602190222 3118602191059 8965 
3118602190222 3118602191040 10648 
3118602190222 3118602190451 12712 
3118602190222 3118602190206 12882 
3118602190222 3118602190524 13513 
3118602190222 3118602190400 11992 
3118602190222 3118602190966 12737 
3118602190222 3118602190877 12882 
3118602190222 3118602190826 12464 
3118602190222 3118602190729 13599 
3118602190222 3118602190656 13599 
3118602190222 3118602190834 13612 
3118602190222 3118602190710 12610 
3118602190222 3118602190796 13143 
3118602190222 3118602190648 13611 
3118602190222 3118602190818 11794 
3118602190222 3118602190885 6659 
3118602190222 3118607053355 12737 
3118602190222 3118602190192 13552 
3118602190222 3118602190214 13111 
3118602190222 3118602190680 13606 
3118602190222 3118602190753 11621 
3118602190222 3118602190141 14101 
3118602190222 3118602220245 10689 
3118602190222 3118602190788 7688 
3118602190222 CLU_2943 6233 
3118602190222 CLU_2961 4114 
3118602190222 CLU_2970 2999 
3118602190222 CLU_2971 2967 
3118602190222 CLU_3051 10092 
3118602190222 CLU_3055 8173 
3118602190222 CLU_3060 7843 
3118602190222 CLU_3084 12534 
3118602190222 CLU_3086 13172 
3118602190222 CLU_3087 13465 
3118602190222 CLU_3098 12523 
3118602190222 CLU_3108 7089 
3118602190222 CLU_3114 12591 
3118602190222 CLU_3121 10568 
3118602190222 CLU_3128 13030 
3118602190222 CLU_3141 14026 
3118602190222 CLU_3143 12909 
3118602190222 CLU_3160 13151 
3118602190222 CLU_3166 11993 
3118602190222 CLU_3176 12232 
3118602190222 CLU_3200 9984 
3118602190222 CLU_3214 8446 
3118602190222 CLU_7923 6415 
3118604696077 3118602190990 4218 
3118604696077 3118602191229 4729 
3118604696077 3118602190591 4792 
3118604696077 3118602190567 5830 
3118604696077 3118602190532 6416 
3118604696077 3118602190494 7450 
3118604696077 3118602190869 4941 
3118604696077 3118602190605 4518 
3118604696077 3118602190109 3543 
3118604696077 3118607116306 8104 
3118604696077 3118602190931 7796 
3118604696077 3118602190923 7791 
3118604696077 3118602190893 9215 
3118604696077 3118602190486 6837 
3118604696077 3118602190915 9222 
3118604696077 3118602190222 8704 
3118604696077 3118604696077 0 
3118604696077 3118602191024 1401 
3118604696077 3118602190478 1906 
3118604696077 3118602190389 2218 
3118604696077 3118607110316 2728 
3118604696077 3118602220261 698 
3118604696077 3118602190397 1703 
3118604696077 3118602190176 1175 
3118604696077 3118602191059 1128 
3118604696077 3118602191040 2584 
3118604696077 3118602190451 4123 
3118604696077 3118602190206 4395 
3118604696077 3118602190524 5259 
3118604696077 3118602190400 3497 
3118604696077 3118602190966 4871 
3118604696077 3118602190877 4395 
3118604696077 3118602190826 8823 
3118604696077 3118602190729 11832 
3118604696077 3118602190656 11832 
3118604696077 3118602190834 11520 
3118604696077 3118602190710 11831 
3118604696077 3118602190796 11960 
3118604696077 3118602190648 12208 
3118604696077 3118602190818 8402 
3118604696077 3118602190885 4274 
3118604696077 3118607053355 4871 
3118604696077 3118602190192 8845 
3118604696077 3118602190214 8028 
3118604696077 3118602190680 7459 
3118604696077 3118602190753 4179 
3118604696077 3118602190141 7148 
3118604696077 3118602220245 5302 
3118604696077 3118602190788 4218 
3118604696077 CLU_2943 5285 
3118604696077 CLU_2961 5568 
3118604696077 CLU_2970 6456 
3118604696077 CLU_2971 6899 
3118604696077 CLU_3051 1401 
3118604696077 CLU_3055 1244 
3118604696077 CLU_3060 1852 
3118604696077 CLU_3084 4314 
3118604696077 CLU_3086 10372 
3118604696077 CLU_3087 11073 
3118604696077 CLU_3098 10896 
3118604696077 CLU_3108 8456 
3118604696077 CLU_3114 7338 
3118604696077 CLU_3121 6801 
3118604696077 CLU_3128 9120 
3118604696077 CLU_3141 8364 
3118604696077 CLU_3143 7317 
3118604696077 CLU_3160 7176 
3118604696077 CLU_3166 5210 
3118604696077 CLU_3176 6018 
3118604696077 CLU_3200 5347 
3118604696077 CLU_3214 5933 
3118604696077 CLU_7923 5920 
3118602191024 3118602190990 4868 
3118602191024 3118602191229 5387 
3118602191024 3118602190591 5649 
3118602191024 3118602190567 6977 
3118602191024 3118602190532 7644 
3118602191024 3118602190494 8668 
3118602191024 3118602190869 6234 
3118602191024 3118602190605 5892 
3118602191024 3118602190109 4899 
3118602191024 3118607116306 9457 
3118602191024 3118602190931 9144 
3118602191024 3118602190923 9190 
3118602191024 3118602190893 10613 
3118602191024 3118602190486 8233 
3118602191024 3118602190915 10624 
3118602191024 3118602190222 10092 
3118602191024 3118604696077 1401 
3118602191024 3118602191024 0 
3118602191024 3118602190478 540 
3118602191024 3118602190389 1041 
3118602191024 3118607110316 2623 
3118602191024 3118602220261 1048 
3118602191024 3118602190397 1174 
3118602191024 3118602190176 2577 
3118602191024 3118602191059 1499 
3118602191024 3118602191040 1715 
3118602191024 3118602190451 2913 
3118602191024 3118602190206 3268 
3118602191024 3118602190524 4254 
3118602191024 3118602190400 2425 
3118602191024 3118602190966 4129 
3118602191024 3118602190877 3268 
3118602191024 3118602190826 9120 
3118602191024 3118602190729 12316 
3118602191024 3118602190656 12316 
3118602191024 3118602190834 11962 
3118602191024 3118602190710 12476 
3118602191024 3118602190796 12536 
3118602191024 3118602190648 12737 
3118602191024 3118602190818 8786 
3118602191024 3118602190885 5428 
3118602191024 3118607053355 4129 
3118602191024 3118602190192 8479 
3118602191024 3118602190214 7625 
3118602191024 3118602190680 6800 
3118602191024 3118602190753 3370 
3118602191024 3118602190141 6260 
3118602191024 3118602220245 5123 
3118602191024 3118602190788 4868 
3118602191024 CLU_2943 6218 
3118602191024 CLU_2961 6812 
3118602191024 CLU_2970 7760 
3118602191024 CLU_2971 8182 
3118602191024 CLU_3051 0 
3118602191024 CLU_3055 2374 
3118602191024 CLU_3060 2974 
3118602191024 CLU_3084 3400 
3118602191024 CLU_3086 10742 
3118602191024 CLU_3087 11483 
3118602191024 CLU_3098 11449 
3118602191024 CLU_3108 9568 
3118602191024 CLU_3114 7359 
3118602191024 CLU_3121 6861 
3118602191024 CLU_3128 8925 
3118602191024 CLU_3141 7782 
3118602191024 CLU_3143 6832 
3118602191024 CLU_3160 6590 
3118602191024 CLU_3166 4547 
3118602191024 CLU_3176 5465 
3118602191024 CLU_3200 5394 
3118602191024 CLU_3214 6419 
3118602191024 CLU_7923 7065 
3118602190478 3118602190990 5342 
3118602190478 3118602191229 5859 
3118602190478 3118602190591 6153 
3118602190478 3118602190567 7514 
3118602190478 3118602190532 8184 
3118602190478 3118602190494 9208 
3118602190478 3118602190869 6773 
3118602190478 3118602190605 6416 
3118602190478 3118602190109 5428 
3118602190478 3118607116306 9989 
3118602190478 3118602190931 9677 
3118602190478 3118602190923 9695 
3118602190478 3118602190893 11120 
3118602190478 3118602190486 8742 
3118602190478 3118602190915 11118 
3118602190478 3118602190222 10609 
3118602190478 3118604696077 1906 
3118602190478 3118602191024 540 
3118602190478 3118602190478 0 
3118602190478 3118602190389 600 
3118602190478 3118607110316 2550 
3118602190478 3118602220261 1588 
3118602190478 3118602190397 1141 
3118602190478 3118602190176 3075 
3118602190478 3118602191059 2013 
3118602190478 3118602191040 1824 
3118602190478 3118602190451 2387 
3118602190478 3118602190206 2762 
3118602190478 3118602190524 3775 
3118602190478 3118602190400 1950 
3118602190478 3118602190966 3741 
3118602190478 3118602190877 2762 
3118602190478 3118602190826 9060 
3118602190478 3118602190729 12316 
3118602190478 3118602190656 12316 
3118602190478 3118602190834 11946 
3118602190478 3118602190710 12542 
3118602190478 3118602190796 12573 
3118602190478 3118602190648 12754 
3118602190478 3118602190818 8762 
3118602190478 3118602190885 5757 
3118602190478 3118607053355 3741 
3118602190478 3118602190192 8625 
3118602190478 3118602190214 7763 
3118602190478 3118602190680 6837 
3118602190478 3118602190753 3400 
3118602190478 3118602190141 6190 
3118602190478 3118602220245 5374 
3118602190478 3118602190788 5342 
3118602190478 CLU_2943 6733 
3118602190478 CLU_2961 7353 
3118602190478 CLU_2970 8298 
3118602190478 CLU_2971 8722 
3118602190478 CLU_3051 540 
3118602190478 CLU_3055 2757 
3118602190478 CLU_3060 3333 
3118602190478 CLU_3084 2963 
3118602190478 CLU_3086 10702 
3118602190478 CLU_3087 11456 
3118602190478 CLU_3098 11480 
3118602190478 CLU_3108 9854 
3118602190478 CLU_3114 7208 
3118602190478 CLU_3121 7169 
3118602190478 CLU_3128 9133 
3118602190478 CLU_3141 7845 
3118602190478 CLU_3143 6944 
3118602190478 CLU_3160 6662 
3118602190478 CLU_3166 4615 
3118602190478 CLU_3176 5565 
3118602190478 CLU_3200 5714 
3118602190478 CLU_3214 6847 
3118602190478 CLU_7923 7377 
3118602190389 3118602190990 5907 
3118602190389 3118602191229 6425 
3118602190389 3118602190591 6688 
3118602190389 3118602190567 7971 
3118602190389 3118602190532 8606 
3118602190389 3118602190494 9636 
3118602190389 3118602190869 7155 
3118602190389 3118602190605 6722 
3118602190389 3118602190109 5758 
3118602190389 3118607116306 10316 
3118602190389 3118602190931 10010 
3118602190389 3118602190923 9929 
3118602190389 3118602190893 11358 
3118602190389 3118602190486 8991 
3118602190389 3118602190915 11323 
3118602190389 3118602190222 10879 
3118602190389 3118604696077 2218 
3118602190389 3118602191024 1041 
3118602190389 3118602190478 600 
3118602190389 3118602190389 0 
3118602190389 3118607110316 2125 
3118602190389 3118602220261 2054 
3118602190389 3118602190397 902 
3118602190389 3118602190176 3337 
3118602190389 3118602191059 2538 
3118602190389 3118602191040 2393 
3118602190389 3118602190451 1915 
3118602190389 3118602190206 2238 
3118602190389 3118602190524 3213 
3118602190389 3118602190400 1384 
3118602190389 3118602190966 3141 
3118602190389 3118602190877 2238 
3118602190389 3118602190826 8589 
3118602190389 3118602190729 11884 
3118602190389 3118602190656 11884 
3118602190389 3118602190834 11501 
3118602190389 3118602190710 12164 
3118602190389 3118602190796 12169 
3118602190389 3118602190648 12334 
3118602190389 3118602190818 8318 
3118602190389 3118602190885 5697 
3118602190389 3118607053355 3141 
3118602190389 3118602190192 9176 
3118602190389 3118602190214 8311 
3118602190389 3118602190680 7334 
3118602190389 3118602190753 3912 
3118602190389 3118602190141 6617 
3118602190389 3118602220245 5963 
3118602190389 3118602190788 5907 
3118602190389 CLU_2943 7253 
3118602190389 CLU_2961 7765 
3118602190389 CLU_2970 8673 
3118602190389 CLU_2971 9111 
3118602190389 CLU_3051 1041 
3118602190389 CLU_3055 2833 
3118602190389 CLU_3060 3353 
3118602190389 CLU_3084 2372 
3118602190389 CLU_3086 10242 
3118602190389 CLU_3087 11004 
3118602190389 CLU_3098 11074 
3118602190389 CLU_3108 9715 
3118602190389 CLU_3114 6681 
3118602190389 CLU_3121 7767 
3118602190389 CLU_3128 9707 
3118602190389 CLU_3141 8354 
3118602190389 CLU_3143 7481 
3118602190389 CLU_3160 7179 
3118602190389 CLU_3166 5138 
3118602190389 CLU_3176 6101 
3118602190389 CLU_3200 6314 
3118602190389 CLU_3214 7436 
3118602190389 CLU_7923 7284 
3118607110316 3118602190990 6946 
3118607110316 3118602191229 7457 
3118607110316 3118602190591 7483 
3118607110316 3118602190567 8274 
3118607110316 3118602190532 8709 
3118607110316 3118602190494 9735 
3118607110316 3118602190869 7134 
3118607110316 3118602190605 6411 
3118607110316 3118602190109 5615 
3118607110316 3118607116306 9940 
3118607110316 3118602190931 9672 
3118607110316 3118602190923 9203 
3118607110316 3118602190893 10611 
3118607110316 3118602190486 8350 
3118607110316 3118602190915 10456 
3118607110316 3118602190222 10263 
3118607110316 3118604696077 2728 
3118607110316 3118602191024 2623 
3118607110316 3118602190478 2550 
3118607110316 3118602190389 2125 
3118607110316 3118607110316 0 
3118607110316 3118602220261 3109 
3118607110316 3118602190397 1452 
3118607110316 3118602190176 3294 
3118607110316 3118602191059 3688 
3118607110316 3118602191040 4320 
3118607110316 3118602190451 2957 
3118607110316 3118602190206 2899 
3118607110316 3118602190524 3285 
3118607110316 3118602190400 2187 
3118607110316 3118602190966 2487 
3118607110316 3118602190877 2899 
3118607110316 3118602190826 6514 
3118607110316 3118602190729 9770 
3118607110316 3118602190656 9770 
3118607110316 3118602190834 9396 
3118607110316 3118602190710 10039 
3118607110316 3118602190796 10045 
3118607110316 3118602190648 10214 
3118607110316 3118602190818 6212 
3118607110316 3118602190885 4196 
3118607110316 3118607053355 2487 
3118607110316 3118602190192 11102 
3118607110316 3118602190214 10248 
3118607110316 3118602190680 9382 
3118607110316 3118602190753 5942 
3118607110316 3118602190141 8728 
3118607110316 3118602220245 7712 
3118607110316 3118602190788 6946 
3118607110316 CLU_2943 7934 
3118607110316 CLU_2961 7852 
3118607110316 CLU_2970 8553 
3118607110316 CLU_2971 9043 
3118607110316 CLU_3051 2623 
3118607110316 CLU_3055 2296 
3118607110316 CLU_3060 2445 
3118607110316 CLU_3084 2332 
3118607110316 CLU_3086 8152 
3118607110316 CLU_3087 8905 
3118607110316 CLU_3098 8950 
3118607110316 CLU_3108 7900 
3118607110316 CLU_3114 4749 
3118607110316 CLU_3121 9377 
3118607110316 CLU_3128 11531 
3118607110316 CLU_3141 10382 
3118607110316 CLU_3143 9451 
3118607110316 CLU_3160 9194 
3118607110316 CLU_3166 7146 
3118607110316 CLU_3176 8079 
3118607110316 CLU_3200 7906 
3118607110316 CLU_3214 8653 
3118607110316 CLU_7923 5621 
3118602220261 3118602190990 3952 
3118602220261 3118602191229 4472 
3118602220261 3118602190591 4660 
3118602220261 3118602190567 5929 
3118602220261 3118602190532 6596 
3118602220261 3118602190494 7619 
3118602220261 3118602190869 5200 
3118602220261 3118602190605 4910 
3118602220261 3118602190109 3904 
3118602220261 3118607116306 8448 
3118602220261 3118602190931 8131 
3118602220261 3118602190923 8257 
3118602220261 3118602190893 9672 
3118602220261 3118602190486 7291 
3118602220261 3118602190915 9716 
3118602220261 3118602190222 9124 
3118602220261 3118604696077 698 
3118602220261 3118602191024 1048 
3118602220261 3118602190478 1588 
3118602220261 3118602190389 2054 
3118602220261 3118607110316 3109 
3118602220261 3118602220261 0 
3118602220261 3118602190397 1834 
3118602220261 3118602190176 1739 
3118602220261 3118602191059 580 
3118602220261 3118602191040 1895 
3118602220261 3118602190451 3954 
3118602220261 3118602190206 4292 
3118602220261 3118602190524 5244 
3118602220261 3118602190400 3425 
3118602220261 3118602190966 5006 
3118602220261 3118602190877 4292 
3118602220261 3118602190826 9398 
3118602220261 3118602190729 12461 
3118602220261 3118602190656 12461 
3118602220261 3118602190834 12138 
3118602220261 3118602190710 12493 
3118602220261 3118602190796 12609 
3118602220261 3118602190648 12847 
3118602220261 3118602190818 9001 
3118602220261 3118602190885 4969 
3118602220261 3118607053355 5006 
3118602220261 3118602190192 8212 
3118602220261 3118602190214 7385 
3118602220261 3118602190680 6774 
3118602220261 3118602190753 3480 
3118602220261 3118602190141 6449 
3118602220261 3118602220245 4701 
3118602220261 3118602190788 3952 
3118602220261 CLU_2943 5209 
3118602220261 CLU_2961 5767 
3118602220261 CLU_2970 6727 
3118602220261 CLU_2971 7143 
3118602220261 CLU_3051 1048 
3118602220261 CLU_3055 1940 
3118602220261 CLU_3060 2550 
3118602220261 CLU_3084 4348 
3118602220261 CLU_3086 10970 
3118602220261 CLU_3087 11683 
3118602220261 CLU_3098 11539 
3118602220261 CLU_3108 9152 
3118602220261 CLU_3114 7820 
3118602220261 CLU_3121 6284 
3118602220261 CLU_3128 8530 
3118602220261 CLU_3141 7690 
3118602220261 CLU_3143 6657 
3118602220261 CLU_3160 6500 
3118602220261 CLU_3166 4520 
3118602220261 CLU_3176 5343 
3118602220261 CLU_3200 4816 
3118602220261 CLU_3214 5591 
3118602220261 CLU_7923 6614 
3118602190397 3118602190990 5783 
3118602190397 3118602191229 6303 
3118602190397 3118602190591 6449 
3118602190397 3118602190567 7529 
3118602190397 3118602190532 8093 
3118602190397 3118602190494 9128 
3118602190397 3118602190869 6585 
3118602190397 3118602190605 6054 
3118602190397 3118602190109 5130 
3118602190397 3118607116306 9654 
3118602190397 3118602190931 9358 
3118602190397 3118602190923 9170 
3118602190397 3118602190893 10598 
3118602190397 3118602190486 8249 
3118602190397 3118602190915 10534 
3118602190397 3118602190222 10151 
3118602190397 3118604696077 1703 
3118602190397 3118602191024 1174 
3118602190397 3118602190478 1141 
3118602190397 3118602190389 902 
3118602190397 3118607110316 1452 
3118602190397 3118602220261 1834 
3118602190397 3118602190397 0 
3118602190397 3118602190176 2676 
3118602190397 3118602191059 2406 
3118602190397 3118602191040 2869 
3118602190397 3118602190451 2560 
3118602190397 3118602190206 2757 
3118602190397 3118602190524 3563 
3118602190397 3118602190400 1855 
3118602190397 3118602190966 3191 
3118602190397 3118602190877 2757 
3118602190397 3118602190826 7961 
3118602190397 3118602190729 11190 
3118602190397 3118602190656 11190 
3118602190397 3118602190834 10825 
3118602190397 3118602190710 11401 
3118602190397 3118602190796 11436 
3118602190397 3118602190648 11622 
3118602190397 3118602190818 7644 
3118602190397 3118602190885 4797 
3118602190397 3118607053355 3191 
3118602190397 3118602190192 9652 
3118602190397 3118602190214 8797 
3118602190397 3118602190680 7939 
3118602190397 3118602190753 4500 
3118602190397 3118602190141 7328 
3118602190397 3118602220245 6287 
3118602190397 3118602190788 5783 
3118602190397 CLU_2943 6966 
3118602190397 CLU_2961 7240 
3118602190397 CLU_2970 8082 
3118602190397 CLU_2971 8541 
3118602190397 CLU_3051 1174 
3118602190397 CLU_3055 2008 
3118602190397 CLU_3060 2485 
3118602190397 CLU_3084 2611 
3118602190397 CLU_3086 9592 
3118602190397 CLU_3087 10340 
3118602190397 CLU_3098 10345 
3118602190397 CLU_3108 8816 
3118602190397 CLU_3114 6185 
3118602190397 CLU_3121 7996 
3118602190397 CLU_3128 10096 
3118602190397 CLU_3141 8933 
3118602190397 CLU_3143 7998 
3118602190397 CLU_3160 7744 
3118602190397 CLU_3166 5697 
3118602190397 CLU_3176 6627 
3118602190397 CLU_3200 6526 
3118602190397 CLU_3214 7422 
3118602190397 CLU_7923 6381 
3118602190176 3118602190990 4001 
3118602190176 3118602191229 4469 
3118602190176 3118602190591 4318 
3118602190176 3118602190567 4983 
3118602190176 3118602190532 5463 
3118602190176 3118602190494 6497 
3118602190176 3118602190869 3924 
3118602190176 3118602190605 3390 
3118602190176 3118602190109 2454 
3118602190176 3118607116306 6988 
3118602190176 3118602190931 6688 
3118602190176 3118602190923 6619 
3118602190176 3118602190893 8045 
3118602190176 3118602190486 5669 
3118602190176 3118602190915 8046 
3118602190176 3118602190222 7546 
3118602190176 3118604696077 1175 
3118602190176 3118602191024 2577 
3118602190176 3118602190478 3075 
3118602190176 3118602190389 3337 
3118602190176 3118607110316 3294 
3118602190176 3118602220261 1739 
3118602190176 3118602190397 2676 
3118602190176 3118602190176 0 
3118602190176 3118602191059 1878 
3118602190176 3118602191040 3592 
3118602190176 3118602190451 5207 
3118602190176 3118602190206 5432 
3118602190176 3118602190524 6211 
3118602190176 3118602190400 4530 
3118602190176 3118602190966 5676 
3118602190176 3118602190877 5432 
3118602190176 3118602190826 8722 
3118602190176 3118602190729 11523 
3118602190176 3118602190656 11523 
3118602190176 3118602190834 11252 
3118602190176 3118602190710 11377 
3118602190176 3118602190796 11568 
3118602190176 3118602190648 11855 
3118602190176 3118602190818 8234 
3118602190176 3118602190885 3437 
3118602190176 3118607053355 5676 
3118602190176 3118602190192 9322 
3118602190176 3118602190214 8547 
3118602190176 3118602190680 8172 
3118602190176 3118602190753 5073 
3118602190176 3118602190141 8019 
3118602190176 3118602220245 5735 
3118602190176 3118602190788 4001 
3118602190176 CLU_2943 4702 
3118602190176 CLU_2961 4605 
3118602190176 CLU_2970 5409 
3118602190176 CLU_2971 5874 
3118602190176 CLU_3051 2577 
3118602190176 CLU_3055 1055 
3118602190176 CLU_3060 1364 
3118602190176 CLU_3084 5239 
3118602190176 CLU_3086 10182 
3118602190176 CLU_3087 10840 
3118602190176 CLU_3098 10535 
3118602190176 CLU_3108 7584 
3118602190176 CLU_3114 7506 
3118602190176 CLU_3121 6990 
3118602190176 CLU_3128 9460 
3118602190176 CLU_3141 9008 
3118602190176 CLU_3143 7911 
3118602190176 CLU_3160 7844 
3118602190176 CLU_3166 5981 
3118602190176 CLU_3176 6691 
3118602190176 CLU_3200 5604 
3118602190176 CLU_3214 5779 
3118602190176 CLU_7923 5047 
3118602191059 3118602190990 3396 
3118602191059 3118602191229 3917 
3118602191059 3118602190591 4150 
3118602191059 3118602190567 5534 
3118602191059 3118602190532 6250 
3118602191059 3118602190494 7260 
3118602191059 3118602190869 4925 
3118602191059 3118602190605 4753 
3118602191059 3118602190109 3736 
3118602191059 3118607116306 8221 
3118602191059 3118602190931 7897 
3118602191059 3118602190923 8149 
3118602191059 3118602190893 9548 
3118602191059 3118602190486 7174 
3118602191059 3118602190915 9631 
3118602191059 3118602190222 8965 
3118602191059 3118604696077 1128 
3118602191059 3118602191024 1499 
3118602191059 3118602190478 2013 
3118602191059 3118602190389 2538 
3118602191059 3118607110316 3688 
3118602191059 3118602220261 580 
3118602191059 3118602190397 2406 
3118602191059 3118602190176 1878 
3118602191059 3118602191059 0 
3118602191059 3118602191040 1760 
3118602191059 3118602190451 4400 
3118602191059 3118602190206 4767 
3118602191059 3118602190524 5750 
3118602191059 3118602190400 3922 
3118602191059 3118602190966 5559 
3118602191059 3118602190877 4767 
3118602191059 3118602190826 9935 
3118602191059 3118602190729 12960 
3118602191059 3118602190656 12960 
3118602191059 3118602190834 12647 
3118602191059 3118602190710 12953 
3118602191059 3118602190796 13087 
3118602191059 3118602190648 13336 
3118602191059 3118602190818 9524 
3118602191059 3118602190885 5264 
3118602191059 3118607053355 5559 
3118602191059 3118602190192 7717 
3118602191059 3118602190214 6902 
3118602191059 3118602190680 6374 
3118602191059 3118602190753 3196 
3118602191059 3118602190141 6149 
3118602191059 3118602220245 4175 
3118602191059 3118602190788 3396 
3118602191059 CLU_2943 4721 
3118602191059 CLU_2961 5440 
3118602191059 CLU_2970 6447 
3118602191059 CLU_2971 6840 
3118602191059 CLU_3051 1499 
3118602191059 CLU_3055 2339 
3118602191059 CLU_3060 2921 
3118602191059 CLU_3084 4876 
3118602191059 CLU_3086 11494 
3118602191059 CLU_3087 12199 
3118602191059 CLU_3098 12024 
3118602191059 CLU_3108 9437 
3118602191059 CLU_3114 8389 
3118602191059 CLU_3121 5717 
3118602191059 CLU_3128 7998 
3118602191059 CLU_3141 7258 
3118602191059 CLU_3143 6200 
3118602191059 CLU_3160 6075 
3118602191059 CLU_3166 4145 
3118602191059 CLU_3176 4916 
3118602191059 CLU_3200 4253 
3118602191059 CLU_3214 5016 
3118602191059 CLU_7923 6897 
3118602191040 3118602190990 4186 
3118602191040 3118602191229 4665 
3118602191040 3118602190591 5169 
3118602191040 3118602190567 6890 
3118602191040 3118602190532 7700 
3118602191040 3118602190494 8670 
3118602191040 3118602190869 6513 
3118602191040 3118602190605 6459 
3118602191040 3118602190109 5444 
3118602191040 3118607116306 9838 
3118602191040 3118602190931 9508 
3118602191040 3118602190923 9871 
3118602191040 3118602190893 11257 
3118602191040 3118602190486 8894 
3118602191040 3118602190915 11363 
3118602191040 3118602190222 10648 
3118602191040 3118604696077 2584 
3118602191040 3118602191024 1715 
3118602191040 3118602190478 1824 
3118602191040 3118602190389 2393 
3118602191040 3118607110316 4320 
3118602191040 3118602220261 1895 
3118602191040 3118602190397 2869 
3118602191040 3118602190176 3592 
3118602191040 3118602191059 1760 
3118602191040 3118602191040 0 
3118602191040 3118602190451 3743 
3118602191040 3118602190206 4214 
3118602191040 3118602190524 5298 
3118602191040 3118602190400 3571 
3118602191040 3118602190966 5468 
3118602191040 3118602190877 4214 
3118602191040 3118602190826 10829 
3118602191040 3118602190729 14031 
3118602191040 3118602190656 14031 
3118602191040 3118602190834 13677 
3118602191040 3118602190710 14175 
3118602191040 3118602190796 14245 
3118602191040 3118602190648 14450 
3118602191040 3118602190818 10501 
3118602191040 3118602190885 6859 
3118602191040 3118607053355 5468 
3118602191040 3118602190192 6803 
3118602191040 3118602190214 5942 
3118602191040 3118602190680 5085 
3118602191040 3118602190753 1665 
3118602191040 3118602190141 4604 
3118602191040 3118602220245 3591 
3118602191040 3118602190788 4186 
3118602191040 CLU_2943 5811 
3118602191040 CLU_2961 6941 
3118602191040 CLU_2970 8009 
3118602191040 CLU_2971 8360 
3118602191040 CLU_3051 1715 
3118602191040 CLU_3055 3802 
3118602191040 CLU_3060 4419 
3118602191040 CLU_3084 4624 
3118602191040 CLU_3086 12455 
3118602191040 CLU_3087 13198 
3118602191040 CLU_3098 13159 
3118602191040 CLU_3108 11040 
3118602191040 CLU_3114 9025 
3118602191040 CLU_3121 5442 
3118602191040 CLU_3128 7314 
3118602191040 CLU_3141 6068 
3118602191040 CLU_3143 5132 
3118602191040 CLU_3160 4876 
3118602191040 CLU_3166 2832 
3118602191040 CLU_3176 3759 
3118602191040 CLU_3200 4023 
3118602191040 CLU_3214 5422 
3118602191040 CLU_7923 8505 
3118602190451 3118602190990 7690 
3118602190451 3118602191229 8202 
3118602190451 3118602190591 8533 
3118602190451 3118602190567 9882 
3118602190451 3118602190532 10522 
3118602190451 3118602190494 11552 
3118602190451 3118602190869 9064 
3118602190451 3118602190605 8596 
3118602190451 3118602190109 7650 
3118602190451 3118607116306 12195 
3118602190451 3118602190931 11895 
3118602190451 3118602190923 11728 
3118602190451 3118602190893 13156 
3118602190451 3118602190486 10809 
3118602190451 3118602190915 13082 
3118602190451 3118602190222 12712 
3118602190451 3118604696077 4123 
3118602190451 3118602191024 2913 
3118602190451 3118602190478 2387 
3118602190451 3118602190389 1915 
3118602190451 3118607110316 2957 
3118602190451 3118602220261 3954 
3118602190451 3118602190397 2560 
3118602190451 3118602190176 5207 
3118602190451 3118602191059 4400 
3118602190451 3118602191040 3743 
3118602190451 3118602190451 0 
3118602190451 3118602190206 503 
3118602190451 3118602190524 1586 
3118602190451 3118602190400 781 
3118602190451 3118602190966 2137 
3118602190451 3118602190877 503 
3118602190451 3118602190826 8569 
3118602190451 3118602190729 11985 
3118602190451 3118602190656 11985 
3118602190451 3118602190834 11553 
3118602190451 3118602190710 12496 
3118602190451 3118602190796 12398 
3118602190451 3118602190648 12488 
3118602190451 3118602190818 8443 
3118602190451 3118602190885 7100 
3118602190451 3118607053355 2137 
3118602190451 3118602190192 10102 
3118602190451 3118602190214 9237 
3118602190451 3118602190680 8007 
3118602190451 3118602190753 4843 
3118602190451 3118602190141 7002 
3118602190451 3118602220245 7260 
3118602190451 3118602190788 7690 
3118602190451 CLU_2943 9118 
3118602190451 CLU_2961 9680 
3118602190451 CLU_2970 10579 
3118602190451 CLU_2971 11022 
3118602190451 CLU_3051 2913 
3118602190451 CLU_3055 4558 
3118602190451 CLU_3060 4984 
3118602190451 CLU_3084 1252 
3118602190451 CLU_3086 10239 
3118602190451 CLU_3087 11027 
3118602190451 CLU_3098 11308 
3118602190451 CLU_3108 10850 
3118602190451 CLU_3114 6403 
3118602190451 CLU_3121 9154 
3118602190451 CLU_3128 10794 
3118602190451 CLU_3141 9061 
3118602190451 CLU_3143 8363 
3118602190451 CLU_3160 7960 
3118602190451 CLU_3166 6035 
3118602190451 CLU_3176 7017 
3118602190451 CLU_3200 7759 
3118602190451 CLU_3214 9111 
3118602190451 CLU_7923 8573 
3118602190206 3118602190990 8098 
3118602190206 3118602191229 8613 
3118602190206 3118602190591 8914 
3118602190206 3118602190567 10200 
3118602190206 3118602190532 10812 
3118602190206 3118602190494 11844 
3118602190206 3118602190869 9328 
3118602190206 3118602190605 8811 
3118602190206 3118602190109 7886 
3118602190206 3118607116306 12409 
3118602190206 3118602190931 12115 
3118602190206 3118602190923 11876 
3118602190206 3118602190893 13301 
3118602190206 3118602190486 10972 
3118602190206 3118602190915 13202 
3118602190206 3118602190222 12882 
3118602190206 3118604696077 4395 
3118602190206 3118602191024 3268 
3118602190206 3118602190478 2762 
3118602190206 3118602190389 2238 
3118602190206 3118607110316 2899 
3118602190206 3118602220261 4292 
3118602190206 3118602190397 2757 
3118602190206 3118602190176 5432 
3118602190206 3118602191059 4767 
3118602190206 3118602191040 4214 
3118602190206 3118602190451 503 
3118602190206 3118602190206 0 
3118602190206 3118602190524 1091 
3118602190206 3118602190400 902 
3118602190206 3118602190966 1684 
3118602190206 3118602190877 0 
3118602190206 3118602190826 8190 
3118602190206 3118602190729 11615 
3118602190206 3118602190656 11615 
3118602190206 3118602190834 11176 
3118602190206 3118602190710 12169 
3118602190206 3118602190796 12050 
3118602190206 3118602190648 12126 
3118602190206 3118602190818 8092 
3118602190206 3118602190885 7090 
3118602190206 3118607053355 1684 
3118602190206 3118602190192 10605 
3118602190206 3118602190214 9741 
3118602190206 3118602190680 8507 
3118602190206 3118602190753 5345 
3118602190206 3118602190141 7490 
3118602190206 3118602220245 7749 
3118602190206 3118602190788 8098 
3118602190206 CLU_2943 9487 
3118602190206 CLU_2961 9963 
3118602190206 CLU_2970 10833 
3118602190206 CLU_2971 11286 
3118602190206 CLU_3051 3268 
3118602190206 CLU_3055 4709 
3118602190206 CLU_3060 5087 
3118602190206 CLU_3084 852 
3118602190206 CLU_3086 9856 
3118602190206 CLU_3087 10646 
3118602190206 CLU_3098 10965 
3118602190206 CLU_3108 10729 
3118602190206 CLU_3114 5994 
3118602190206 CLU_3121 9638 
3118602190206 CLU_3128 11296 
3118602190206 CLU_3141 9561 
3118602190206 CLU_3143 8866 
3118602190206 CLU_3160 8462 
3118602190206 CLU_3166 6539 
3118602190206 CLU_3176 7520 
3118602190206 CLU_3200 8235 
3118602190206 CLU_3214 9551 
3118602190206 CLU_7923 8513 
3118602190524 3118602190990 9116 
3118602190524 3118602191229 9634 
3118602190524 3118602190591 9897 
3118602190524 3118602190567 11089 
3118602190524 3118602190532 11655 
3118602190524 3118602190494 12690 
3118602190524 3118602190869 10135 
3118602190524 3118602190605 9539 
3118602190524 3118602190109 8657 
3118602190524 3118607116306 13121 
3118602190524 3118602190931 12838 
3118602190524 3118602190923 12470 
3118602190524 3118602190893 13884 
3118602190524 3118602190486 11598 
3118602190524 3118602190915 13740 
3118602190524 3118602190222 13513 
3118602190524 3118604696077 5259 
3118602190524 3118602191024 4254 
3118602190524 3118602190478 3775 
3118602190524 3118602190389 3213 
3118602190524 3118607110316 3285 
3118602190524 3118602220261 5244 
3118602190524 3118602190397 3563 
3118602190524 3118602190176 6211 
3118602190524 3118602191059 5750 
3118602190524 3118602191040 5298 
3118602190524 3118602190451 1586 
3118602190524 3118602190206 1091 
3118602190524 3118602190524 0 
3118602190524 3118602190400 1829 
3118602190524 3118602190966 1140 
3118602190524 3118602190877 1091 
3118602190524 3118602190826 7617 
3118602190524 3118602190729 11045 
3118602190524 3118602190656 11045 
3118602190524 3118602190834 10586 
3118602190524 3118602190710 11715 
3118602190524 3118602190796 11541 
3118602190524 3118602190648 11577 
3118602190524 3118602190818 7600 
3118602190524 3118602190885 7423 
3118602190524 3118607053355 1140 
3118602190524 3118602190192 11670 
3118602190524 3118602190214 10808 
3118602190524 3118602190680 9543 
3118602190524 3118602190753 6428 
3118602190524 3118602190141 8481 
3118602190524 3118602220245 8840 
3118602190524 3118602190788 9116 
3118602190524 CLU_2943 10453 
3118602190524 CLU_2961 10800 
3118602190524 CLU_2970 11617 
3118602190524 CLU_2971 12086 
3118602190524 CLU_3051 4254 
3118602190524 CLU_3055 5381 
3118602190524 CLU_3060 5670 
3118602190524 CLU_3084 982 
3118602190524 CLU_3086 9258 
3118602190524 CLU_3087 10049 
3118602190524 CLU_3098 10473 
3118602190524 CLU_3108 10784 
3118602190524 CLU_3114 5353 
3118602190524 CLU_3121 10728 
3118602190524 CLU_3128 12377 
3118602190524 CLU_3141 10598 
3118602190524 CLU_3143 9931 
3118602190524 CLU_3160 9515 
3118602190524 CLU_3166 7613 
3118602190524 CLU_3176 8593 
3118602190524 CLU_3200 9321 
3118602190524 CLU_3214 10606 
3118602190524 CLU_7923 8722 
3118602190400 3118602190990 7288 
3118602190400 3118602191229 7806 
3118602190400 3118602190591 8071 
3118602190400 3118602190567 9312 
3118602190400 3118602190532 9914 
3118602190400 3118602190494 10947 
3118602190400 3118602190869 8426 
3118602190400 3118602190605 7910 
3118602190400 3118602190109 6983 
3118602190400 3118607116306 11509 
3118602190400 3118602190931 11214 
3118602190400 3118602190923 10995 
3118602190400 3118602190893 12421 
3118602190400 3118602190486 10085 
3118602190400 3118602190915 12334 
3118602190400 3118602190222 11992 
3118602190400 3118604696077 3497 
3118602190400 3118602191024 2425 
3118602190400 3118602190478 1950 
3118602190400 3118602190389 1384 
3118602190400 3118607110316 2187 
3118602190400 3118602220261 3425 
3118602190400 3118602190397 1855 
3118602190400 3118602190176 4530 
3118602190400 3118602191059 3922 
3118602190400 3118602191040 3571 
3118602190400 3118602190451 781 
3118602190400 3118602190206 902 
3118602190400 3118602190524 1829 
3118602190400 3118602190400 0 
3118602190400 3118602190966 1922 
3118602190400 3118602190877 902 
3118602190400 3118602190826 8049 
3118602190400 3118602190729 11442 
3118602190400 3118602190656 11442 
3118602190400 3118602190834 11024 
3118602190400 3118602190710 11889 
3118602190400 3118602190796 11818 
3118602190400 3118602190648 11930 
3118602190400 3118602190818 7879 
3118602190400 3118602190885 6319 
3118602190400 3118607053355 1922 
3118602190400 3118602190192 10187 
3118602190400 3118602190214 9319 
3118602190400 3118602190680 8188 
3118602190400 3118602190753 4882 
3118602190400 3118602190141 7287 
3118602190400 3118602220245 7157 
3118602190400 3118602190788 7288 
3118602190400 CLU_2943 8632 
3118602190400 CLU_2961 9065 
3118602190400 CLU_2970 9930 
3118602190400 CLU_2971 10384 
3118602190400 CLU_3051 2425 
3118602190400 CLU_3055 3823 
3118602190400 CLU_3060 4225 
3118602190400 CLU_3084 1053 
3118602190400 CLU_3086 9722 
3118602190400 CLU_3087 10505 
3118602190400 CLU_3098 10724 
3118602190400 CLU_3108 10086 
3118602190400 CLU_3114 5955 
3118602190400 CLU_3121 9012 
3118602190400 CLU_3128 10808 
3118602190400 CLU_3141 9234 
3118602190400 CLU_3143 8459 
3118602190400 CLU_3160 8096 
3118602190400 CLU_3166 6106 
3118602190400 CLU_3176 7089 
3118602190400 CLU_3200 7581 
3118602190400 CLU_3214 8794 
3118602190400 CLU_7923 7795 
3118602190966 3118602190990 8955 
3118602190966 3118602191229 9476 
3118602190966 3118602190591 9640 
3118602190966 3118602190567 10644 
3118602190966 3118602190532 11136 
3118602190966 3118602190494 12167 
3118602190966 3118602190869 9577 
3118602190966 3118602190605 8890 
3118602190966 3118602190109 8068 
3118602190966 3118607116306 12427 
3118602190966 3118602190931 12158 
3118602190966 3118602190923 11665 
3118602190966 3118602190893 13062 
3118602190966 3118602190486 10826 
3118602190966 3118602190915 12881 
3118602190966 3118602190222 12737 
3118602190966 3118604696077 4871 
3118602190966 3118602191024 4129 
3118602190966 3118602190478 3741 
3118602190966 3118602190389 3141 
3118602190966 3118607110316 2487 
3118602190966 3118602220261 5006 
3118602190966 3118602190397 3191 
3118602190966 3118602190176 5676 
3118602190966 3118602191059 5559 
3118602190966 3118602191040 5468 
3118602190966 3118602190451 2137 
3118602190966 3118602190206 1684 
3118602190966 3118602190524 1140 
3118602190966 3118602190400 1922 
3118602190966 3118602190966 0 
3118602190966 3118602190877 1684 
3118602190966 3118602190826 6559 
3118602190966 3118602190729 9990 
3118602190966 3118602190656 9990 
3118602190966 3118602190834 9541 
3118602190966 3118602190710 10613 
3118602190966 3118602190796 10459 
3118602190966 3118602190648 10512 
3118602190966 3118602190818 6506 
3118602190966 3118602190885 6459 
3118602190966 3118607053355 0 
3118602190966 3118602190192 12106 
3118602190966 3118602190214 11238 
3118602190966 3118602190680 10081 
3118602190966 3118602190753 6804 
3118602190966 3118602190141 9124 
3118602190966 3118602220245 9059 
3118602190966 3118602190788 8955 
3118602190966 CLU_2943 10153 
3118602190966 CLU_2961 10278 
3118602190966 CLU_2970 11019 
3118602190966 CLU_2971 11504 
3118602190966 CLU_3051 4129 
3118602190966 CLU_3055 4742 
3118602190966 CLU_3060 4932 
3118602190966 CLU_3084 905 
3118602190966 CLU_3086 8215 
3118602190966 CLU_3087 9007 
3118602190966 CLU_3098 9383 
3118602190966 CLU_3108 9681 
3118602190966 CLU_3114 4330 
3118602190966 CLU_3121 10894 
3118602190966 CLU_3128 12730 
3118602190966 CLU_3141 11132 
3118602190966 CLU_3143 10376 
3118602190966 CLU_3160 10005 
3118602190966 CLU_3166 8025 
3118602190966 CLU_3176 9009 
3118602190966 CLU_3200 9448 
3118602190966 CLU_3214 10547 
3118602190966 CLU_7923 7682 
3118602190877 3118602190990 8098 
3118602190877 3118602191229 8613 
3118602190877 3118602190591 8914 
3118602190877 3118602190567 10200 
3118602190877 3118602190532 10812 
3118602190877 3118602190494 11844 
3118602190877 3118602190869 9328 
3118602190877 3118602190605 8811 
3118602190877 3118602190109 7886 
3118602190877 3118607116306 12409 
3118602190877 3118602190931 12115 
3118602190877 3118602190923 11876 
3118602190877 3118602190893 13301 
3118602190877 3118602190486 10972 
3118602190877 3118602190915 13202 
3118602190877 3118602190222 12882 
3118602190877 3118604696077 4395 
3118602190877 3118602191024 3268 
3118602190877 3118602190478 2762 
3118602190877 3118602190389 2238 
3118602190877 3118607110316 2899 
3118602190877 3118602220261 4292 
3118602190877 3118602190397 2757 
3118602190877 3118602190176 5432 
3118602190877 3118602191059 4767 
3118602190877 3118602191040 4214 
3118602190877 3118602190451 503 
3118602190877 3118602190206 0 
3118602190877 3118602190524 1091 
3118602190877 3118602190400 902 
3118602190877 3118602190966 1684 
3118602190877 3118602190877 0 
3118602190877 3118602190826 8190 
3118602190877 3118602190729 11615 
3118602190877 3118602190656 11615 
3118602190877 3118602190834 11176 
3118602190877 3118602190710 12169 
3118602190877 3118602190796 12050 
3118602190877 3118602190648 12126 
3118602190877 3118602190818 8092 
3118602190877 3118602190885 7090 
3118602190877 3118607053355 1684 
3118602190877 3118602190192 10605 
3118602190877 3118602190214 9741 
3118602190877 3118602190680 8507 
3118602190877 3118602190753 5345 
3118602190877 3118602190141 7490 
3118602190877 3118602220245 7749 
3118602190877 3118602190788 8098 
3118602190877 CLU_2943 9487 
3118602190877 CLU_2961 9963 
3118602190877 CLU_2970 10833 
3118602190877 CLU_2971 11286 
3118602190877 CLU_3051 3268 
3118602190877 CLU_3055 4709 
3118602190877 CLU_3060 5087 
3118602190877 CLU_3084 852 
3118602190877 CLU_3086 9856 
3118602190877 CLU_3087 10646 
3118602190877 CLU_3098 10965 
3118602190877 CLU_3108 10729 
3118602190877 CLU_3114 5994 
3118602190877 CLU_3121 9638 
3118602190877 CLU_3128 11296 
3118602190877 CLU_3141 9561 
3118602190877 CLU_3143 8866 
3118602190877 CLU_3160 8462 
3118602190877 CLU_3166 6539 
3118602190877 CLU_3176 7520 
3118602190877 CLU_3200 8235 
3118602190877 CLU_3214 9551 
3118602190877 CLU_7923 8513 
3118602190826 3118602190990 12719 
3118602190826 3118602191229 13171 
3118602190826 3118602190591 12900 
3118602190826 3118602190567 12840 
3118602190826 3118602190532 12842 
3118602190826 3118602190494 13698 
3118602190826 3118602190869 11353 
3118602190826 3118602190605 10281 
3118602190826 3118602190109 10036 
3118602190826 3118607116306 12823 
3118602190826 3118602190931 12693 
3118602190826 3118602190923 11335 
3118602190826 3118602190893 12374 
3118602190826 3118602190486 10922 
3118602190826 3118602190915 11893 
3118602190826 3118602190222 12464 
3118602190826 3118604696077 8823 
3118602190826 3118602191024 9120 
3118602190826 3118602190478 9060 
3118602190826 3118602190389 8589 
3118602190826 3118607110316 6514 
3118602190826 3118602220261 9398 
3118602190826 3118602190397 7961 
3118602190826 3118602190176 8722 
3118602190826 3118602191059 9935 
3118602190826 3118602191040 10829 
3118602190826 3118602190451 8569 
3118602190826 3118602190206 8190 
3118602190826 3118602190524 7617 
3118602190826 3118602190400 8049 
3118602190826 3118602190966 6559 
3118602190826 3118602190877 8190 
3118602190826 3118602190826 0 
3118602190826 3118602190729 3431 
3118602190826 3118602190656 3431 
3118602190826 3118602190834 2986 
3118602190826 3118602190710 4217 
3118602190826 3118602190796 3951 
3118602190826 3118602190648 3960 
3118602190826 3118602190818 672 
3118602190826 3118602190885 6367 
3118602190826 3118607053355 6559 
3118602190826 3118602190192 17575 
3118602190826 3118602190214 16730 
3118602190826 3118602190680 15896 
3118602190826 3118602190753 12457 
3118602190826 3118602190141 15199 
3118602190826 3118602220245 14099 
3118602190826 3118602190788 12719 
3118602190826 CLU_2943 13141 
3118602190826 CLU_2961 12115 
3118602190826 CLU_2970 12275 
3118602190826 CLU_2971 12780 
3118602190826 CLU_3051 9120 
3118602190826 CLU_3055 7766 
3118602190826 CLU_3060 7358 
3118602190826 CLU_3084 7340 
3118602190826 CLU_3086 1672 
3118602190826 CLU_3087 2458 
3118602190826 CLU_3098 2927 
3118602190826 CLU_3108 6185 
3118602190826 CLU_3114 2289 
3118602190826 CLU_3121 15613 
3118602190826 CLU_3128 17929 
3118602190826 CLU_3141 16895 
3118602190826 CLU_3143 15950 
3118602190826 CLU_3160 15706 
3118602190826 CLU_3166 13659 
3118602190826 CLU_3176 14585 
3118602190826 CLU_3200 14168 
3118602190826 CLU_3214 14498 
3118602190826 CLU_7923 6058 
3118602190729 3118602190990 15425 
3118602190729 3118602191229 15835 
3118602190729 3118602190591 15437 
3118602190729 3118602190567 15006 
3118602190729 3118602190532 14819 
3118602190729 3118602190494 15541 
3118602190729 3118602190869 13481 
3118602190729 3118602190605 12374 
3118602190729 3118602190109 12365 
3118602190729 3118607116306 14241 
3118602190729 3118602190931 14187 
3118602190729 3118602190923 12562 
3118602190729 3118602190893 13309 
3118602190729 3118602190486 12399 
3118602190729 3118602190915 12722 
3118602190729 3118602190222 13599 
3118602190729 3118604696077 11832 
3118602190729 3118602191024 12316 
3118602190729 3118602190478 12316 
3118602190729 3118602190389 11884 
3118602190729 3118607110316 9770 
3118602190729 3118602220261 12461 
3118602190729 3118602190397 11190 
3118602190729 3118602190176 11523 
3118602190729 3118602191059 12960 
3118602190729 3118602191040 14031 
3118602190729 3118602190451 11985 
3118602190729 3118602190206 11615 
3118602190729 3118602190524 11045 
3118602190729 3118602190400 11442 
3118602190729 3118602190966 9990 
3118602190729 3118602190877 11615 
3118602190729 3118602190826 3431 
3118602190729 3118602190729 0 
3118602190729 3118602190656 0 
3118602190729 3118602190834 508 
3118602190729 3118602190710 1522 
3118602190729 3118602190796 876 
3118602190729 3118602190648 581 
3118602190729 3118602190818 3572 
3118602190729 3118602190885 8585 
3118602190729 3118607053355 9990 
3118602190729 3118602190192 20672 
3118602190729 3118602190214 19845 
3118602190729 3118602190680 19117 
3118602190729 3118602190753 15684 
3118602190729 3118602190141 18498 
3118602190729 3118602220245 17131 
3118602190729 3118602190788 15425 
3118602190729 CLU_2943 15572 
3118602190729 CLU_2961 14200 
3118602190729 CLU_2970 14117 
3118602190729 CLU_2971 14587 
3118602190729 CLU_3051 12316 
3118602190729 CLU_3055 10674 
3118602190729 CLU_3060 10178 
3118602190729 CLU_3084 10764 
3118602190729 CLU_3086 1804 
3118602190729 CLU_3087 1034 
3118602190729 CLU_3098 1092 
3118602190729 CLU_3108 6554 
3118602190729 CLU_3114 5700 
3118602190729 CLU_3121 18512 
3118602190729 CLU_3128 20935 
3118602190729 CLU_3141 20091 
3118602190729 CLU_3143 19101 
3118602190729 CLU_3160 18896 
3118602190729 CLU_3166 16860 
3118602190729 CLU_3176 17756 
3118602190729 CLU_3200 17106 
3118602190729 CLU_3214 17185 
3118602190729 CLU_7923 7666 
3118602190656 3118602190990 15425 
3118602190656 3118602191229 15835 
3118602190656 3118602190591 15437 
3118602190656 3118602190567 15006 
3118602190656 3118602190532 14819 
3118602190656 3118602190494 15541 
3118602190656 3118602190869 13481 
3118602190656 3118602190605 12374 
3118602190656 3118602190109 12365 
3118602190656 3118607116306 14241 
3118602190656 3118602190931 14187 
3118602190656 3118602190923 12562 
3118602190656 3118602190893 13309 
3118602190656 3118602190486 12399 
3118602190656 3118602190915 12722 
3118602190656 3118602190222 13599 
3118602190656 3118604696077 11832 
3118602190656 3118602191024 12316 
3118602190656 3118602190478 12316 
3118602190656 3118602190389 11884 
3118602190656 3118607110316 9770 
3118602190656 3118602220261 12461 
3118602190656 3118602190397 11190 
3118602190656 3118602190176 11523 
3118602190656 3118602191059 12960 
3118602190656 3118602191040 14031 
3118602190656 3118602190451 11985 
3118602190656 3118602190206 11615 
3118602190656 3118602190524 11045 
3118602190656 3118602190400 11442 
3118602190656 3118602190966 9990 
3118602190656 3118602190877 11615 
3118602190656 3118602190826 3431 
3118602190656 3118602190729 0 
3118602190656 3118602190656 0 
3118602190656 3118602190834 508 
3118602190656 3118602190710 1522 
3118602190656 3118602190796 876 
3118602190656 3118602190648 581 
3118602190656 3118602190818 3572 
3118602190656 3118602190885 8585 
3118602190656 3118607053355 9990 
3118602190656 3118602190192 20672 
3118602190656 3118602190214 19845 
3118602190656 3118602190680 19117 
3118602190656 3118602190753 15684 
3118602190656 3118602190141 18498 
3118602190656 3118602220245 17131 
3118602190656 3118602190788 15425 
3118602190656 CLU_2943 15572 
3118602190656 CLU_2961 14200 
3118602190656 CLU_2970 14117 
3118602190656 CLU_2971 14587 
3118602190656 CLU_3051 12316 
3118602190656 CLU_3055 10674 
3118602190656 CLU_3060 10178 
3118602190656 CLU_3084 10764 
3118602190656 CLU_3086 1804 
3118602190656 CLU_3087 1034 
3118602190656 CLU_3098 1092 
3118602190656 CLU_3108 6554 
3118602190656 CLU_3114 5700 
3118602190656 CLU_3121 18512 
3118602190656 CLU_3128 20935 
3118602190656 CLU_3141 20091 
3118602190656 CLU_3143 19101 
3118602190656 CLU_3160 18896 
3118602190656 CLU_3166 16860 
3118602190656 CLU_3176 17756 
3118602190656 CLU_3200 17106 
3118602190656 CLU_3214 17185 
3118602190656 CLU_7923 7666 
3118602190834 3118602190990 15182 
3118602190834 3118602191229 15600 
3118602190834 3118602190591 15225 
3118602190834 3118602190567 14859 
3118602190834 3118602190532 14703 
3118602190834 3118602190494 15450 
3118602190834 3118602190869 13336 
3118602190834 3118602190605 12231 
3118602190834 3118602190109 12182 
3118602190834 3118607116306 14213 
3118602190834 3118602190931 14146 
3118602190834 3118602190923 12557 
3118602190834 3118602190893 13350 
3118602190834 3118602190486 12354 
3118602190834 3118602190915 12776 
3118602190834 3118602190222 13612 
3118602190834 3118604696077 11520 
3118602190834 3118602191024 11962 
3118602190834 3118602190478 11946 
3118602190834 3118602190389 11501 
3118602190834 3118607110316 9396 
3118602190834 3118602220261 12138 
3118602190834 3118602190397 10825 
3118602190834 3118602190176 11252 
3118602190834 3118602191059 12647 
3118602190834 3118602191040 13677 
3118602190834 3118602190451 11553 
3118602190834 3118602190206 11176 
3118602190834 3118602190524 10586 
3118602190834 3118602190400 11024 
3118602190834 3118602190966 9541 
3118602190834 3118602190877 11176 
3118602190834 3118602190826 2986 
3118602190834 3118602190729 508 
3118602190834 3118602190656 508 
3118602190834 3118602190834 0 
3118602190834 3118602190710 1927 
3118602190834 3118602190796 1332 
3118602190834 3118602190648 1089 
3118602190834 3118602190818 3184 
3118602190834 3118602190885 8399 
3118602190834 3118607053355 9541 
3118602190834 3118602190192 20350 
3118602190834 3118602190214 19518 
3118602190834 3118602190680 18761 
3118602190834 3118602190753 15324 
3118602190834 3118602190141 18118 
3118602190834 3118602220245 16822 
3118602190834 3118602190788 15182 
3118602190834 CLU_2943 15380 
3118602190834 CLU_2961 14065 
3118602190834 CLU_2970 14021 
3118602190834 CLU_2971 14498 
3118602190834 CLU_3051 11962 
3118602190834 CLU_3055 10379 
3118602190834 CLU_3060 9899 
3118602190834 CLU_3084 10326 
3118602190834 CLU_3086 1329 
3118602190834 CLU_3087 541 
3118602190834 CLU_3098 1128 
3118602190834 CLU_3108 6620 
3118602190834 CLU_3114 5235 
3118602190834 CLU_3121 18233 
3118602190834 CLU_3128 20634 
3118602190834 CLU_3141 19742 
3118602190834 CLU_3143 18764 
3118602190834 CLU_3160 18549 
3118602190834 CLU_3166 16509 
3118602190834 CLU_3176 17413 
3118602190834 CLU_3200 16817 
3118602190834 CLU_3214 16948 
3118602190834 CLU_7923 7565 
3118602190710 3118602190990 15153 
3118602190710 3118602191229 15529 
3118602190710 3118602190591 15058 
3118602190710 3118602190567 14432 
3118602190710 3118602190532 14156 
3118602190710 3118602190494 14808 
3118602190710 3118602190869 12912 
3118602190710 3118602190605 11810 
3118602190710 3118602190109 11921 
3118602190710 3118607116306 13349 
3118602190710 3118602190931 13324 
3118602190710 3118602190923 11624 
3118602190710 3118602190893 12255 
3118602190710 3118602190486 11560 
3118602190710 3118602190915 11641 
3118602190710 3118602190222 12610 
3118602190710 3118604696077 11831 
3118602190710 3118602191024 12476 
3118602190710 3118602190478 12542 
3118602190710 3118602190389 12164 
3118602190710 3118607110316 10039 
3118602190710 3118602220261 12493 
3118602190710 3118602190397 11401 
3118602190710 3118602190176 11377 
3118602190710 3118602191059 12953 
3118602190710 3118602191040 14175 
3118602190710 3118602190451 12496 
3118602190710 3118602190206 12169 
3118602190710 3118602190524 11715 
3118602190710 3118602190400 11889 
3118602190710 3118602190966 10613 
3118602190710 3118602190877 12169 
3118602190710 3118602190826 4217 
3118602190710 3118602190729 1522 
3118602190710 3118602190656 1522 
3118602190710 3118602190834 1927 
3118602190710 3118602190710 0 
3118602190710 3118602190796 677 
3118602190710 3118602190648 1166 
3118602190710 3118602190818 4118 
3118602190710 3118602190885 8201 
3118602190710 3118607053355 10613 
3118602190710 3118602190192 20658 
3118602190710 3118602190214 19853 
3118602190710 3118602190680 19241 
3118602190710 3118602190753 15839 
3118602190710 3118602190141 18726 
3118602190710 3118602220245 17082 
3118602190710 3118602190788 15153 
3118602190710 CLU_2943 15130 
3118602190710 CLU_2961 13598 
3118602190710 CLU_2970 13402 
3118602190710 CLU_2971 13850 
3118602190710 CLU_3051 12476 
3118602190710 CLU_3055 10622 
3118602190710 CLU_3060 10077 
3118602190710 CLU_3084 11319 
3118602190710 CLU_3086 2879 
3118602190710 CLU_3087 2302 
3118602190710 CLU_3098 1296 
3118602190710 CLU_3108 5522 
3118602190710 CLU_3114 6485 
3118602190710 CLU_3121 18344 
3118602190710 CLU_3128 20837 
3118602190710 CLU_3141 20180 
3118602190710 CLU_3143 19148 
3118602190710 CLU_3160 18987 
3118602190710 CLU_3166 16977 
3118602190710 CLU_3176 17833 
3118602190710 CLU_3200 16980 
3118602190710 CLU_3214 16881 
3118602190710 CLU_7923 7049 
3118602190796 3118602190990 15404 
3118602190796 3118602191229 15794 
3118602190796 3118602190591 15353 
3118602190796 3118602190567 14806 
3118602190796 3118602190532 14565 
3118602190796 3118602190494 15246 
3118602190796 3118602190869 13282 
3118602190796 3118602190605 12176 
3118602190796 3118602190109 12238 
3118602190796 3118607116306 13847 
3118602190796 3118602190931 13811 
3118602190796 3118602190923 12137 
3118602190796 3118602190893 12811 
3118602190796 3118602190486 12035 
3118602190796 3118602190915 12207 
3118602190796 3118602190222 13143 
3118602190796 3118604696077 11960 
3118602190796 3118602191024 12536 
3118602190796 3118602190478 12573 
3118602190796 3118602190389 12169 
3118602190796 3118607110316 10045 
3118602190796 3118602220261 12609 
3118602190796 3118602190397 11436 
3118602190796 3118602190176 11568 
3118602190796 3118602191059 13087 
3118602190796 3118602191040 14245 
3118602190796 3118602190451 12398 
3118602190796 3118602190206 12050 
3118602190796 3118602190524 11541 
3118602190796 3118602190400 11818 
3118602190796 3118602190966 10459 
3118602190796 3118602190877 12050 
3118602190796 3118602190826 3951 
3118602190796 3118602190729 876 
3118602190796 3118602190656 876 
3118602190796 3118602190834 1332 
3118602190796 3118602190710 677 
3118602190796 3118602190796 0 
3118602190796 3118602190648 499 
3118602190796 3118602190818 3958 
3118602190796 3118602190885 8484 
3118602190796 3118607053355 10459 
3118602190796 3118602190192 20803 
3118602190796 3118602190214 19988 
3118602190796 3118602190680 19324 
3118602190796 3118602190753 15906 
3118602190796 3118602190141 18763 
3118602190796 3118602220245 17240 
3118602190796 3118602190788 15404 
3118602190796 CLU_2943 15451 
3118602190796 CLU_2961 13983 
3118602190796 CLU_2970 13831 
3118602190796 CLU_2971 14289 
3118602190796 CLU_3051 12536 
3118602190796 CLU_3055 10771 
3118602190796 CLU_3060 10245 
3118602190796 CLU_3084 11198 
3118602190796 CLU_3086 2457 
3118602190796 CLU_3087 1780 
3118602190796 CLU_3098 1096 
3118602190796 CLU_3108 6058 
3118602190796 CLU_3114 6241 
3118602190796 CLU_3121 18553 
3118602190796 CLU_3128 21018 
3118602190796 CLU_3141 20280 
3118602190796 CLU_3143 19265 
3118602190796 CLU_3160 19085 
3118602190796 CLU_3166 17062 
3118602190796 CLU_3176 17936 
3118602190796 CLU_3200 17170 
3118602190796 CLU_3214 17147 
3118602190796 CLU_7923 7424 
3118602190648 3118602190990 15723 
3118602190648 3118602191229 16122 
3118602190648 3118602190591 15699 
3118602190648 3118602190567 15196 
3118602190648 3118602190532 14974 
3118602190648 3118602190494 15669 
3118602190648 3118602190869 13671 
3118602190648 3118602190605 12565 
3118602190648 3118602190109 12600 
3118602190648 3118607116306 14299 
3118602190648 3118602190931 14258 
3118602190648 3118602190923 12597 
3118602190648 3118602190893 13288 
3118602190648 3118602190486 12478 
3118602190648 3118602190915 12687 
3118602190648 3118602190222 13611 
3118602190648 3118604696077 12208 
3118602190648 3118602191024 12737 
3118602190648 3118602190478 12754 
3118602190648 3118602190389 12334 
3118602190648 3118607110316 10214 
3118602190648 3118602220261 12847 
3118602190648 3118602190397 11622 
3118602190648 3118602190176 11855 
3118602190648 3118602191059 13336 
3118602190648 3118602191040 14450 
3118602190648 3118602190451 12488 
3118602190648 3118602190206 12126 
3118602190648 3118602190524 11577 
3118602190648 3118602190400 11930 
3118602190648 3118602190966 10512 
3118602190648 3118602190877 12126 
3118602190648 3118602190826 3960 
3118602190648 3118602190729 581 
3118602190648 3118602190656 581 
3118602190648 3118602190834 1089 
3118602190648 3118602190710 1166 
3118602190648 3118602190796 499 
3118602190648 3118602190648 0 
3118602190648 3118602190818 4051 
3118602190648 3118602190885 8832 
3118602190648 3118607053355 10512 
3118602190648 3118602190192 21053 
3118602190648 3118602190214 20232 
3118602190648 3118602190680 19535 
3118602190648 3118602190753 16108 
3118602190648 3118602190141 18942 
3118602190648 3118602220245 17500 
3118602190648 3118602190788 15723 
3118602190648 CLU_2943 15811 
3118602190648 CLU_2961 14379 
3118602190648 CLU_2970 14251 
3118602190648 CLU_2971 14712 
3118602190648 CLU_3051 12737 
3118602190648 CLU_3055 11033 
3118602190648 CLU_3060 10521 
3118602190648 CLU_3084 11274 
3118602190648 CLU_3086 2365 
3118602190648 CLU_3087 1610 
3118602190648 CLU_3098 1320 
3118602190648 CLU_3108 6531 
3118602190648 CLU_3114 6242 
3118602190648 CLU_3121 18845 
3118602190648 CLU_3128 21291 
3118602190648 CLU_3141 20500 
3118602190648 CLU_3143 19498 
3118602190648 CLU_3160 19305 
3118602190648 CLU_3166 17275 
3118602190648 CLU_3176 18160 
3118602190648 CLU_3200 17451 
3118602190648 CLU_3214 17474 
3118602190648 CLU_7923 7824 
3118602190818 3118602190990 12218 
3118602190818 3118602191229 12661 
3118602190818 3118602190591 12363 
3118602190818 3118602190567 12243 
3118602190818 3118602190532 12223 
3118602190818 3118602190494 13068 
3118602190818 3118602190869 10747 
3118602190818 3118602190605 9668 
3118602190818 3118602190109 9454 
3118602190818 3118607116306 12163 
3118602190818 3118602190931 12036 
3118602190818 3118602190923 10667 
3118602190818 3118602190893 11701 
3118602190818 3118602190486 10262 
3118602190818 3118602190915 11220 
3118602190818 3118602190222 11794 
3118602190818 3118604696077 8402 
3118602190818 3118602191024 8786 
3118602190818 3118602190478 8762 
3118602190818 3118602190389 8318 
3118602190818 3118607110316 6212 
3118602190818 3118602220261 9001 
3118602190818 3118602190397 7644 
3118602190818 3118602190176 8234 
3118602190818 3118602191059 9524 
3118602190818 3118602191040 10501 
3118602190818 3118602190451 8443 
3118602190818 3118602190206 8092 
3118602190818 3118602190524 7600 
3118602190818 3118602190400 7879 
3118602190818 3118602190966 6506 
3118602190818 3118602190877 8092 
3118602190818 3118602190826 672 
3118602190818 3118602190729 3572 
3118602190818 3118602190656 3572 
3118602190818 3118602190834 3184 
3118602190818 3118602190710 4118 
3118602190818 3118602190796 3958 
3118602190818 3118602190648 4051 
3118602190818 3118602190818 0 
3118602190818 3118602190885 5752 
3118602190818 3118607053355 6506 
3118602190818 3118602190192 17203 
3118602190818 3118602190214 16365 
3118602190818 3118602190680 15582 
3118602190818 3118602190753 12144 
3118602190818 3118602190141 14934 
3118602190818 3118602220245 13698 
3118602190818 3118602190788 12218 
3118602190818 CLU_2943 12584 
3118602190818 CLU_2961 11507 
3118602190818 CLU_2970 11642 
3118602190818 CLU_2971 12145 
3118602190818 CLU_3051 8786 
3118602190818 CLU_3055 7306 
3118602190818 CLU_3060 6869 
3118602190818 CLU_3084 7239 
3118602190818 CLU_3086 1969 
3118602190818 CLU_3087 2697 
3118602190818 CLU_3098 2877 
3118602190818 CLU_3108 5542 
3118602190818 CLU_3114 2422 
3118602190818 CLU_3121 15169 
3118602190818 CLU_3128 17522 
3118602190818 CLU_3141 16568 
3118602190818 CLU_3143 15600 
3118602190818 CLU_3160 15376 
3118602190818 CLU_3166 13333 
3118602190818 CLU_3176 14244 
3118602190818 CLU_3200 13734 
3118602190818 CLU_3214 13995 
3118602190818 CLU_7923 5392 
3118602190885 3118602190990 6963 
3118602190885 3118602191229 7329 
3118602190885 3118602190591 6869 
3118602190885 3118602190567 6505 
3118602190885 3118602190532 6475 
3118602190885 3118602190494 7344 
3118602190885 3118602190869 4999 
3118602190885 3118602190605 3916 
3118602190885 3118602190109 3782 
3118602190885 3118607116306 6713 
3118602190885 3118602190931 6528 
3118602190885 3118602190923 5519 
3118602190885 3118602190893 6824 
3118602190885 3118602190486 4862 
3118602190885 3118602190915 6543 
3118602190885 3118602190222 6659 
3118602190885 3118604696077 4274 
3118602190885 3118602191024 5428 
3118602190885 3118602190478 5757 
3118602190885 3118602190389 5697 
3118602190885 3118607110316 4196 
3118602190885 3118602220261 4969 
3118602190885 3118602190397 4797 
3118602190885 3118602190176 3437 
3118602190885 3118602191059 5264 
3118602190885 3118602191040 6859 
3118602190885 3118602190451 7100 
3118602190885 3118602190206 7090 
3118602190885 3118602190524 7423 
3118602190885 3118602190400 6319 
3118602190885 3118602190966 6459 
3118602190885 3118602190877 7090 
3118602190885 3118602190826 6367 
3118602190885 3118602190729 8585 
3118602190885 3118602190656 8585 
3118602190885 3118602190834 8399 
3118602190885 3118602190710 8201 
3118602190885 3118602190796 8484 
3118602190885 3118602190648 8832 
3118602190885 3118602190818 5752 
3118602190885 3118602190885 0 
3118602190885 3118607053355 6459 
3118602190885 3118602190192 12707 
3118602190885 3118602190214 11953 
3118602190885 3118602190680 11608 
3118602190885 3118602190753 8439 
3118602190885 3118602190141 11406 
3118602190885 3118602220245 9128 
3118602190885 3118602190788 6963 
3118602190885 CLU_2943 6986 
3118602190885 CLU_2961 5755 
3118602190885 CLU_2970 5931 
3118602190885 CLU_2971 6441 
3118602190885 CLU_3051 5428 
3118602190885 CLU_3055 3074 
3118602190885 CLU_3060 2459 
3118602190885 CLU_3084 6508 
3118602190885 CLU_3086 7531 
3118602190885 CLU_3087 8068 
3118602190885 CLU_3098 7529 
3118602190885 CLU_3108 4182 
3118602190885 CLU_3114 6010 
3118602190885 CLU_3121 10211 
3118602190885 CLU_3128 12763 
3118602190885 CLU_3141 12442 
3118602190885 CLU_3143 11340 
3118602190885 CLU_3160 11281 
3118602190885 CLU_3166 9404 
3118602190885 CLU_3176 10128 
3118602190885 CLU_3200 8906 
3118602190885 CLU_3214 8680 
3118602190885 CLU_7923 1646 
3118607053355 3118602190990 8955 
3118607053355 3118602191229 9476 
3118607053355 3118602190591 9640 
3118607053355 3118602190567 10644 
3118607053355 3118602190532 11136 
3118607053355 3118602190494 12167 
3118607053355 3118602190869 9577 
3118607053355 3118602190605 8890 
3118607053355 3118602190109 8068 
3118607053355 3118607116306 12427 
3118607053355 3118602190931 12158 
3118607053355 3118602190923 11665 
3118607053355 3118602190893 13062 
3118607053355 3118602190486 10826 
3118607053355 3118602190915 12881 
3118607053355 3118602190222 12737 
3118607053355 3118604696077 4871 
3118607053355 3118602191024 4129 
3118607053355 3118602190478 3741 
3118607053355 3118602190389 3141 
3118607053355 3118607110316 2487 
3118607053355 3118602220261 5006 
3118607053355 3118602190397 3191 
3118607053355 3118602190176 5676 
3118607053355 3118602191059 5559 
3118607053355 3118602191040 5468 
3118607053355 3118602190451 2137 
3118607053355 3118602190206 1684 
3118607053355 3118602190524 1140 
3118607053355 3118602190400 1922 
3118607053355 3118602190966 0 
3118607053355 3118602190877 1684 
3118607053355 3118602190826 6559 
3118607053355 3118602190729 9990 
3118607053355 3118602190656 9990 
3118607053355 3118602190834 9541 
3118607053355 3118602190710 10613 
3118607053355 3118602190796 10459 
3118607053355 3118602190648 10512 
3118607053355 3118602190818 6506 
3118607053355 3118602190885 6459 
3118607053355 3118607053355 0 
3118607053355 3118602190192 12106 
3118607053355 3118602190214 11238 
3118607053355 3118602190680 10081 
3118607053355 3118602190753 6804 
3118607053355 3118602190141 9124 
3118607053355 3118602220245 9059 
3118607053355 3118602190788 8955 
3118607053355 CLU_2943 10153 
3118607053355 CLU_2961 10278 
3118607053355 CLU_2970 11019 
3118607053355 CLU_2971 11504 
3118607053355 CLU_3051 4129 
3118607053355 CLU_3055 4742 
3118607053355 CLU_3060 4932 
3118607053355 CLU_3084 905 
3118607053355 CLU_3086 8215 
3118607053355 CLU_3087 9007 
3118607053355 CLU_3098 9383 
3118607053355 CLU_3108 9681 
3118607053355 CLU_3114 4330 
3118607053355 CLU_3121 10894 
3118607053355 CLU_3128 12730 
3118607053355 CLU_3141 11132 
3118607053355 CLU_3143 10376 
3118607053355 CLU_3160 10005 
3118607053355 CLU_3166 8025 
3118607053355 CLU_3176 9009 
3118607053355 CLU_3200 9448 
3118607053355 CLU_3214 10547 
3118607053355 CLU_7923 7682 
3118602190192 3118602190990 6173 
3118602190192 3118602191229 6069 
3118602190192 3118602190591 6907 
3118602190192 3118602190567 8842 
3118602190192 3118602190532 9773 
3118602190192 3118602190494 10243 
3118602190192 3118602190869 9669 
3118602190192 3118602190605 10372 
3118602190192 3118602190109 9658 
3118602190192 3118607116306 12341 
3118602190192 3118602190931 12028 
3118602190192 3118602190923 13297 
3118602190192 3118602190893 14346 
3118602190192 3118602190486 12442 
3118602190192 3118602190915 14742 
3118602190192 3118602190222 13552 
3118602190192 3118604696077 8845 
3118602190192 3118602191024 8479 
3118602190192 3118602190478 8625 
3118602190192 3118602190389 9176 
3118602190192 3118607110316 11102 
3118602190192 3118602220261 8212 
3118602190192 3118602190397 9652 
3118602190192 3118602190176 9322 
3118602190192 3118602191059 7717 
3118602190192 3118602191040 6803 
3118602190192 3118602190451 10102 
3118602190192 3118602190206 10605 
3118602190192 3118602190524 11670 
3118602190192 3118602190400 10187 
3118602190192 3118602190966 12106 
3118602190192 3118602190877 10605 
3118602190192 3118602190826 17575 
3118602190192 3118602190729 20672 
3118602190192 3118602190656 20672 
3118602190192 3118602190834 20350 
3118602190192 3118602190710 20658 
3118602190192 3118602190796 20803 
3118602190192 3118602190648 21053 
3118602190192 3118602190818 17203 
3118602190192 3118602190885 12707 
3118602190192 3118607053355 12106 
3118602190192 3118602190192 0 
3118602190192 3118602190214 868 
3118602190192 3118602190680 2340 
3118602190192 3118602190753 5305 
3118602190192 3118602190141 3743 
3118602190192 3118602220245 3586 
3118602190192 3118602190788 6173 
3118602190192 CLU_2943 7333 
3118602190192 CLU_2961 9515 
3118602190192 CLU_2970 10570 
3118602190192 CLU_2971 10597 
3118602190192 CLU_3051 8479 
3118602190192 CLU_3055 10037 
3118602190192 CLU_3060 10583 
3118602190192 CLU_3084 11213 
3118602190192 CLU_3086 19171 
3118602190192 CLU_3087 19892 
3118602190192 CLU_3098 19741 
3118602190192 CLU_3108 16708 
3118602190192 CLU_3114 15827 
3118602190192 CLU_3121 2983 
3118602190192 CLU_3128 1160 
3118602190192 CLU_3141 1488 
3118602190192 CLU_3143 1739 
3118602190192 CLU_3160 2201 
3118602190192 CLU_3166 4081 
3118602190192 CLU_3176 3097 
3118602190192 CLU_3200 3878 
3118602190192 CLU_3214 5107 
3118602190192 CLU_7923 14237 
3118602190214 3118602190990 5585 
3118602190214 3118602191229 5540 
3118602190214 3118602190591 6401 
3118602190214 3118602190567 8405 
3118602190214 3118602190532 9352 
3118602190214 3118602190494 9893 
3118602190214 3118602190869 9127 
3118602190214 3118602190605 9771 
3118602190214 3118602190109 9013 
3118602190214 3118607116306 11928 
3118602190214 3118602190931 11608 
3118602190214 3118602190923 12795 
3118602190214 3118602190893 13894 
3118602190214 3118602190486 11915 
3118602190214 3118602190915 14261 
3118602190214 3118602190222 13111 
3118602190214 3118604696077 8028 
3118602190214 3118602191024 7625 
3118602190214 3118602190478 7763 
3118602190214 3118602190389 8311 
3118602190214 3118607110316 10248 
3118602190214 3118602220261 7385 
3118602190214 3118602190397 8797 
3118602190214 3118602190176 8547 
3118602190214 3118602191059 6902 
3118602190214 3118602191040 5942 
3118602190214 3118602190451 9237 
3118602190214 3118602190206 9741 
3118602190214 3118602190524 10808 
3118602190214 3118602190400 9319 
3118602190214 3118602190966 11238 
3118602190214 3118602190877 9741 
3118602190214 3118602190826 16730 
3118602190214 3118602190729 19845 
3118602190214 3118602190656 19845 
3118602190214 3118602190834 19518 
3118602190214 3118602190710 19853 
3118602190214 3118602190796 19988 
3118602190214 3118602190648 20232 
3118602190214 3118602190818 16365 
3118602190214 3118602190885 11953 
3118602190214 3118607053355 11238 
3118602190214 3118602190192 868 
3118602190214 3118602190214 0 
3118602190214 3118602190680 1630 
3118602190214 3118602190753 4437 
3118602190214 3118602190141 3049 
3118602190214 3118602220245 2829 
3118602190214 3118602190788 5585 
3118602190214 CLU_2943 6878 
3118602190214 CLU_2961 9030 
3118602190214 CLU_2970 10115 
3118602190214 CLU_2971 10179 
3118602190214 CLU_3051 7625 
3118602190214 CLU_3055 9231 
3118602190214 CLU_3060 9788 
3118602190214 CLU_3084 10345 
3118602190214 CLU_3086 18332 
3118602190214 CLU_3087 19056 
3118602190214 CLU_3098 18922 
3118602190214 CLU_3108 15991 
3118602190214 CLU_3114 14967 
3118602190214 CLU_3121 2630 
3118602190214 CLU_3128 1753 
3118602190214 CLU_3141 1109 
3118602190214 CLU_3143 884 
3118602190214 CLU_3160 1394 
3118602190214 CLU_3166 3213 
3118602190214 CLU_3176 2229 
3118602190214 CLU_3200 3241 
3118602190214 CLU_3214 4718 
3118602190214 CLU_7923 13503 
3118602190680 3118602190990 5920 
3118602190680 3118602191229 6017 
3118602190680 3118602190591 6892 
3118602190680 3118602190567 8979 
3118602190680 3118602190532 9939 
3118602190680 3118602190494 10606 
3118602190680 3118602190869 9457 
3118602190680 3118602190605 9941 
3118602190680 3118602190109 9078 
3118602190680 3118607116306 12491 
3118602190680 3118602190931 12160 
3118602190680 3118602190923 13160 
3118602190680 3118602190893 14358 
3118602190680 3118602190486 12233 
3118602190680 3118602190915 14662 
3118602190680 3118602190222 13606 
3118602190680 3118604696077 7459 
3118602190680 3118602191024 6800 
3118602190680 3118602190478 6837 
3118602190680 3118602190389 7334 
3118602190680 3118607110316 9382 
3118602190680 3118602220261 6774 
3118602190680 3118602190397 7939 
3118602190680 3118602190176 8172 
3118602190680 3118602191059 6374 
3118602190680 3118602191040 5085 
3118602190680 3118602190451 8007 
3118602190680 3118602190206 8507 
3118602190680 3118602190524 9543 
3118602190680 3118602190400 8188 
3118602190680 3118602190966 10081 
3118602190680 3118602190877 8507 
3118602190680 3118602190826 15896 
3118602190680 3118602190729 19117 
3118602190680 3118602190656 19117 
3118602190680 3118602190834 18761 
3118602190680 3118602190710 19241 
3118602190680 3118602190796 19324 
3118602190680 3118602190648 19535 
3118602190680 3118602190818 15582 
3118602190680 3118602190885 11608 
3118602190680 3118607053355 10081 
3118602190680 3118602190192 2340 
3118602190680 3118602190214 1630 
3118602190680 3118602190680 0 
3118602190680 3118602190753 3439 
3118602190680 3118602190141 1420 
3118602190680 3118602220245 2918 
3118602190680 3118602190788 5920 
3118602190680 CLU_2943 7459 
3118602190680 CLU_2961 9492 
3118602190680 CLU_2970 10619 
3118602190680 CLU_2971 10757 
3118602190680 CLU_3051 6800 
3118602190680 CLU_3055 8700 
3118602190680 CLU_3060 9294 
3118602190680 CLU_3084 9177 
3118602190680 CLU_3086 17532 
3118602190680 CLU_3087 18279 
3118602190680 CLU_3098 18242 
3118602190680 CLU_3108 15746 
3118602190680 CLU_3114 14011 
3118602190680 CLU_3121 3679 
3118602190680 CLU_3128 3376 
3118602190680 CLU_3141 1055 
3118602190680 CLU_3143 963 
3118602190680 CLU_3160 475 
3118602190680 CLU_3166 2263 
3118602190680 CLU_3176 1494 
3118602190680 CLU_3200 3655 
3118602190680 CLU_3214 5520 
3118602190680 CLU_7923 13216 
3118602190753 3118602190990 4391 
3118602190753 3118602191229 4764 
3118602190753 3118602190591 5474 
3118602190753 3118602190567 7447 
3118602190753 3118602190532 8344 
3118602190753 3118602190494 9231 
3118602190753 3118602190869 7390 
3118602190753 3118602190605 7549 
3118602190753 3118602190109 6566 
3118602190753 3118607116306 10689 
3118602190753 3118602190931 10352 
3118602190753 3118602190923 10953 
3118602190753 3118602190893 12288 
3118602190753 3118602190486 9980 
3118602190753 3118602190915 12466 
3118602190753 3118602190222 11621 
3118602190753 3118604696077 4179 
3118602190753 3118602191024 3370 
3118602190753 3118602190478 3400 
3118602190753 3118602190389 3912 
3118602190753 3118607110316 5942 
3118602190753 3118602220261 3480 
3118602190753 3118602190397 4500 
3118602190753 3118602190176 5073 
3118602190753 3118602191059 3196 
3118602190753 3118602191040 1665 
3118602190753 3118602190451 4843 
3118602190753 3118602190206 5345 
3118602190753 3118602190524 6428 
3118602190753 3118602190400 4882 
3118602190753 3118602190966 6804 
3118602190753 3118602190877 5345 
3118602190753 3118602190826 12457 
3118602190753 3118602190729 15684 
3118602190753 3118602190656 15684 
3118602190753 3118602190834 15324 
3118602190753 3118602190710 15839 
3118602190753 3118602190796 15906 
3118602190753 3118602190648 16108 
3118602190753 3118602190818 12144 
3118602190753 3118602190885 8439 
3118602190753 3118607053355 6804 
3118602190753 3118602190192 5305 
3118602190753 3118602190214 4437 
3118602190753 3118602190680 3439 
3118602190753 3118602190753 0 
3118602190753 3118602190141 2969 
3118602190753 3118602220245 2584 
3118602190753 3118602190788 4391 
3118602190753 CLU_2943 6135 
3118602190753 CLU_2961 7678 
3118602190753 CLU_2970 8803 
3118602190753 CLU_2971 9084 
3118602190753 CLU_3051 3370 
3118602190753 CLU_3055 5418 
3118602190753 CLU_3060 6030 
3118602190753 CLU_3084 5914 
3118602190753 CLU_3086 14092 
3118602190753 CLU_3087 14841 
3118602190753 CLU_3098 14820 
3118602190753 CLU_3108 12620 
3118602190753 CLU_3114 10593 
3118602190753 CLU_3121 4498 
3118602190753 CLU_3128 5951 
3118602190753 CLU_3141 4445 
3118602190753 CLU_3143 3585 
3118602190753 CLU_3160 3267 
3118602190753 CLU_3166 1231 
3118602190753 CLU_3176 2209 
3118602190753 CLU_3200 3290 
3118602190753 CLU_3214 5111 
3118602190753 CLU_7923 10079 
3118602190141 3118602190990 6465 
3118602190141 3118602191229 6665 
3118602190141 3118602190591 7513 
3118602190141 3118602190567 9606 
3118602190141 3118602190532 10557 
3118602190141 3118602190494 11314 
3118602190141 3118602190869 9879 
3118602190141 3118602190605 10219 
3118602190141 3118602190109 9287 
3118602190141 3118607116306 13054 
3118602190141 3118602190931 12718 
3118602190141 3118602190923 13552 
3118602190141 3118602190893 14820 
3118602190141 3118602190486 12597 
3118602190141 3118602190915 15067 
3118602190141 3118602190222 14101 
3118602190141 3118604696077 7148 
3118602190141 3118602191024 6260 
3118602190141 3118602190478 6190 
3118602190141 3118602190389 6617 
3118602190141 3118607110316 8728 
3118602190141 3118602220261 6449 
3118602190141 3118602190397 7328 
3118602190141 3118602190176 8019 
3118602190141 3118602191059 6149 
3118602190141 3118602191040 4604 
3118602190141 3118602190451 7002 
3118602190141 3118602190206 7490 
3118602190141 3118602190524 8481 
3118602190141 3118602190400 7287 
3118602190141 3118602190966 9124 
3118602190141 3118602190877 7490 
3118602190141 3118602190826 15199 
3118602190141 3118602190729 18498 
3118602190141 3118602190656 18498 
3118602190141 3118602190834 18118 
3118602190141 3118602190710 18726 
3118602190141 3118602190796 18763 
3118602190141 3118602190648 18942 
3118602190141 3118602190818 14934 
3118602190141 3118602190885 11406 
3118602190141 3118607053355 9124 
3118602190141 3118602190192 3743 
3118602190141 3118602190214 3049 
3118602190141 3118602190680 1420 
3118602190141 3118602190753 2969 
3118602190141 3118602190141 0 
3118602190141 3118602220245 3582 
3118602190141 3118602190788 6465 
3118602190141 CLU_2943 8129 
3118602190141 CLU_2961 10019 
3118602190141 CLU_2970 11159 
3118602190141 CLU_2971 11355 
3118602190141 CLU_3051 6260 
3118602190141 CLU_3055 8386 
3118602190141 CLU_3060 8999 
3118602190141 CLU_3084 8220 
3118602190141 CLU_3086 16856 
3118602190141 CLU_3087 17621 
3118602190141 CLU_3098 17671 
3118602190141 CLU_3108 15585 
3118602190141 CLU_3114 13213 
3118602190141 CLU_3121 4820 
3118602190141 CLU_3128 4796 
3118602190141 CLU_3141 2336 
3118602190141 CLU_3143 2305 
3118602190141 CLU_3160 1731 
3118602190141 CLU_3166 2139 
3118602190141 CLU_3176 1983 
3118602190141 CLU_3200 4430 
3118602190141 CLU_3214 6420 
3118602190141 CLU_7923 13044 
3118602220245 3118602190990 3001 
3118602220245 3118602191229 3122 
3118602220245 3118602190591 3990 
3118602220245 3118602190567 6085 
3118602220245 3118602190532 7043 
3118602220245 3118602190494 7755 
3118602220245 3118602190869 6544 
3118602220245 3118602190605 7071 
3118602220245 3118602190109 6253 
3118602220245 3118607116306 9583 
3118602220245 3118602190931 9251 
3118602220245 3118602190923 10247 
3118602220245 3118602190893 11439 
3118602220245 3118602190486 9326 
3118602220245 3118602190915 11745 
3118602220245 3118602190222 10689 
3118602220245 3118604696077 5302 
3118602220245 3118602191024 5123 
3118602220245 3118602190478 5374 
3118602220245 3118602190389 5963 
3118602220245 3118607110316 7712 
3118602220245 3118602220261 4701 
3118602220245 3118602190397 6287 
3118602220245 3118602190176 5735 
3118602220245 3118602191059 4175 
3118602220245 3118602191040 3591 
3118602220245 3118602190451 7260 
3118602220245 3118602190206 7749 
3118602220245 3118602190524 8840 
3118602220245 3118602190400 7157 
3118602220245 3118602190966 9059 
3118602220245 3118602190877 7749 
3118602220245 3118602190826 14099 
3118602220245 3118602190729 17131 
3118602220245 3118602190656 17131 
3118602220245 3118602190834 16822 
3118602220245 3118602190710 17082 
3118602220245 3118602190796 17240 
3118602220245 3118602190648 17500 
3118602220245 3118602190818 13698 
3118602220245 3118602190885 9128 
3118602220245 3118607053355 9059 
3118602220245 3118602190192 3586 
3118602220245 3118602190214 2829 
3118602220245 3118602190680 2918 
3118602220245 3118602190753 2584 
3118602220245 3118602190141 3582 
3118602220245 3118602220245 0 
3118602220245 3118602190788 3001 
3118602220245 CLU_2943 4579 
3118602220245 CLU_2961 6575 
3118602220245 CLU_2970 7705 
3118602220245 CLU_2971 7856 
3118602220245 CLU_3051 5123 
3118602220245 CLU_3055 6469 
3118602220245 CLU_3060 7005 
3118602220245 CLU_3084 8210 
3118602220245 CLU_3086 15668 
3118602220245 CLU_3087 16375 
3118602220245 CLU_3098 16184 
3118602220245 CLU_3108 13164 
3118602220245 CLU_3114 12461 
3118602220245 CLU_3121 1920 
3118602220245 CLU_3128 3830 
3118602220245 CLU_3141 3468 
3118602220245 CLU_3143 2320 
3118602220245 CLU_3160 2470 
3118602220245 CLU_3166 1860 
3118602220245 CLU_3176 1604 
3118602220245 CLU_3200 868 
3118602220245 CLU_3214 2880 
3118602220245 CLU_7923 10673 
3118602190788 3118602190990 0 
3118602190788 3118602191229 520 
3118602190788 3118602190591 1088 
3118602190788 3118602190567 3148 
3118602190788 3118602190532 4093 
3118602190788 3118602190494 4895 
3118602190788 3118602190869 3561 
3118602190788 3118602190605 4199 
3118602190788 3118602190109 3526 
3118602190788 3118607116306 6599 
3118602190788 3118602190931 6264 
3118602190788 3118602190923 7258 
3118602190788 3118602190893 8437 
3118602190788 3118602190486 6351 
3118602190788 3118602190915 8750 
3118602190788 3118602190222 7688 
3118602190788 3118604696077 4218 
3118602190788 3118602191024 4868 
3118602190788 3118602190478 5342 
3118602190788 3118602190389 5907 
3118602190788 3118607110316 6946 
3118602190788 3118602220261 3952 
3118602190788 3118602190397 5783 
3118602190788 3118602190176 4001 
3118602190788 3118602191059 3396 
3118602190788 3118602191040 4186 
3118602190788 3118602190451 7690 
3118602190788 3118602190206 8098 
3118602190788 3118602190524 9116 
3118602190788 3118602190400 7288 
3118602190788 3118602190966 8955 
3118602190788 3118602190877 8098 
3118602190788 3118602190826 12719 
3118602190788 3118602190729 15425 
3118602190788 3118602190656 15425 
3118602190788 3118602190834 15182 
3118602190788 3118602190710 15153 
3118602190788 3118602190796 15404 
3118602190788 3118602190648 15723 
3118602190788 3118602190818 12218 
3118602190788 3118602190885 6963 
3118602190788 3118607053355 8955 
3118602190788 3118602190192 6173 
3118602190788 3118602190214 5585 
3118602190788 3118602190680 5920 
3118602190788 3118602190753 4391 
3118602190788 3118602190141 6465 
3118602190788 3118602220245 3001 
3118602190788 3118602190788 0 
3118602190788 CLU_2943 1746 
3118602190788 CLU_2961 3577 
3118602190788 CLU_2970 4711 
3118602190788 CLU_2971 4890 
3118602190788 CLU_3051 4868 
3118602190788 CLU_3055 5006 
3118602190788 CLU_3060 5361 
3118602190788 CLU_3084 8266 
3118602190788 CLU_3086 14153 
3118602190788 CLU_3087 14789 
3118602190788 CLU_3098 14406 
3118602190788 CLU_3108 10707 
3118602190788 CLU_3114 11466 
3118602190788 CLU_3121 3350 
3118602190788 CLU_3128 5969 
3118602190788 CLU_3141 6401 
3118602190788 CLU_3143 5263 
3118602190788 CLU_3160 5469 
3118602190788 CLU_3166 4427 
3118602190788 CLU_3176 4552 
3118602190788 CLU_3200 2352 
3118602190788 CLU_3214 1778 
3118602190788 CLU_7923 8338 
;

param D0_1 := 
CLU_1001 3118602190990 3088 
CLU_1001 3118602191229 2823 
CLU_1001 3118602190591 2001 
CLU_1001 3118602190567 526 
CLU_1001 3118602190532 1260 
CLU_1001 3118602190494 1825 
CLU_1001 3118602190869 2047 
CLU_1001 3118602190605 3153 
CLU_1001 3118602190109 3317 
CLU_1001 3118607116306 3809 
CLU_1001 3118602190931 3500 
CLU_1001 3118602190923 4940 
CLU_1001 3118602190893 5842 
CLU_1001 3118602190486 4240 
CLU_1001 3118602190915 6290 
CLU_1001 3118602190222 5038 
CLU_1001 3118604696077 6135 
CLU_1001 3118602191024 7224 
CLU_1001 3118602190478 7756 
CLU_1001 3118602190389 8236 
CLU_1001 3118607110316 8644 
CLU_1001 3118602220261 6183 
CLU_1001 3118602190397 7838 
CLU_1001 3118602190176 5350 
CLU_1001 3118602191059 5755 
CLU_1001 3118602191040 7018 
CLU_1001 3118602190451 10137 
CLU_1001 3118602190206 10472 
CLU_1001 3118602190524 11386 
CLU_1001 3118602190400 9592 
CLU_1001 3118602190966 10982 
CLU_1001 3118602190877 10472 
CLU_1001 3118602190826 13335 
CLU_1001 3118602190729 15526 
CLU_1001 3118602190656 15526 
CLU_1001 3118602190834 15376 
CLU_1001 3118602190710 14957 
CLU_1001 3118602190796 15330 
CLU_1001 3118602190648 15719 
CLU_1001 3118602190818 12742 
CLU_1001 3118602190885 7012 
CLU_1001 3118607053355 10982 
CLU_1001 3118602190192 8532 
CLU_1001 3118602190214 8134 
CLU_1001 3118602190680 8792 
CLU_1001 3118602190753 7459 
CLU_1001 3118602190141 9488 
CLU_1001 3118602220245 5930 
CLU_1001 3118602190788 3088 
CLU_1001 CLU_2943 1360 
CLU_1001 CLU_2961 1387 
CLU_1001 CLU_2970 2131 
CLU_1001 CLU_2971 2071 
CLU_1001 CLU_3051 7224 
CLU_1001 CLU_3055 6376 
CLU_1001 CLU_3060 6447 
CLU_1001 CLU_3084 10449 
CLU_1001 CLU_3086 14543 
CLU_1001 CLU_3087 15067 
CLU_1001 CLU_3098 14447 
CLU_1001 CLU_3108 9849 
CLU_1001 CLU_3114 12569 
CLU_1001 CLU_3121 5551 
CLU_1001 CLU_3128 7992 
CLU_1001 CLU_3141 9098 
CLU_1001 CLU_3143 8016 
CLU_1001 CLU_3160 8322 
CLU_1001 CLU_3166 7500 
CLU_1001 CLU_3176 7530 
CLU_1001 CLU_3200 5138 
CLU_1001 CLU_3214 3427 
CLU_1001 CLU_7923 7910 
CLU_1126 3118602190990 3823 
CLU_1126 3118602191229 3534 
CLU_1126 3118602190591 4247 
CLU_1126 3118602190567 5976 
CLU_1126 3118602190532 6869 
CLU_1126 3118602190494 7250 
CLU_1126 3118602190869 7004 
CLU_1126 3118602190605 7854 
CLU_1126 3118602190109 7308 
CLU_1126 3118607116306 9406 
CLU_1126 3118602190931 9105 
CLU_1126 3118602190923 10495 
CLU_1126 3118602190893 11453 
CLU_1126 3118602190486 9699 
CLU_1126 3118602190915 11891 
CLU_1126 3118602190222 10648 
CLU_1126 3118604696077 7524 
CLU_1126 3118602191024 7650 
CLU_1126 3118602190478 7973 
CLU_1126 3118602190389 8572 
CLU_1126 3118607110316 10138 
CLU_1126 3118602220261 7034 
CLU_1126 3118602190397 8774 
CLU_1126 3118602190176 7636 
CLU_1126 3118602191059 6461 
CLU_1126 3118602191040 6263 
CLU_1126 3118602190451 9982 
CLU_1126 3118602190206 10465 
CLU_1126 3118602190524 11554 
CLU_1126 3118602190400 9830 
CLU_1126 3118602190966 11705 
CLU_1126 3118602190877 10465 
CLU_1126 3118602190826 16310 
CLU_1126 3118602190729 19155 
CLU_1126 3118602190656 19155 
CLU_1126 3118602190834 18889 
CLU_1126 3118602190710 18942 
CLU_1126 3118602190796 19171 
CLU_1126 3118602190648 19475 
CLU_1126 3118602190818 15851 
CLU_1126 3118602190885 10772 
CLU_1126 3118607053355 11705 
CLU_1126 3118602190192 3056 
CLU_1126 3118602190214 2936 
CLU_1126 3118602190680 4228 
CLU_1126 3118602190753 5329 
CLU_1126 3118602190141 5469 
CLU_1126 3118602220245 2754 
CLU_1126 3118602190788 3823 
CLU_1126 CLU_2943 4536 
CLU_1126 CLU_2961 6724 
CLU_1126 CLU_2970 7711 
CLU_1126 CLU_2971 7680 
CLU_1126 CLU_3051 7650 
CLU_1126 CLU_3055 8547 
CLU_1126 CLU_3060 8993 
CLU_1126 CLU_3084 10881 
CLU_1126 CLU_3086 17809 
CLU_1126 CLU_3087 18475 
CLU_1126 CLU_3098 18155 
CLU_1126 CLU_3108 14514 
CLU_1126 CLU_3114 14849 
CLU_1126 CLU_3121 833 
CLU_1126 CLU_3128 2382 
CLU_1126 CLU_3141 4040 
CLU_1126 CLU_3143 3267 
CLU_1126 CLU_3160 3793 
CLU_1126 CLU_3166 4434 
CLU_1126 CLU_3176 3733 
CLU_1126 CLU_3200 2258 
CLU_1126 CLU_3214 2294 
CLU_1126 CLU_7923 12162 
CLU_1175 3118602190990 5274 
CLU_1175 3118602191229 5103 
CLU_1175 3118602190591 4235 
CLU_1175 3118602190567 2139 
CLU_1175 3118602190532 1182 
CLU_1175 3118602190494 887 
CLU_1175 3118602190869 2382 
CLU_1175 3118602190605 3060 
CLU_1175 3118602190109 3847 
CLU_1175 3118607116306 1458 
CLU_1175 3118602190931 1175 
CLU_1175 3118602190923 2890 
CLU_1175 3118602190893 3539 
CLU_1175 3118602190486 2516 
CLU_1175 3118602190915 4051 
CLU_1175 3118602190222 2725 
CLU_1175 3118604696077 7323 
CLU_1175 3118602191024 8610 
CLU_1175 3118602190478 9150 
CLU_1175 3118602190389 9537 
CLU_1175 3118607110316 9444 
CLU_1175 3118602220261 7571 
CLU_1175 3118602190397 8961 
CLU_1175 3118602190176 6291 
CLU_1175 3118602191059 7269 
CLU_1175 3118602191040 8787 
CLU_1175 3118602190451 11447 
CLU_1175 3118602190206 11708 
CLU_1175 3118602190524 12502 
CLU_1175 3118602190400 10805 
CLU_1175 3118602190966 11909 
CLU_1175 3118602190877 11708 
CLU_1175 3118602190826 13058 
CLU_1175 3118602190729 14789 
CLU_1175 3118602190656 14789 
CLU_1175 3118602190834 14713 
CLU_1175 3118602190710 14016 
CLU_1175 3118602190796 14468 
CLU_1175 3118602190648 14899 
CLU_1175 3118602190818 12417 
CLU_1175 3118602190885 6743 
CLU_1175 3118607053355 11909 
CLU_1175 3118602190192 10897 
CLU_1175 3118602190214 10500 
CLU_1175 3118602190680 11116 
CLU_1175 3118602190753 9496 
CLU_1175 3118602190141 11739 
CLU_1175 3118602220245 8224 
CLU_1175 3118602190788 5274 
CLU_1175 CLU_2943 3659 
CLU_1175 CLU_2961 1846 
CLU_1175 CLU_2970 891 
CLU_1175 CLU_2971 429 
CLU_1175 CLU_3051 8610 
CLU_1175 CLU_3055 7167 
CLU_1175 CLU_3060 7031 
CLU_1175 CLU_3084 11526 
CLU_1175 CLU_3086 14052 
CLU_1175 CLU_3087 14475 
CLU_1175 CLU_3098 13696 
CLU_1175 CLU_3108 8612 
CLU_1175 CLU_3114 12698 
CLU_1175 CLU_3121 7918 
CLU_1175 CLU_3128 10331 
CLU_1175 CLU_3141 11456 
CLU_1175 CLU_3143 10363 
CLU_1175 CLU_3160 10650 
CLU_1175 CLU_3166 9690 
CLU_1175 CLU_3176 9809 
CLU_1175 CLU_3200 7463 
CLU_1175 CLU_3214 5795 
CLU_1175 CLU_7923 7157 
CLU_1177 3118602190990 7868 
CLU_1177 3118602191229 7710 
CLU_1177 3118602190591 6841 
CLU_1177 3118602190567 4746 
CLU_1177 3118602190532 3787 
CLU_1177 3118602190494 3224 
CLU_1177 3118602190869 4667 
CLU_1177 3118602190605 4910 
CLU_1177 3118602190109 5888 
CLU_1177 3118607116306 1341 
CLU_1177 3118602190931 1672 
CLU_1177 3118602190923 2328 
CLU_1177 3118602190893 1688 
CLU_1177 3118602190486 2906 
CLU_1177 3118602190915 2360 
CLU_1177 3118602190222 1224 
CLU_1177 3118604696077 9426 
CLU_1177 3118602191024 10787 
CLU_1177 3118602190478 11317 
CLU_1177 3118602190389 11633 
CLU_1177 3118607110316 11184 
CLU_1177 3118602220261 9783 
CLU_1177 3118602190397 10955 
CLU_1177 3118602190176 8300 
CLU_1177 3118602191059 9562 
CLU_1177 3118602191040 11179 
CLU_1177 3118602190451 13504 
CLU_1177 3118602190206 13706 
CLU_1177 3118602190524 14394 
CLU_1177 3118602190400 12808 
CLU_1177 3118602190966 13669 
CLU_1177 3118602190877 13706 
CLU_1177 3118602190826 13664 
CLU_1177 3118602190729 14823 
CLU_1177 3118602190656 14823 
CLU_1177 3118602190834 14837 
CLU_1177 3118602190710 13826 
CLU_1177 3118602190796 14363 
CLU_1177 3118602190648 14832 
CLU_1177 3118602190818 12996 
CLU_1177 3118602190885 7757 
CLU_1177 3118607053355 13669 
CLU_1177 3118602190192 13460 
CLU_1177 3118602190214 13090 
CLU_1177 3118602190680 13725 
CLU_1177 3118602190753 12013 
CLU_1177 3118602190141 14333 
CLU_1177 3118602220245 10831 
CLU_1177 3118602190788 7868 
CLU_1177 CLU_2943 6267 
CLU_1177 CLU_2961 4341 
CLU_1177 CLU_2970 3210 
CLU_1177 CLU_2971 2978 
CLU_1177 CLU_3051 10787 
CLU_1177 CLU_3055 9018 
CLU_1177 CLU_3060 8742 
CLU_1177 CLU_3084 13412 
CLU_1177 CLU_3086 14392 
CLU_1177 CLU_3087 14689 
CLU_1177 CLU_3098 13748 
CLU_1177 CLU_3108 8306 
CLU_1177 CLU_3114 13731 
CLU_1177 CLU_3121 10491 
CLU_1177 CLU_3128 12845 
CLU_1177 CLU_3141 14057 
CLU_1177 CLU_3143 12969 
CLU_1177 CLU_3160 13259 
CLU_1177 CLU_3166 12268 
CLU_1177 CLU_3176 12412 
CLU_1177 CLU_3200 10071 
CLU_1177 CLU_3214 8375 
CLU_1177 CLU_7923 7609 
CLU_1178 3118602190990 9472 
CLU_1178 3118602191229 9381 
CLU_1178 3118602190591 8505 
CLU_1178 3118602190567 6456 
CLU_1178 3118602190532 5510 
CLU_1178 3118602190494 5121 
CLU_1178 3118602190869 6027 
CLU_1178 3118602190605 5942 
CLU_1178 3118602190109 6959 
CLU_1178 3118607116306 2937 
CLU_1178 3118602190931 3253 
CLU_1178 3118602190923 2583 
CLU_1178 3118602190893 1155 
CLU_1178 3118602190486 3535 
CLU_1178 3118602190915 1360 
CLU_1178 3118602190222 1790 
CLU_1178 3118604696077 10370 
CLU_1178 3118602191024 11768 
CLU_1178 3118602190478 12275 
CLU_1178 3118602190389 12512 
CLU_1178 3118607110316 11741 
CLU_1178 3118602220261 10825 
CLU_1178 3118602190397 11750 
CLU_1178 3118602190176 9200 
CLU_1178 3118602191059 10694 
CLU_1178 3118602191040 12397 
CLU_1178 3118602190451 14307 
CLU_1178 3118602190206 14447 
CLU_1178 3118602190524 15019 
CLU_1178 3118602190400 13570 
CLU_1178 3118602190966 14183 
CLU_1178 3118602190877 14447 
CLU_1178 3118602190826 13224 
CLU_1178 3118602190729 13936 
CLU_1178 3118602190656 13936 
CLU_1178 3118602190834 14013 
CLU_1178 3118602190710 12801 
CLU_1178 3118602190796 13386 
CLU_1178 3118602190648 13873 
CLU_1178 3118602190818 12551 
CLU_1178 3118602190885 7887 
CLU_1178 3118607053355 14183 
CLU_1178 3118602190192 15279 
CLU_1178 3118602190214 14861 
CLU_1178 3118602190680 15386 
CLU_1178 3118602190753 13402 
CLU_1178 3118602190141 15891 
CLU_1178 3118602220245 12470 
CLU_1178 3118602190788 9472 
CLU_1178 CLU_2943 7985 
CLU_1178 CLU_2961 5895 
CLU_1178 CLU_2970 4769 
CLU_1178 CLU_2971 4683 
CLU_1178 CLU_3051 11768 
CLU_1178 CLU_3055 9749 
CLU_1178 CLU_3060 9367 
CLU_1178 CLU_3084 14047 
CLU_1178 CLU_3086 13735 
CLU_1178 CLU_3087 13932 
CLU_1178 CLU_3098 12894 
CLU_1178 CLU_3108 7393 
CLU_1178 CLU_3114 13622 
CLU_1178 CLU_3121 12296 
CLU_1178 CLU_3128 14717 
CLU_1178 CLU_3141 15790 
CLU_1178 CLU_3143 14678 
CLU_1178 CLU_3160 14929 
CLU_1178 CLU_3166 13783 
CLU_1178 CLU_3176 14019 
CLU_1178 CLU_3200 11756 
CLU_1178 CLU_3214 10172 
CLU_1178 CLU_7923 7319 
CLU_1205 3118602190990 7287 
CLU_1205 3118602191229 7128 
CLU_1205 3118602190591 6258 
CLU_1205 3118602190567 4164 
CLU_1205 3118602190532 3205 
CLU_1205 3118602190494 2663 
CLU_1205 3118602190869 4118 
CLU_1205 3118602190605 4422 
CLU_1205 3118602190109 5382 
CLU_1205 3118607116306 823 
CLU_1205 3118602190931 1132 
CLU_1205 3118602190923 2197 
CLU_1205 3118602190893 1944 
CLU_1205 3118602190486 2592 
CLU_1205 3118602190915 2596 
CLU_1205 3118602190222 1266 
CLU_1205 3118604696077 8925 
CLU_1205 3118602191024 10276 
CLU_1205 3118602190478 10808 
CLU_1205 3118602190389 11138 
CLU_1205 3118607110316 10754 
CLU_1205 3118602220261 9264 
CLU_1205 3118602190397 10477 
CLU_1205 3118602190176 7811 
CLU_1205 3118602191059 9028 
CLU_1205 3118602191040 10631 
CLU_1205 3118602190451 13019 
CLU_1205 3118602190206 13232 
CLU_1205 3118602190524 13941 
CLU_1205 3118602190400 12332 
CLU_1205 3118602190966 13241 
CLU_1205 3118602190877 13232 
CLU_1205 3118602190826 13473 
CLU_1205 3118602190729 14760 
CLU_1205 3118602190656 14760 
CLU_1205 3118602190834 14754 
CLU_1205 3118602190710 13810 
CLU_1205 3118602190796 14330 
CLU_1205 3118602190648 14791 
CLU_1205 3118602190818 12808 
CLU_1205 3118602190885 7450 
CLU_1205 3118607053355 13241 
CLU_1205 3118602190192 12890 
CLU_1205 3118602190214 12514 
CLU_1205 3118602190680 13143 
CLU_1205 3118602190753 11444 
CLU_1205 3118602190141 13752 
CLU_1205 3118602220245 10248 
CLU_1205 3118602190788 7287 
CLU_1205 CLU_2943 5685 
CLU_1205 CLU_2961 3768 
CLU_1205 CLU_2970 2642 
CLU_1205 CLU_2971 2397 
CLU_1205 CLU_3051 10276 
CLU_1205 CLU_3055 8560 
CLU_1205 CLU_3060 8309 
CLU_1205 CLU_3084 12959 
CLU_1205 CLU_3086 14260 
CLU_1205 CLU_3087 14585 
CLU_1205 CLU_3098 13677 
CLU_1205 CLU_3108 8289 
CLU_1205 CLU_3114 13449 
CLU_1205 CLU_3121 9918 
CLU_1205 CLU_3128 12284 
CLU_1205 CLU_3141 13478 
CLU_1205 CLU_3143 12389 
CLU_1205 CLU_3160 12677 
CLU_1205 CLU_3166 11689 
CLU_1205 CLU_3176 11830 
CLU_1205 CLU_3200 9489 
CLU_1205 CLU_3214 7799 
CLU_1205 CLU_7923 7416 
CLU_1233 3118602190990 5919 
CLU_1233 3118602191229 5766 
CLU_1233 3118602190591 4894 
CLU_1233 3118602190567 2804 
CLU_1233 3118602190532 1845 
CLU_1233 3118602190494 1488 
CLU_1233 3118602190869 2827 
CLU_1233 3118602190605 3312 
CLU_1233 3118602190109 4198 
CLU_1233 3118607116306 778 
CLU_1233 3118602190931 536 
CLU_1233 3118602190923 2365 
CLU_1233 3118602190893 2872 
CLU_1233 3118602190486 2193 
CLU_1233 3118602190915 3409 
CLU_1233 3118602190222 2058 
CLU_1233 3118604696077 7727 
CLU_1233 3118602191024 9049 
CLU_1233 3118602190478 9586 
CLU_1233 3118602190389 9946 
CLU_1233 3118607110316 9722 
CLU_1233 3118602220261 8021 
CLU_1233 3118602190397 9329 
CLU_1233 3118602190176 6652 
CLU_1233 3118602191059 7752 
CLU_1233 3118602191040 9318 
CLU_1233 3118602190451 11845 
CLU_1233 3118602190206 12085 
CLU_1233 3118602190524 12842 
CLU_1233 3118602190400 11182 
CLU_1233 3118602190966 12203 
CLU_1233 3118602190877 12085 
CLU_1233 3118602190826 13001 
CLU_1233 3118602190729 14585 
CLU_1233 3118602190656 14585 
CLU_1233 3118602190834 14532 
CLU_1233 3118602190710 13754 
CLU_1233 3118602190796 14229 
CLU_1233 3118602190648 14670 
CLU_1233 3118602190818 12350 
CLU_1233 3118602190885 6764 
CLU_1233 3118607053355 12203 
CLU_1233 3118602190192 11584 
CLU_1233 3118602190214 11184 
CLU_1233 3118602190680 11783 
CLU_1233 3118602190753 10090 
CLU_1233 3118602190141 12384 
CLU_1233 3118602220245 8885 
CLU_1233 3118602190788 5919 
CLU_1233 CLU_2943 4332 
CLU_1233 CLU_2961 2411 
CLU_1233 CLU_2970 1309 
CLU_1233 CLU_2971 1029 
CLU_1233 CLU_3051 9049 
CLU_1233 CLU_3055 7474 
CLU_1233 CLU_3060 7286 
CLU_1233 CLU_3084 11862 
CLU_1233 CLU_3086 13926 
CLU_1233 CLU_3087 14317 
CLU_1233 CLU_3098 13493 
CLU_1233 CLU_3108 8293 
CLU_1233 CLU_3114 12762 
CLU_1233 CLU_3121 8604 
CLU_1233 CLU_3128 11018 
CLU_1233 CLU_3141 12135 
CLU_1233 CLU_3143 11039 
CLU_1233 CLU_3160 11319 
CLU_1233 CLU_3166 10322 
CLU_1233 CLU_3176 10463 
CLU_1233 CLU_3200 8132 
CLU_1233 CLU_3214 6481 
CLU_1233 CLU_7923 7018 
CLU_1273 3118602190990 7022 
CLU_1273 3118602191229 7007 
CLU_1273 3118602190591 7875 
CLU_1273 3118602190567 9894 
CLU_1273 3118602190532 10844 
CLU_1273 3118602190494 11392 
CLU_1273 3118602190869 10578 
CLU_1273 3118602190605 11183 
CLU_1273 3118602190109 10389 
CLU_1273 3118607116306 13420 
CLU_1273 3118602190931 13098 
CLU_1273 3118602190923 14260 
CLU_1273 3118602190893 15376 
CLU_1273 3118602190486 13369 
CLU_1273 3118602190915 15734 
CLU_1273 3118602190222 14597 
CLU_1273 3118604696077 9095 
CLU_1273 3118602191024 8512 
CLU_1273 3118602190478 8569 
CLU_1273 3118602190389 9074 
CLU_1273 3118607110316 11109 
CLU_1273 3118602220261 8422 
CLU_1273 3118602190397 9662 
CLU_1273 3118602190176 9729 
CLU_1273 3118602191059 7987 
CLU_1273 3118602191040 6797 
CLU_1273 3118602190451 9740 
CLU_1273 3118602190206 10239 
CLU_1273 3118602190524 11265 
CLU_1273 3118602190400 9933 
CLU_1273 3118602190966 11824 
CLU_1273 3118602190877 10239 
CLU_1273 3118602190826 17623 
CLU_1273 3118602190729 20822 
CLU_1273 3118602190656 20822 
CLU_1273 3118602190834 20473 
CLU_1273 3118602190710 20912 
CLU_1273 3118602190796 21012 
CLU_1273 3118602190648 21232 
CLU_1273 3118602190818 17298 
CLU_1273 3118602190885 13161 
CLU_1273 3118607053355 11824 
CLU_1273 3118602190192 1438 
CLU_1273 3118602190214 1498 
CLU_1273 3118602190680 1747 
CLU_1273 3118602190753 5169 
CLU_1273 3118602190141 2883 
CLU_1273 3118602220245 4139 
CLU_1273 3118602190788 7022 
CLU_1273 CLU_2943 8365 
CLU_1273 CLU_2961 10506 
CLU_1273 CLU_2970 11599 
CLU_1273 CLU_2971 11671 
CLU_1273 CLU_3051 8512 
CLU_1273 CLU_3055 10326 
CLU_1273 CLU_3060 10907 
CLU_1273 CLU_3084 10919 
CLU_1273 CLU_3086 19253 
CLU_1273 CLU_3087 19996 
CLU_1273 CLU_3098 19934 
CLU_1273 CLU_3108 17256 
CLU_1273 CLU_3114 15754 
CLU_1273 CLU_3121 4124 
CLU_1273 CLU_3128 2575 
CLU_1273 CLU_3141 732 
CLU_1273 CLU_3143 1832 
CLU_1273 CLU_3160 1926 
CLU_1273 CLU_3166 3965 
CLU_1273 CLU_3176 3079 
CLU_1273 CLU_3200 4669 
CLU_1273 CLU_3214 6216 
CLU_1273 CLU_7923 14744 
CLU_1296 3118602190990 5587 
CLU_1296 3118602191229 5328 
CLU_1296 3118602190591 6055 
CLU_1296 3118602190567 7752 
CLU_1296 3118602190532 8625 
CLU_1296 3118602190494 8939 
CLU_1296 3118602190869 8811 
CLU_1296 3118602190605 9660 
CLU_1296 3118602190109 9096 
CLU_1296 3118607116306 11135 
CLU_1296 3118602190931 10842 
CLU_1296 3118602190923 12277 
CLU_1296 3118602190893 13199 
CLU_1296 3118602190486 11495 
CLU_1296 3118602190915 13655 
CLU_1296 3118602190222 12390 
CLU_1296 3118604696077 9031 
CLU_1296 3118602191024 8966 
CLU_1296 3118602190478 9220 
CLU_1296 3118602190389 9807 
CLU_1296 3118607110316 11539 
CLU_1296 3118602220261 8480 
CLU_1296 3118602190397 10126 
CLU_1296 3118602190176 9268 
CLU_1296 3118602191059 7927 
CLU_1296 3118602191040 7425 
CLU_1296 3118602190451 11018 
CLU_1296 3118602190206 11516 
CLU_1296 3118602190524 12604 
CLU_1296 3118602190400 10973 
CLU_1296 3118602190966 12886 
CLU_1296 3118602190877 11516 
CLU_1296 3118602190826 17854 
CLU_1296 3118602190729 20785 
CLU_1296 3118602190656 20785 
CLU_1296 3118602190834 20501 
CLU_1296 3118602190710 20627 
CLU_1296 3118602190796 20834 
CLU_1296 3118602190648 21123 
CLU_1296 3118602190818 17422 
CLU_1296 3118602190885 12492 
CLU_1296 3118607053355 12886 
CLU_1296 3118602190192 1954 
CLU_1296 3118602190214 2371 
CLU_1296 3118602190680 3991 
CLU_1296 3118602190753 6191 
CLU_1296 3118602190141 5400 
CLU_1296 3118602220245 3847 
CLU_1296 3118602190788 5587 
CLU_1296 CLU_2943 6336 
CLU_1296 CLU_2961 8517 
CLU_1296 CLU_2970 9482 
CLU_1296 CLU_2971 9427 
CLU_1296 CLU_3051 8966 
CLU_1296 CLU_3055 10124 
CLU_1296 CLU_3060 10607 
CLU_1296 CLU_3084 12024 
CLU_1296 CLU_3086 19388 
CLU_1296 CLU_3087 20073 
CLU_1296 CLU_3098 19803 
CLU_1296 CLU_3108 16294 
CLU_1296 CLU_3114 16285 
CLU_1296 CLU_3121 2283 
CLU_1296 CLU_3128 844 
CLU_1296 CLU_3141 3367 
CLU_1296 CLU_3143 3117 
CLU_1296 CLU_3160 3687 
CLU_1296 CLU_3166 5076 
CLU_1296 CLU_3176 4161 
CLU_1296 CLU_3200 3687 
CLU_1296 CLU_3214 4102 
CLU_1296 CLU_7923 13916 
CLU_1307 3118602190990 6500 
CLU_1307 3118602191229 6475 
CLU_1307 3118602190591 7341 
CLU_1307 3118602190567 9355 
CLU_1307 3118602190532 10304 
CLU_1307 3118602190494 10849 
CLU_1307 3118602190869 10053 
CLU_1307 3118602190605 10671 
CLU_1307 3118602190109 9889 
CLU_1307 3118607116306 12880 
CLU_1307 3118602190931 12559 
CLU_1307 3118602190923 13730 
CLU_1307 3118602190893 14839 
CLU_1307 3118602190486 12843 
CLU_1307 3118602190915 15201 
CLU_1307 3118602190222 14059 
CLU_1307 3118604696077 8698 
CLU_1307 3118602191024 8176 
CLU_1307 3118602190478 8261 
CLU_1307 3118602190389 8782 
CLU_1307 3118607110316 10787 
CLU_1307 3118602220261 8034 
CLU_1307 3118602190397 9335 
CLU_1307 3118602190176 9294 
CLU_1307 3118602191059 7583 
CLU_1307 3118602191040 6466 
CLU_1307 3118602190451 9541 
CLU_1307 3118602190206 10042 
CLU_1307 3118602190524 11085 
CLU_1307 3118602190400 9695 
CLU_1307 3118602190966 11599 
CLU_1307 3118602190877 10042 
CLU_1307 3118602190826 17295 
CLU_1307 3118602190729 20466 
CLU_1307 3118602190656 20466 
CLU_1307 3118602190834 20125 
CLU_1307 3118602190710 20527 
CLU_1307 3118602190796 20640 
CLU_1307 3118602190648 20868 
CLU_1307 3118602190818 16956 
CLU_1307 3118602190885 12721 
CLU_1307 3118607053355 11599 
CLU_1307 3118602190192 1030 
CLU_1307 3118602190214 955 
CLU_1307 3118602190680 1553 
CLU_1307 3118602190753 4870 
CLU_1307 3118602190141 2862 
CLU_1307 3118602220245 3651 
CLU_1307 3118602190788 6500 
CLU_1307 CLU_2943 7827 
CLU_1307 CLU_2961 9972 
CLU_1307 CLU_2970 11062 
CLU_1307 CLU_2971 11131 
CLU_1307 CLU_3051 8176 
CLU_1307 CLU_3055 9922 
CLU_1307 CLU_3060 10495 
CLU_1307 CLU_3084 10697 
CLU_1307 CLU_3086 18916 
CLU_1307 CLU_3087 19653 
CLU_1307 CLU_3098 19565 
CLU_1307 CLU_3108 16798 
CLU_1307 CLU_3114 15463 
CLU_1307 CLU_3121 3582 
CLU_1307 CLU_3128 2191 
CLU_1307 CLU_3141 525 
CLU_1307 CLU_3143 1384 
CLU_1307 CLU_3160 1604 
CLU_1307 CLU_3166 3646 
CLU_1307 CLU_3176 2712 
CLU_1307 CLU_3200 4148 
CLU_1307 CLU_3214 5673 
CLU_1307 CLU_7923 14292 
CLU_1344 3118602190990 6406 
CLU_1344 3118602191229 6395 
CLU_1344 3118602190591 7264 
CLU_1344 3118602190567 9290 
CLU_1344 3118602190532 10241 
CLU_1344 3118602190494 10801 
CLU_1344 3118602190869 9963 
CLU_1344 3118602190605 10567 
CLU_1344 3118602190109 9775 
CLU_1344 3118607116306 12816 
CLU_1344 3118602190931 12494 
CLU_1344 3118602190923 13646 
CLU_1344 3118602190893 14766 
CLU_1344 3118602190486 12754 
CLU_1344 3118602190915 15122 
CLU_1344 3118602190222 13989 
CLU_1344 3118604696077 8539 
CLU_1344 3118602191024 8003 
CLU_1344 3118602190478 8083 
CLU_1344 3118602190389 8602 
CLU_1344 3118607110316 10611 
CLU_1344 3118602220261 7872 
CLU_1344 3118602190397 9161 
CLU_1344 3118602190176 9147 
CLU_1344 3118602191059 7425 
CLU_1344 3118602191040 6292 
CLU_1344 3118602190451 9353 
CLU_1344 3118602190206 9855 
CLU_1344 3118602190524 10897 
CLU_1344 3118602190400 9510 
CLU_1344 3118602190966 11413 
CLU_1344 3118602190877 9855 
CLU_1344 3118602190826 17122 
CLU_1344 3118602190729 20298 
CLU_1344 3118602190656 20298 
CLU_1344 3118602190834 19955 
CLU_1344 3118602190710 20366 
CLU_1344 3118602190796 20475 
CLU_1344 3118602190648 20701 
CLU_1344 3118602190818 16785 
CLU_1344 3118602190885 12576 
CLU_1344 3118607053355 11413 
CLU_1344 3118602190192 1152 
CLU_1344 3118602190214 924 
CLU_1344 3118602190680 1365 
CLU_1344 3118602190753 4690 
CLU_1344 3118602190141 2683 
CLU_1344 3118602220245 3528 
CLU_1344 3118602190788 6406 
CLU_1344 CLU_2943 7760 
CLU_1344 CLU_2961 9895 
CLU_1344 CLU_2970 10990 
CLU_1344 CLU_2971 11068 
CLU_1344 CLU_3051 8003 
CLU_1344 CLU_3055 9765 
CLU_1344 CLU_3060 10340 
CLU_1344 CLU_3084 10511 
CLU_1344 CLU_3086 18744 
CLU_1344 CLU_3087 19482 
CLU_1344 CLU_3098 19399 
CLU_1344 CLU_3108 16661 
CLU_1344 CLU_3114 15284 
CLU_1344 CLU_3121 3551 
CLU_1344 CLU_3128 2306 
CLU_1344 CLU_3141 350 
CLU_1344 CLU_3143 1236 
CLU_1344 CLU_3160 1423 
CLU_1344 CLU_3166 3468 
CLU_1344 CLU_3176 2542 
CLU_1344 CLU_3200 4054 
CLU_1344 CLU_3214 5625 
CLU_1344 CLU_7923 14152 
CLU_1359 3118602190990 6168 
CLU_1359 3118602191229 6253 
CLU_1359 3118602190591 7128 
CLU_1359 3118602190567 9211 
CLU_1359 3118602190532 10170 
CLU_1359 3118602190494 10824 
CLU_1359 3118602190869 9713 
CLU_1359 3118602190605 10209 
CLU_1359 3118602190109 9352 
CLU_1359 3118607116306 12728 
CLU_1359 3118602190931 12398 
CLU_1359 3118602190923 13416 
CLU_1359 3118602190893 14605 
CLU_1359 3118602190486 12492 
CLU_1359 3118602190915 14915 
CLU_1359 3118602190222 13851 
CLU_1359 3118604696077 7748 
CLU_1359 3118602191024 7082 
CLU_1359 3118602190478 7113 
CLU_1359 3118602190389 7606 
CLU_1359 3118607110316 9660 
CLU_1359 3118602220261 7062 
CLU_1359 3118602190397 8218 
CLU_1359 3118602190176 8461 
CLU_1359 3118602191059 6663 
CLU_1359 3118602191040 5368 
CLU_1359 3118602190451 8249 
CLU_1359 3118602190206 8747 
CLU_1359 3118602190524 9777 
CLU_1359 3118602190400 8443 
CLU_1359 3118602190966 10332 
CLU_1359 3118602190877 8747 
CLU_1359 3118602190826 16173 
CLU_1359 3118602190729 19399 
CLU_1359 3118602190656 19399 
CLU_1359 3118602190834 19042 
CLU_1359 3118602190710 19527 
CLU_1359 3118602190796 19609 
CLU_1359 3118602190648 19818 
CLU_1359 3118602190818 15862 
CLU_1359 3118602190885 11897 
CLU_1359 3118607053355 10332 
CLU_1359 3118602190192 2227 
CLU_1359 3118602190214 1597 
CLU_1359 3118602190680 288 
CLU_1359 3118602190753 3718 
CLU_1359 3118602190141 1521 
CLU_1359 3118602220245 3169 
CLU_1359 3118602190788 6168 
CLU_1359 CLU_2943 7687 
CLU_1359 CLU_2961 9736 
CLU_1359 CLU_2970 10860 
CLU_1359 CLU_2971 10991 
CLU_1359 CLU_3051 7082 
CLU_1359 CLU_3055 8989 
CLU_1359 CLU_3060 9583 
CLU_1359 CLU_3084 9427 
CLU_1359 CLU_3086 17811 
CLU_1359 CLU_3087 18559 
CLU_1359 CLU_3098 18526 
CLU_1359 CLU_3108 16034 
CLU_1359 CLU_3114 14280 
CLU_1359 CLU_3121 3822 
CLU_1359 CLU_3128 3309 
CLU_1359 CLU_3141 838 
CLU_1359 CLU_3143 1076 
CLU_1359 CLU_3160 699 
CLU_1359 CLU_3166 2549 
CLU_1359 CLU_3176 1779 
CLU_1359 CLU_3200 3883 
CLU_1359 CLU_3214 5715 
CLU_1359 CLU_7923 13504 
CLU_1818 3118602190990 8720 
CLU_1818 3118602191229 9228 
CLU_1818 3118602190591 9588 
CLU_1818 3118602190567 10966 
CLU_1818 3118602190532 11610 
CLU_1818 3118602190494 12640 
CLU_1818 3118602190869 10151 
CLU_1818 3118602190605 9672 
CLU_1818 3118602190109 8732 
CLU_1818 3118607116306 13272 
CLU_1818 3118602190931 12974 
CLU_1818 3118602190923 12773 
CLU_1818 3118602190893 14200 
CLU_1818 3118602190486 11863 
CLU_1818 3118602190915 14109 
CLU_1818 3118602190222 13770 
CLU_1818 3118604696077 5210 
CLU_1818 3118602191024 3992 
CLU_1818 3118602190478 3460 
CLU_1818 3118602190389 3003 
CLU_1818 3118607110316 3813 
CLU_1818 3118602220261 5037 
CLU_1818 3118602190397 3623 
CLU_1818 3118602190176 6285 
CLU_1818 3118602191059 5469 
CLU_1818 3118602191040 4676 
CLU_1818 3118602190451 1088 
CLU_1818 3118602190206 918 
CLU_1818 3118602190524 1189 
CLU_1818 3118602190400 1778 
CLU_1818 3118602190966 2223 
CLU_1818 3118602190877 918 
CLU_1818 3118602190826 8774 
CLU_1818 3118602190729 12205 
CLU_1818 3118602190656 12205 
CLU_1818 3118602190834 11751 
CLU_1818 3118602190710 12835 
CLU_1818 3118602190796 12682 
CLU_1818 3118602190648 12731 
CLU_1818 3118602190818 8730 
CLU_1818 3118602190885 8007 
CLU_1818 3118607053355 2223 
CLU_1818 3118602190192 10723 
CLU_1818 3118602190214 9869 
CLU_1818 3118602190680 8534 
CLU_1818 3118602190753 5581 
CLU_1818 3118602190141 7411 
CLU_1818 3118602220245 8090 
CLU_1818 3118602190788 8720 
CLU_1818 CLU_2943 10181 
CLU_1818 CLU_2961 10768 
CLU_1818 CLU_2970 11665 
CLU_1818 CLU_2971 12110 
CLU_1818 CLU_3051 3992 
CLU_1818 CLU_3055 5601 
CLU_1818 CLU_3060 5996 
CLU_1818 CLU_3084 1613 
CLU_1818 CLU_3086 10423 
CLU_1818 CLU_3087 11215 
CLU_1818 CLU_3098 11607 
CLU_1818 CLU_3108 11606 
CLU_1818 CLU_3114 6524 
CLU_1818 CLU_3121 10003 
CLU_1818 CLU_3128 11488 
CLU_1818 CLU_3141 9587 
CLU_1818 CLU_3143 8986 
CLU_1818 CLU_3160 8541 
CLU_1818 CLU_3166 6717 
CLU_1818 CLU_3176 7682 
CLU_1818 CLU_3200 8647 
CLU_1818 CLU_3214 10089 
CLU_1818 CLU_7923 9418 
CLU_1821 3118602190990 8767 
CLU_1821 3118602191229 9282 
CLU_1821 3118602190591 9580 
CLU_1821 3118602190567 10845 
CLU_1821 3118602190532 11442 
CLU_1821 3118602190494 12476 
CLU_1821 3118602190869 9945 
CLU_1821 3118602190605 9398 
CLU_1821 3118602190109 8489 
CLU_1821 3118607116306 12993 
CLU_1821 3118602190931 12703 
CLU_1821 3118602190923 12410 
CLU_1821 3118602190893 13830 
CLU_1821 3118602190486 11519 
CLU_1821 3118602190915 13711 
CLU_1821 3118602190222 13432 
CLU_1821 3118604696077 5027 
CLU_1821 3118602191024 3932 
CLU_1821 3118602190478 3429 
CLU_1821 3118602190389 2897 
CLU_1821 3118607110316 3303 
CLU_1821 3118602220261 4950 
CLU_1821 3118602190397 3361 
CLU_1821 3118602190176 6035 
CLU_1821 3118602191059 5431 
CLU_1821 3118602191040 4865 
CLU_1821 3118602190451 1123 
CLU_1821 3118602190206 669 
CLU_1821 3118602190524 525 
CLU_1821 3118602190400 1532 
CLU_1821 3118602190966 1506 
CLU_1821 3118602190877 669 
CLU_1821 3118602190826 8055 
CLU_1821 3118602190729 11487 
CLU_1821 3118602190656 11487 
CLU_1821 3118602190834 11033 
CLU_1821 3118602190710 12119 
CLU_1821 3118602190796 11964 
CLU_1821 3118602190648 12012 
CLU_1821 3118602190818 8012 
CLU_1821 3118602190885 7492 
CLU_1821 3118607053355 1506 
CLU_1821 3118602190192 11165 
CLU_1821 3118602190214 10304 
CLU_1821 3118602190680 9026 
CLU_1821 3118602190753 5940 
CLU_1821 3118602190141 7957 
CLU_1821 3118602220245 8379 
CLU_1821 3118602190788 8767 
CLU_1821 CLU_2943 10150 
CLU_1821 CLU_2961 10592 
CLU_1821 CLU_2970 11443 
CLU_1821 CLU_2971 11902 
CLU_1821 CLU_3051 3932 
CLU_1821 CLU_3055 5265 
CLU_1821 CLU_3060 5605 
CLU_1821 CLU_3084 991 
CLU_1821 CLU_3086 9706 
CLU_1821 CLU_3087 10498 
CLU_1821 CLU_3098 10889 
CLU_1821 CLU_3108 10988 
CLU_1821 CLU_3114 5808 
CLU_1821 CLU_3121 10276 
CLU_1821 CLU_3128 11884 
CLU_1821 CLU_3141 10081 
CLU_1821 CLU_3143 9425 
CLU_1821 CLU_3160 9004 
CLU_1821 CLU_3166 7116 
CLU_1821 CLU_3176 8093 
CLU_1821 CLU_3200 8882 
CLU_1821 CLU_3214 10217 
CLU_1821 CLU_7923 8852 
CLU_1826 3118602190990 7959 
CLU_1826 3118602191229 8465 
CLU_1826 3118602190591 8836 
CLU_1826 3118602190567 10249 
CLU_1826 3118602190532 10913 
CLU_1826 3118602190494 11939 
CLU_1826 3118602190869 9476 
CLU_1826 3118602190605 9039 
CLU_1826 3118602190109 8081 
CLU_1826 3118607116306 12635 
CLU_1826 3118602190931 12332 
CLU_1826 3118602190923 12200 
CLU_1826 3118602190893 13629 
CLU_1826 3118602190486 11275 
CLU_1826 3118602190915 13564 
CLU_1826 3118602190222 13174 
CLU_1826 3118604696077 4542 
CLU_1826 3118602191024 3273 
CLU_1826 3118602190478 2735 
CLU_1826 3118602190389 2323 
CLU_1826 3118607110316 3466 
CLU_1826 3118602220261 4322 
CLU_1826 3118602190397 3031 
CLU_1826 3118602190176 5649 
CLU_1826 3118602191059 4734 
CLU_1826 3118602191040 3908 
CLU_1826 3118602190451 510 
CLU_1826 3118602190206 758 
CLU_1826 3118602190524 1651 
CLU_1826 3118602190400 1290 
CLU_1826 3118602190966 2431 
CLU_1826 3118602190877 758 
CLU_1826 3118602190826 8949 
CLU_1826 3118602190729 12374 
CLU_1826 3118602190656 12374 
CLU_1826 3118602190834 11935 
CLU_1826 3118602190710 12920 
CLU_1826 3118602190796 12806 
CLU_1826 3118602190648 12884 
CLU_1826 3118602190818 8848 
CLU_1826 3118602190885 7609 
CLU_1826 3118607053355 2431 
CLU_1826 3118602190192 10048 
CLU_1826 3118602190214 9189 
CLU_1826 3118602190680 7898 
CLU_1826 3118602190753 4856 
CLU_1826 3118602190141 6829 
CLU_1826 3118602220245 7341 
CLU_1826 3118602190788 7959 
CLU_1826 CLU_2943 9434 
CLU_1826 CLU_2961 10076 
CLU_1826 CLU_2970 10995 
CLU_1826 CLU_2971 11431 
CLU_1826 CLU_3051 3273 
CLU_1826 CLU_3055 5037 
CLU_1826 CLU_3060 5476 
CLU_1826 CLU_3084 1609 
CLU_1826 CLU_3086 10615 
CLU_1826 CLU_3087 11405 
CLU_1826 CLU_3098 11719 
CLU_1826 CLU_3108 11355 
CLU_1826 CLU_3114 6751 
CLU_1826 CLU_3121 9251 
CLU_1826 CLU_3128 10785 
CLU_1826 CLU_3141 8953 
CLU_1826 CLU_3143 8309 
CLU_1826 CLU_3160 7881 
CLU_1826 CLU_3166 6013 
CLU_1826 CLU_3176 6986 
CLU_1826 CLU_3200 7886 
CLU_1826 CLU_3214 9320 
CLU_1826 CLU_7923 9083 
CLU_1868 3118602190990 5177 
CLU_1868 3118602191229 5435 
CLU_1868 3118602190591 6251 
CLU_1868 3118602190567 8325 
CLU_1868 3118602190532 9264 
CLU_1868 3118602190494 10067 
CLU_1868 3118602190869 8501 
CLU_1868 3118602190605 8798 
CLU_1868 3118602190109 7854 
CLU_1868 3118607116306 11722 
CLU_1868 3118602190931 11384 
CLU_1868 3118602190923 12153 
CLU_1868 3118602190893 13441 
CLU_1868 3118602190486 11193 
CLU_1868 3118602190915 13670 
CLU_1868 3118602190222 12736 
CLU_1868 3118604696077 5730 
CLU_1868 3118602191024 4926 
CLU_1868 3118602190478 4918 
CLU_1868 3118602190389 5396 
CLU_1868 3118607110316 7469 
CLU_1868 3118602220261 5032 
CLU_1868 3118602190397 6038 
CLU_1868 3118602190176 6574 
CLU_1868 3118602191059 4710 
CLU_1868 3118602191040 3230 
CLU_1868 3118602190451 6065 
CLU_1868 3118602190206 6566 
CLU_1868 3118602190524 7615 
CLU_1868 3118602190400 6230 
CLU_1868 3118602190966 8127 
CLU_1868 3118602190877 6566 
CLU_1868 3118602190826 13976 
CLU_1868 3118602190729 17228 
CLU_1868 3118602190656 17228 
CLU_1868 3118602190834 16862 
CLU_1868 3118602190710 17401 
CLU_1868 3118602190796 17462 
CLU_1868 3118602190648 17658 
CLU_1868 3118602190818 13679 
CLU_1868 3118602190885 9972 
CLU_1868 3118607053355 8127 
CLU_1868 3118602190192 4085 
CLU_1868 3118602190214 3240 
CLU_1868 3118602190680 1958 
CLU_1868 3118602190753 1566 
CLU_1868 3118602190141 1452 
CLU_1868 3118602220245 2521 
CLU_1868 3118602190788 5177 
CLU_1868 CLU_2943 6889 
CLU_1868 CLU_2961 8684 
CLU_1868 CLU_2970 9824 
CLU_1868 CLU_2971 10047 
CLU_1868 CLU_3051 4926 
CLU_1868 CLU_3055 6973 
CLU_1868 CLU_3060 7582 
CLU_1868 CLU_3084 7223 
CLU_1868 CLU_3086 15620 
CLU_1868 CLU_3087 16374 
CLU_1868 CLU_3098 16374 
CLU_1868 CLU_3108 14148 
CLU_1868 CLU_3114 12064 
CLU_1868 CLU_3121 4154 
CLU_1868 CLU_3128 4923 
CLU_1868 CLU_3141 3005 
CLU_1868 CLU_3143 2356 
CLU_1868 CLU_3160 1901 
CLU_1868 CLU_3166 750 
CLU_1868 CLU_3176 1205 
CLU_1868 CLU_3200 3386 
CLU_1868 CLU_3214 5394 
CLU_1868 CLU_7923 11607 
CLU_1889 3118602190990 10852 
CLU_1889 3118602191229 11370 
CLU_1889 3118602190591 11449 
CLU_1889 3118602190567 12234 
CLU_1889 3118602190532 12619 
CLU_1889 3118602190494 13632 
CLU_1889 3118602190869 11029 
CLU_1889 3118602190605 10211 
CLU_1889 3118602190109 9507 
CLU_1889 3118607116306 13604 
CLU_1889 3118602190931 13365 
CLU_1889 3118602190923 12617 
CLU_1889 3118602190893 13955 
CLU_1889 3118602190486 11868 
CLU_1889 3118602190915 13681 
CLU_1889 3118602190222 13738 
CLU_1889 3118604696077 6661 
CLU_1889 3118602191024 6134 
CLU_1889 3118602190478 5796 
CLU_1889 3118602190389 5198 
CLU_1889 3118607110316 3983 
CLU_1889 3118602220261 6915 
CLU_1889 3118602190397 5083 
CLU_1889 3118602190176 7269 
CLU_1889 3118602191059 7489 
CLU_1889 3118602191040 7564 
CLU_1889 3118602190451 4202 
CLU_1889 3118602190206 3714 
CLU_1889 3118602190524 2799 
CLU_1889 3118602190400 4042 
CLU_1889 3118602190966 2120 
CLU_1889 3118602190877 3714 
CLU_1889 3118602190826 5162 
CLU_1889 3118602190729 8523 
CLU_1889 3118602190656 8523 
CLU_1889 3118602190834 8040 
CLU_1889 3118602190710 9372 
CLU_1889 3118602190796 9109 
CLU_1889 3118602190648 9080 
CLU_1889 3118602190818 5302 
CLU_1889 3118602190885 7138 
CLU_1889 3118607053355 2120 
CLU_1889 3118602190192 14227 
CLU_1889 3118602190214 13359 
CLU_1889 3118602190680 12192 
CLU_1889 3118602190753 8924 
CLU_1889 3118602190141 11204 
CLU_1889 3118602220245 11152 
CLU_1889 3118602190788 10852 
CLU_1889 CLU_2943 11914 
CLU_1889 CLU_2961 11769 
CLU_1889 CLU_2970 12384 
CLU_1889 CLU_2971 12888 
CLU_1889 CLU_3051 6134 
CLU_1889 CLU_3055 6244 
CLU_1889 CLU_3060 6258 
CLU_1889 CLU_3084 3018 
CLU_1889 CLU_3086 6719 
CLU_1889 CLU_3087 7499 
CLU_1889 CLU_3098 8088 
CLU_1889 CLU_3108 9565 
CLU_1889 CLU_3114 2889 
CLU_1889 CLU_3121 12965 
CLU_1889 CLU_3128 14845 
CLU_1889 CLU_3141 13244 
CLU_1889 CLU_3143 12497 
CLU_1889 CLU_3160 12122 
CLU_1889 CLU_3166 10146 
CLU_1889 CLU_3176 11130 
CLU_1889 CLU_3200 11509 
CLU_1889 CLU_3214 12505 
CLU_1889 CLU_7923 8005 
CLU_1894 3118602190990 13437 
CLU_1894 3118602191229 13890 
CLU_1894 3118602190591 13616 
CLU_1894 3118602190567 13537 
CLU_1894 3118602190532 13524 
CLU_1894 3118602190494 14370 
CLU_1894 3118602190869 12044 
CLU_1894 3118602190605 10968 
CLU_1894 3118602190109 10739 
CLU_1894 3118607116306 13447 
CLU_1894 3118602190931 13326 
CLU_1894 3118602190923 11932 
CLU_1894 3118602190893 12935 
CLU_1894 3118602190486 11548 
CLU_1894 3118602190915 12437 
CLU_1894 3118602190222 13052 
CLU_1894 3118604696077 9534 
CLU_1894 3118602191024 9808 
CLU_1894 3118602190478 9736 
CLU_1894 3118602190389 9254 
CLU_1894 3118607110316 7196 
CLU_1894 3118602220261 10104 
CLU_1894 3118602190397 8646 
CLU_1894 3118602190176 9440 
CLU_1894 3118602191059 10644 
CLU_1894 3118602191040 11515 
CLU_1894 3118602190451 9162 
CLU_1894 3118602190206 8767 
CLU_1894 3118602190524 8143 
CLU_1894 3118602190400 8669 
CLU_1894 3118602190966 7114 
CLU_1894 3118602190877 8767 
CLU_1894 3118602190826 718 
CLU_1894 3118602190729 2937 
CLU_1894 3118602190656 2937 
CLU_1894 3118602190834 2456 
CLU_1894 3118602190710 3929 
CLU_1894 3118602190796 3566 
CLU_1894 3118602190648 3498 
CLU_1894 3118602190818 1301 
CLU_1894 3118602190885 7051 
CLU_1894 3118607053355 7114 
CLU_1894 3118602190192 18272 
CLU_1894 3118602190214 17425 
CLU_1894 3118602190680 16574 
CLU_1894 3118602190753 13135 
CLU_1894 3118602190141 15856 
CLU_1894 3118602220245 14805 
CLU_1894 3118602190788 13437 
CLU_1894 CLU_2943 13853 
CLU_1894 CLU_2961 12805 
CLU_1894 CLU_2970 12944 
CLU_1894 CLU_2971 13446 
CLU_1894 CLU_3051 9808 
CLU_1894 CLU_3055 8483 
CLU_1894 CLU_3060 8077 
CLU_1894 CLU_3084 7922 
CLU_1894 CLU_3086 1133 
CLU_1894 CLU_3087 1916 
CLU_1894 CLU_3098 2638 
CLU_1894 CLU_3108 6598 
CLU_1894 CLU_3114 2790 
CLU_1894 CLU_3121 16327 
CLU_1894 CLU_3128 18635 
CLU_1894 CLU_3141 17577 
CLU_1894 CLU_3143 16641 
CLU_1894 CLU_3160 16390 
CLU_1894 CLU_3166 14342 
CLU_1894 CLU_3176 15273 
CLU_1894 CLU_3200 14880 
CLU_1894 CLU_3214 15216 
CLU_1894 CLU_7923 6668 
CLU_2922 3118602190990 4087 
CLU_2922 3118602191229 4441 
CLU_2922 3118602190591 5174 
CLU_2922 3118602190567 7174 
CLU_2922 3118602190532 8083 
CLU_2922 3118602190494 8953 
CLU_2922 3118602190869 7180 
CLU_2922 3118602190605 7389 
CLU_2922 3118602190109 6421 
CLU_2922 3118607116306 10460 
CLU_2922 3118602190931 10123 
CLU_2922 3118602190923 10778 
CLU_2922 3118602190893 12098 
CLU_2922 3118602190486 9809 
CLU_2922 3118602190915 12294 
CLU_2922 3118602190222 11418 
CLU_2922 3118604696077 4232 
CLU_2922 3118602191024 3537 
CLU_2922 3118602190478 3618 
CLU_2922 3118602190389 4155 
CLU_2922 3118607110316 6141 
CLU_2922 3118602220261 3536 
CLU_2922 3118602190397 4690 
CLU_2922 3118602190176 5059 
CLU_2922 3118602191059 3196 
CLU_2922 3118602191040 1823 
CLU_2922 3118602190451 5178 
CLU_2922 3118602190206 5678 
CLU_2922 3118602190524 6764 
CLU_2922 3118602190400 5183 
CLU_2922 3118602190966 7106 
CLU_2922 3118602190877 5678 
CLU_2922 3118602190826 12652 
CLU_2922 3118602190729 15850 
CLU_2922 3118602190656 15850 
CLU_2922 3118602190834 15498 
CLU_2922 3118602190710 15971 
CLU_2922 3118602190796 16053 
CLU_2922 3118602190648 16265 
CLU_2922 3118602190818 12323 
CLU_2922 3118602190885 8460 
CLU_2922 3118607053355 7106 
CLU_2922 3118602190192 5026 
CLU_2922 3118602190214 4159 
CLU_2922 3118602190680 3271 
CLU_2922 3118602190753 385 
CLU_2922 3118602190141 2963 
CLU_2922 3118602220245 2200 
CLU_2922 3118602190788 4087 
CLU_2922 CLU_2943 5833 
CLU_2922 CLU_2961 7438 
CLU_2922 CLU_2970 8569 
CLU_2922 CLU_2971 8835 
CLU_2922 CLU_3051 3537 
CLU_2922 CLU_3055 5476 
CLU_2922 CLU_3060 6082 
CLU_2922 CLU_3084 6223 
CLU_2922 CLU_3086 14278 
CLU_2922 CLU_3087 15021 
CLU_2922 CLU_3098 14971 
CLU_2922 CLU_3108 12633 
CLU_2922 CLU_3114 10826 
CLU_2922 CLU_3121 4116 
CLU_2922 CLU_3128 5629 
CLU_2922 CLU_3141 4245 
CLU_2922 CLU_3143 3327 
CLU_2922 CLU_3160 3053 
CLU_2922 CLU_3166 1010 
CLU_2922 CLU_3176 1947 
CLU_2922 CLU_3200 2906 
CLU_2922 CLU_3214 4743 
CLU_2922 CLU_7923 10093 
CLU_2923 3118602190990 4391 
CLU_2923 3118602191229 4764 
CLU_2923 3118602190591 5474 
CLU_2923 3118602190567 7447 
CLU_2923 3118602190532 8344 
CLU_2923 3118602190494 9231 
CLU_2923 3118602190869 7390 
CLU_2923 3118602190605 7549 
CLU_2923 3118602190109 6566 
CLU_2923 3118607116306 10689 
CLU_2923 3118602190931 10352 
CLU_2923 3118602190923 10953 
CLU_2923 3118602190893 12288 
CLU_2923 3118602190486 9980 
CLU_2923 3118602190915 12466 
CLU_2923 3118602190222 11621 
CLU_2923 3118604696077 4179 
CLU_2923 3118602191024 3370 
CLU_2923 3118602190478 3400 
CLU_2923 3118602190389 3912 
CLU_2923 3118607110316 5942 
CLU_2923 3118602220261 3480 
CLU_2923 3118602190397 4500 
CLU_2923 3118602190176 5073 
CLU_2923 3118602191059 3196 
CLU_2923 3118602191040 1665 
CLU_2923 3118602190451 4843 
CLU_2923 3118602190206 5345 
CLU_2923 3118602190524 6428 
CLU_2923 3118602190400 4882 
CLU_2923 3118602190966 6804 
CLU_2923 3118602190877 5345 
CLU_2923 3118602190826 12457 
CLU_2923 3118602190729 15684 
CLU_2923 3118602190656 15684 
CLU_2923 3118602190834 15324 
CLU_2923 3118602190710 15839 
CLU_2923 3118602190796 15906 
CLU_2923 3118602190648 16108 
CLU_2923 3118602190818 12144 
CLU_2923 3118602190885 8439 
CLU_2923 3118607053355 6804 
CLU_2923 3118602190192 5305 
CLU_2923 3118602190214 4437 
CLU_2923 3118602190680 3439 
CLU_2923 3118602190753 0 
CLU_2923 3118602190141 2969 
CLU_2923 3118602220245 2584 
CLU_2923 3118602190788 4391 
CLU_2923 CLU_2943 6135 
CLU_2923 CLU_2961 7678 
CLU_2923 CLU_2970 8803 
CLU_2923 CLU_2971 9084 
CLU_2923 CLU_3051 3370 
CLU_2923 CLU_3055 5418 
CLU_2923 CLU_3060 6030 
CLU_2923 CLU_3084 5914 
CLU_2923 CLU_3086 14092 
CLU_2923 CLU_3087 14841 
CLU_2923 CLU_3098 14820 
CLU_2923 CLU_3108 12620 
CLU_2923 CLU_3114 10593 
CLU_2923 CLU_3121 4498 
CLU_2923 CLU_3128 5951 
CLU_2923 CLU_3141 4445 
CLU_2923 CLU_3143 3585 
CLU_2923 CLU_3160 3267 
CLU_2923 CLU_3166 1231 
CLU_2923 CLU_3176 2209 
CLU_2923 CLU_3200 3290 
CLU_2923 CLU_3214 5111 
CLU_2923 CLU_7923 10079 
CLU_2925 3118602190990 1585 
CLU_2925 3118602191229 1887 
CLU_2925 3118602190591 2665 
CLU_2925 3118602190567 4733 
CLU_2925 3118602190532 5674 
CLU_2925 3118602190494 6479 
CLU_2925 3118602190869 5015 
CLU_2925 3118602190605 5487 
CLU_2925 3118602190109 4657 
CLU_2925 3118607116306 8157 
CLU_2925 3118602190931 7821 
CLU_2925 3118602190923 8714 
CLU_2925 3118602190893 9944 
CLU_2925 3118602190486 7779 
CLU_2925 3118602190915 10221 
CLU_2925 3118602190222 9213 
CLU_2925 3118604696077 4062 
CLU_2925 3118602191024 4239 
CLU_2925 3118602190478 4615 
CLU_2925 3118602190389 5213 
CLU_2925 3118607110316 6673 
CLU_2925 3118602220261 3566 
CLU_2925 3118602190397 5330 
CLU_2925 3118602190176 4295 
CLU_2925 3118602191059 2992 
CLU_2925 3118602191040 3086 
CLU_2925 3118602190451 6804 
CLU_2925 3118602190206 7258 
CLU_2925 3118602190524 8327 
CLU_2925 3118602190400 6537 
CLU_2925 3118602190966 8353 
CLU_2925 3118602190877 7258 
CLU_2925 3118602190826 12873 
CLU_2925 3118602190729 15796 
CLU_2925 3118602190656 15796 
CLU_2925 3118602190834 15509 
CLU_2925 3118602190710 15672 
CLU_2925 3118602190796 15860 
CLU_2925 3118602190648 16141 
CLU_2925 3118602190818 12433 
CLU_2925 3118602190885 7620 
CLU_2925 3118607053355 8353 
CLU_2925 3118602190192 5104 
CLU_2925 3118602190214 4395 
CLU_2925 3118602190680 4459 
CLU_2925 3118602190753 2893 
CLU_2925 3118602190141 4897 
CLU_2925 3118602220245 1596 
CLU_2925 3118602190788 1585 
CLU_2925 CLU_2943 3313 
CLU_2925 CLU_2961 5122 
CLU_2925 CLU_2970 6261 
CLU_2925 CLU_2971 6463 
CLU_2925 CLU_3051 4239 
CLU_2925 CLU_3055 5132 
CLU_2925 CLU_3060 5620 
CLU_2925 CLU_3084 7572 
CLU_2925 CLU_3086 14398 
CLU_2925 CLU_3087 15081 
CLU_2925 CLU_3098 14822 
CLU_2925 CLU_3108 11605 
CLU_2925 CLU_3114 11381 
CLU_2925 CLU_3121 2740 
CLU_2925 CLU_3128 5165 
CLU_2925 CLU_3141 5063 
CLU_2925 CLU_3143 3916 
CLU_2925 CLU_3160 4032 
CLU_2925 CLU_3166 2841 
CLU_2925 CLU_3176 3029 
CLU_2925 CLU_3200 1309 
CLU_2925 CLU_3214 2345 
CLU_2925 CLU_7923 9134 
CLU_2926 3118602190990 2603 
CLU_2926 3118602191229 2958 
CLU_2926 3118602190591 3691 
CLU_2926 3118602190567 5711 
CLU_2926 3118602190532 6632 
CLU_2926 3118602190494 7482 
CLU_2926 3118602190869 5818 
CLU_2926 3118602190605 6142 
CLU_2926 3118602190109 5225 
CLU_2926 3118607116306 9053 
CLU_2926 3118602190931 8716 
CLU_2926 3118602190923 9475 
CLU_2926 3118602190893 10758 
CLU_2926 3118602190486 8518 
CLU_2926 3118602190915 10991 
CLU_2926 3118602190222 10054 
CLU_2926 3118604696077 3801 
CLU_2926 3118602191024 3624 
CLU_2926 3118602190478 3909 
CLU_2926 3118602190389 4506 
CLU_2926 3118607110316 6197 
CLU_2926 3118602220261 3186 
CLU_2926 3118602190397 4781 
CLU_2926 3118602190176 4327 
CLU_2926 3118602191059 2673 
CLU_2926 3118602191040 2199 
CLU_2926 3118602190451 5939 
CLU_2926 3118602190206 6412 
CLU_2926 3118602190524 7497 
CLU_2926 3118602190400 5757 
CLU_2926 3118602190966 7632 
CLU_2926 3118602190877 6412 
CLU_2926 3118602190826 12583 
CLU_2926 3118602190729 15633 
CLU_2926 3118602190656 15633 
CLU_2926 3118602190834 15318 
CLU_2926 3118602190710 15614 
CLU_2926 3118602190796 15757 
CLU_2926 3118602190648 16009 
CLU_2926 3118602190818 12186 
CLU_2926 3118602190885 7756 
CLU_2926 3118607053355 7632 
CLU_2926 3118602190192 5046 
CLU_2926 3118602190214 4241 
CLU_2926 3118602190680 3912 
CLU_2926 3118602190753 1807 
CLU_2926 3118602190141 4080 
CLU_2926 3118602220245 1518 
CLU_2926 3118602190788 2603 
CLU_2926 CLU_2943 4349 
CLU_2926 CLU_2961 6018 
CLU_2926 CLU_2970 7156 
CLU_2926 CLU_2971 7398 
CLU_2926 CLU_3051 3624 
CLU_2926 CLU_3055 4991 
CLU_2926 CLU_3060 5546 
CLU_2926 CLU_3084 6807 
CLU_2926 CLU_3086 14156 
CLU_2926 CLU_3087 14867 
CLU_2926 CLU_3098 14696 
CLU_2926 CLU_3108 11859 
CLU_2926 CLU_3114 10946 
CLU_2926 CLU_3121 3262 
CLU_2926 CLU_3128 5349 
CLU_2926 CLU_3141 4690 
CLU_2926 CLU_3143 3584 
CLU_2926 CLU_3160 3547 
CLU_2926 CLU_3166 1946 
CLU_2926 CLU_3176 2418 
CLU_2926 CLU_3200 1825 
CLU_2926 CLU_3214 3377 
CLU_2926 CLU_7923 9340 
CLU_2927 3118602190990 2303 
CLU_2927 3118602191229 2694 
CLU_2927 3118602190591 3385 
CLU_2927 3118602190567 5376 
CLU_2927 3118602190532 6288 
CLU_2927 3118602190494 7154 
CLU_2927 3118602190869 5445 
CLU_2927 3118602190605 5758 
CLU_2927 3118602190109 4840 
CLU_2927 3118607116306 8692 
CLU_2927 3118602190931 8354 
CLU_2927 3118602190923 9096 
CLU_2927 3118602190893 10383 
CLU_2927 3118602190486 8137 
CLU_2927 3118602190915 10612 
CLU_2927 3118602190222 9683 
CLU_2927 3118604696077 3535 
CLU_2927 3118602191024 3483 
CLU_2927 3118602190478 3812 
CLU_2927 3118602190389 4412 
CLU_2927 3118607110316 6011 
CLU_2927 3118602220261 2951 
CLU_2927 3118602190397 4618 
CLU_2927 3118602190176 3995 
CLU_2927 3118602191059 2412 
CLU_2927 3118602191040 2199 
CLU_2927 3118602190451 5935 
CLU_2927 3118602190206 6397 
CLU_2927 3118602190524 7474 
CLU_2927 3118602190400 5704 
CLU_2927 3118602190966 7551 
CLU_2927 3118602190877 6397 
CLU_2927 3118602190826 12345 
CLU_2927 3118602190729 15362 
CLU_2927 3118602190656 15362 
CLU_2927 3118602190834 15054 
CLU_2927 3118602190710 15317 
CLU_2927 3118602190796 15471 
CLU_2927 3118602190648 15730 
CLU_2927 3118602190818 11936 
CLU_2927 3118602190885 7415 
CLU_2927 3118607053355 7551 
CLU_2927 3118602190192 5341 
CLU_2927 3118602190214 4553 
CLU_2927 3118602190680 4285 
CLU_2927 3118602190753 2089 
CLU_2927 3118602190141 4463 
CLU_2927 3118602220245 1769 
CLU_2927 3118602190788 2303 
CLU_2927 CLU_2943 4046 
CLU_2927 CLU_2961 5660 
CLU_2927 CLU_2970 6795 
CLU_2927 CLU_2971 7047 
CLU_2927 CLU_3051 3483 
CLU_2927 CLU_3055 4700 
CLU_2927 CLU_3060 5242 
CLU_2927 CLU_3084 6748 
CLU_2927 CLU_3086 13906 
CLU_2927 CLU_3087 14609 
CLU_2927 CLU_3098 14415 
CLU_2927 CLU_3108 11503 
CLU_2927 CLU_3114 10753 
CLU_2927 CLU_3121 3379 
CLU_2927 CLU_3128 5586 
CLU_2927 CLU_3141 5043 
CLU_2927 CLU_3143 3927 
CLU_2927 CLU_3160 3912 
CLU_2927 CLU_3166 2327 
CLU_2927 CLU_3176 2792 
CLU_2927 CLU_3200 1911 
CLU_2927 CLU_3214 3248 
CLU_2927 CLU_7923 8989 
CLU_2928 3118602190990 2210 
CLU_2928 3118602191229 2574 
CLU_2928 3118602190591 3298 
CLU_2928 3118602190567 5318 
CLU_2928 3118602190532 6240 
CLU_2928 3118602190494 7088 
CLU_2928 3118602190869 5447 
CLU_2928 3118602190605 5800 
CLU_2928 3118602190109 4901 
CLU_2928 3118607116306 8669 
CLU_2928 3118602190931 8332 
CLU_2928 3118602190923 9115 
CLU_2928 3118602190893 10389 
CLU_2928 3118602190486 8162 
CLU_2928 3118602190915 10630 
CLU_2928 3118602190222 9679 
CLU_2928 3118604696077 3726 
CLU_2928 3118602191024 3697 
CLU_2928 3118602190478 4027 
CLU_2928 3118602190389 4627 
CLU_2928 3118607110316 6221 
CLU_2928 3118602220261 3153 
CLU_2928 3118602190397 4831 
CLU_2928 3118602190176 4152 
CLU_2928 3118602191059 2607 
CLU_2928 3118602191040 2404 
CLU_2928 3118602190451 6144 
CLU_2928 3118602190206 6607 
CLU_2928 3118602190524 7685 
CLU_2928 3118602190400 5918 
CLU_2928 3118602190966 7767 
CLU_2928 3118602190877 6607 
CLU_2928 3118602190826 12543 
CLU_2928 3118602190729 15548 
CLU_2928 3118602190656 15548 
CLU_2928 3118602190834 15243 
CLU_2928 3118602190710 15491 
CLU_2928 3118602190796 15650 
CLU_2928 3118602190648 15913 
CLU_2928 3118602190818 12129 
CLU_2928 3118602190885 7560 
CLU_2928 3118607053355 7767 
CLU_2928 3118602190192 5173 
CLU_2928 3118602190214 4396 
CLU_2928 3118602190680 4192 
CLU_2928 3118602190753 2190 
CLU_2928 3118602190141 4436 
CLU_2928 3118602220245 1590 
CLU_2928 3118602190788 2210 
CLU_2928 CLU_2943 3956 
CLU_2928 CLU_2961 5633 
CLU_2928 CLU_2970 6772 
CLU_2928 CLU_2971 7009 
CLU_2928 CLU_3051 3697 
CLU_2928 CLU_3055 4880 
CLU_2928 CLU_3060 5414 
CLU_2928 CLU_3084 6962 
CLU_2928 CLU_3086 14099 
CLU_2928 CLU_3087 14800 
CLU_2928 CLU_3098 14597 
CLU_2928 CLU_3108 11632 
CLU_2928 CLU_3114 10961 
CLU_2928 CLU_3121 3165 
CLU_2928 CLU_3128 5393 
CLU_2928 CLU_3141 4920 
CLU_2928 CLU_3143 3793 
CLU_2928 CLU_3160 3805 
CLU_2928 CLU_3166 2314 
CLU_2928 CLU_3176 2706 
CLU_2928 CLU_3200 1696 
CLU_2928 CLU_3214 3063 
CLU_2928 CLU_7923 9125 
CLU_2929 3118602190990 2217 
CLU_2929 3118602191229 2542 
CLU_2929 3118602190591 3303 
CLU_2929 3118602190567 5351 
CLU_2929 3118602190532 6284 
CLU_2929 3118602190494 7110 
CLU_2929 3118602190869 5544 
CLU_2929 3118602190605 5934 
CLU_2929 3118602190109 5052 
CLU_2929 3118607116306 8738 
CLU_2929 3118602190931 8401 
CLU_2929 3118602190923 9225 
CLU_2929 3118602190893 10484 
CLU_2929 3118602190486 8277 
CLU_2929 3118602190915 10738 
CLU_2929 3118602190222 9767 
CLU_2929 3118604696077 3960 
CLU_2929 3118602191024 3922 
CLU_2929 3118602190478 4243 
CLU_2929 3118602190389 4843 
CLU_2929 3118607110316 6453 
CLU_2929 3118602220261 3387 
CLU_2929 3118602190397 5060 
CLU_2929 3118602190176 4371 
CLU_2929 3118602191059 2842 
CLU_2929 3118602191040 2592 
CLU_2929 3118602190451 6335 
CLU_2929 3118602190206 6802 
CLU_2929 3118602190524 7883 
CLU_2929 3118602190400 6124 
CLU_2929 3118602190966 7981 
CLU_2929 3118602190877 6802 
CLU_2929 3118602190826 12777 
CLU_2929 3118602190729 15780 
CLU_2929 3118602190656 15780 
CLU_2929 3118602190834 15475 
CLU_2929 3118602190710 15719 
CLU_2929 3118602190796 15880 
CLU_2929 3118602190648 16143 
CLU_2929 3118602190818 12363 
CLU_2929 3118602190885 7773 
CLU_2929 3118607053355 7981 
CLU_2929 3118602190192 4951 
CLU_2929 3118602190214 4180 
CLU_2929 3118602190680 4028 
CLU_2929 3118602190753 2240 
CLU_2929 3118602190141 4335 
CLU_2929 3118602220245 1365 
CLU_2929 3118602190788 2217 
CLU_2929 CLU_2943 3956 
CLU_2929 CLU_2961 5700 
CLU_2929 CLU_2970 6840 
CLU_2929 CLU_2971 7063 
CLU_2929 CLU_3051 3922 
CLU_2929 CLU_3055 5110 
CLU_2929 CLU_3060 5641 
CLU_2929 CLU_3084 7170 
CLU_2929 CLU_3086 14332 
CLU_2929 CLU_3087 15033 
CLU_2929 CLU_3098 14827 
CLU_2929 CLU_3108 11833 
CLU_2929 CLU_3114 11194 
CLU_2929 CLU_3121 2938 
CLU_2929 CLU_3128 5160 
CLU_2929 CLU_3141 4729 
CLU_2929 CLU_3143 3596 
CLU_2929 CLU_3160 3629 
CLU_2929 CLU_3166 2235 
CLU_2929 CLU_3176 2551 
CLU_2929 CLU_3200 1472 
CLU_2929 CLU_3214 2931 
CLU_2929 CLU_7923 9331 
CLU_2930 3118602190990 2465 
CLU_2930 3118602191229 2770 
CLU_2930 3118602190591 3548 
CLU_2930 3118602190567 5606 
CLU_2930 3118602190532 6541 
CLU_2930 3118602190494 7360 
CLU_2930 3118602190869 5810 
CLU_2930 3118602190605 6198 
CLU_2930 3118602190109 5311 
CLU_2930 3118607116306 9001 
CLU_2930 3118602190931 8664 
CLU_2930 3118602190923 9492 
CLU_2930 3118602190893 10751 
CLU_2930 3118602190486 8543 
CLU_2930 3118602190915 11005 
CLU_2930 3118602190222 10033 
CLU_2930 3118604696077 4107 
CLU_2930 3118602191024 3984 
CLU_2930 3118602190478 4276 
CLU_2930 3118602190389 4874 
CLU_2930 3118607110316 6546 
CLU_2930 3118602220261 3511 
CLU_2930 3118602190397 5136 
CLU_2930 3118602190176 4570 
CLU_2930 3118602191059 2981 
CLU_2930 3118602191040 2568 
CLU_2930 3118602190451 6306 
CLU_2930 3118602190206 6781 
CLU_2930 3118602190524 7867 
CLU_2930 3118602190400 6127 
CLU_2930 3118602190966 8002 
CLU_2930 3118602190877 6781 
CLU_2930 3118602190826 12909 
CLU_2930 3118602190729 15937 
CLU_2930 3118602190656 15937 
CLU_2930 3118602190834 15627 
CLU_2930 3118602190710 15896 
CLU_2930 3118602190796 16049 
CLU_2930 3118602190648 16307 
CLU_2930 3118602190818 12505 
CLU_2930 3118602190885 7984 
CLU_2930 3118607053355 8002 
CLU_2930 3118602190192 4762 
CLU_2930 3118602190214 3977 
CLU_2930 3118602190680 3772 
CLU_2930 3118602190753 2051 
CLU_2930 3118602190141 4069 
CLU_2930 3118602220245 1194 
CLU_2930 3118602190788 2465 
CLU_2930 CLU_2943 4198 
CLU_2930 CLU_2961 5963 
CLU_2930 CLU_2970 7103 
CLU_2930 CLU_2971 7322 
CLU_2930 CLU_3051 3984 
CLU_2930 CLU_3055 5278 
CLU_2930 CLU_3060 5821 
CLU_2930 CLU_3084 7178 
CLU_2930 CLU_3086 14475 
CLU_2930 CLU_3087 15180 
CLU_2930 CLU_3098 14992 
CLU_2930 CLU_3108 12060 
CLU_2930 CLU_3114 11293 
CLU_2930 CLU_3121 2892 
CLU_2930 CLU_3128 5019 
CLU_2930 CLU_3141 4492 
CLU_2930 CLU_3143 3366 
CLU_2930 CLU_3160 3380 
CLU_2930 CLU_3166 1974 
CLU_2930 CLU_3176 2291 
CLU_2930 CLU_3200 1455 
CLU_2930 CLU_3214 3072 
CLU_2930 CLU_7923 9552 
CLU_2931 3118602190990 2180 
CLU_2931 3118602191229 2439 
CLU_2931 3118602190591 3249 
CLU_2931 3118602190567 5329 
CLU_2931 3118602190532 6274 
CLU_2931 3118602190494 7065 
CLU_2931 3118602190869 5622 
CLU_2931 3118602190605 6074 
CLU_2931 3118602190109 5224 
CLU_2931 3118607116306 8764 
CLU_2931 3118602190931 8428 
CLU_2931 3118602190923 9319 
CLU_2931 3118602190893 10553 
CLU_2931 3118602190486 8381 
CLU_2931 3118602190915 10827 
CLU_2931 3118602190222 9822 
CLU_2931 3118604696077 4308 
CLU_2931 3118602191024 4290 
CLU_2931 3118602190478 4608 
CLU_2931 3118602190389 5208 
CLU_2931 3118607110316 6818 
CLU_2931 3118602220261 3745 
CLU_2931 3118602190397 5426 
CLU_2931 3118602190176 4677 
CLU_2931 3118602191059 3195 
CLU_2931 3118602191040 2939 
CLU_2931 3118602190451 6682 
CLU_2931 3118602190206 7152 
CLU_2931 3118602190524 8235 
CLU_2931 3118602190400 6482 
CLU_2931 3118602190966 8344 
CLU_2931 3118602190877 7152 
CLU_2931 3118602190826 13129 
CLU_2931 3118602190729 16117 
CLU_2931 3118602190656 16117 
CLU_2931 3118602190834 15816 
CLU_2931 3118602190710 16040 
CLU_2931 3118602190796 16208 
CLU_2931 3118602190648 16476 
CLU_2931 3118602190818 12710 
CLU_2931 3118602190885 8059 
CLU_2931 3118607053355 8344 
CLU_2931 3118602190192 4650 
CLU_2931 3118602190214 3901 
CLU_2931 3118602190680 3866 
CLU_2931 3118602190753 2445 
CLU_2931 3118602190141 4291 
CLU_2931 3118602220245 1071 
CLU_2931 3118602190788 2180 
CLU_2931 CLU_2943 3888 
CLU_2931 CLU_2961 5729 
CLU_2931 CLU_2970 6869 
CLU_2931 CLU_2971 7067 
CLU_2931 CLU_3051 4290 
CLU_2931 CLU_3055 5443 
CLU_2931 CLU_3060 5965 
CLU_2931 CLU_3084 7530 
CLU_2931 CLU_3086 14679 
CLU_2931 CLU_3087 15376 
CLU_2931 CLU_3098 15159 
CLU_2931 CLU_3108 12093 
CLU_2931 CLU_3114 11557 
CLU_2931 CLU_3121 2571 
CLU_2931 CLU_3128 4818 
CLU_2931 CLU_3141 4508 
CLU_2931 CLU_3143 3364 
CLU_2931 CLU_3160 3447 
CLU_2931 CLU_3166 2254 
CLU_2931 CLU_3176 2423 
CLU_2931 CLU_3200 1106 
CLU_2931 CLU_3214 2670 
CLU_2931 CLU_7923 9601 
CLU_2932 3118602190990 2847 
CLU_2932 3118602191229 3312 
CLU_2932 3118602190591 3870 
CLU_2932 3118602190567 5710 
CLU_2932 3118602190532 6572 
CLU_2932 3118602190494 7501 
CLU_2932 3118602190869 5537 
CLU_2932 3118602190605 5675 
CLU_2932 3118602190109 4696 
CLU_2932 3118607116306 8851 
CLU_2932 3118602190931 8515 
CLU_2932 3118602190923 9079 
CLU_2932 3118602190893 10418 
CLU_2932 3118602190486 8105 
CLU_2932 3118602190915 10592 
CLU_2932 3118602190222 9758 
CLU_2932 3118604696077 2775 
CLU_2932 3118602191024 2585 
CLU_2932 3118602190478 2908 
CLU_2932 3118602190389 3508 
CLU_2932 3118607110316 5140 
CLU_2932 3118602220261 2138 
CLU_2932 3118602190397 3731 
CLU_2932 3118602190176 3418 
CLU_2932 3118602191059 1652 
CLU_2932 3118602191040 1370 
CLU_2932 3118602190451 5065 
CLU_2932 3118602190206 5518 
CLU_2932 3118602190524 6589 
CLU_2932 3118602190400 4808 
CLU_2932 3118602190966 6649 
CLU_2932 3118602190877 5518 
CLU_2932 3118602190826 11528 
CLU_2932 3118602190729 14597 
CLU_2932 3118602190656 14597 
CLU_2932 3118602190834 14276 
CLU_2932 3118602190710 14605 
CLU_2932 3118602190796 14735 
CLU_2932 3118602190648 14979 
CLU_2932 3118602190818 11138 
CLU_2932 3118602190885 6853 
CLU_2932 3118607053355 6649 
CLU_2932 3118602190192 6075 
CLU_2932 3118602190214 5253 
CLU_2932 3118602190680 4755 
CLU_2932 3118602190753 1874 
CLU_2932 3118602190141 4671 
CLU_2932 3118602220245 2577 
CLU_2932 3118602190788 2847 
CLU_2932 CLU_2943 4525 
CLU_2932 CLU_2961 5866 
CLU_2932 CLU_2970 6977 
CLU_2932 CLU_2971 7282 
CLU_2932 CLU_3051 2585 
CLU_2932 CLU_3055 3990 
CLU_2932 CLU_3060 4565 
CLU_2932 CLU_3084 5849 
CLU_2932 CLU_3086 13107 
CLU_2932 CLU_3087 13821 
CLU_2932 CLU_3098 13669 
CLU_2932 CLU_3108 10999 
CLU_2932 CLU_3114 9889 
CLU_2932 CLU_3121 4276 
CLU_2932 CLU_3128 6407 
CLU_2932 CLU_3141 5615 
CLU_2932 CLU_3143 4548 
CLU_2932 CLU_3160 4438 
CLU_2932 CLU_3166 2577 
CLU_2932 CLU_3176 3280 
CLU_2932 CLU_3200 2812 
CLU_2932 CLU_3214 4059 
CLU_2932 CLU_7923 8465 
CLU_2933 3118602190990 1868 
CLU_2933 3118602191229 2373 
CLU_2933 3118602190591 2817 
CLU_2933 3118602190567 4599 
CLU_2933 3118602190532 5457 
CLU_2933 3118602190494 6389 
CLU_2933 3118602190869 4451 
CLU_2933 3118602190605 4668 
CLU_2933 3118602190109 3725 
CLU_2933 3118607116306 7752 
CLU_2933 3118602190931 7416 
CLU_2933 3118602190923 8043 
CLU_2933 3118602190893 9361 
CLU_2933 3118602190486 7076 
CLU_2933 3118602190915 9559 
CLU_2933 3118602190222 8684 
CLU_2933 3118604696077 2701 
CLU_2933 3118602191024 3062 
CLU_2933 3118602190478 3507 
CLU_2933 3118602190389 4087 
CLU_2933 3118607110316 5360 
CLU_2933 3118602220261 2257 
CLU_2933 3118602190397 4073 
CLU_2933 3118602190176 2947 
CLU_2933 3118602191059 1676 
CLU_2933 3118602191040 2352 
CLU_2933 3118602190451 5831 
CLU_2933 3118602190206 6248 
CLU_2933 3118602190524 7281 
CLU_2933 3118602190400 5458 
CLU_2933 3118602190966 7188 
CLU_2933 3118602190877 6248 
CLU_2933 3118602190826 11501 
CLU_2933 3118602190729 14426 
CLU_2933 3118602190656 14426 
CLU_2933 3118602190834 14137 
CLU_2933 3118602190710 14320 
CLU_2933 3118602190796 14499 
CLU_2933 3118602190648 14775 
CLU_2933 3118602190818 11058 
CLU_2933 3118602190885 6327 
CLU_2933 3118607053355 7188 
CLU_2933 3118602190192 6384 
CLU_2933 3118602190214 5626 
CLU_2933 3118602190680 5426 
CLU_2933 3118602190753 2939 
CLU_2933 3118602190141 5561 
CLU_2933 3118602220245 2800 
CLU_2933 3118602190788 1868 
CLU_2933 CLU_2943 3459 
CLU_2933 CLU_2961 4756 
CLU_2933 CLU_2970 5872 
CLU_2933 CLU_2971 6170 
CLU_2933 CLU_3051 3062 
CLU_2933 CLU_3055 3758 
CLU_2933 CLU_3060 4254 
CLU_2933 CLU_3084 6459 
CLU_2933 CLU_3086 13023 
CLU_2933 CLU_3087 13707 
CLU_2933 CLU_3098 13456 
CLU_2933 CLU_3108 10384 
CLU_2933 CLU_3114 10036 
CLU_2933 CLU_3121 4112 
CLU_2933 CLU_3128 6519 
CLU_2933 CLU_3141 6169 
CLU_2933 CLU_3143 5042 
CLU_2933 CLU_3160 5048 
CLU_2933 CLU_3166 3423 
CLU_2933 CLU_3176 3933 
CLU_2933 CLU_3200 2680 
CLU_2933 CLU_3214 3360 
CLU_2933 CLU_7923 7881 
CLU_2934 3118602190990 2099 
CLU_2934 3118602191229 2620 
CLU_2934 3118602190591 2907 
CLU_2934 3118602190567 4500 
CLU_2934 3118602190532 5307 
CLU_2934 3118602190494 6276 
CLU_2934 3118602190869 4176 
CLU_2934 3118602190605 4283 
CLU_2934 3118602190109 3308 
CLU_2934 3118607116306 7500 
CLU_2934 3118602190931 7166 
CLU_2934 3118602190923 7687 
CLU_2934 3118602190893 9031 
CLU_2934 3118602190486 6713 
CLU_2934 3118602190915 9200 
CLU_2934 3118602190222 8379 
CLU_2934 3118604696077 2222 
CLU_2934 3118602191024 2773 
CLU_2934 3118602190478 3260 
CLU_2934 3118602190389 3813 
CLU_2934 3118607110316 4923 
CLU_2934 3118602220261 1862 
CLU_2934 3118602190397 3697 
CLU_2934 3118602190176 2396 
CLU_2934 3118602191059 1298 
CLU_2934 3118602191040 2394 
CLU_2934 3118602190451 5630 
CLU_2934 3118602190206 6022 
CLU_2934 3118602190524 7026 
CLU_2934 3118602190400 5197 
CLU_2934 3118602190966 6858 
CLU_2934 3118602190877 6022 
CLU_2934 3118602190826 10984 
CLU_2934 3118602190729 13887 
CLU_2934 3118602190656 13887 
CLU_2934 3118602190834 13601 
CLU_2934 3118602190710 13771 
CLU_2934 3118602190796 13953 
CLU_2934 3118602190648 14232 
CLU_2934 3118602190818 10533 
CLU_2934 3118602190885 5778 
CLU_2934 3118607053355 6858 
CLU_2934 3118602190192 6935 
CLU_2934 3118602190214 6175 
CLU_2934 3118602190680 5937 
CLU_2934 3118602190753 3266 
CLU_2934 3118602190141 6006 
CLU_2934 3118602220245 3351 
CLU_2934 3118602190788 2099 
CLU_2934 CLU_2943 3512 
CLU_2934 CLU_2961 4558 
CLU_2934 CLU_2970 5644 
CLU_2934 CLU_2971 5978 
CLU_2934 CLU_3051 2773 
CLU_2934 CLU_3055 3227 
CLU_2934 CLU_3060 3711 
CLU_2934 CLU_3084 6167 
CLU_2934 CLU_3086 12496 
CLU_2934 CLU_3087 13175 
CLU_2934 CLU_3098 12913 
CLU_2934 CLU_3108 9846 
CLU_2934 CLU_3114 9559 
CLU_2934 CLU_3121 4636 
CLU_2934 CLU_3128 7066 
CLU_2934 CLU_3141 6701 
CLU_2934 CLU_3143 5580 
CLU_2934 CLU_3160 5570 
CLU_2934 CLU_3166 3876 
CLU_2934 CLU_3176 4442 
CLU_2934 CLU_3200 3219 
CLU_2934 CLU_3214 3735 
CLU_2934 CLU_7923 7337 
CLU_2935 3118602190990 1693 
CLU_2935 3118602191229 2195 
CLU_2935 3118602190591 2657 
CLU_2935 3118602190567 4473 
CLU_2935 3118602190532 5343 
CLU_2935 3118602190494 6264 
CLU_2935 3118602190869 4376 
CLU_2935 3118602190605 4634 
CLU_2935 3118602190109 3709 
CLU_2935 3118607116306 7664 
CLU_2935 3118602190931 7327 
CLU_2935 3118602190923 7992 
CLU_2935 3118602190893 9299 
CLU_2935 3118602190486 7029 
CLU_2935 3118602190915 9509 
CLU_2935 3118602190222 8614 
CLU_2935 3118604696077 2857 
CLU_2935 3118602191024 3243 
CLU_2935 3118602190478 3689 
CLU_2935 3118602190389 4268 
CLU_2935 3118607110316 5528 
CLU_2935 3118602220261 2429 
CLU_2935 3118602190397 4249 
CLU_2935 3118602190176 3054 
CLU_2935 3118602191059 1849 
CLU_2935 3118602191040 2512 
CLU_2935 3118602190451 6011 
CLU_2935 3118602190206 6428 
CLU_2935 3118602190524 7463 
CLU_2935 3118602190400 5639 
CLU_2935 3118602190966 7368 
CLU_2935 3118602190877 6428 
CLU_2935 3118602190826 11643 
CLU_2935 3118602190729 14552 
CLU_2935 3118602190656 14552 
CLU_2935 3118602190834 14266 
CLU_2935 3118602190710 14431 
CLU_2935 3118602190796 14616 
CLU_2935 3118602190648 14896 
CLU_2935 3118602190818 11195 
CLU_2935 3118602190885 6410 
CLU_2935 3118607053355 7368 
CLU_2935 3118602190192 6297 
CLU_2935 3118602190214 5552 
CLU_2935 3118602190680 5403 
CLU_2935 3118602190753 3024 
CLU_2935 3118602190141 5585 
CLU_2935 3118602220245 2722 
CLU_2935 3118602190788 1693 
CLU_2935 CLU_2943 3304 
CLU_2935 CLU_2961 4656 
CLU_2935 CLU_2970 5778 
CLU_2935 CLU_2971 6066 
CLU_2935 CLU_3051 3243 
CLU_2935 CLU_3055 3891 
CLU_2935 CLU_3060 4375 
CLU_2935 CLU_3084 6640 
CLU_2935 CLU_3086 13159 
CLU_2935 CLU_3087 13839 
CLU_2935 CLU_3098 13577 
CLU_2935 CLU_3108 10445 
CLU_2935 CLU_3114 10194 
CLU_2935 CLU_3121 3973 
CLU_2935 CLU_3128 6406 
CLU_2935 CLU_3141 6122 
CLU_2935 CLU_3143 4989 
CLU_2935 CLU_3160 5016 
CLU_2935 CLU_3166 3446 
CLU_2935 CLU_3176 3914 
CLU_2935 CLU_3200 2555 
CLU_2935 CLU_3214 3180 
CLU_2935 CLU_7923 7950 
CLU_2936 3118602190990 1477 
CLU_2936 3118602191229 1969 
CLU_2936 3118602190591 2475 
CLU_2936 3118602190567 4349 
CLU_2936 3118602190532 5236 
CLU_2936 3118602190494 6138 
CLU_2936 3118602190869 4333 
CLU_2936 3118602190605 4650 
CLU_2936 3118602190109 3752 
CLU_2936 3118607116306 7597 
CLU_2936 3118602190931 7260 
CLU_2936 3118602190923 7980 
CLU_2936 3118602190893 9269 
CLU_2936 3118602190486 7022 
CLU_2936 3118602190915 9496 
CLU_2936 3118602190222 8572 
CLU_2936 3118604696077 3094 
CLU_2936 3118602191024 3490 
CLU_2936 3118602190478 3932 
CLU_2936 3118602190389 4514 
CLU_2936 3118607110316 5773 
CLU_2936 3118602220261 2677 
CLU_2936 3118602190397 4497 
CLU_2936 3118602190176 3246 
CLU_2936 3118602191059 2097 
CLU_2936 3118602191040 2710 
CLU_2936 3118602190451 6246 
CLU_2936 3118602190206 6667 
CLU_2936 3118602190524 7705 
CLU_2936 3118602190400 5883 
CLU_2936 3118602190966 7616 
CLU_2936 3118602190877 6667 
CLU_2936 3118602190826 11867 
CLU_2936 3118602190729 14758 
CLU_2936 3118602190656 14758 
CLU_2936 3118602190834 14476 
CLU_2936 3118602190710 14622 
CLU_2936 3118602190796 14814 
CLU_2936 3118602190648 15098 
CLU_2936 3118602190818 11414 
CLU_2936 3118602190885 6571 
CLU_2936 3118607053355 7616 
CLU_2936 3118602190192 6142 
CLU_2936 3118602190214 5412 
CLU_2936 3118602190680 5331 
CLU_2936 3118602190753 3109 
CLU_2936 3118602190141 5576 
CLU_2936 3118602220245 2586 
CLU_2936 3118602190788 1477 
CLU_2936 CLU_2943 3130 
CLU_2936 CLU_2961 4574 
CLU_2936 CLU_2970 5704 
CLU_2936 CLU_2971 5975 
CLU_2936 CLU_3051 3490 
CLU_2936 CLU_3055 4108 
CLU_2936 CLU_3060 4580 
CLU_2936 CLU_3084 6886 
CLU_2936 CLU_3086 13376 
CLU_2936 CLU_3087 14052 
CLU_2936 CLU_3098 13778 
CLU_2936 CLU_3108 10579 
CLU_2936 CLU_3114 10433 
CLU_2936 CLU_3121 3757 
CLU_2936 CLU_3128 6217 
CLU_2936 CLU_3141 6018 
CLU_2936 CLU_3143 4878 
CLU_2936 CLU_3160 4931 
CLU_2936 CLU_3166 3442 
CLU_2936 CLU_3176 3851 
CLU_2936 CLU_3200 2358 
CLU_2936 CLU_3214 2932 
CLU_2936 CLU_7923 8095 
CLU_2937 3118602190990 2289 
CLU_2937 3118602191229 2795 
CLU_2937 3118602190591 3221 
CLU_2937 3118602190567 4949 
CLU_2937 3118602190532 5785 
CLU_2937 3118602190494 6735 
CLU_2937 3118602190869 4707 
CLU_2937 3118602190605 4839 
CLU_2937 3118602190109 3865 
CLU_2937 3118607116306 8026 
CLU_2937 3118602190931 7691 
CLU_2937 3118602190923 8241 
CLU_2937 3118602190893 9580 
CLU_2937 3118602190486 7267 
CLU_2937 3118602190915 9754 
CLU_2937 3118602190222 8922 
CLU_2937 3118604696077 2403 
CLU_2937 3118602191024 2656 
CLU_2937 3118602190478 3091 
CLU_2937 3118602190389 3674 
CLU_2937 3118607110316 5009 
CLU_2937 3118602220261 1900 
CLU_2937 3118602190397 3692 
CLU_2937 3118602190176 2796 
CLU_2937 3118602191059 1323 
CLU_2937 3118602191040 1959 
CLU_2937 3118602190451 5409 
CLU_2937 3118602190206 5827 
CLU_2937 3118602190524 6864 
CLU_2937 3118602190400 5042 
CLU_2937 3118602190966 6785 
CLU_2937 3118602190877 5827 
CLU_2937 3118602190826 11225 
CLU_2937 3118602190729 14196 
CLU_2937 3118602190656 14196 
CLU_2937 3118602190834 13897 
CLU_2937 3118602190710 14129 
CLU_2937 3118602190796 14291 
CLU_2937 3118602190648 14556 
CLU_2937 3118602190818 10797 
CLU_2937 3118602190885 6220 
CLU_2937 3118607053355 6785 
CLU_2937 3118602190192 6536 
CLU_2937 3118602190214 5752 
CLU_2937 3118602190680 5431 
CLU_2937 3118602190753 2712 
CLU_2937 3118602190141 5458 
CLU_2937 3118602220245 2953 
CLU_2937 3118602190788 2289 
CLU_2937 CLU_2943 3857 
CLU_2937 CLU_2961 5059 
CLU_2937 CLU_2970 6159 
CLU_2937 CLU_2971 6478 
CLU_2937 CLU_3051 2656 
CLU_2937 CLU_3055 3523 
CLU_2937 CLU_3060 4051 
CLU_2937 CLU_3084 6047 
CLU_2937 CLU_3086 12765 
CLU_2937 CLU_3087 13459 
CLU_2937 CLU_3098 13240 
CLU_2937 CLU_3108 10324 
CLU_2937 CLU_3114 9711 
CLU_2937 CLU_3121 4401 
CLU_2937 CLU_3128 6738 
CLU_2937 CLU_3141 6226 
CLU_2937 CLU_3143 5119 
CLU_2937 CLU_3160 5078 
CLU_2937 CLU_3166 3334 
CLU_2937 CLU_3176 3938 
CLU_2937 CLU_3200 2944 
CLU_2937 CLU_3214 3763 
CLU_2937 CLU_7923 7803 
CLU_2938 3118602190990 3083 
CLU_2938 3118602191229 3590 
CLU_2938 3118602190591 3994 
CLU_2938 3118602190567 5637 
CLU_2938 3118602190532 6435 
CLU_2938 3118602190494 7410 
CLU_2938 3118602190869 5251 
CLU_2938 3118602190605 5242 
CLU_2938 3118602190109 4234 
CLU_2938 3118607116306 8577 
CLU_2938 3118602190931 8246 
CLU_2938 3118602190923 8660 
CLU_2938 3118602190893 10032 
CLU_2938 3118602190486 7682 
CLU_2938 3118602190915 10161 
CLU_2938 3118602190222 9408 
CLU_2938 3118604696077 1970 
CLU_2938 3118602191024 1909 
CLU_2938 3118602190478 2314 
CLU_2938 3118602190389 2905 
CLU_2938 3118607110316 4383 
CLU_2938 3118602220261 1336 
CLU_2938 3118602190397 3006 
CLU_2938 3118602190176 2678 
CLU_2938 3118602191059 852 
CLU_2938 3118602191040 1268 
CLU_2938 3118602190451 4615 
CLU_2938 3118602190206 5036 
CLU_2938 3118602190524 6078 
CLU_2938 3118602190400 4261 
CLU_2938 3118602190966 6034 
CLU_2938 3118602190877 5036 
CLU_2938 3118602190826 10733 
CLU_2938 3118602190729 13791 
CLU_2938 3118602190656 13791 
CLU_2938 3118602190834 13472 
CLU_2938 3118602190710 13801 
CLU_2938 3118602190796 13929 
CLU_2938 3118602190648 14173 
CLU_2938 3118602190818 10337 
CLU_2938 3118602190885 6097 
CLU_2938 3118607053355 6034 
CLU_2938 3118602190192 6881 
CLU_2938 3118602190214 6059 
CLU_2938 3118602190680 5525 
CLU_2938 3118602190753 2425 
CLU_2938 3118602190141 5345 
CLU_2938 3118602220245 3366 
CLU_2938 3118602190788 3083 
CLU_2938 CLU_2943 4619 
CLU_2938 CLU_2961 5673 
CLU_2938 CLU_2970 6742 
CLU_2938 CLU_2971 7092 
CLU_2938 CLU_3051 1909 
CLU_2938 CLU_3055 3191 
CLU_2938 CLU_3060 3773 
CLU_2938 CLU_3084 5277 
CLU_2938 CLU_3086 12307 
CLU_2938 CLU_3087 13019 
CLU_2938 CLU_3098 12863 
CLU_2938 CLU_3108 10261 
CLU_2938 CLU_3114 9123 
CLU_2938 CLU_3121 4996 
CLU_2938 CLU_3128 7196 
CLU_2938 CLU_3141 6406 
CLU_2938 CLU_3143 5349 
CLU_2938 CLU_3160 5223 
CLU_2938 CLU_3166 3307 
CLU_2938 CLU_3176 4064 
CLU_2938 CLU_3200 3525 
CLU_2938 CLU_3214 4533 
CLU_2938 CLU_7923 7721 
CLU_2939 3118602190990 1866 
CLU_2939 3118602191229 2372 
CLU_2939 3118602190591 2809 
CLU_2939 3118602190567 4584 
CLU_2939 3118602190532 5441 
CLU_2939 3118602190494 6374 
CLU_2939 3118602190869 4430 
CLU_2939 3118602190605 4645 
CLU_2939 3118602190109 3701 
CLU_2939 3118607116306 7733 
CLU_2939 3118602190931 7396 
CLU_2939 3118602190923 8021 
CLU_2939 3118602190893 9339 
CLU_2939 3118602190486 7053 
CLU_2939 3118602190915 9537 
CLU_2939 3118602190222 8663 
CLU_2939 3118604696077 2685 
CLU_2939 3118602191024 3057 
CLU_2939 3118602190478 3504 
CLU_2939 3118602190389 4083 
CLU_2939 3118607110316 5347 
CLU_2939 3118602220261 2246 
CLU_2939 3118602190397 4063 
CLU_2939 3118602190176 2925 
CLU_2939 3118602191059 1665 
CLU_2939 3118602191040 2361 
CLU_2939 3118602190451 5830 
CLU_2939 3118602190206 6246 
CLU_2939 3118602190524 7279 
CLU_2939 3118602190400 5455 
CLU_2939 3118602190966 7181 
CLU_2939 3118602190877 6246 
CLU_2939 3118602190826 11483 
CLU_2939 3118602190729 14406 
CLU_2939 3118602190656 14406 
CLU_2939 3118602190834 14117 
CLU_2939 3118602190710 14298 
CLU_2939 3118602190796 14477 
CLU_2939 3118602190648 14754 
CLU_2939 3118602190818 11039 
CLU_2939 3118602190885 6303 
CLU_2939 3118607053355 7181 
CLU_2939 3118602190192 6407 
CLU_2939 3118602190214 5650 
CLU_2939 3118602190680 5450 
CLU_2939 3118602190753 2960 
CLU_2939 3118602190141 5585 
CLU_2939 3118602220245 2824 
CLU_2939 3118602190788 1866 
CLU_2939 CLU_2943 3450 
CLU_2939 CLU_2961 4738 
CLU_2939 CLU_2970 5853 
CLU_2939 CLU_2971 6153 
CLU_2939 CLU_3051 3057 
CLU_2939 CLU_3055 3738 
CLU_2939 CLU_3060 4233 
CLU_2939 CLU_3084 6454 
CLU_2939 CLU_3086 13004 
CLU_2939 CLU_3087 13687 
CLU_2939 CLU_3098 13435 
CLU_2939 CLU_3108 10360 
CLU_2939 CLU_3114 10020 
CLU_2939 CLU_3121 4131 
CLU_2939 CLU_3128 6541 
CLU_2939 CLU_3141 6193 
CLU_2939 CLU_3143 5066 
CLU_2939 CLU_3160 5073 
CLU_2939 CLU_3166 3447 
CLU_2939 CLU_3176 3958 
CLU_2939 CLU_3200 2700 
CLU_2939 CLU_3214 3367 
CLU_2939 CLU_7923 7857 
CLU_2940 3118602190990 1271 
CLU_2940 3118602191229 1298 
CLU_2940 3118602190591 608 
CLU_2940 3118602190567 1963 
CLU_2940 3118602190532 2875 
CLU_2940 3118602190494 3749 
CLU_2940 3118602190869 2313 
CLU_2940 3118602190605 3061 
CLU_2940 3118602190109 2566 
CLU_2940 3118607116306 5341 
CLU_2940 3118602190931 5005 
CLU_2940 3118602190923 5996 
CLU_2940 3118602190893 7167 
CLU_2940 3118602190486 5102 
CLU_2940 3118602190915 7483 
CLU_2940 3118602190222 6418 
CLU_2940 3118604696077 4345 
CLU_2940 3118602191024 5300 
CLU_2940 3118602190478 5820 
CLU_2940 3118602190389 6331 
CLU_2940 3118607110316 6998 
CLU_2940 3118602220261 4281 
CLU_2940 3118602190397 6028 
CLU_2940 3118602190176 3784 
CLU_2940 3118602191059 3807 
CLU_2940 3118602191040 4993 
CLU_2940 3118602190451 8207 
CLU_2940 3118602190206 8567 
CLU_2940 3118602190524 9524 
CLU_2940 3118602190400 7707 
CLU_2940 3118602190966 9214 
CLU_2940 3118602190877 8567 
CLU_2940 3118602190826 12313 
CLU_2940 3118602190729 14831 
CLU_2940 3118602190656 14831 
CLU_2940 3118602190834 14621 
CLU_2940 3118602190710 14450 
CLU_2940 3118602190796 14745 
CLU_2940 3118602190648 15091 
CLU_2940 3118602190818 11770 
CLU_2940 3118602190885 6261 
CLU_2940 3118607053355 9214 
CLU_2940 3118602190192 7362 
CLU_2940 3118602190214 6814 
CLU_2940 3118602190680 7191 
CLU_2940 3118602190753 5483 
CLU_2940 3118602190141 7714 
CLU_2940 3118602220245 4272 
CLU_2940 3118602190788 1271 
CLU_2940 CLU_2943 939 
CLU_2940 CLU_2961 2310 
CLU_2940 CLU_2970 3447 
CLU_2940 CLU_2971 3651 
CLU_2940 CLU_3051 5300 
CLU_2940 CLU_3055 4839 
CLU_2940 CLU_3060 5060 
CLU_2940 CLU_3084 8614 
CLU_2940 CLU_3086 13663 
CLU_2940 CLU_3087 14259 
CLU_2940 CLU_3098 13784 
CLU_2940 CLU_3108 9761 
CLU_2940 CLU_3114 11265 
CLU_2940 CLU_3121 4453 
CLU_2940 CLU_3128 7065 
CLU_2940 CLU_3141 7658 
CLU_2940 CLU_3143 6524 
CLU_2940 CLU_3160 6739 
CLU_2940 CLU_3166 5645 
CLU_2940 CLU_3176 5817 
CLU_2940 CLU_3200 3603 
CLU_2940 CLU_3214 2531 
CLU_2940 CLU_7923 7497 
CLU_2941 3118602190990 1468 
CLU_2941 3118602191229 1371 
CLU_2941 3118602190591 523 
CLU_2941 3118602190567 1687 
CLU_2941 3118602190532 2626 
CLU_2941 3118602190494 3458 
CLU_2941 3118602190869 2253 
CLU_2941 3118602190605 3102 
CLU_2941 3118602190109 2717 
CLU_2941 3118607116306 5137 
CLU_2941 3118602190931 4804 
CLU_2941 3118602190923 5885 
CLU_2941 3118602190893 7012 
CLU_2941 3118602190486 5016 
CLU_2941 3118602190915 7355 
CLU_2941 3118602190222 6250 
CLU_2941 3118604696077 4688 
CLU_2941 3118602191024 5652 
CLU_2941 3118602190478 6172 
CLU_2941 3118602190389 6682 
CLU_2941 3118607110316 7330 
CLU_2941 3118602220261 4632 
CLU_2941 3118602190397 6374 
CLU_2941 3118602190176 4097 
CLU_2941 3118602191059 4159 
CLU_2941 3118602191040 5330 
CLU_2941 3118602190451 8559 
CLU_2941 3118602190206 8919 
CLU_2941 3118602190524 9874 
CLU_2941 3118602190400 8058 
CLU_2941 3118602190966 9558 
CLU_2941 3118602190877 8919 
CLU_2941 3118602190826 12570 
CLU_2941 3118602190729 15043 
CLU_2941 3118602190656 15043 
CLU_2941 3118602190834 14842 
CLU_2941 3118602190710 14633 
CLU_2941 3118602190796 14940 
CLU_2941 3118602190648 15293 
CLU_2941 3118602190818 12019 
CLU_2941 3118602190885 6461 
CLU_2941 3118607053355 9558 
CLU_2941 3118602190192 7425 
CLU_2941 3118602190214 6910 
CLU_2941 3118602190680 7360 
CLU_2941 3118602190753 5775 
CLU_2941 3118602190141 7934 
CLU_2941 3118602220245 4447 
CLU_2941 3118602190788 1468 
CLU_2941 CLU_2943 605 
CLU_2941 CLU_2961 2136 
CLU_2941 CLU_2970 3258 
CLU_2941 CLU_2971 3422 
CLU_2941 CLU_3051 5652 
CLU_2941 CLU_3055 5153 
CLU_2941 CLU_3060 5353 
CLU_2941 CLU_3084 8963 
CLU_2941 CLU_3086 13902 
CLU_2941 CLU_3087 14487 
CLU_2941 CLU_3098 13990 
CLU_2941 CLU_3108 9868 
CLU_2941 CLU_3114 11559 
CLU_2941 CLU_3121 4481 
CLU_2941 CLU_3128 7074 
CLU_2941 CLU_3141 7787 
CLU_2941 CLU_3143 6662 
CLU_2941 CLU_3160 6902 
CLU_2941 CLU_3166 5888 
CLU_2941 CLU_3176 6015 
CLU_2941 CLU_3200 3736 
CLU_2941 CLU_3214 2475 
CLU_2941 CLU_7923 7649 
CLU_2942 3118602190990 520 
CLU_2942 3118602191229 0 
CLU_2942 3118602190591 876 
CLU_2942 3118602190567 2964 
CLU_2942 3118602190532 3923 
CLU_2942 3118602190494 4648 
CLU_2942 3118602190869 3600 
CLU_2942 3118602190605 4350 
CLU_2942 3118602190109 3775 
CLU_2942 3118607116306 6475 
CLU_2942 3118602190931 6145 
CLU_2942 3118602190923 7255 
CLU_2942 3118602190893 8378 
CLU_2942 3118602190486 6379 
CLU_2942 3118602190915 8726 
CLU_2942 3118602190222 7610 
CLU_2942 3118604696077 4729 
CLU_2942 3118602191024 5387 
CLU_2942 3118602190478 5859 
CLU_2942 3118602190389 6425 
CLU_2942 3118607110316 7457 
CLU_2942 3118602220261 4472 
CLU_2942 3118602190397 6303 
CLU_2942 3118602190176 4469 
CLU_2942 3118602191059 3917 
CLU_2942 3118602191040 4665 
CLU_2942 3118602190451 8202 
CLU_2942 3118602190206 8613 
CLU_2942 3118602190524 9634 
CLU_2942 3118602190400 7806 
CLU_2942 3118602190966 9476 
CLU_2942 3118602190877 8613 
CLU_2942 3118602190826 13171 
CLU_2942 3118602190729 15835 
CLU_2942 3118602190656 15835 
CLU_2942 3118602190834 15600 
CLU_2942 3118602190710 15529 
CLU_2942 3118602190796 15794 
CLU_2942 3118602190648 16122 
CLU_2942 3118602190818 12661 
CLU_2942 3118602190885 7329 
CLU_2942 3118607053355 9476 
CLU_2942 3118602190192 6069 
CLU_2942 3118602190214 5540 
CLU_2942 3118602190680 6017 
CLU_2942 3118602190753 4764 
CLU_2942 3118602190141 6665 
CLU_2942 3118602220245 3122 
CLU_2942 3118602190788 520 
CLU_2942 CLU_2943 1464 
CLU_2942 CLU_2961 3503 
CLU_2942 CLU_2970 4613 
CLU_2942 CLU_2971 4739 
CLU_2942 CLU_3051 5387 
CLU_2942 CLU_3055 5487 
CLU_2942 CLU_3060 5821 
CLU_2942 CLU_3084 8786 
CLU_2942 CLU_3086 14588 
CLU_2942 CLU_3087 15215 
CLU_2942 CLU_3098 14807 
CLU_2942 CLU_3108 10983 
CLU_2942 CLU_3114 11953 
CLU_2942 CLU_3121 3156 
CLU_2942 CLU_3128 5772 
CLU_2942 CLU_3141 6418 
CLU_2942 CLU_3143 5298 
CLU_2942 CLU_3160 5555 
CLU_2942 CLU_3166 4690 
CLU_2942 CLU_3176 4714 
CLU_2942 CLU_3200 2374 
CLU_2942 CLU_3214 1352 
CLU_2942 CLU_7923 8658 
CLU_2943 3118602190990 1746 
CLU_2943 3118602191229 1464 
CLU_2943 3118602190591 661 
CLU_2943 3118602190567 1531 
CLU_2943 3118602190532 2487 
CLU_2943 3118602190494 3184 
CLU_2943 3118602190869 2502 
CLU_2943 3118602190605 3468 
CLU_2943 3118602190109 3212 
CLU_2943 3118607116306 5059 
CLU_2943 3118602190931 4735 
CLU_2943 3118602190923 5978 
CLU_2943 3118602190893 7019 
CLU_2943 3118602190486 5163 
CLU_2943 3118602190915 7409 
CLU_2943 3118602190222 6233 
CLU_2943 3118604696077 5285 
CLU_2943 3118602191024 6218 
CLU_2943 3118602190478 6733 
CLU_2943 3118602190389 7253 
CLU_2943 3118607110316 7934 
CLU_2943 3118602220261 5209 
CLU_2943 3118602190397 6966 
CLU_2943 3118602190176 4702 
CLU_2943 3118602191059 4721 
CLU_2943 3118602191040 5811 
CLU_2943 3118602190451 9118 
CLU_2943 3118602190206 9487 
CLU_2943 3118602190524 10453 
CLU_2943 3118602190400 8632 
CLU_2943 3118602190966 10153 
CLU_2943 3118602190877 9487 
CLU_2943 3118602190826 13141 
CLU_2943 3118602190729 15572 
CLU_2943 3118602190656 15572 
CLU_2943 3118602190834 15380 
CLU_2943 3118602190710 15130 
CLU_2943 3118602190796 15451 
CLU_2943 3118602190648 15811 
CLU_2943 3118602190818 12584 
CLU_2943 3118602190885 6986 
CLU_2943 3118607053355 10153 
CLU_2943 3118602190192 7333 
CLU_2943 3118602190214 6878 
CLU_2943 3118602190680 7459 
CLU_2943 3118602190753 6135 
CLU_2943 3118602190141 8129 
CLU_2943 3118602220245 4579 
CLU_2943 3118602190788 1746 
CLU_2943 CLU_2943 0 
CLU_2943 CLU_2961 2194 
CLU_2943 CLU_2970 3240 
CLU_2943 CLU_2971 3312 
CLU_2943 CLU_3051 6218 
CLU_2943 CLU_3055 5757 
CLU_2943 CLU_3060 5950 
CLU_2943 CLU_3084 9548 
CLU_2943 CLU_3086 14456 
CLU_2943 CLU_3087 15032 
CLU_2943 CLU_3098 14513 
CLU_2943 CLU_3108 10278 
CLU_2943 CLU_3114 12156 
CLU_2943 CLU_3121 4354 
CLU_2943 CLU_3128 6892 
CLU_2943 CLU_3141 7807 
CLU_2943 CLU_3143 6707 
CLU_2943 CLU_3160 6992 
CLU_2943 CLU_3166 6142 
CLU_2943 CLU_3176 6176 
CLU_2943 CLU_3200 3804 
CLU_2943 CLU_3214 2255 
CLU_2943 CLU_7923 8118 
CLU_2944 3118602190990 1088 
CLU_2944 3118602191229 876 
CLU_2944 3118602190591 0 
CLU_2944 3118602190567 2096 
CLU_2944 3118602190532 3053 
CLU_2944 3118602190494 3815 
CLU_2944 3118602190869 2776 
CLU_2944 3118602190605 3612 
CLU_2944 3118602190109 3169 
CLU_2944 3118607116306 5599 
CLU_2944 3118602190931 5269 
CLU_2944 3118602190923 6396 
CLU_2944 3118602190893 7505 
CLU_2944 3118602190486 5535 
CLU_2944 3118602190915 7860 
CLU_2944 3118602190222 6735 
CLU_2944 3118604696077 4792 
CLU_2944 3118602191024 5649 
CLU_2944 3118602190478 6153 
CLU_2944 3118602190389 6688 
CLU_2944 3118607110316 7483 
CLU_2944 3118602220261 4660 
CLU_2944 3118602190397 6449 
CLU_2944 3118602190176 4318 
CLU_2944 3118602191059 4150 
CLU_2944 3118602191040 5169 
CLU_2944 3118602190451 8533 
CLU_2944 3118602190206 8914 
CLU_2944 3118602190524 9897 
CLU_2944 3118602190400 8071 
CLU_2944 3118602190966 9640 
CLU_2944 3118602190877 8914 
CLU_2944 3118602190826 12900 
CLU_2944 3118602190729 15437 
CLU_2944 3118602190656 15437 
CLU_2944 3118602190834 15225 
CLU_2944 3118602190710 15058 
CLU_2944 3118602190796 15353 
CLU_2944 3118602190648 15699 
CLU_2944 3118602190818 12363 
CLU_2944 3118602190885 6869 
CLU_2944 3118607053355 9640 
CLU_2944 3118602190192 6907 
CLU_2944 3118602190214 6401 
CLU_2944 3118602190680 6892 
CLU_2944 3118602190753 5474 
CLU_2944 3118602190141 7513 
CLU_2944 3118602220245 3990 
CLU_2944 3118602190788 1088 
CLU_2944 CLU_2943 661 
CLU_2944 CLU_2961 2631 
CLU_2944 CLU_2970 3737 
CLU_2944 CLU_2971 3867 
CLU_2944 CLU_3051 5649 
CLU_2944 CLU_3055 5369 
CLU_2944 CLU_3060 5619 
CLU_2944 CLU_3084 9008 
CLU_2944 CLU_3086 14261 
CLU_2944 CLU_3087 14861 
CLU_2944 CLU_3098 14391 
CLU_2944 CLU_3108 10352 
CLU_2944 CLU_3114 11818 
CLU_2944 CLU_3121 3959 
CLU_2944 CLU_3128 6551 
CLU_2944 CLU_3141 7292 
CLU_2944 CLU_3143 6174 
CLU_2944 CLU_3160 6430 
CLU_2944 CLU_3166 5502 
CLU_2944 CLU_3176 5574 
CLU_2944 CLU_3200 3251 
CLU_2944 CLU_3214 1961 
CLU_2944 CLU_7923 8102 
CLU_2945 3118602190990 2426 
CLU_2945 3118602191229 2188 
CLU_2945 3118602190591 1344 
CLU_2945 3118602190567 808 
CLU_2945 3118602190532 1758 
CLU_2945 3118602190494 2471 
CLU_2945 3118602190869 2013 
CLU_2945 3118602190605 3072 
CLU_2945 3118602190109 3028 
CLU_2945 3118607116306 4333 
CLU_2945 3118602190931 4011 
CLU_2945 3118602190923 5309 
CLU_2945 3118602190893 6311 
CLU_2945 3118602190486 4530 
CLU_2945 3118602190915 6717 
CLU_2945 3118602190222 5520 
CLU_2945 3118604696077 5576 
CLU_2945 3118602191024 6618 
CLU_2945 3118602190478 7145 
CLU_2945 3118602190389 7638 
CLU_2945 3118607110316 8143 
CLU_2945 3118602220261 5584 
CLU_2945 3118602190397 7276 
CLU_2945 3118602190176 4859 
CLU_2945 3118602191059 5137 
CLU_2945 3118602191040 6360 
CLU_2945 3118602190451 9531 
CLU_2945 3118602190206 9877 
CLU_2945 3118602190524 10809 
CLU_2945 3118602190400 9004 
CLU_2945 3118602190966 10440 
CLU_2945 3118602190877 9877 
CLU_2945 3118602190826 13059 
CLU_2945 3118602190729 15364 
CLU_2945 3118602190656 15364 
CLU_2945 3118602190834 15194 
CLU_2945 3118602190710 14857 
CLU_2945 3118602190796 15205 
CLU_2945 3118602190648 15580 
CLU_2945 3118602190818 12481 
CLU_2945 3118602190885 6798 
CLU_2945 3118607053355 10440 
CLU_2945 3118602190192 8035 
CLU_2945 3118602190214 7597 
CLU_2945 3118602190680 8190 
CLU_2945 3118602190753 6790 
CLU_2945 3118602190141 8851 
CLU_2945 3118602220245 5308 
CLU_2945 3118602190788 2426 
CLU_2945 CLU_2943 732 
CLU_2945 CLU_2961 1555 
CLU_2945 CLU_2970 2537 
CLU_2945 CLU_2971 2585 
CLU_2945 CLU_3051 6618 
CLU_2945 CLU_3055 5902 
CLU_2945 CLU_3060 6022 
CLU_2945 CLU_3084 9881 
CLU_2945 CLU_3086 14317 
CLU_2945 CLU_3087 14866 
CLU_2945 CLU_3098 14294 
CLU_2945 CLU_3108 9872 
CLU_2945 CLU_3114 12195 
CLU_2945 CLU_3121 5051 
CLU_2945 CLU_3128 7557 
CLU_2945 CLU_3141 8535 
CLU_2945 CLU_3143 7437 
CLU_2945 CLU_3160 7724 
CLU_2945 CLU_3166 6846 
CLU_2945 CLU_3176 6902 
CLU_2945 CLU_3200 4536 
CLU_2945 CLU_3214 2935 
CLU_2945 CLU_7923 7814 
CLU_2946 3118602190990 2101 
CLU_2946 3118602191229 1970 
CLU_2946 3118602190591 1095 
CLU_2946 3118602190567 1059 
CLU_2946 3118602190532 1992 
CLU_2946 3118602190494 2843 
CLU_2946 3118602190869 1784 
CLU_2946 3118602190605 2757 
CLU_2946 3118602190109 2576 
CLU_2946 3118607116306 4512 
CLU_2946 3118602190931 4179 
CLU_2946 3118602190923 5317 
CLU_2946 3118602190893 6410 
CLU_2946 3118602190486 4477 
CLU_2946 3118602190915 6771 
CLU_2946 3118602190222 5640 
CLU_2946 3118604696077 5028 
CLU_2946 3118602191024 6083 
CLU_2946 3118602190478 6612 
CLU_2946 3118602190389 7100 
CLU_2946 3118607110316 7596 
CLU_2946 3118602220261 5046 
CLU_2946 3118602190397 6729 
CLU_2946 3118602190176 4314 
CLU_2946 3118602191059 4608 
CLU_2946 3118602191040 5878 
CLU_2946 3118602190451 8996 
CLU_2946 3118602190206 9338 
CLU_2946 3118602190524 10265 
CLU_2946 3118602190400 8463 
CLU_2946 3118602190966 9892 
CLU_2946 3118602190877 9338 
CLU_2946 3118602190826 12578 
CLU_2946 3118602190729 14939 
CLU_2946 3118602190656 14939 
CLU_2946 3118602190834 14758 
CLU_2946 3118602190710 14468 
CLU_2946 3118602190796 14800 
CLU_2946 3118602190648 15168 
CLU_2946 3118602190818 12009 
CLU_2946 3118602190885 6358 
CLU_2946 3118607053355 9892 
CLU_2946 3118602190192 7979 
CLU_2946 3118602190214 7490 
CLU_2946 3118602190680 7980 
CLU_2946 3118602190753 6389 
CLU_2946 3118602190141 8566 
CLU_2946 3118602220245 5071 
CLU_2946 3118602190788 2101 
CLU_2946 CLU_2943 719 
CLU_2946 CLU_2961 1539 
CLU_2946 CLU_2970 2642 
CLU_2946 CLU_2971 2790 
CLU_2946 CLU_3051 6083 
CLU_2946 CLU_3055 5360 
CLU_2946 CLU_3060 5492 
CLU_2946 CLU_3084 9335 
CLU_2946 CLU_3086 13860 
CLU_2946 CLU_3087 14421 
CLU_2946 CLU_3098 13875 
CLU_2946 CLU_3108 9571 
CLU_2946 CLU_3114 11676 
CLU_2946 CLU_3121 5013 
CLU_2946 CLU_3128 7578 
CLU_2946 CLU_3141 8387 
CLU_2946 CLU_3143 7269 
CLU_2946 CLU_3160 7521 
CLU_2946 CLU_3166 6521 
CLU_2946 CLU_3176 6644 
CLU_2946 CLU_3200 4345 
CLU_2946 CLU_3214 2944 
CLU_2946 CLU_7923 7440 
CLU_2947 3118602190990 1870 
CLU_2947 3118602191229 1743 
CLU_2947 3118602190591 870 
CLU_2947 3118602190567 1285 
CLU_2947 3118602190532 2223 
CLU_2947 3118602190494 3062 
CLU_2947 3118602190869 1958 
CLU_2947 3118602190605 2888 
CLU_2947 3118602190109 2629 
CLU_2947 3118607116306 4743 
CLU_2947 3118602190931 4410 
CLU_2947 3118602190923 5531 
CLU_2947 3118602190893 6635 
CLU_2947 3118602190486 4682 
CLU_2947 3118602190915 6991 
CLU_2947 3118602190222 5867 
CLU_2947 3118604696077 4913 
CLU_2947 3118602191024 5935 
CLU_2947 3118602190478 6461 
CLU_2947 3118602190389 6958 
CLU_2947 3118607110316 7511 
CLU_2947 3118602220261 4904 
CLU_2947 3118602190397 6611 
CLU_2947 3118602190176 4243 
CLU_2947 3118602191059 4452 
CLU_2947 3118602191040 5685 
CLU_2947 3118602190451 8847 
CLU_2947 3118602190206 9196 
CLU_2947 3118602190524 10134 
CLU_2947 3118602190400 8326 
CLU_2947 3118602190966 9783 
CLU_2947 3118602190877 9196 
CLU_2947 3118602190826 12591 
CLU_2947 3118602190729 14993 
CLU_2947 3118602190656 14993 
CLU_2947 3118602190834 14805 
CLU_2947 3118602190710 14544 
CLU_2947 3118602190796 14867 
CLU_2947 3118602190648 15229 
CLU_2947 3118602190818 12028 
CLU_2947 3118602190885 6408 
CLU_2947 3118607053355 9783 
CLU_2947 3118602190192 7767 
CLU_2947 3118602190214 7270 
CLU_2947 3118602190680 7750 
CLU_2947 3118602190753 6169 
CLU_2947 3118602190141 8335 
CLU_2947 3118602220245 4840 
CLU_2947 3118602190788 1870 
CLU_2947 CLU_2943 589 
CLU_2947 CLU_2961 1761 
CLU_2947 CLU_2970 2871 
CLU_2947 CLU_2971 3022 
CLU_2947 CLU_3051 5935 
CLU_2947 CLU_3055 5294 
CLU_2947 CLU_3060 5452 
CLU_2947 CLU_3084 9212 
CLU_2947 CLU_3086 13891 
CLU_2947 CLU_3087 14461 
CLU_2947 CLU_3098 13932 
CLU_2947 CLU_3108 9692 
CLU_2947 CLU_3114 11648 
CLU_2947 CLU_3121 4806 
CLU_2947 CLU_3128 7380 
CLU_2947 CLU_3141 8161 
CLU_2947 CLU_3143 7042 
CLU_2947 CLU_3160 7290 
CLU_2947 CLU_3166 6291 
CLU_2947 CLU_3176 6412 
CLU_2947 CLU_3200 4117 
CLU_2947 CLU_3214 2753 
CLU_2947 CLU_7923 7529 
CLU_2948 3118602190990 1756 
CLU_2948 3118602191229 1738 
CLU_2948 3118602190591 925 
CLU_2948 3118602190567 1516 
CLU_2948 3118602190532 2404 
CLU_2948 3118602190494 3306 
CLU_2948 3118602190869 1863 
CLU_2948 3118602190605 2692 
CLU_2948 3118602190109 2330 
CLU_2948 3118607116306 4853 
CLU_2948 3118602190931 4517 
CLU_2948 3118602190923 5525 
CLU_2948 3118602190893 6683 
CLU_2948 3118602190486 4641 
CLU_2948 3118602190915 7006 
CLU_2948 3118602190222 5932 
CLU_2948 3118604696077 4541 
CLU_2948 3118602191024 5580 
CLU_2948 3118602190478 6109 
CLU_2948 3118602190389 6599 
CLU_2948 3118607110316 7133 
CLU_2948 3118602220261 4545 
CLU_2948 3118602190397 6240 
CLU_2948 3118602190176 3866 
CLU_2948 3118602191059 4104 
CLU_2948 3118602191040 5385 
CLU_2948 3118602190451 8493 
CLU_2948 3118602190206 8837 
CLU_2948 3118602190524 9769 
CLU_2948 3118602190400 7964 
CLU_2948 3118602190966 9409 
CLU_2948 3118602190877 8837 
CLU_2948 3118602190826 12243 
CLU_2948 3118602190729 14678 
CLU_2948 3118602190656 14678 
CLU_2948 3118602190834 14483 
CLU_2948 3118602190710 14251 
CLU_2948 3118602190796 14565 
CLU_2948 3118602190648 14922 
CLU_2948 3118602190818 11685 
CLU_2948 3118602190885 6093 
CLU_2948 3118607053355 9409 
CLU_2948 3118602190192 7806 
CLU_2948 3118602190214 7274 
CLU_2948 3118602190680 7675 
CLU_2948 3118602190753 5942 
CLU_2948 3118602190141 8201 
CLU_2948 3118602220245 4757 
CLU_2948 3118602190788 1756 
CLU_2948 CLU_2943 899 
CLU_2948 CLU_2961 1822 
CLU_2948 CLU_2970 2960 
CLU_2948 CLU_2971 3169 
CLU_2948 CLU_3051 5580 
CLU_2948 CLU_3055 4917 
CLU_2948 CLU_3060 5081 
CLU_2948 CLU_3084 8843 
CLU_2948 CLU_3086 13557 
CLU_2948 CLU_3087 14134 
CLU_2948 CLU_3098 13621 
CLU_2948 CLU_3108 9462 
CLU_2948 CLU_3114 11280 
CLU_2948 CLU_3121 4873 
CLU_2948 CLU_3128 7473 
CLU_2948 CLU_3141 8132 
CLU_2948 CLU_3143 7001 
CLU_2948 CLU_3160 7222 
CLU_2948 CLU_3166 6129 
CLU_2948 CLU_3176 6305 
CLU_2948 CLU_3200 4076 
CLU_2948 CLU_3214 2884 
CLU_2948 CLU_7923 7255 
CLU_2949 3118602190990 1771 
CLU_2949 3118602191229 1833 
CLU_2949 3118602190591 1095 
CLU_2949 3118602190567 1687 
CLU_2949 3118602190532 2525 
CLU_2949 3118602190494 3467 
CLU_2949 3118602190869 1791 
CLU_2949 3118602190605 2529 
CLU_2949 3118602190109 2091 
CLU_2949 3118607116306 4905 
CLU_2949 3118602190931 4568 
CLU_2949 3118602190923 5487 
CLU_2949 3118602190893 6682 
CLU_2949 3118602190486 4582 
CLU_2949 3118602190915 6982 
CLU_2949 3118602190222 5946 
CLU_2949 3118604696077 4277 
CLU_2949 3118602191024 5340 
CLU_2949 3118602190478 5872 
CLU_2949 3118602190389 6353 
CLU_2949 3118607110316 6857 
CLU_2949 3118602220261 4300 
CLU_2949 3118602190397 5978 
CLU_2949 3118602190176 3586 
CLU_2949 3118602191059 3874 
CLU_2949 3118602191040 5204 
CLU_2949 3118602190451 8253 
CLU_2949 3118602190206 8591 
CLU_2949 3118602190524 9514 
CLU_2949 3118602190400 7714 
CLU_2949 3118602190966 9142 
CLU_2949 3118602190877 8591 
CLU_2949 3118602190826 11969 
CLU_2949 3118602190729 14420 
CLU_2949 3118602190656 14420 
CLU_2949 3118602190834 14222 
CLU_2949 3118602190710 14006 
CLU_2949 3118602190796 14314 
CLU_2949 3118602190648 14668 
CLU_2949 3118602190818 11414 
CLU_2949 3118602190885 5837 
CLU_2949 3118607053355 9142 
CLU_2949 3118602190192 7895 
CLU_2949 3118602190214 7339 
CLU_2949 3118602190680 7681 
CLU_2949 3118602190753 5827 
CLU_2949 3118602190141 8159 
CLU_2949 3118602220245 4763 
CLU_2949 3118602190788 1771 
CLU_2949 CLU_2943 1171 
CLU_2949 CLU_2961 1868 
CLU_2949 CLU_2970 3007 
CLU_2949 CLU_2971 3257 
CLU_2949 CLU_3051 5340 
CLU_2949 CLU_3055 4637 
CLU_2949 CLU_3060 4799 
CLU_2949 CLU_3084 8584 
CLU_2949 CLU_3086 13289 
CLU_2949 CLU_3087 13870 
CLU_2949 CLU_3098 13366 
CLU_2949 CLU_3108 9258 
CLU_2949 CLU_3114 10999 
CLU_2949 CLU_3121 4988 
CLU_2949 CLU_3128 7600 
CLU_2949 CLU_3141 8171 
CLU_2949 CLU_3143 7034 
CLU_2949 CLU_3160 7234 
CLU_2949 CLU_3166 6068 
CLU_2949 CLU_3176 6287 
CLU_2949 CLU_3200 4119 
CLU_2949 CLU_3214 3050 
CLU_2949 CLU_7923 7024 
CLU_2950 3118602190990 0 
CLU_2950 3118602191229 520 
CLU_2950 3118602190591 1088 
CLU_2950 3118602190567 3148 
CLU_2950 3118602190532 4093 
CLU_2950 3118602190494 4895 
CLU_2950 3118602190869 3561 
CLU_2950 3118602190605 4199 
CLU_2950 3118602190109 3526 
CLU_2950 3118607116306 6599 
CLU_2950 3118602190931 6264 
CLU_2950 3118602190923 7258 
CLU_2950 3118602190893 8437 
CLU_2950 3118602190486 6351 
CLU_2950 3118602190915 8750 
CLU_2950 3118602190222 7688 
CLU_2950 3118604696077 4218 
CLU_2950 3118602191024 4868 
CLU_2950 3118602190478 5342 
CLU_2950 3118602190389 5907 
CLU_2950 3118607110316 6946 
CLU_2950 3118602220261 3952 
CLU_2950 3118602190397 5783 
CLU_2950 3118602190176 4001 
CLU_2950 3118602191059 3396 
CLU_2950 3118602191040 4186 
CLU_2950 3118602190451 7690 
CLU_2950 3118602190206 8098 
CLU_2950 3118602190524 9116 
CLU_2950 3118602190400 7288 
CLU_2950 3118602190966 8955 
CLU_2950 3118602190877 8098 
CLU_2950 3118602190826 12719 
CLU_2950 3118602190729 15425 
CLU_2950 3118602190656 15425 
CLU_2950 3118602190834 15182 
CLU_2950 3118602190710 15153 
CLU_2950 3118602190796 15404 
CLU_2950 3118602190648 15723 
CLU_2950 3118602190818 12218 
CLU_2950 3118602190885 6963 
CLU_2950 3118607053355 8955 
CLU_2950 3118602190192 6173 
CLU_2950 3118602190214 5585 
CLU_2950 3118602190680 5920 
CLU_2950 3118602190753 4391 
CLU_2950 3118602190141 6465 
CLU_2950 3118602220245 3001 
CLU_2950 3118602190788 0 
CLU_2950 CLU_2943 1746 
CLU_2950 CLU_2961 3577 
CLU_2950 CLU_2970 4711 
CLU_2950 CLU_2971 4890 
CLU_2950 CLU_3051 4868 
CLU_2950 CLU_3055 5006 
CLU_2950 CLU_3060 5361 
CLU_2950 CLU_3084 8266 
CLU_2950 CLU_3086 14153 
CLU_2950 CLU_3087 14789 
CLU_2950 CLU_3098 14406 
CLU_2950 CLU_3108 10707 
CLU_2950 CLU_3114 11466 
CLU_2950 CLU_3121 3350 
CLU_2950 CLU_3128 5969 
CLU_2950 CLU_3141 6401 
CLU_2950 CLU_3143 5263 
CLU_2950 CLU_3160 5469 
CLU_2950 CLU_3166 4427 
CLU_2950 CLU_3176 4552 
CLU_2950 CLU_3200 2352 
CLU_2950 CLU_3214 1778 
CLU_2950 CLU_7923 8338 
CLU_2951 3118602190990 1338 
CLU_2951 3118602191229 824 
CLU_2951 3118602190591 974 
CLU_2951 3118602190567 2690 
CLU_2951 3118602190532 3630 
CLU_2951 3118602190494 4211 
CLU_2951 3118602190869 3656 
CLU_2951 3118602190605 4555 
CLU_2951 3118602190109 4143 
CLU_2951 3118607116306 6205 
CLU_2951 3118602190931 5887 
CLU_2951 3118602190923 7168 
CLU_2951 3118602190893 8193 
CLU_2951 3118602190486 6352 
CLU_2951 3118602190915 8594 
CLU_2951 3118602190222 7402 
CLU_2951 3118604696077 5505 
CLU_2951 3118602191024 6206 
CLU_2951 3118602190478 6681 
CLU_2951 3118602190389 7245 
CLU_2951 3118607110316 8227 
CLU_2951 3118602220261 5277 
CLU_2951 3118602190397 7104 
CLU_2951 3118602190176 5161 
CLU_2951 3118602191059 4729 
CLU_2951 3118602191040 5477 
CLU_2951 3118602190451 9026 
CLU_2951 3118602190206 9436 
CLU_2951 3118602190524 10455 
CLU_2951 3118602190400 8626 
CLU_2951 3118602190966 10283 
CLU_2951 3118602190877 9436 
CLU_2951 3118602190826 13813 
CLU_2951 3118602190729 16392 
CLU_2951 3118602190656 16392 
CLU_2951 3118602190834 16174 
CLU_2951 3118602190710 16027 
CLU_2951 3118602190796 16317 
CLU_2951 3118602190648 16659 
CLU_2951 3118602190818 13286 
CLU_2951 3118602190885 7833 
CLU_2951 3118607053355 10283 
CLU_2951 3118602190192 6152 
CLU_2951 3118602190214 5723 
CLU_2951 3118602190680 6400 
CLU_2951 3118602190753 5488 
CLU_2951 3118602190141 7177 
CLU_2951 3118602220245 3595 
CLU_2951 3118602190788 1338 
CLU_2951 CLU_2943 1190 
CLU_2951 CLU_2961 3384 
CLU_2951 CLU_2970 4418 
CLU_2951 CLU_2971 4456 
CLU_2951 CLU_3051 6206 
CLU_2951 CLU_3055 6198 
CLU_2951 CLU_3060 6493 
CLU_2951 CLU_3084 9602 
CLU_2951 CLU_3086 15195 
CLU_2951 CLU_3087 15803 
CLU_2951 CLU_3098 15350 
CLU_2951 CLU_3108 11320 
CLU_2951 CLU_3114 12666 
CLU_2951 CLU_3121 3170 
CLU_2951 CLU_3128 5702 
CLU_2951 CLU_3141 6682 
CLU_2951 CLU_3143 5604 
CLU_2951 CLU_3160 5928 
CLU_2951 CLU_3166 5297 
CLU_2951 CLU_3176 5199 
CLU_2951 CLU_3200 2764 
CLU_2951 CLU_3214 1065 
CLU_2951 CLU_7923 9076 
CLU_2952 3118602190990 3436 
CLU_2952 3118602191229 3203 
CLU_2952 3118602190591 2359 
CLU_2952 3118602190567 415 
CLU_2952 3118602190532 834 
CLU_2952 3118602190494 1459 
CLU_2952 3118602190869 1847 
CLU_2952 3118602190605 2945 
CLU_2952 3118602190109 3235 
CLU_2952 3118607116306 3382 
CLU_2952 3118602190931 3072 
CLU_2952 3118602190923 4526 
CLU_2952 3118602190893 5414 
CLU_2952 3118602190486 3848 
CLU_2952 3118602190915 5865 
CLU_2952 3118602190222 4609 
CLU_2952 3118604696077 6244 
CLU_2952 3118602191024 7385 
CLU_2952 3118602190478 7921 
CLU_2952 3118602190389 8382 
CLU_2952 3118607110316 8687 
CLU_2952 3118602220261 6338 
CLU_2952 3118602190397 7944 
CLU_2952 3118602190176 5397 
CLU_2952 3118602191059 5936 
CLU_2952 3118602191040 7267 
CLU_2952 3118602190451 10291 
CLU_2952 3118602190206 10612 
CLU_2952 3118602190524 11503 
CLU_2952 3118602190400 9725 
CLU_2952 3118602190966 11059 
CLU_2952 3118602190877 10612 
CLU_2952 3118602190826 13195 
CLU_2952 3118602190729 15313 
CLU_2952 3118602190656 15313 
CLU_2952 3118602190834 15175 
CLU_2952 3118602190710 14711 
CLU_2952 3118602190796 15097 
CLU_2952 3118602190648 15493 
CLU_2952 3118602190818 12593 
CLU_2952 3118602190885 6846 
CLU_2952 3118607053355 11059 
CLU_2952 3118602190192 8958 
CLU_2952 3118602190214 8556 
CLU_2952 3118602190680 9194 
CLU_2952 3118602190753 7777 
CLU_2952 3118602190141 9867 
CLU_2952 3118602220245 6321 
CLU_2952 3118602190788 3436 
CLU_2952 CLU_2943 1741 
CLU_2952 CLU_2961 1113 
CLU_2952 CLU_2970 1719 
CLU_2952 CLU_2971 1643 
CLU_2952 CLU_3051 7385 
CLU_2952 CLU_3055 6402 
CLU_2952 CLU_3060 6432 
CLU_2952 CLU_3084 10556 
CLU_2952 CLU_3086 14369 
CLU_2952 CLU_3087 14877 
CLU_2952 CLU_3098 14230 
CLU_2952 CLU_3108 9547 
CLU_2952 CLU_3114 12499 
CLU_2952 CLU_3121 5977 
CLU_2952 CLU_3128 8420 
CLU_2952 CLU_3141 9515 
CLU_2952 CLU_3143 8427 
CLU_2952 CLU_3160 8726 
CLU_2952 CLU_3166 7860 
CLU_2952 CLU_3176 7917 
CLU_2952 CLU_3200 5539 
CLU_2952 CLU_3214 3853 
CLU_2952 CLU_7923 7672 
CLU_2953 3118602190990 3666 
CLU_2953 3118602191229 3508 
CLU_2953 3118602190591 2635 
CLU_2953 3118602190567 562 
CLU_2953 3118602190532 433 
CLU_2953 3118602190494 1413 
CLU_2953 3118602190869 1359 
CLU_2953 3118602190605 2422 
CLU_2953 3118602190109 2838 
CLU_2953 3118607116306 2971 
CLU_2953 3118602190931 2645 
CLU_2953 3118602190923 3981 
CLU_2953 3118602190893 4941 
CLU_2953 3118602190486 3268 
CLU_2953 3118602190915 5359 
CLU_2953 3118602190222 4149 
CLU_2953 3118604696077 6049 
CLU_2953 3118602191024 7255 
CLU_2953 3118602190478 7795 
CLU_2953 3118602190389 8227 
CLU_2953 3118607110316 8394 
CLU_2953 3118602220261 6206 
CLU_2953 3118602190397 7735 
CLU_2953 3118602190176 5127 
CLU_2953 3118602191059 5847 
CLU_2953 3118602191040 7278 
CLU_2953 3118602190451 10143 
CLU_2953 3118602190206 10441 
CLU_2953 3118602190524 11299 
CLU_2953 3118602190400 9546 
CLU_2953 3118602190966 10803 
CLU_2953 3118602190877 10441 
CLU_2953 3118602190826 12700 
CLU_2953 3118602190729 14762 
CLU_2953 3118602190656 14762 
CLU_2953 3118602190834 14632 
CLU_2953 3118602190710 14140 
CLU_2953 3118602190796 14533 
CLU_2953 3118602190648 14934 
CLU_2953 3118602190818 12090 
CLU_2953 3118602190885 6338 
CLU_2953 3118607053355 10803 
CLU_2953 3118602190192 9404 
CLU_2953 3118602190214 8966 
CLU_2953 3118602190680 9526 
CLU_2953 3118602190753 7911 
CLU_2953 3118602190141 10131 
CLU_2953 3118602220245 6625 
CLU_2953 3118602190788 3666 
CLU_2953 CLU_2943 2090 
CLU_2953 CLU_2961 587 
CLU_2953 CLU_2970 1179 
CLU_2953 CLU_2971 1231 
CLU_2953 CLU_3051 7255 
CLU_2953 CLU_3055 6098 
CLU_2953 CLU_3060 6079 
CLU_2953 CLU_3084 10339 
CLU_2953 CLU_3086 13846 
CLU_2953 CLU_3087 14342 
CLU_2953 CLU_3098 13677 
CLU_2953 CLU_3108 8954 
CLU_2953 CLU_3114 12070 
CLU_2953 CLU_3121 6421 
CLU_2953 CLU_3128 8909 
CLU_2953 CLU_3141 9897 
CLU_2953 CLU_3143 8792 
CLU_2953 CLU_3160 9063 
CLU_2953 CLU_3166 8082 
CLU_2953 CLU_3176 8205 
CLU_2953 CLU_3200 5878 
CLU_2953 CLU_3214 4301 
CLU_2953 CLU_7923 7110 
CLU_2954 3118602190990 3507 
CLU_2954 3118602191229 3234 
CLU_2954 3118602190591 2420 
CLU_2954 3118602190567 681 
CLU_2954 3118602190532 1020 
CLU_2954 3118602190494 1421 
CLU_2954 3118602190869 2146 
CLU_2954 3118602190605 3243 
CLU_2954 3118602190109 3524 
CLU_2954 3118607116306 3485 
CLU_2954 3118602190931 3187 
CLU_2954 3118602190923 4714 
CLU_2954 3118602190893 5545 
CLU_2954 3118602190486 4072 
CLU_2954 3118602190915 6018 
CLU_2954 3118602190222 4735 
CLU_2954 3118604696077 6479 
CLU_2954 3118602191024 7596 
CLU_2954 3118602190478 8130 
CLU_2954 3118602190389 8601 
CLU_2954 3118607110316 8948 
CLU_2954 3118602220261 6551 
CLU_2954 3118602190397 8181 
CLU_2954 3118602190176 5656 
CLU_2954 3118602191059 6136 
CLU_2954 3118602191040 7425 
CLU_2954 3118602190451 10506 
CLU_2954 3118602190206 10834 
CLU_2954 3118602190524 11737 
CLU_2954 3118602190400 9950 
CLU_2954 3118602190966 11309 
CLU_2954 3118602190877 10834 
CLU_2954 3118602190826 13493 
CLU_2954 3118602190729 15609 
CLU_2954 3118602190656 15609 
CLU_2954 3118602190834 15472 
CLU_2954 3118602190710 15003 
CLU_2954 3118602190796 15391 
CLU_2954 3118602190648 15788 
CLU_2954 3118602190818 12891 
CLU_2954 3118602190885 7144 
CLU_2954 3118607053355 11309 
CLU_2954 3118602190192 8874 
CLU_2954 3118602190214 8497 
CLU_2954 3118602190680 9185 
CLU_2954 3118602190753 7878 
CLU_2954 3118602190141 9897 
CLU_2954 3118602220245 6334 
CLU_2954 3118602190788 3507 
CLU_2954 CLU_2943 1774 
CLU_2954 CLU_2961 1409 
CLU_2954 CLU_2970 1923 
CLU_2954 CLU_2971 1777 
CLU_2954 CLU_3051 7596 
CLU_2954 CLU_3055 6668 
CLU_2954 CLU_3060 6710 
CLU_2954 CLU_3084 10793 
CLU_2954 CLU_3086 14668 
CLU_2954 CLU_3087 15175 
CLU_2954 CLU_3098 14526 
CLU_2954 CLU_3108 9825 
CLU_2954 CLU_3114 12789 
CLU_2954 CLU_3121 5899 
CLU_2954 CLU_3128 8302 
CLU_2954 CLU_3141 9473 
CLU_2954 CLU_3143 8399 
CLU_2954 CLU_3160 8715 
CLU_2954 CLU_3166 7916 
CLU_2954 CLU_3176 7936 
CLU_2954 CLU_3200 5534 
CLU_2954 CLU_3214 3781 
CLU_2954 CLU_7923 7966 
CLU_2955 3118602190990 3148 
CLU_2955 3118602191229 2964 
CLU_2955 3118602190591 2096 
CLU_2955 3118602190567 0 
CLU_2955 3118602190532 959 
CLU_2955 3118602190494 1790 
CLU_2955 3118602190869 1525 
CLU_2955 3118602190605 2631 
CLU_2955 3118602190109 2848 
CLU_2955 3118607116306 3528 
CLU_2955 3118602190931 3204 
CLU_2955 3118602190923 4525 
CLU_2955 3118602190893 5503 
CLU_2955 3118602190486 3781 
CLU_2955 3118602190915 5917 
CLU_2955 3118602190222 4711 
CLU_2955 3118604696077 5830 
CLU_2955 3118602191024 6977 
CLU_2955 3118602190478 7514 
CLU_2955 3118602190389 7971 
CLU_2955 3118607110316 8274 
CLU_2955 3118602220261 5929 
CLU_2955 3118602190397 7529 
CLU_2955 3118602190176 4983 
CLU_2955 3118602191059 5534 
CLU_2955 3118602191040 6890 
CLU_2955 3118602190451 9882 
CLU_2955 3118602190206 10200 
CLU_2955 3118602190524 11089 
CLU_2955 3118602190400 9312 
CLU_2955 3118602190966 10644 
CLU_2955 3118602190877 10200 
CLU_2955 3118602190826 12840 
CLU_2955 3118602190729 15006 
CLU_2955 3118602190656 15006 
CLU_2955 3118602190834 14859 
CLU_2955 3118602190710 14432 
CLU_2955 3118602190796 14806 
CLU_2955 3118602190648 15196 
CLU_2955 3118602190818 12243 
CLU_2955 3118602190885 6505 
CLU_2955 3118607053355 10644 
CLU_2955 3118602190192 8842 
CLU_2955 3118602190214 8405 
CLU_2955 3118602190680 8979 
CLU_2955 3118602190753 7447 
CLU_2955 3118602190141 9606 
CLU_2955 3118602220245 6085 
CLU_2955 3118602190788 3148 
CLU_2955 CLU_2943 1531 
CLU_2955 CLU_2961 867 
CLU_2955 CLU_2970 1735 
CLU_2955 CLU_2971 1781 
CLU_2955 CLU_3051 6977 
CLU_2955 CLU_3055 5990 
CLU_2955 CLU_3060 6028 
CLU_2955 CLU_3084 10141 
CLU_2955 CLU_3086 14035 
CLU_2955 CLU_3087 14553 
CLU_2955 CLU_3098 13926 
CLU_2955 CLU_3108 9325 
CLU_2955 CLU_3114 12112 
CLU_2955 CLU_3121 5858 
CLU_2955 CLU_3128 8352 
CLU_2955 CLU_3141 9339 
CLU_2955 CLU_3143 8237 
CLU_2955 CLU_3160 8514 
CLU_2955 CLU_3166 7574 
CLU_2955 CLU_3176 7671 
CLU_2955 CLU_3200 5328 
CLU_2955 CLU_3214 3739 
CLU_2955 CLU_7923 7385 
CLU_2956 3118602190990 2927 
CLU_2956 3118602191229 2815 
CLU_2956 3118602190591 1939 
CLU_2956 3118602190567 467 
CLU_2956 3118602190532 1207 
CLU_2956 3118602190494 2160 
CLU_2956 3118602190869 1171 
CLU_2956 3118602190605 2263 
CLU_2956 3118602190109 2397 
CLU_2956 3118607116306 3673 
CLU_2956 3118602190931 3340 
CLU_2956 3118602190923 4496 
CLU_2956 3118602190893 5567 
CLU_2956 3118602190486 3685 
CLU_2956 3118602190915 5937 
CLU_2956 3118602190222 4795 
CLU_2956 3118604696077 5376 
CLU_2956 3118602191024 6541 
CLU_2956 3118602190478 7079 
CLU_2956 3118602190389 7529 
CLU_2956 3118607110316 7807 
CLU_2956 3118602220261 5493 
CLU_2956 3118602190397 7074 
CLU_2956 3118602190176 4517 
CLU_2956 3118602191059 5112 
CLU_2956 3118602191040 6512 
CLU_2956 3118602190451 9442 
CLU_2956 3118602190206 9754 
CLU_2956 3118602190524 10635 
CLU_2956 3118602190400 8863 
CLU_2956 3118602190966 10181 
CLU_2956 3118602190877 9754 
CLU_2956 3118602190826 12411 
CLU_2956 3118602190729 14620 
CLU_2956 3118602190656 14620 
CLU_2956 3118602190834 14464 
CLU_2956 3118602190710 14073 
CLU_2956 3118602190796 14436 
CLU_2956 3118602190648 14820 
CLU_2956 3118602190818 11819 
CLU_2956 3118602190885 6092 
CLU_2956 3118607053355 10181 
CLU_2956 3118602190192 8806 
CLU_2956 3118602190214 8329 
CLU_2956 3118602190680 8822 
CLU_2956 3118602190753 7138 
CLU_2956 3118602190141 9389 
CLU_2956 3118602220245 5911 
CLU_2956 3118602190788 2927 
CLU_2956 CLU_2943 1482 
CLU_2956 CLU_2961 711 
CLU_2956 CLU_2970 1798 
CLU_2956 CLU_2971 1969 
CLU_2956 CLU_3051 6541 
CLU_2956 CLU_3055 5523 
CLU_2956 CLU_3060 5562 
CLU_2956 CLU_3084 9684 
CLU_2956 CLU_3086 13623 
CLU_2956 CLU_3087 14151 
CLU_2956 CLU_3098 13544 
CLU_2956 CLU_3108 9029 
CLU_2956 CLU_3114 11657 
CLU_2956 CLU_3121 5832 
CLU_2956 CLU_3128 8374 
CLU_2956 CLU_3141 9230 
CLU_2956 CLU_3143 8113 
CLU_2956 CLU_3160 8363 
CLU_2956 CLU_3166 7327 
CLU_2956 CLU_3176 7478 
CLU_2956 CLU_3200 5189 
CLU_2956 CLU_3214 3738 
CLU_2956 CLU_7923 7024 
CLU_2957 3118602190990 2584 
CLU_2957 3118602191229 2433 
CLU_2957 3118602190591 1558 
CLU_2957 3118602190567 580 
CLU_2957 3118602190532 1509 
CLU_2957 3118602190494 2370 
CLU_2957 3118602190869 1536 
CLU_2957 3118602190605 2597 
CLU_2957 3118602190109 2600 
CLU_2957 3118607116306 4041 
CLU_2957 3118602190931 3711 
CLU_2957 3118602190923 4911 
CLU_2957 3118602190893 5965 
CLU_2957 3118602190486 4103 
CLU_2957 3118602190915 6345 
CLU_2957 3118602190222 5187 
CLU_2957 3118604696077 5347 
CLU_2957 3118602191024 6455 
CLU_2957 3118602190478 6989 
CLU_2957 3118602190389 7460 
CLU_2957 3118607110316 7853 
CLU_2957 3118602220261 5410 
CLU_2957 3118602190397 7050 
CLU_2957 3118602190176 4559 
CLU_2957 3118602191059 4997 
CLU_2957 3118602191040 6321 
CLU_2957 3118602190451 9365 
CLU_2957 3118602190206 9694 
CLU_2957 3118602190524 10601 
CLU_2957 3118602190400 8811 
CLU_2957 3118602190966 10190 
CLU_2957 3118602190877 9694 
CLU_2957 3118602190826 12636 
CLU_2957 3118602190729 14908 
CLU_2957 3118602190656 14908 
CLU_2957 3118602190834 14742 
CLU_2957 3118602190710 14390 
CLU_2957 3118602190796 14741 
CLU_2957 3118602190648 15119 
CLU_2957 3118602190818 12053 
CLU_2957 3118602190885 6352 
CLU_2957 3118607053355 10190 
CLU_2957 3118602190192 8396 
CLU_2957 3118602190214 7928 
CLU_2957 3118602190680 8450 
CLU_2957 3118602190753 6866 
CLU_2957 3118602190141 9048 
CLU_2957 3118602220245 5545 
CLU_2957 3118602190788 2584 
CLU_2957 CLU_2943 1066 
CLU_2957 CLU_2961 1128 
CLU_2957 CLU_2970 2188 
CLU_2957 CLU_2971 2312 
CLU_2957 CLU_3051 6455 
CLU_2957 CLU_3055 5588 
CLU_2957 CLU_3060 5672 
CLU_2957 CLU_3084 9661 
CLU_2957 CLU_3086 13878 
CLU_2957 CLU_3087 14420 
CLU_2957 CLU_3098 13836 
CLU_2957 CLU_3108 9394 
CLU_2957 CLU_3114 11817 
CLU_2957 CLU_3121 5419 
CLU_2957 CLU_3128 7957 
CLU_2957 CLU_3141 8839 
CLU_2957 CLU_3143 7727 
CLU_2957 CLU_3160 7988 
CLU_2957 CLU_3166 7005 
CLU_2957 CLU_3176 7122 
CLU_2957 CLU_3200 4807 
CLU_2957 CLU_3214 3321 
CLU_2957 CLU_7923 7344 
CLU_2958 3118602190990 2236 
CLU_2958 3118602191229 2192 
CLU_2958 3118602190591 1342 
CLU_2958 3118602190567 1109 
CLU_2958 3118602190532 1946 
CLU_2958 3118602190494 2883 
CLU_2958 3118602190869 1443 
CLU_2958 3118602190605 2371 
CLU_2958 3118602190109 2179 
CLU_2958 3118607116306 4373 
CLU_2958 3118602190931 4037 
CLU_2958 3118602190923 5063 
CLU_2958 3118602190893 6206 
CLU_2958 3118602190486 4193 
CLU_2958 3118602190915 6538 
CLU_2958 3118602190222 5453 
CLU_2958 3118604696077 4774 
CLU_2958 3118602191024 5883 
CLU_2958 3118602190478 6418 
CLU_2958 3118602190389 6887 
CLU_2958 3118607110316 7295 
CLU_2958 3118602220261 4838 
CLU_2958 3118602190397 6477 
CLU_2958 3118602190176 4004 
CLU_2958 3118602191059 4430 
CLU_2958 3118602191040 5786 
CLU_2958 3118602190451 8793 
CLU_2958 3118602190206 9121 
CLU_2958 3118602190524 10028 
CLU_2958 3118602190400 8238 
CLU_2958 3118602190966 9621 
CLU_2958 3118602190877 9121 
CLU_2958 3118602190826 12193 
CLU_2958 3118602190729 14541 
CLU_2958 3118602190656 14541 
CLU_2958 3118602190834 14361 
CLU_2958 3118602190710 14068 
CLU_2958 3118602190796 14400 
CLU_2958 3118602190648 14768 
CLU_2958 3118602190818 11620 
CLU_2958 3118602190885 5961 
CLU_2958 3118607053355 9621 
CLU_2958 3118602190192 8248 
CLU_2958 3118602190214 7732 
CLU_2958 3118602190680 8154 
CLU_2958 3118602190753 6399 
CLU_2958 3118602190141 8681 
CLU_2958 3118602220245 5236 
CLU_2958 3118602190788 2236 
CLU_2958 CLU_2943 1097 
CLU_2958 CLU_2961 1341 
CLU_2958 CLU_2970 2479 
CLU_2958 CLU_2971 2696 
CLU_2958 CLU_3051 5883 
CLU_2958 CLU_3055 5040 
CLU_2958 CLU_3060 5146 
CLU_2958 CLU_3084 9088 
CLU_2958 CLU_3086 13467 
CLU_2958 CLU_3087 14026 
CLU_2958 CLU_3098 13476 
CLU_2958 CLU_3108 9181 
CLU_2958 CLU_3114 11316 
CLU_2958 CLU_3121 5300 
CLU_2958 CLU_3128 7885 
CLU_2958 CLU_3141 8601 
CLU_2958 CLU_3143 7473 
CLU_2958 CLU_3160 7700 
CLU_2958 CLU_3166 6606 
CLU_2958 CLU_3176 6786 
CLU_2958 CLU_3200 4547 
CLU_2958 CLU_3214 3266 
CLU_2958 CLU_7923 7041 
CLU_2959 3118602190990 2976 
CLU_2959 3118602191229 2901 
CLU_2959 3118602190591 2032 
CLU_2959 3118602190567 664 
CLU_2959 3118602190532 1255 
CLU_2959 3118602190494 2253 
CLU_2959 3118602190869 953 
CLU_2959 3118602190605 2040 
CLU_2959 3118602190109 2185 
CLU_2959 3118607116306 3629 
CLU_2959 3118602190931 3293 
CLU_2959 3118602190923 4370 
CLU_2959 3118602190893 5478 
CLU_2959 3118602190486 3536 
CLU_2959 3118602190915 5828 
CLU_2959 3118602190222 4717 
CLU_2959 3118604696077 5232 
CLU_2959 3118602191024 6420 
CLU_2959 3118602190478 6960 
CLU_2959 3118602190389 7399 
CLU_2959 3118607110316 7632 
CLU_2959 3118602220261 5371 
CLU_2959 3118602190397 6925 
CLU_2959 3118602190176 4347 
CLU_2959 3118602191059 5007 
CLU_2959 3118602191040 6445 
CLU_2959 3118602190451 9313 
CLU_2959 3118602190206 9618 
CLU_2959 3118602190524 10488 
CLU_2959 3118602190400 8725 
CLU_2959 3118602190966 10018 
CLU_2959 3118602190877 9618 
CLU_2959 3118602190826 12190 
CLU_2959 3118602190729 14395 
CLU_2959 3118602190656 14395 
CLU_2959 3118602190834 14240 
CLU_2959 3118602190710 13849 
CLU_2959 3118602190796 14211 
CLU_2959 3118602190648 14595 
CLU_2959 3118602190818 11597 
CLU_2959 3118602190885 5868 
CLU_2959 3118607053355 10018 
CLU_2959 3118602190192 8926 
CLU_2959 3118602190214 8433 
CLU_2959 3118602190680 8889 
CLU_2959 3118602190753 7121 
CLU_2959 3118602190141 9425 
CLU_2959 3118602220245 5973 
CLU_2959 3118602190788 2976 
CLU_2959 CLU_2943 1629 
CLU_2959 CLU_2961 603 
CLU_2959 CLU_2970 1736 
CLU_2959 CLU_2971 1963 
CLU_2959 CLU_3051 6420 
CLU_2959 CLU_3055 5343 
CLU_2959 CLU_3060 5368 
CLU_2959 CLU_3084 9533 
CLU_2959 CLU_3086 13399 
CLU_2959 CLU_3087 13927 
CLU_2959 CLU_3098 13319 
CLU_2959 CLU_3108 8815 
CLU_2959 CLU_3114 11448 
CLU_2959 CLU_3121 5959 
CLU_2959 CLU_3128 8517 
CLU_2959 CLU_3141 9320 
CLU_2959 CLU_3143 8196 
CLU_2959 CLU_3160 8433 
CLU_2959 CLU_3166 7348 
CLU_2959 CLU_3176 7527 
CLU_2959 CLU_3200 5270 
CLU_2959 CLU_3214 3881 
CLU_2959 CLU_7923 6800 
CLU_2960 3118602190990 3441 
CLU_2960 3118602191229 3341 
CLU_2960 3118602190591 2465 
CLU_2960 3118602190567 634 
CLU_2960 3118602190532 803 
CLU_2960 3118602190494 1829 
CLU_2960 3118602190869 953 
CLU_2960 3118602190605 2046 
CLU_2960 3118602190109 2403 
CLU_2960 3118607116306 3157 
CLU_2960 3118602190931 2822 
CLU_2960 3118602190923 3982 
CLU_2960 3118602190893 5041 
CLU_2960 3118602190486 3192 
CLU_2960 3118602190915 5414 
CLU_2960 3118602190222 4269 
CLU_2960 3118604696077 5622 
CLU_2960 3118602191024 6842 
CLU_2960 3118602190478 7382 
CLU_2960 3118602190389 7807 
CLU_2960 3118607110316 7955 
CLU_2960 3118602220261 5794 
CLU_2960 3118602190397 7304 
CLU_2960 3118602190176 4690 
CLU_2960 3118602191059 5448 
CLU_2960 3118602191040 6912 
CLU_2960 3118602190451 9723 
CLU_2960 3118602190206 10016 
CLU_2960 3118602190524 10868 
CLU_2960 3118602190400 9120 
CLU_2960 3118602190966 10366 
CLU_2960 3118602190877 10016 
CLU_2960 3118602190826 12306 
CLU_2960 3118602190729 14415 
CLU_2960 3118602190656 14415 
CLU_2960 3118602190834 14276 
CLU_2960 3118602190710 13821 
CLU_2960 3118602190796 14202 
CLU_2960 3118602190648 14597 
CLU_2960 3118602190818 11701 
CLU_2960 3118602190885 5951 
CLU_2960 3118607053355 10366 
CLU_2960 3118602190192 9328 
CLU_2960 3118602190214 8855 
CLU_2960 3118602190680 9345 
CLU_2960 3118602190753 7603 
CLU_2960 3118602190141 9898 
CLU_2960 3118602220245 6432 
CLU_2960 3118602190788 3441 
CLU_2960 CLU_2943 1997 
CLU_2960 CLU_2961 233 
CLU_2960 CLU_2970 1273 
CLU_2960 CLU_2971 1481 
CLU_2960 CLU_3051 6842 
CLU_2960 CLU_3055 5659 
CLU_2960 CLU_3060 5641 
CLU_2960 CLU_3084 9906 
CLU_2960 CLU_3086 13472 
CLU_2960 CLU_3087 13978 
CLU_2960 CLU_3098 13333 
CLU_2960 CLU_3108 8693 
CLU_2960 CLU_3114 11647 
CLU_2960 CLU_3121 6351 
CLU_2960 CLU_3128 8883 
CLU_2960 CLU_3141 9757 
CLU_2960 CLU_3143 8639 
CLU_2960 CLU_3160 8887 
CLU_2960 CLU_3166 7826 
CLU_2960 CLU_3176 7994 
CLU_2960 CLU_3200 5715 
CLU_2960 CLU_3214 4250 
CLU_2960 CLU_7923 6778 
CLU_2961 3118602190990 3577 
CLU_2961 3118602191229 3503 
CLU_2961 3118602190591 2631 
CLU_2961 3118602190567 867 
CLU_2961 3118602190532 858 
CLU_2961 3118602190494 1891 
CLU_2961 3118602190869 772 
CLU_2961 3118602190605 1842 
CLU_2961 3118602190109 2268 
CLU_2961 3118607116306 3038 
CLU_2961 3118602190931 2701 
CLU_2961 3118602190923 3785 
CLU_2961 3118602190893 4876 
CLU_2961 3118602190486 2978 
CLU_2961 3118602190915 5232 
CLU_2961 3118602190222 4114 
CLU_2961 3118604696077 5568 
CLU_2961 3118602191024 6812 
CLU_2961 3118602190478 7353 
CLU_2961 3118602190389 7765 
CLU_2961 3118607110316 7852 
CLU_2961 3118602220261 5767 
CLU_2961 3118602190397 7240 
CLU_2961 3118602190176 4605 
CLU_2961 3118602191059 5440 
CLU_2961 3118602191040 6941 
CLU_2961 3118602190451 9680 
CLU_2961 3118602190206 9963 
CLU_2961 3118602190524 10800 
CLU_2961 3118602190400 9065 
CLU_2961 3118602190966 10278 
CLU_2961 3118602190877 9963 
CLU_2961 3118602190826 12115 
CLU_2961 3118602190729 14200 
CLU_2961 3118602190656 14200 
CLU_2961 3118602190834 14065 
CLU_2961 3118602190710 13598 
CLU_2961 3118602190796 13983 
CLU_2961 3118602190648 14379 
CLU_2961 3118602190818 11507 
CLU_2961 3118602190885 5755 
CLU_2961 3118607053355 10278 
CLU_2961 3118602190192 9515 
CLU_2961 3118602190214 9030 
CLU_2961 3118602190680 9492 
CLU_2961 3118602190753 7678 
CLU_2961 3118602190141 10019 
CLU_2961 3118602220245 6575 
CLU_2961 3118602190788 3577 
CLU_2961 CLU_2943 2194 
CLU_2961 CLU_2961 0 
CLU_2961 CLU_2970 1140 
CLU_2961 CLU_2971 1420 
CLU_2961 CLU_3051 6812 
CLU_2961 CLU_3055 5556 
CLU_2961 CLU_3060 5516 
CLU_2961 CLU_3084 9835 
CLU_2961 CLU_3086 13269 
CLU_2961 CLU_3087 13771 
CLU_2961 CLU_3098 13117 
CLU_2961 CLU_3108 8461 
CLU_2961 CLU_3114 11484 
CLU_2961 CLU_3121 6542 
CLU_2961 CLU_3128 9085 
CLU_2961 CLU_3141 9921 
CLU_2961 CLU_3143 8799 
CLU_2961 CLU_3160 9036 
CLU_2961 CLU_3166 7935 
CLU_2961 CLU_3176 8127 
CLU_2961 CLU_3200 5872 
CLU_2961 CLU_3214 4449 
CLU_2961 CLU_7923 6558 
CLU_2962 3118602190990 3156 
CLU_2962 3118602191229 3137 
CLU_2962 3118602190591 2286 
CLU_2962 3118602190567 1009 
CLU_2962 3118602190532 1361 
CLU_2962 3118602190494 2394 
CLU_2962 3118602190869 571 
CLU_2962 3118602190605 1654 
CLU_2962 3118602190109 1860 
CLU_2962 3118607116306 3519 
CLU_2962 3118602190931 3182 
CLU_2962 3118602190923 4118 
CLU_2962 3118602190893 5282 
CLU_2962 3118602190486 3248 
CLU_2962 3118602190915 5598 
CLU_2962 3118602190222 4543 
CLU_2962 3118604696077 5055 
CLU_2962 3118602191024 6288 
CLU_2962 3118602190478 6828 
CLU_2962 3118602190389 7246 
CLU_2962 3118607110316 7385 
CLU_2962 3118602220261 5241 
CLU_2962 3118602190397 6735 
CLU_2962 3118602190176 4118 
CLU_2962 3118602191059 4910 
CLU_2962 3118602191040 6413 
CLU_2962 3118602190451 9161 
CLU_2962 3118602190206 9450 
CLU_2962 3118602190524 10298 
CLU_2962 3118602190400 8553 
CLU_2962 3118602190966 9794 
CLU_2962 3118602190877 9450 
CLU_2962 3118602190826 11831 
CLU_2962 3118602190729 14014 
CLU_2962 3118602190656 14014 
CLU_2962 3118602190834 13862 
CLU_2962 3118602190710 13464 
CLU_2962 3118602190796 13827 
CLU_2962 3118602190648 14213 
CLU_2962 3118602190818 11234 
CLU_2962 3118602190885 5498 
CLU_2962 3118607053355 9794 
CLU_2962 3118602190192 9194 
CLU_2962 3118602190214 8677 
CLU_2962 3118602190680 9076 
CLU_2962 3118602190753 7175 
CLU_2962 3118602190141 9561 
CLU_2962 3118602220245 6157 
CLU_2962 3118602190788 3156 
CLU_2962 CLU_2943 1954 
CLU_2962 CLU_2961 530 
CLU_2962 CLU_2970 1628 
CLU_2962 CLU_2971 1947 
CLU_2962 CLU_3051 6288 
CLU_2962 CLU_3055 5090 
CLU_2962 CLU_3060 5082 
CLU_2962 CLU_3084 9335 
CLU_2962 CLU_3086 13029 
CLU_2962 CLU_3087 13552 
CLU_2962 CLU_3098 12937 
CLU_2962 CLU_3108 8432 
CLU_2962 CLU_3114 11121 
CLU_2962 CLU_3121 6241 
CLU_2962 CLU_3128 8817 
CLU_2962 CLU_3141 9541 
CLU_2962 CLU_3143 8409 
CLU_2962 CLU_3160 8625 
CLU_2962 CLU_3166 7464 
CLU_2962 CLU_3176 7690 
CLU_2962 CLU_3200 5485 
CLU_2962 CLU_3214 4186 
CLU_2962 CLU_7923 6415 
CLU_2963 3118602190990 2539 
CLU_2963 3118602191229 2550 
CLU_2963 3118602190591 1726 
CLU_2963 3118602190567 1179 
CLU_2963 3118602190532 1851 
CLU_2963 3118602190494 2851 
CLU_2963 3118602190869 1051 
CLU_2963 3118602190605 1954 
CLU_2963 3118602190109 1818 
CLU_2963 3118607116306 4139 
CLU_2963 3118602190931 3802 
CLU_2963 3118602190923 4721 
CLU_2963 3118602190893 5905 
CLU_2963 3118602190486 3830 
CLU_2963 3118602190915 6211 
CLU_2963 3118602190222 5169 
CLU_2963 3118604696077 4655 
CLU_2963 3118602191024 5827 
CLU_2963 3118602190478 6366 
CLU_2963 3118602190389 6810 
CLU_2963 3118607110316 7101 
CLU_2963 3118602220261 4778 
CLU_2963 3118602190397 6353 
CLU_2963 3118602190176 3808 
CLU_2963 3118602191059 4409 
CLU_2963 3118602191040 5853 
CLU_2963 3118602190451 8724 
CLU_2963 3118602190206 9034 
CLU_2963 3118602190524 9914 
CLU_2963 3118602190400 8143 
CLU_2963 3118602190966 9465 
CLU_2963 3118602190877 9034 
CLU_2963 3118602190826 11851 
CLU_2963 3118602190729 14159 
CLU_2963 3118602190656 14159 
CLU_2963 3118602190834 13986 
CLU_2963 3118602190710 13671 
CLU_2963 3118602190796 14010 
CLU_2963 3118602190648 14381 
CLU_2963 3118602190818 11272 
CLU_2963 3118602190885 5588 
CLU_2963 3118607053355 9465 
CLU_2963 3118602190192 8618 
CLU_2963 3118602190214 8084 
CLU_2963 3118602190680 8456 
CLU_2963 3118602190753 6565 
CLU_2963 3118602190141 8935 
CLU_2963 3118602220245 5537 
CLU_2963 3118602190788 2539 
CLU_2963 CLU_2943 1513 
CLU_2963 CLU_2961 1113 
CLU_2963 CLU_2970 2243 
CLU_2963 CLU_2971 2526 
CLU_2963 CLU_3051 5827 
CLU_2963 CLU_3055 4823 
CLU_2963 CLU_3060 4888 
CLU_2963 CLU_3084 8963 
CLU_2963 CLU_3086 13106 
CLU_2963 CLU_3087 13656 
CLU_2963 CLU_3098 13092 
CLU_2963 CLU_3108 8765 
CLU_2963 CLU_3114 11024 
CLU_2963 CLU_3121 5683 
CLU_2963 CLU_3128 8277 
CLU_2963 CLU_3141 8933 
CLU_2963 CLU_3143 7799 
CLU_2963 CLU_3160 8007 
CLU_2963 CLU_3166 6839 
CLU_2963 CLU_3176 7065 
CLU_2963 CLU_3200 4878 
CLU_2963 CLU_3214 3669 
CLU_2963 CLU_7923 6638 
CLU_2964 3118602190990 3561 
CLU_2964 3118602191229 3600 
CLU_2964 3118602190591 2776 
CLU_2964 3118602190567 1525 
CLU_2964 3118602190532 1593 
CLU_2964 3118602190494 2604 
CLU_2964 3118602190869 0 
CLU_2964 3118602190605 1106 
CLU_2964 3118602190109 1522 
CLU_2964 3118607116306 3327 
CLU_2964 3118602190931 2995 
CLU_2964 3118602190923 3703 
CLU_2964 3118602190893 4941 
CLU_2964 3118602190486 2790 
CLU_2964 3118602190915 5206 
CLU_2964 3118602190222 4239 
CLU_2964 3118604696077 4941 
CLU_2964 3118602191024 6234 
CLU_2964 3118602190478 6773 
CLU_2964 3118602190389 7155 
CLU_2964 3118607110316 7134 
CLU_2964 3118602220261 5200 
CLU_2964 3118602190397 6585 
CLU_2964 3118602190176 3924 
CLU_2964 3118602191059 4925 
CLU_2964 3118602191040 6513 
CLU_2964 3118602190451 9064 
CLU_2964 3118602190206 9328 
CLU_2964 3118602190524 10135 
CLU_2964 3118602190400 8426 
CLU_2964 3118602190966 9577 
CLU_2964 3118602190877 9328 
CLU_2964 3118602190826 11353 
CLU_2964 3118602190729 13481 
CLU_2964 3118602190656 13481 
CLU_2964 3118602190834 13336 
CLU_2964 3118602190710 12912 
CLU_2964 3118602190796 13282 
CLU_2964 3118602190648 13671 
CLU_2964 3118602190818 10747 
CLU_2964 3118602190885 4999 
CLU_2964 3118607053355 9577 
CLU_2964 3118602190192 9669 
CLU_2964 3118602190214 9127 
CLU_2964 3118602190680 9457 
CLU_2964 3118602190753 7390 
CLU_2964 3118602190141 9879 
CLU_2964 3118602220245 6544 
CLU_2964 3118602190788 3561 
CLU_2964 CLU_2943 2502 
CLU_2964 CLU_2961 772 
CLU_2964 CLU_2970 1526 
CLU_2964 CLU_2971 1958 
CLU_2964 CLU_3051 6234 
CLU_2964 CLU_3055 4840 
CLU_2964 CLU_3060 4771 
CLU_2964 CLU_3084 9163 
CLU_2964 CLU_3086 12522 
CLU_2964 CLU_3087 13033 
CLU_2964 CLU_3098 12401 
CLU_2964 CLU_3108 7861 
CLU_2964 CLU_3114 10712 
CLU_2964 CLU_3121 6734 
CLU_2964 CLU_3128 9327 
CLU_2964 CLU_3141 9962 
CLU_2964 CLU_3143 8824 
CLU_2964 CLU_3160 9015 
CLU_2964 CLU_3166 7761 
CLU_2964 CLU_3176 8044 
CLU_2964 CLU_3200 5910 
CLU_2964 CLU_3214 4709 
CLU_2964 CLU_7923 5863 
CLU_2965 3118602190990 4659 
CLU_2965 3118602191229 4419 
CLU_2965 3118602190591 3581 
CLU_2965 3118602190567 1548 
CLU_2965 3118602190532 816 
CLU_2965 3118602190494 242 
CLU_2965 3118602190869 2403 
CLU_2965 3118602190605 3335 
CLU_2965 3118602190109 3925 
CLU_2965 3118607116306 2383 
CLU_2965 3118602190931 2120 
CLU_2965 3118602190923 3828 
CLU_2965 3118602190893 4476 
CLU_2965 3118602190486 3369 
CLU_2965 3118602190915 5001 
CLU_2965 3118602190222 3663 
CLU_2965 3118604696077 7222 
CLU_2965 3118602191024 8434 
CLU_2965 3118602190478 8973 
CLU_2965 3118602190389 9405 
CLU_2965 3118607110316 9525 
CLU_2965 3118602220261 7385 
CLU_2965 3118602190397 8903 
CLU_2965 3118602190176 6279 
CLU_2965 3118602191059 7023 
CLU_2965 3118602191040 8428 
CLU_2965 3118602190451 11320 
CLU_2965 3118602190206 11616 
CLU_2965 3118602190524 12466 
CLU_2965 3118602190400 10720 
CLU_2965 3118602190966 11952 
CLU_2965 3118602190877 11616 
CLU_2965 3118602190826 13563 
CLU_2965 3118602190729 15448 
CLU_2965 3118602190656 15448 
CLU_2965 3118602190834 15349 
CLU_2965 3118602190710 14735 
CLU_2965 3118602190796 15165 
CLU_2965 3118602190648 15584 
CLU_2965 3118602190818 12936 
CLU_2965 3118602190885 7202 
CLU_2965 3118607053355 11952 
CLU_2965 3118602190192 10052 
CLU_2965 3118602190214 9692 
CLU_2965 3118602190680 10387 
CLU_2965 3118602190753 8991 
CLU_2965 3118602190141 11084 
CLU_2965 3118602220245 7529 
CLU_2965 3118602190788 4659 
CLU_2965 CLU_2943 2954 
CLU_2965 CLU_2961 1674 
CLU_2965 CLU_2970 1333 
CLU_2965 CLU_2971 910 
CLU_2965 CLU_3051 8434 
CLU_2965 CLU_3055 7229 
CLU_2965 CLU_3060 7174 
CLU_2965 CLU_3084 11503 
CLU_2965 CLU_3086 14632 
CLU_2965 CLU_3087 15089 
CLU_2965 CLU_3098 14357 
CLU_2965 CLU_3108 9396 
CLU_2965 CLU_3114 13058 
CLU_2965 CLU_3121 7085 
CLU_2965 CLU_3128 9447 
CLU_2965 CLU_3141 10674 
CLU_2965 CLU_3143 9601 
CLU_2965 CLU_3160 9917 
CLU_2965 CLU_3166 9083 
CLU_2965 CLU_3176 9129 
CLU_2965 CLU_3200 6735 
CLU_2965 CLU_3214 4973 
CLU_2965 CLU_7923 7785 
CLU_2966 3118602190990 3955 
CLU_2966 3118602191229 3713 
CLU_2966 3118602190591 2875 
CLU_2966 3118602190567 881 
CLU_2966 3118602190532 607 
CLU_2966 3118602190494 940 
CLU_2966 3118602190869 2051 
CLU_2966 3118602190605 3098 
CLU_2966 3118602190109 3528 
CLU_2966 3118607116306 2962 
CLU_2966 3118602190931 2668 
CLU_2966 3118602190923 4236 
CLU_2966 3118602190893 5029 
CLU_2966 3118602190486 3641 
CLU_2966 3118602190915 5512 
CLU_2966 3118602190222 4217 
CLU_2966 3118604696077 6675 
CLU_2966 3118602191024 7846 
CLU_2966 3118602190478 8383 
CLU_2966 3118602190389 8833 
CLU_2966 3118607110316 9063 
CLU_2966 3118602220261 6797 
CLU_2966 3118602190397 8369 
CLU_2966 3118602190176 5786 
CLU_2966 3118602191059 6411 
CLU_2966 3118602191040 7771 
CLU_2966 3118602190451 10746 
CLU_2966 3118602190206 11057 
CLU_2966 3118602190524 11933 
CLU_2966 3118602190400 10166 
CLU_2966 3118602190966 11460 
CLU_2966 3118602190877 11057 
CLU_2966 3118602190826 13380 
CLU_2966 3118602190729 15401 
CLU_2966 3118602190656 15401 
CLU_2966 3118602190834 15280 
CLU_2966 3118602190710 14752 
CLU_2966 3118602190796 15157 
CLU_2966 3118602190648 15563 
CLU_2966 3118602190818 12766 
CLU_2966 3118602190885 7014 
CLU_2966 3118607053355 11460 
CLU_2966 3118602190192 9399 
CLU_2966 3118602190214 9018 
CLU_2966 3118602190680 9690 
CLU_2966 3118602190753 8297 
CLU_2966 3118602190141 10379 
CLU_2966 3118602220245 6826 
CLU_2966 3118602190788 3955 
CLU_2966 CLU_2943 2249 
CLU_2966 CLU_2961 1278 
CLU_2966 CLU_2970 1485 
CLU_2966 CLU_2971 1273 
CLU_2966 CLU_3051 7846 
CLU_2966 CLU_3055 6770 
CLU_2966 CLU_3060 6764 
CLU_2966 CLU_3084 10978 
CLU_2966 CLU_3086 14511 
CLU_2966 CLU_3087 14998 
CLU_2966 CLU_3098 14314 
CLU_2966 CLU_3108 9507 
CLU_2966 CLU_3114 12763 
CLU_2966 CLU_3121 6423 
CLU_2966 CLU_3128 8826 
CLU_2966 CLU_3141 9990 
CLU_2966 CLU_3143 8911 
CLU_2966 CLU_3160 9220 
CLU_2966 CLU_3166 8378 
CLU_2966 CLU_3176 8424 
CLU_2966 CLU_3200 6036 
CLU_2966 CLU_3214 4304 
CLU_2966 CLU_7923 7739 
CLU_2967 3118602190990 3974 
CLU_2967 3118602191229 3714 
CLU_2967 3118602190591 2890 
CLU_2967 3118602190567 964 
CLU_2967 3118602190532 761 
CLU_2967 3118602190494 937 
CLU_2967 3118602190869 2200 
CLU_2967 3118602190605 3254 
CLU_2967 3118602190109 3668 
CLU_2967 3118607116306 3043 
CLU_2967 3118602190931 2756 
CLU_2967 3118602190923 4357 
CLU_2967 3118602190893 5120 
CLU_2967 3118602190486 3781 
CLU_2967 3118602190915 5615 
CLU_2967 3118602190222 4307 
CLU_2967 3118604696077 6783 
CLU_2967 3118602191024 7941 
CLU_2967 3118602190478 8478 
CLU_2967 3118602190389 8933 
CLU_2967 3118607110316 9189 
CLU_2967 3118602220261 6893 
CLU_2967 3118602190397 8480 
CLU_2967 3118602190176 5908 
CLU_2967 3118602191059 6498 
CLU_2967 3118602191040 7836 
CLU_2967 3118602190451 10845 
CLU_2967 3118602190206 11160 
CLU_2967 3118602190524 12042 
CLU_2967 3118602190400 10270 
CLU_2967 3118602190966 11579 
CLU_2967 3118602190877 11160 
CLU_2967 3118602190826 13535 
CLU_2967 3118602190729 15560 
CLU_2967 3118602190656 15560 
CLU_2967 3118602190834 15438 
CLU_2967 3118602190710 14910 
CLU_2967 3118602190796 15315 
CLU_2967 3118602190648 15721 
CLU_2967 3118602190818 12922 
CLU_2967 3118602190885 7170 
CLU_2967 3118607053355 11579 
CLU_2967 3118602190192 9341 
CLU_2967 3118602190214 8974 
CLU_2967 3118602190680 9670 
CLU_2967 3118602190753 8333 
CLU_2967 3118602190141 10378 
CLU_2967 3118602220245 6817 
CLU_2967 3118602190788 3974 
CLU_2967 CLU_2943 2251 
CLU_2967 CLU_2961 1428 
CLU_2967 CLU_2970 1628 
CLU_2967 CLU_2971 1385 
CLU_2967 CLU_3051 7941 
CLU_2967 CLU_3055 6898 
CLU_2967 CLU_3060 6900 
CLU_2967 CLU_3084 11090 
CLU_2967 CLU_3086 14668 
CLU_2967 CLU_3087 15156 
CLU_2967 CLU_3098 14473 
CLU_2967 CLU_3108 9662 
CLU_2967 CLU_3114 12910 
CLU_2967 CLU_3121 6371 
CLU_2967 CLU_3128 8752 
CLU_2967 CLU_3141 9954 
CLU_2967 CLU_3143 8882 
CLU_2967 CLU_3160 9199 
CLU_2967 CLU_3166 8390 
CLU_2967 CLU_3176 8418 
CLU_2967 CLU_3200 6019 
CLU_2967 CLU_3214 4256 
CLU_2967 CLU_7923 7898 
CLU_2968 3118602190990 4368 
CLU_2968 3118602191229 4180 
CLU_2968 3118602190591 3317 
CLU_2968 3118602190567 1221 
CLU_2968 3118602190532 305 
CLU_2968 3118602190494 747 
CLU_2968 3118602190869 1858 
CLU_2968 3118602190605 2789 
CLU_2968 3118602190109 3381 
CLU_2968 3118607116306 2365 
CLU_2968 3118602190931 2059 
CLU_2968 3118602190923 3603 
CLU_2968 3118602190893 4411 
CLU_2968 3118602190486 3031 
CLU_2968 3118602190915 4884 
CLU_2968 3118602190222 3603 
CLU_2968 3118604696077 6714 
CLU_2968 3118602191024 7947 
CLU_2968 3118602190478 8487 
CLU_2968 3118602190389 8907 
CLU_2968 3118607110316 8987 
CLU_2968 3118602220261 6900 
CLU_2968 3118602190397 8388 
CLU_2968 3118602190176 5751 
CLU_2968 3118602191059 6555 
CLU_2968 3118602191040 8005 
CLU_2968 3118602190451 10823 
CLU_2968 3118602190206 11110 
CLU_2968 3118602190524 11949 
CLU_2968 3118602190400 10212 
CLU_2968 3118602190966 11421 
CLU_2968 3118602190877 11110 
CLU_2968 3118602190826 13032 
CLU_2968 3118602190729 14956 
CLU_2968 3118602190656 14956 
CLU_2968 3118602190834 14849 
CLU_2968 3118602190710 14267 
CLU_2968 3118602190796 14686 
CLU_2968 3118602190648 15101 
CLU_2968 3118602190818 12407 
CLU_2968 3118602190885 6667 
CLU_2968 3118607053355 11421 
CLU_2968 3118602190192 9976 
CLU_2968 3118602190214 9573 
CLU_2968 3118602190680 10190 
CLU_2968 3118602190753 8639 
CLU_2968 3118602190141 10828 
CLU_2968 3118602220245 7302 
CLU_2968 3118602190788 4368 
CLU_2968 CLU_2943 2731 
CLU_2968 CLU_2961 1148 
CLU_2968 CLU_2970 892 
CLU_2968 CLU_2971 642 
CLU_2968 CLU_3051 7947 
CLU_2968 CLU_3055 6692 
CLU_2968 CLU_3060 6629 
CLU_2968 CLU_3084 10983 
CLU_2968 CLU_3086 14116 
CLU_2968 CLU_3087 14581 
CLU_2968 CLU_3098 13866 
CLU_2968 CLU_3108 8969 
CLU_2968 CLU_3114 12510 
CLU_2968 CLU_3121 6995 
CLU_2968 CLU_3128 9428 
CLU_2968 CLU_3141 10527 
CLU_2968 CLU_3143 9434 
CLU_2968 CLU_3160 9723 
CLU_2968 CLU_3166 8793 
CLU_2968 CLU_3176 8891 
CLU_2968 CLU_3200 6536 
CLU_2968 CLU_3214 4871 
CLU_2968 CLU_7923 7289 
CLU_2969 3118602190990 4093 
CLU_2969 3118602191229 3923 
CLU_2969 3118602190591 3053 
CLU_2969 3118602190567 959 
CLU_2969 3118602190532 0 
CLU_2969 3118602190494 1034 
CLU_2969 3118602190869 1593 
CLU_2969 3118602190605 2573 
CLU_2969 3118602190109 3112 
CLU_2969 3118607116306 2576 
CLU_2969 3118602190931 2257 
CLU_2969 3118602190923 3698 
CLU_2969 3118602190893 4585 
CLU_2969 3118602190486 3057 
CLU_2969 3118602190915 5030 
CLU_2969 3118602190222 3783 
CLU_2969 3118604696077 6416 
CLU_2969 3118602191024 7644 
CLU_2969 3118602190478 8184 
CLU_2969 3118602190389 8606 
CLU_2969 3118607110316 8709 
CLU_2969 3118602220261 6596 
CLU_2969 3118602190397 8093 
CLU_2969 3118602190176 5463 
CLU_2969 3118602191059 6250 
CLU_2969 3118602191040 7700 
CLU_2969 3118602190451 10522 
CLU_2969 3118602190206 10812 
CLU_2969 3118602190524 11655 
CLU_2969 3118602190400 9914 
CLU_2969 3118602190966 11136 
CLU_2969 3118602190877 10812 
CLU_2969 3118602190826 12842 
CLU_2969 3118602190729 14819 
CLU_2969 3118602190656 14819 
CLU_2969 3118602190834 14703 
CLU_2969 3118602190710 14156 
CLU_2969 3118602190796 14565 
CLU_2969 3118602190648 14974 
CLU_2969 3118602190818 12223 
CLU_2969 3118602190885 6475 
CLU_2969 3118607053355 11136 
CLU_2969 3118602190192 9773 
CLU_2969 3118602190214 9352 
CLU_2969 3118602190680 9939 
CLU_2969 3118602190753 8344 
CLU_2969 3118602190141 10557 
CLU_2969 3118602220245 7043 
CLU_2969 3118602190788 4093 
CLU_2969 CLU_2943 2487 
CLU_2969 CLU_2961 858 
CLU_2969 CLU_2970 903 
CLU_2969 CLU_2971 827 
CLU_2969 CLU_3051 7644 
CLU_2969 CLU_3055 6413 
CLU_2969 CLU_3060 6362 
CLU_2969 CLU_3084 10691 
CLU_2969 CLU_3086 13950 
CLU_2969 CLU_3087 14427 
CLU_2969 CLU_3098 13731 
CLU_2969 CLU_3108 8900 
CLU_2969 CLU_3114 12282 
CLU_2969 CLU_3121 6789 
CLU_2969 CLU_3128 9250 
CLU_2969 CLU_3141 10294 
CLU_2969 CLU_3143 9194 
CLU_2969 CLU_3160 9474 
CLU_2969 CLU_3166 8513 
CLU_2969 CLU_3176 8627 
CLU_2969 CLU_3200 6287 
CLU_2969 CLU_3214 4665 
CLU_2969 CLU_7923 7154 
CLU_2970 3118602190990 4711 
CLU_2970 3118602191229 4613 
CLU_2970 3118602190591 3737 
CLU_2970 3118602190567 1735 
CLU_2970 3118602190532 903 
CLU_2970 3118602190494 1431 
CLU_2970 3118602190869 1526 
CLU_2970 3118602190605 2176 
CLU_2970 3118602190109 2961 
CLU_2970 3118607116306 1898 
CLU_2970 3118602190931 1560 
CLU_2970 3118602190923 2808 
CLU_2970 3118602190893 3779 
CLU_2970 3118602190486 2157 
CLU_2970 3118602190915 4181 
CLU_2970 3118602190222 2999 
CLU_2970 3118604696077 6456 
CLU_2970 3118602191024 7760 
CLU_2970 3118602190478 8298 
CLU_2970 3118602190389 8673 
CLU_2970 3118607110316 8553 
CLU_2970 3118602220261 6727 
CLU_2970 3118602190397 8082 
CLU_2970 3118602190176 5409 
CLU_2970 3118602191059 6447 
CLU_2970 3118602191040 8009 
CLU_2970 3118602190451 10579 
CLU_2970 3118602190206 10833 
CLU_2970 3118602190524 11617 
CLU_2970 3118602190400 9930 
CLU_2970 3118602190966 11019 
CLU_2970 3118602190877 10833 
CLU_2970 3118602190826 12275 
CLU_2970 3118602190729 14117 
CLU_2970 3118602190656 14117 
CLU_2970 3118602190834 14021 
CLU_2970 3118602190710 13402 
CLU_2970 3118602190796 13831 
CLU_2970 3118602190648 14251 
CLU_2970 3118602190818 11642 
CLU_2970 3118602190885 5931 
CLU_2970 3118607053355 11019 
CLU_2970 3118602190192 10570 
CLU_2970 3118602190214 10115 
CLU_2970 3118602190680 10619 
CLU_2970 3118602190753 8803 
CLU_2970 3118602190141 11159 
CLU_2970 3118602220245 7705 
CLU_2970 3118602190788 4711 
CLU_2970 CLU_2943 3240 
CLU_2970 CLU_2961 1140 
CLU_2970 CLU_2970 0 
CLU_2970 CLU_2971 515 
CLU_2970 CLU_3051 7760 
CLU_2970 CLU_3055 6277 
CLU_2970 CLU_3060 6141 
CLU_2970 CLU_3084 10641 
CLU_2970 CLU_3086 13317 
CLU_2970 CLU_3087 13765 
CLU_2970 CLU_3098 13025 
CLU_2970 CLU_3108 8082 
CLU_2970 CLU_3114 11852 
CLU_2970 CLU_3121 7588 
CLU_2970 CLU_3128 10088 
CLU_2970 CLU_3141 11027 
CLU_2970 CLU_3143 9911 
CLU_2970 CLU_3160 10161 
CLU_2970 CLU_3166 9075 
CLU_2970 CLU_3176 9263 
CLU_2970 CLU_3200 6987 
CLU_2970 CLU_3214 5473 
CLU_2970 CLU_7923 6456 
CLU_2971 3118602190990 4890 
CLU_2971 3118602191229 4739 
CLU_2971 3118602190591 3867 
CLU_2971 3118602190567 1781 
CLU_2971 3118602190532 827 
CLU_2971 3118602190494 957 
CLU_2971 3118602190869 1958 
CLU_2971 3118602190605 2685 
CLU_2971 3118602190109 3437 
CLU_2971 3118607116306 1748 
CLU_2971 3118602190931 1431 
CLU_2971 3118602190923 2975 
CLU_2971 3118602190893 3773 
CLU_2971 3118602190486 2462 
CLU_2971 3118602190915 4241 
CLU_2971 3118602190222 2967 
CLU_2971 3118604696077 6899 
CLU_2971 3118602191024 8182 
CLU_2971 3118602190478 8722 
CLU_2971 3118602190389 9111 
CLU_2971 3118607110316 9043 
CLU_2971 3118602220261 7143 
CLU_2971 3118602190397 8541 
CLU_2971 3118602190176 5874 
CLU_2971 3118602191059 6840 
CLU_2971 3118602191040 8360 
CLU_2971 3118602190451 11022 
CLU_2971 3118602190206 11286 
CLU_2971 3118602190524 12086 
CLU_2971 3118602190400 10384 
CLU_2971 3118602190966 11504 
CLU_2971 3118602190877 11286 
CLU_2971 3118602190826 12780 
CLU_2971 3118602190729 14587 
CLU_2971 3118602190656 14587 
CLU_2971 3118602190834 14498 
CLU_2971 3118602190710 13850 
CLU_2971 3118602190796 14289 
CLU_2971 3118602190648 14712 
CLU_2971 3118602190818 12145 
CLU_2971 3118602190885 6441 
CLU_2971 3118607053355 11504 
CLU_2971 3118602190192 10597 
CLU_2971 3118602190214 10179 
CLU_2971 3118602190680 10757 
CLU_2971 3118602190753 9084 
CLU_2971 3118602190141 11355 
CLU_2971 3118602220245 7856 
CLU_2971 3118602190788 4890 
CLU_2971 CLU_2943 3312 
CLU_2971 CLU_2961 1420 
CLU_2971 CLU_2970 515 
CLU_2971 CLU_2971 0 
CLU_2971 CLU_3051 8182 
CLU_2971 CLU_3055 6761 
CLU_2971 CLU_3060 6639 
CLU_2971 CLU_3084 11112 
CLU_2971 CLU_3086 13808 
CLU_2971 CLU_3087 14249 
CLU_2971 CLU_3098 13495 
CLU_2971 CLU_3108 8492 
CLU_2971 CLU_3114 12367 
CLU_2971 CLU_3121 7614 
CLU_2971 CLU_3128 10062 
CLU_2971 CLU_3141 11120 
CLU_2971 CLU_3143 10019 
CLU_2971 CLU_3160 10294 
CLU_2971 CLU_3166 9296 
CLU_2971 CLU_3176 9434 
CLU_2971 CLU_3200 7108 
CLU_2971 CLU_3214 5490 
CLU_2971 CLU_7923 6934 
CLU_2972 3118602190990 4951 
CLU_2972 3118602191229 4751 
CLU_2972 3118602190591 3893 
CLU_2972 3118602190567 1803 
CLU_2972 3118602190532 886 
CLU_2972 3118602190494 480 
CLU_2972 3118602190869 2318 
CLU_2972 3118602190605 3132 
CLU_2972 3118602190109 3829 
CLU_2972 3118607116306 1896 
CLU_2972 3118602190931 1623 
CLU_2972 3118602190923 3326 
CLU_2972 3118602190893 3984 
CLU_2972 3118602190486 2899 
CLU_2972 3118602190915 4500 
CLU_2972 3118602190222 3170 
CLU_2972 3118604696077 7234 
CLU_2972 3118602191024 8489 
CLU_2972 3118602190478 9029 
CLU_2972 3118602190389 9437 
CLU_2972 3118607110316 9444 
CLU_2972 3118602220261 7443 
CLU_2972 3118602190397 8895 
CLU_2972 3118602190176 6241 
CLU_2972 3118602191059 7113 
CLU_2972 3118602191040 8582 
CLU_2972 3118602190451 11351 
CLU_2972 3118602190206 11629 
CLU_2972 3118602190524 12450 
CLU_2972 3118602190400 10728 
CLU_2972 3118602190966 11894 
CLU_2972 3118602190877 11629 
CLU_2972 3118602190826 13267 
CLU_2972 3118602190729 15077 
CLU_2972 3118602190656 15077 
CLU_2972 3118602190834 14989 
CLU_2972 3118602190710 14334 
CLU_2972 3118602190796 14775 
CLU_2972 3118602190648 15200 
CLU_2972 3118602190818 12633 
CLU_2972 3118602190885 6924 
CLU_2972 3118607053355 11894 
CLU_2972 3118602190192 10485 
CLU_2972 3118602190214 10103 
CLU_2972 3118602190680 10752 
CLU_2972 3118602190753 9227 
CLU_2972 3118602190141 11406 
CLU_2972 3118602220245 7872 
CLU_2972 3118602190788 4951 
CLU_2972 CLU_2943 3294 
CLU_2972 CLU_2961 1676 
CLU_2972 CLU_2970 992 
CLU_2972 CLU_2971 491 
CLU_2972 CLU_3051 8489 
CLU_2972 CLU_3055 7154 
CLU_2972 CLU_3060 7057 
CLU_2972 CLU_3084 11479 
CLU_2972 CLU_3086 14299 
CLU_2972 CLU_3087 14740 
CLU_2972 CLU_3098 13985 
CLU_2972 CLU_3108 8963 
CLU_2972 CLU_3114 12836 
CLU_2972 CLU_3121 7509 
CLU_2972 CLU_3128 9903 
CLU_2972 CLU_3141 11069 
CLU_2972 CLU_3143 9985 
CLU_2972 CLU_3160 10284 
CLU_2972 CLU_3166 9377 
CLU_2972 CLU_3176 9464 
CLU_2972 CLU_3200 7096 
CLU_2972 CLU_3214 5389 
CLU_2972 CLU_7923 7425 
CLU_2973 3118602190990 4895 
CLU_2973 3118602191229 4648 
CLU_2973 3118602190591 3815 
CLU_2973 3118602190567 1790 
CLU_2973 3118602190532 1034 
CLU_2973 3118602190494 0 
CLU_2973 3118602190869 2604 
CLU_2973 3118602190605 3504 
CLU_2973 3118602190109 4127 
CLU_2973 3118607116306 2258 
CLU_2973 3118602190931 2018 
CLU_2973 3118602190923 3777 
CLU_2973 3118602190893 4354 
CLU_2973 3118602190486 3377 
CLU_2973 3118602190915 4897 
CLU_2973 3118602190222 3542 
CLU_2973 3118604696077 7450 
CLU_2973 3118602191024 8668 
CLU_2973 3118602190478 9208 
CLU_2973 3118602190389 9636 
CLU_2973 3118607110316 9735 
CLU_2973 3118602220261 7619 
CLU_2973 3118602190397 9128 
CLU_2973 3118602190176 6497 
CLU_2973 3118602191059 7260 
CLU_2973 3118602191040 8670 
CLU_2973 3118602190451 11552 
CLU_2973 3118602190206 11844 
CLU_2973 3118602190524 12690 
CLU_2973 3118602190400 10947 
CLU_2973 3118602190966 12167 
CLU_2973 3118602190877 11844 
CLU_2973 3118602190826 13698 
CLU_2973 3118602190729 15541 
CLU_2973 3118602190656 15541 
CLU_2973 3118602190834 15450 
CLU_2973 3118602190710 14808 
CLU_2973 3118602190796 15246 
CLU_2973 3118602190648 15669 
CLU_2973 3118602190818 13068 
CLU_2973 3118602190885 7344 
CLU_2973 3118607053355 12167 
CLU_2973 3118602190192 10243 
CLU_2973 3118602190214 9893 
CLU_2973 3118602190680 10606 
CLU_2973 3118602190753 9231 
CLU_2973 3118602190141 11314 
CLU_2973 3118602220245 7755 
CLU_2973 3118602190788 4895 
CLU_2973 CLU_2943 3184 
CLU_2973 CLU_2961 1891 
CLU_2973 CLU_2970 1431 
CLU_2973 CLU_2971 957 
CLU_2973 CLU_3051 8668 
CLU_2973 CLU_3055 7439 
CLU_2973 CLU_3060 7374 
CLU_2973 CLU_3084 11725 
CLU_2973 CLU_3086 14748 
CLU_2973 CLU_3087 15196 
CLU_2973 CLU_3098 14450 
CLU_2973 CLU_3108 9442 
CLU_2973 CLU_3114 13225 
CLU_2973 CLU_3121 7281 
CLU_2973 CLU_3128 9622 
CLU_2973 CLU_3141 10882 
CLU_2973 CLU_3143 9814 
CLU_2973 CLU_3160 10135 
CLU_2973 CLU_3166 9318 
CLU_2973 CLU_3176 9355 
CLU_2973 CLU_3200 6956 
CLU_2973 CLU_3214 5176 
CLU_2973 CLU_7923 7884 
CLU_2974 3118602190990 4411 
CLU_2974 3118602191229 4188 
CLU_2974 3118602190591 3340 
CLU_2974 3118602190567 1281 
CLU_2974 3118602190532 542 
CLU_2974 3118602190494 523 
CLU_2974 3118602190869 2135 
CLU_2974 3118602190605 3095 
CLU_2974 3118602190109 3654 
CLU_2974 3118607116306 2484 
CLU_2974 3118602190931 2198 
CLU_2974 3118602190923 3829 
CLU_2974 3118602190893 4562 
CLU_2974 3118602190486 3303 
CLU_2974 3118602190915 5061 
CLU_2974 3118602190222 3749 
CLU_2974 3118604696077 6937 
CLU_2974 3118602191024 8148 
CLU_2974 3118602190478 8687 
CLU_2974 3118602190389 9119 
CLU_2974 3118607110316 9248 
CLU_2974 3118602220261 7099 
CLU_2974 3118602190397 8619 
CLU_2974 3118602190176 5997 
CLU_2974 3118602191059 6738 
CLU_2974 3118602191040 8149 
CLU_2974 3118602190451 11034 
CLU_2974 3118602190206 11330 
CLU_2974 3118602190524 12182 
CLU_2974 3118602190400 10434 
CLU_2974 3118602190966 11672 
CLU_2974 3118602190877 11330 
CLU_2974 3118602190826 13347 
CLU_2974 3118602190729 15273 
CLU_2974 3118602190656 15273 
CLU_2974 3118602190834 15167 
CLU_2974 3118602190710 14581 
CLU_2974 3118602190796 15002 
CLU_2974 3118602190648 15417 
CLU_2974 3118602190818 12723 
CLU_2974 3118602190885 6981 
CLU_2974 3118607053355 11672 
CLU_2974 3118602190192 9889 
CLU_2974 3118602190214 9510 
CLU_2974 3118602190680 10175 
CLU_2974 3118602190753 8728 
CLU_2974 3118602190141 10851 
CLU_2974 3118602220245 7305 
CLU_2974 3118602190788 4411 
CLU_2974 CLU_2943 2725 
CLU_2974 CLU_2961 1396 
CLU_2974 CLU_2970 1192 
CLU_2974 CLU_2971 856 
CLU_2974 CLU_3051 8148 
CLU_2974 CLU_3055 6952 
CLU_2974 CLU_3060 6904 
CLU_2974 CLU_3084 11220 
CLU_2974 CLU_3086 14434 
CLU_2974 CLU_3087 14900 
CLU_2974 CLU_3098 14183 
CLU_2974 CLU_3108 9274 
CLU_2974 CLU_3114 12813 
CLU_2974 CLU_3121 6914 
CLU_2974 CLU_3128 9309 
CLU_2974 CLU_3141 10481 
CLU_2974 CLU_3143 9401 
CLU_2974 CLU_3160 9706 
CLU_2974 CLU_3166 8838 
CLU_2974 CLU_3176 8901 
CLU_2974 CLU_3200 6520 
CLU_2974 CLU_3214 4795 
CLU_2974 CLU_7923 7607 
CLU_2975 3118602190990 3869 
CLU_2975 3118602191229 3712 
CLU_2975 3118602190591 2839 
CLU_2975 3118602190567 759 
CLU_2975 3118602190532 240 
CLU_2975 3118602190494 1259 
CLU_2975 3118602190869 1415 
CLU_2975 3118602190605 2438 
CLU_2975 3118602190109 2922 
CLU_2975 3118607116306 2769 
CLU_2975 3118602190931 2445 
CLU_2975 3118602190923 3812 
CLU_2975 3118602190893 4750 
CLU_2975 3118602190486 3124 
CLU_2975 3118602190915 5176 
CLU_2975 3118602190222 3955 
CLU_2975 3118604696077 6191 
CLU_2975 3118602191024 7411 
CLU_2975 3118602190478 7952 
CLU_2975 3118602190389 8377 
CLU_2975 3118607110316 8504 
CLU_2975 3118602220261 6363 
CLU_2975 3118602190397 7871 
CLU_2975 3118602190176 5249 
CLU_2975 3118602191059 6013 
CLU_2975 3118602191040 7460 
CLU_2975 3118602190451 10293 
CLU_2975 3118602190206 10585 
CLU_2975 3118602190524 11434 
CLU_2975 3118602190400 9689 
CLU_2975 3118602190966 10924 
CLU_2975 3118602190877 10585 
CLU_2975 3118602190826 12718 
CLU_2975 3118602190729 14739 
CLU_2975 3118602190656 14739 
CLU_2975 3118602190834 14616 
CLU_2975 3118602190710 14098 
CLU_2975 3118602190796 14499 
CLU_2975 3118602190648 14903 
CLU_2975 3118602190818 12104 
CLU_2975 3118602190885 6352 
CLU_2975 3118607053355 10924 
CLU_2975 3118602190192 9597 
CLU_2975 3118602190214 9164 
CLU_2975 3118602190680 9729 
CLU_2975 3118602190753 8108 
CLU_2975 3118602190141 10335 
CLU_2975 3118602220245 6829 
CLU_2975 3118602190788 3869 
CLU_2975 CLU_2943 2289 
CLU_2975 CLU_2961 654 
CLU_2975 CLU_2970 1004 
CLU_2975 CLU_2971 1027 
CLU_2975 CLU_3051 7411 
CLU_2975 CLU_3055 6207 
CLU_2975 CLU_3060 6170 
CLU_2975 CLU_3084 10471 
CLU_2975 CLU_3086 13846 
CLU_2975 CLU_3087 14333 
CLU_2975 CLU_3098 13653 
CLU_2975 CLU_3108 8880 
CLU_2975 CLU_3114 12124 
CLU_2975 CLU_3121 6613 
CLU_2975 CLU_3128 9094 
CLU_2975 CLU_3141 10097 
CLU_2975 CLU_3143 8993 
CLU_2975 CLU_3160 9266 
CLU_2975 CLU_3166 8285 
CLU_2975 CLU_3176 8409 
CLU_2975 CLU_3200 6081 
CLU_2975 CLU_3214 4492 
CLU_2975 CLU_7923 7079 
CLU_2976 3118602190990 5589 
CLU_2976 3118602191229 5431 
CLU_2976 3118602190591 4560 
CLU_2976 3118602190567 2468 
CLU_2976 3118602190532 1508 
CLU_2976 3118602190494 1200 
CLU_2976 3118602190869 2568 
CLU_2976 3118602190605 3139 
CLU_2976 3118602190109 3984 
CLU_2976 3118607116306 1105 
CLU_2976 3118602190931 827 
CLU_2976 3118602190923 2589 
CLU_2976 3118602190893 3188 
CLU_2976 3118602190486 2299 
CLU_2976 3118602190915 3708 
CLU_2976 3118602190222 2374 
CLU_2976 3118604696077 7494 
CLU_2976 3118602191024 8802 
CLU_2976 3118602190478 9340 
CLU_2976 3118602190389 9712 
CLU_2976 3118607110316 9547 
CLU_2976 3118602220261 7769 
CLU_2976 3118602190397 9113 
CLU_2976 3118602190176 6437 
CLU_2976 3118602191059 7486 
CLU_2976 3118602191040 9032 
CLU_2976 3118602190451 11616 
CLU_2976 3118602190206 11866 
CLU_2976 3118602190524 12640 
CLU_2976 3118602190400 10963 
CLU_2976 3118602190966 12022 
CLU_2976 3118602190877 11866 
CLU_2976 3118602190826 12987 
CLU_2976 3118602190729 14646 
CLU_2976 3118602190656 14646 
CLU_2976 3118602190834 14581 
CLU_2976 3118602190710 13844 
CLU_2976 3118602190796 14308 
CLU_2976 3118602190648 14744 
CLU_2976 3118602190818 12341 
CLU_2976 3118602190885 6708 
CLU_2976 3118607053355 12022 
CLU_2976 3118602190192 11246 
CLU_2976 3118602190214 10846 
CLU_2976 3118602190680 11448 
CLU_2976 3118602190753 9779 
CLU_2976 3118602190141 12055 
CLU_2976 3118602220245 8551 
CLU_2976 3118602190788 5589 
CLU_2976 CLU_2943 3994 
CLU_2976 CLU_2961 2105 
CLU_2976 CLU_2970 1041 
CLU_2976 CLU_2971 700 
CLU_2976 CLU_3051 8802 
CLU_2976 CLU_3055 7284 
CLU_2976 CLU_3060 7120 
CLU_2976 CLU_3084 11661 
CLU_2976 CLU_3086 13947 
CLU_2976 CLU_3087 14355 
CLU_2976 CLU_3098 13553 
CLU_2976 CLU_3108 8411 
CLU_2976 CLU_3114 12689 
CLU_2976 CLU_3121 8266 
CLU_2976 CLU_3128 10684 
CLU_2976 CLU_3141 11797 
CLU_2976 CLU_3143 10701 
CLU_2976 CLU_3160 10983 
CLU_2976 CLU_3166 9997 
CLU_2976 CLU_3176 10131 
CLU_2976 CLU_3200 7796 
CLU_2976 CLU_3214 6143 
CLU_2976 CLU_7923 7042 
CLU_2977 3118602190990 5876 
CLU_2977 3118602191229 5758 
CLU_2977 3118602190591 4882 
CLU_2977 3118602190567 2821 
CLU_2977 3118602190532 1879 
CLU_2977 3118602190494 1736 
CLU_2977 3118602190869 2632 
CLU_2977 3118602190605 3011 
CLU_2977 3118602190109 3933 
CLU_2977 3118607116306 723 
CLU_2977 3118602190931 388 
CLU_2977 3118602190923 2046 
CLU_2977 3118602190893 2716 
CLU_2977 3118602190486 1803 
CLU_2977 3118602190915 3204 
CLU_2977 3118602190222 1908 
CLU_2977 3118604696077 7474 
CLU_2977 3118602191024 8812 
CLU_2977 3118602190478 9347 
CLU_2977 3118602190389 9691 
CLU_2977 3118607110316 9408 
CLU_2977 3118602220261 7793 
CLU_2977 3118602190397 9054 
CLU_2977 3118602190176 6380 
CLU_2977 3118602191059 7547 
CLU_2977 3118602191040 9145 
CLU_2977 3118602190451 11583 
CLU_2977 3118602190206 11812 
CLU_2977 3118602190524 12551 
CLU_2977 3118602190400 10909 
CLU_2977 3118602190966 11892 
CLU_2977 3118602190877 11812 
CLU_2977 3118602190826 12608 
CLU_2977 3118602190729 14190 
CLU_2977 3118602190656 14190 
CLU_2977 3118602190834 14136 
CLU_2977 3118602190710 13363 
CLU_2977 3118602190796 13836 
CLU_2977 3118602190648 14277 
CLU_2977 3118602190818 11956 
CLU_2977 3118602190885 6383 
CLU_2977 3118607053355 11892 
CLU_2977 3118602190192 11652 
CLU_2977 3118602190214 11226 
CLU_2977 3118602190680 11773 
CLU_2977 3118602190753 9972 
CLU_2977 3118602190141 12331 
CLU_2977 3118602220245 8863 
CLU_2977 3118602190788 5876 
CLU_2977 CLU_2943 4351 
CLU_2977 CLU_2961 2314 
CLU_2977 CLU_2970 1175 
CLU_2977 CLU_2971 1058 
CLU_2977 CLU_3051 8812 
CLU_2977 CLU_3055 7174 
CLU_2977 CLU_3060 6967 
CLU_2977 CLU_3084 11570 
CLU_2977 CLU_3086 13530 
CLU_2977 CLU_3087 13920 
CLU_2977 CLU_3098 13098 
CLU_2977 CLU_3108 7910 
CLU_2977 CLU_3114 12386 
CLU_2977 CLU_3121 8669 
CLU_2977 CLU_3128 11121 
CLU_2977 CLU_3141 12157 
CLU_2977 CLU_3143 11050 
CLU_2977 CLU_3160 11312 
CLU_2977 CLU_3166 10250 
CLU_2977 CLU_3176 10429 
CLU_2977 CLU_3200 8131 
CLU_2977 CLU_3214 6545 
CLU_2977 CLU_7923 6621 
CLU_2978 3118602190990 4346 
CLU_2978 3118602191229 4393 
CLU_2978 3118602190591 3568 
CLU_2978 3118602190567 2099 
CLU_2978 3118602190532 1794 
CLU_2978 3118602190494 2654 
CLU_2978 3118602190869 793 
CLU_2978 3118602190605 891 
CLU_2978 3118602190109 1774 
CLU_2978 3118607116306 2792 
CLU_2978 3118602190931 2479 
CLU_2978 3118602190923 2938 
CLU_2978 3118602190893 4224 
CLU_2978 3118602190486 2006 
CLU_2978 3118602190915 4450 
CLU_2978 3118602190222 3562 
CLU_2978 3118604696077 5317 
CLU_2978 3118602191024 6666 
CLU_2978 3118602190478 7198 
CLU_2978 3118602190389 7533 
CLU_2978 3118607110316 7295 
CLU_2978 3118602220261 5657 
CLU_2978 3118602190397 6895 
CLU_2978 3118602190176 4220 
CLU_2978 3118602191059 5444 
CLU_2978 3118602191040 7098 
CLU_2978 3118602190451 9423 
CLU_2978 3118602190206 9653 
CLU_2978 3118602190524 10403 
CLU_2978 3118602190400 8750 
CLU_2978 3118602190966 9771 
CLU_2978 3118602190877 9653 
CLU_2978 3118602190826 11061 
CLU_2978 3118602190729 13032 
CLU_2978 3118602190656 13032 
CLU_2978 3118602190834 12911 
CLU_2978 3118602190710 12395 
CLU_2978 3118602190796 12792 
CLU_2978 3118602190648 13195 
CLU_2978 3118602190818 10438 
CLU_2978 3118602190885 4697 
CLU_2978 3118607053355 9771 
CLU_2978 3118602190192 10462 
CLU_2978 3118602190214 9919 
CLU_2978 3118602190680 10228 
CLU_2978 3118602190753 8067 
CLU_2978 3118602190141 10617 
CLU_2978 3118602220245 7319 
CLU_2978 3118602190788 4346 
CLU_2978 CLU_2943 3266 
CLU_2978 CLU_2961 1233 
CLU_2978 CLU_2970 1288 
CLU_2978 CLU_2971 1801 
CLU_2978 CLU_3051 6666 
CLU_2978 CLU_3055 5036 
CLU_2978 CLU_3060 4869 
CLU_2978 CLU_3084 9423 
CLU_2978 CLU_3086 12155 
CLU_2978 CLU_3087 12633 
CLU_2978 CLU_3098 11945 
CLU_2978 CLU_3108 7228 
CLU_2978 CLU_3114 10577 
CLU_2978 CLU_3121 7526 
CLU_2978 CLU_3128 10115 
CLU_2978 CLU_3141 10747 
CLU_2978 CLU_3143 9607 
CLU_2978 CLU_3160 9789 
CLU_2978 CLU_3166 8491 
CLU_2978 CLU_3176 8805 
CLU_2978 CLU_3200 6698 
CLU_2978 CLU_3214 5492 
CLU_2978 CLU_7923 5371 
CLU_2979 3118602190990 4607 
CLU_2979 3118602191229 4629 
CLU_2979 3118602190591 3787 
CLU_2979 3118602190567 2170 
CLU_2979 3118602190532 1716 
CLU_2979 3118602190494 2484 
CLU_2979 3118602190869 1048 
CLU_2979 3118602190605 1175 
CLU_2979 3118602190109 2097 
CLU_2979 3118607116306 2464 
CLU_2979 3118602190931 2155 
CLU_2979 3118602190923 2654 
CLU_2979 3118602190893 3913 
CLU_2979 3118602190486 1750 
CLU_2979 3118602190915 4160 
CLU_2979 3118602190222 3239 
CLU_2979 3118604696077 5641 
CLU_2979 3118602191024 6993 
CLU_2979 3118602190478 7524 
CLU_2979 3118602190389 7855 
CLU_2979 3118607110316 7586 
CLU_2979 3118602220261 5986 
CLU_2979 3118602190397 7211 
CLU_2979 3118602190176 4537 
CLU_2979 3118602191059 5774 
CLU_2979 3118602191040 7426 
CLU_2979 3118602190451 9742 
CLU_2979 3118602190206 9968 
CLU_2979 3118602190524 10710 
CLU_2979 3118602190400 9066 
CLU_2979 3118602190966 10065 
CLU_2979 3118602190877 9968 
CLU_2979 3118602190826 11214 
CLU_2979 3118602190729 13112 
CLU_2979 3118602190656 13112 
CLU_2979 3118602190834 13003 
CLU_2979 3118602190710 12440 
CLU_2979 3118602190796 12851 
CLU_2979 3118602190648 13262 
CLU_2979 3118602190818 10584 
CLU_2979 3118602190885 4863 
CLU_2979 3118607053355 10065 
CLU_2979 3118602190192 10693 
CLU_2979 3118602190214 10165 
CLU_2979 3118602190680 10506 
CLU_2979 3118602190753 8384 
CLU_2979 3118602190141 10915 
CLU_2979 3118602220245 7592 
CLU_2979 3118602190788 4607 
CLU_2979 CLU_2943 3442 
CLU_2979 CLU_2961 1310 
CLU_2979 CLU_2970 1069 
CLU_2979 CLU_2971 1582 
CLU_2979 CLU_3051 6993 
CLU_2979 CLU_3055 5337 
CLU_2979 CLU_3060 5153 
CLU_2979 CLU_3084 9729 
CLU_2979 CLU_3086 12275 
CLU_2979 CLU_3087 12736 
CLU_2979 CLU_3098 12022 
CLU_2979 CLU_3108 7208 
CLU_2979 CLU_3114 10786 
CLU_2979 CLU_3121 7744 
CLU_2979 CLU_3128 10320 
CLU_2979 CLU_3141 11008 
CLU_2979 CLU_3143 9870 
CLU_2979 CLU_3160 10063 
CLU_2979 CLU_3166 8793 
CLU_2979 CLU_3176 9090 
CLU_2979 CLU_3200 6954 
CLU_2979 CLU_3214 5687 
CLU_2979 CLU_7923 5445 
CLU_2980 3118602190990 4689 
CLU_2980 3118602191229 4818 
CLU_2980 3118602190591 4053 
CLU_2980 3118602190567 2862 
CLU_2980 3118602190532 2627 
CLU_2980 3118602190494 3467 
CLU_2980 3118602190869 1384 
CLU_2980 3118602190605 517 
CLU_2980 3118602190109 1506 
CLU_2980 3118607116306 3252 
CLU_2980 3118602190931 2978 
CLU_2980 3118602190923 2922 
CLU_2980 3118602190893 4318 
CLU_2980 3118602190486 1945 
CLU_2980 3118602190915 4420 
CLU_2980 3118602190222 3767 
CLU_2980 3118604696077 4938 
CLU_2980 3118602191024 6324 
CLU_2980 3118602190478 6842 
CLU_2980 3118602190389 7125 
CLU_2980 3118607110316 6693 
CLU_2980 3118602220261 5361 
CLU_2980 3118602190397 6426 
CLU_2980 3118602190176 3787 
CLU_2980 3118602191059 5230 
CLU_2980 3118602191040 6948 
CLU_2980 3118602190451 8979 
CLU_2980 3118602190206 9175 
CLU_2980 3118602190524 9870 
CLU_2980 3118602190400 8278 
CLU_2980 3118602190966 9180 
CLU_2980 3118602190877 9175 
CLU_2980 3118602190826 10235 
CLU_2980 3118602190729 12204 
CLU_2980 3118602190656 12204 
CLU_2980 3118602190834 12081 
CLU_2980 3118602190710 11584 
CLU_2980 3118602190796 11973 
CLU_2980 3118602190648 12373 
CLU_2980 3118602190818 9609 
CLU_2980 3118602190885 3876 
CLU_2980 3118607053355 9180 
CLU_2980 3118602190192 10859 
CLU_2980 3118602190214 10268 
CLU_2980 3118602190680 10455 
CLU_2980 3118602190753 8060 
CLU_2980 3118602190141 10737 
CLU_2980 3118602220245 7580 
CLU_2980 3118602190788 4689 
CLU_2980 CLU_2943 3857 
CLU_2980 CLU_2961 2015 
CLU_2980 CLU_2970 2062 
CLU_2980 CLU_2971 2576 
CLU_2980 CLU_3051 6324 
CLU_2980 CLU_3055 4490 
CLU_2980 CLU_3060 4249 
CLU_2980 CLU_3084 8888 
CLU_2980 CLU_3086 11323 
CLU_2980 CLU_3087 11800 
CLU_2980 CLU_3098 11119 
CLU_2980 CLU_3108 6479 
CLU_2980 CLU_3114 9792 
CLU_2980 CLU_3121 7975 
CLU_2980 CLU_3128 10588 
CLU_2980 CLU_3141 11041 
CLU_2980 CLU_3143 9893 
CLU_2980 CLU_3160 10031 
CLU_2980 CLU_3166 8598 
CLU_2980 CLU_3176 8998 
CLU_2980 CLU_3200 7028 
CLU_2980 CLU_3214 6012 
CLU_2980 CLU_7923 4549 
CLU_2981 3118602190990 6132 
CLU_2981 3118602191229 6056 
CLU_2981 3118602190591 5181 
CLU_2981 3118602190567 3181 
CLU_2981 3118602190532 2284 
CLU_2981 3118602190494 2285 
CLU_2981 3118602190869 2719 
CLU_2981 3118602190605 2881 
CLU_2981 3118602190109 3861 
CLU_2981 3118607116306 744 
CLU_2981 3118602190931 537 
CLU_2981 3118602190923 1492 
CLU_2981 3118602190893 2327 
CLU_2981 3118602190486 1271 
CLU_2981 3118602190915 2746 
CLU_2981 3118602190222 1557 
CLU_2981 3118604696077 7396 
CLU_2981 3118602191024 8760 
CLU_2981 3118602190478 9289 
CLU_2981 3118602190389 9603 
CLU_2981 3118607110316 9198 
CLU_2981 3118602220261 7761 
CLU_2981 3118602190397 8929 
CLU_2981 3118602190176 6270 
CLU_2981 3118602191059 7554 
CLU_2981 3118602191040 9198 
CLU_2981 3118602190451 11476 
CLU_2981 3118602190206 11683 
CLU_2981 3118602190524 12385 
CLU_2981 3118602190400 10784 
CLU_2981 3118602190966 11686 
CLU_2981 3118602190877 11683 
CLU_2981 3118602190826 12156 
CLU_2981 3118602190729 13670 
CLU_2981 3118602190656 13670 
CLU_2981 3118602190834 13625 
CLU_2981 3118602190710 12824 
CLU_2981 3118602190796 13304 
CLU_2981 3118602190648 13748 
CLU_2981 3118602190818 11500 
CLU_2981 3118602190885 5995 
CLU_2981 3118607053355 11686 
CLU_2981 3118602190192 12021 
CLU_2981 3118602190214 11566 
CLU_2981 3118602190680 12049 
CLU_2981 3118602190753 10109 
CLU_2981 3118602190141 12552 
CLU_2981 3118602220245 9132 
CLU_2981 3118602190788 6132 
CLU_2981 CLU_2943 4692 
CLU_2981 CLU_2961 2557 
CLU_2981 CLU_2970 1451 
CLU_2981 CLU_2971 1508 
CLU_2981 CLU_3051 8760 
CLU_2981 CLU_3055 7005 
CLU_2981 CLU_3060 6753 
CLU_2981 CLU_3084 11403 
CLU_2981 CLU_3086 13042 
CLU_2981 CLU_3087 13419 
CLU_2981 CLU_3098 12579 
CLU_2981 CLU_3108 7357 
CLU_2981 CLU_3114 12005 
CLU_2981 CLU_3121 9038 
CLU_2981 CLU_3128 11527 
CLU_2981 CLU_3141 12473 
CLU_2981 CLU_3143 11354 
CLU_2981 CLU_3160 11594 
CLU_2981 CLU_3166 10450 
CLU_2981 CLU_3176 10677 
CLU_2981 CLU_3200 8428 
CLU_2981 CLU_3214 6921 
CLU_2981 CLU_7923 6139 
CLU_2982 3118602190990 3499 
CLU_2982 3118602191229 3593 
CLU_2982 3118602190591 2813 
CLU_2982 3118602190567 1836 
CLU_2982 3118602190532 1979 
CLU_2982 3118602190494 2990 
CLU_2982 3118602190869 386 
CLU_2982 3118602190605 850 
CLU_2982 3118602190109 1136 
CLU_2982 3118607116306 3613 
CLU_2982 3118602190931 3287 
CLU_2982 3118602190923 3834 
CLU_2982 3118602190893 5126 
CLU_2982 3118602190486 2888 
CLU_2982 3118602190915 5349 
CLU_2982 3118602190222 4455 
CLU_2982 3118604696077 4582 
CLU_2982 3118602191024 5891 
CLU_2982 3118602190478 6429 
CLU_2982 3118602190389 6799 
CLU_2982 3118607110316 6749 
CLU_2982 3118602220261 4864 
CLU_2982 3118602190397 6216 
CLU_2982 3118602190176 3549 
CLU_2982 3118602191059 4611 
CLU_2982 3118602191040 6230 
CLU_2982 3118602190451 8705 
CLU_2982 3118602190206 8963 
CLU_2982 3118602190524 9761 
CLU_2982 3118602190400 8060 
CLU_2982 3118602190966 9195 
CLU_2982 3118602190877 8963 
CLU_2982 3118602190826 11009 
CLU_2982 3118602190729 13184 
CLU_2982 3118602190656 13184 
CLU_2982 3118602190834 13030 
CLU_2982 3118602190710 12644 
CLU_2982 3118602190796 13002 
CLU_2982 3118602190648 13385 
CLU_2982 3118602190818 10409 
CLU_2982 3118602190885 4668 
CLU_2982 3118607053355 9195 
CLU_2982 3118602190192 9653 
CLU_2982 3118602190214 9084 
CLU_2982 3118602190680 9348 
CLU_2982 3118602190753 7167 
CLU_2982 3118602190141 9718 
CLU_2982 3118602220245 6447 
CLU_2982 3118602190788 3499 
CLU_2982 CLU_2943 2626 
CLU_2982 CLU_2961 1146 
CLU_2982 CLU_2970 1873 
CLU_2982 CLU_2971 2325 
CLU_2982 CLU_3051 5891 
CLU_2982 CLU_3055 4457 
CLU_2982 CLU_3060 4384 
CLU_2982 CLU_3084 8788 
CLU_2982 CLU_3086 12198 
CLU_2982 CLU_3087 12720 
CLU_2982 CLU_3098 12108 
CLU_2982 CLU_3108 7664 
CLU_2982 CLU_3114 10340 
CLU_2982 CLU_3121 6748 
CLU_2982 CLU_3128 9356 
CLU_2982 CLU_3141 9889 
CLU_2982 CLU_3143 8745 
CLU_2982 CLU_3160 8913 
CLU_2982 CLU_3166 7590 
CLU_2982 CLU_3176 7916 
CLU_2982 CLU_3200 5850 
CLU_2982 CLU_3214 4770 
CLU_2982 CLU_7923 5596 
CLU_2983 3118602190990 3967 
CLU_2983 3118602191229 4113 
CLU_2983 3118602190591 3373 
CLU_2983 3118602190567 2438 
CLU_2983 3118602190532 2446 
CLU_2983 3118602190494 3407 
CLU_2983 3118602190869 919 
CLU_2983 3118602190605 238 
CLU_2983 3118602190109 910 
CLU_2983 3118607116306 3654 
CLU_2983 3118602190931 3348 
CLU_2983 3118602190923 3577 
CLU_2983 3118602190893 4940 
CLU_2983 3118602190486 2602 
CLU_2983 3118602190915 5089 
CLU_2983 3118602190222 4334 
CLU_2983 3118604696077 4449 
CLU_2983 3118602191024 5809 
CLU_2983 3118602190478 6338 
CLU_2983 3118602190389 6662 
CLU_2983 3118607110316 6427 
CLU_2983 3118602220261 4813 
CLU_2983 3118602190397 6017 
CLU_2983 3118602190176 3342 
CLU_2983 3118602191059 4631 
CLU_2983 3118602191040 6320 
CLU_2983 3118602190451 8547 
CLU_2983 3118602190206 8774 
CLU_2983 3118602190524 9523 
CLU_2983 3118602190400 7872 
CLU_2983 3118602190966 8898 
CLU_2983 3118602190877 8774 
CLU_2983 3118602190826 10437 
CLU_2983 3118602190729 12569 
CLU_2983 3118602190656 12569 
CLU_2983 3118602190834 12420 
CLU_2983 3118602190710 12019 
CLU_2983 3118602190796 12380 
CLU_2983 3118602190648 12765 
CLU_2983 3118602190818 9830 
CLU_2983 3118602190885 4080 
CLU_2983 3118607053355 8898 
CLU_2983 3118602190192 10140 
CLU_2983 3118602190214 9544 
CLU_2983 3118602190680 9729 
CLU_2983 3118602190753 7377 
CLU_2983 3118602190141 10024 
CLU_2983 3118602220245 6852 
CLU_2983 3118602190788 3967 
CLU_2983 CLU_2943 3233 
CLU_2983 CLU_2961 1678 
CLU_2983 CLU_2970 2128 
CLU_2983 CLU_2971 2628 
CLU_2983 CLU_3051 5809 
CLU_2983 CLU_3055 4160 
CLU_2983 CLU_3060 4012 
CLU_2983 CLU_3084 8543 
CLU_2983 CLU_3086 11603 
CLU_2983 CLU_3087 12115 
CLU_2983 CLU_3098 11491 
CLU_2983 CLU_3108 7047 
CLU_2983 CLU_3114 9836 
CLU_2983 CLU_3121 7268 
CLU_2983 CLU_3128 9885 
CLU_2983 CLU_3141 10313 
CLU_2983 CLU_3143 9165 
CLU_2983 CLU_3160 9304 
CLU_2983 CLU_3166 7886 
CLU_2983 CLU_3176 8274 
CLU_2983 CLU_3200 6302 
CLU_2983 CLU_3214 5334 
CLU_2983 CLU_7923 4971 
CLU_2984 3118602190990 4199 
CLU_2984 3118602191229 4350 
CLU_2984 3118602190591 3612 
CLU_2984 3118602190567 2631 
CLU_2984 3118602190532 2573 
CLU_2984 3118602190494 3504 
CLU_2984 3118602190869 1106 
CLU_2984 3118602190605 0 
CLU_2984 3118602190109 1017 
CLU_2984 3118607116306 3599 
CLU_2984 3118602190931 3304 
CLU_2984 3118602190923 3417 
CLU_2984 3118602190893 4798 
CLU_2984 3118602190486 2440 
CLU_2984 3118602190915 4923 
CLU_2984 3118602190222 4216 
CLU_2984 3118604696077 4518 
CLU_2984 3118602191024 5892 
CLU_2984 3118602190478 6416 
CLU_2984 3118602190389 6722 
CLU_2984 3118607110316 6411 
CLU_2984 3118602220261 4910 
CLU_2984 3118602190397 6054 
CLU_2984 3118602190176 3390 
CLU_2984 3118602191059 4753 
CLU_2984 3118602191040 6459 
CLU_2984 3118602190451 8596 
CLU_2984 3118602190206 8811 
CLU_2984 3118602190524 9539 
CLU_2984 3118602190400 7910 
CLU_2984 3118602190966 8890 
CLU_2984 3118602190877 8811 
CLU_2984 3118602190826 10281 
CLU_2984 3118602190729 12374 
CLU_2984 3118602190656 12374 
CLU_2984 3118602190834 12231 
CLU_2984 3118602190710 11810 
CLU_2984 3118602190796 12176 
CLU_2984 3118602190648 12565 
CLU_2984 3118602190818 9668 
CLU_2984 3118602190885 3916 
CLU_2984 3118607053355 8890 
CLU_2984 3118602190192 10372 
CLU_2984 3118602190214 9771 
CLU_2984 3118602190680 9941 
CLU_2984 3118602190753 7549 
CLU_2984 3118602190141 10219 
CLU_2984 3118602220245 7071 
CLU_2984 3118602190788 4199 
CLU_2984 CLU_2943 3468 
CLU_2984 CLU_2961 1842 
CLU_2984 CLU_2970 2176 
CLU_2984 CLU_2971 2685 
CLU_2984 CLU_3051 5892 
CLU_2984 CLU_3055 4163 
CLU_2984 CLU_3060 3981 
CLU_2984 CLU_3084 8558 
CLU_2984 CLU_3086 11427 
CLU_2984 CLU_3087 11932 
CLU_2984 CLU_3098 11294 
CLU_2984 CLU_3108 6815 
CLU_2984 CLU_3114 9722 
CLU_2984 CLU_3121 7504 
CLU_2984 CLU_3128 10122 
CLU_2984 CLU_3141 10534 
CLU_2984 CLU_3143 9386 
CLU_2984 CLU_3160 9519 
CLU_2984 CLU_3166 8081 
CLU_2984 CLU_3176 8483 
CLU_2984 CLU_3200 6530 
CLU_2984 CLU_3214 5573 
CLU_2984 CLU_7923 4761 
CLU_2985 3118602190990 3526 
CLU_2985 3118602191229 3775 
CLU_2985 3118602190591 3169 
CLU_2985 3118602190567 2848 
CLU_2985 3118602190532 3112 
CLU_2985 3118602190494 4127 
CLU_2985 3118602190869 1522 
CLU_2985 3118602190605 1017 
CLU_2985 3118602190109 0 
CLU_2985 3118607116306 4561 
CLU_2985 3118602190931 4252 
CLU_2985 3118602190923 4428 
CLU_2985 3118602190893 5815 
CLU_2985 3118602190486 3450 
CLU_2985 3118602190915 5927 
CLU_2985 3118602190222 5231 
CLU_2985 3118604696077 3543 
CLU_2985 3118602191024 4899 
CLU_2985 3118602190478 5428 
CLU_2985 3118602190389 5758 
CLU_2985 3118607110316 5615 
CLU_2985 3118602220261 3904 
CLU_2985 3118602190397 5130 
CLU_2985 3118602190176 2454 
CLU_2985 3118602191059 3736 
CLU_2985 3118602191040 5444 
CLU_2985 3118602190451 7650 
CLU_2985 3118602190206 7886 
CLU_2985 3118602190524 8657 
CLU_2985 3118602190400 6983 
CLU_2985 3118602190966 8068 
CLU_2985 3118602190877 7886 
CLU_2985 3118602190826 10036 
CLU_2985 3118602190729 12365 
CLU_2985 3118602190656 12365 
CLU_2985 3118602190834 12182 
CLU_2985 3118602190710 11921 
CLU_2985 3118602190796 12238 
CLU_2985 3118602190648 12600 
CLU_2985 3118602190818 9454 
CLU_2985 3118602190885 3782 
CLU_2985 3118607053355 8068 
CLU_2985 3118602190192 9658 
CLU_2985 3118602190214 9013 
CLU_2985 3118602190680 9078 
CLU_2985 3118602190753 6566 
CLU_2985 3118602190141 9287 
CLU_2985 3118602220245 6253 
CLU_2985 3118602190788 3526 
CLU_2985 CLU_2943 3212 
CLU_2985 CLU_2961 2268 
CLU_2985 CLU_2970 2961 
CLU_2985 CLU_2971 3437 
CLU_2985 CLU_3051 4899 
CLU_2985 CLU_3055 3326 
CLU_2985 CLU_3060 3250 
CLU_2985 CLU_3084 7680 
CLU_2985 CLU_3086 11290 
CLU_2985 CLU_3087 11846 
CLU_2985 CLU_3098 11303 
CLU_2985 CLU_3108 7209 
CLU_2985 CLU_3114 9264 
CLU_2985 CLU_3121 6876 
CLU_2985 CLU_3128 9496 
CLU_2985 CLU_3141 9721 
CLU_2985 CLU_3143 8573 
CLU_2985 CLU_3160 8669 
CLU_2985 CLU_3166 7149 
CLU_2985 CLU_3176 7603 
CLU_2985 CLU_3200 5784 
CLU_2985 CLU_3214 5084 
CLU_2985 CLU_7923 4934 
CLU_2986 3118602190990 4949 
CLU_2986 3118602191229 5076 
CLU_2986 3118602190591 4307 
CLU_2986 3118602190567 3057 
CLU_2986 3118602190532 2756 
CLU_2986 3118602190494 3547 
CLU_2986 3118602190869 1610 
CLU_2986 3118602190605 771 
CLU_2986 3118602190109 1735 
CLU_2986 3118607116306 3157 
CLU_2986 3118602190931 2901 
CLU_2986 3118602190923 2710 
CLU_2986 3118602190893 4118 
CLU_2986 3118602190486 1738 
CLU_2986 3118602190915 4196 
CLU_2986 3118602190222 3596 
CLU_2986 3118604696077 5110 
CLU_2986 3118602191024 6503 
CLU_2986 3118602190478 7016 
CLU_2986 3118602190389 7283 
CLU_2986 3118607110316 6784 
CLU_2986 3118602220261 5553 
CLU_2986 3118602190397 6567 
CLU_2986 3118602190176 3950 
CLU_2986 3118602191059 5439 
CLU_2986 3118602191040 7167 
CLU_2986 3118602190451 9125 
CLU_2986 3118602190206 9310 
CLU_2986 3118602190524 9984 
CLU_2986 3118602190400 8415 
CLU_2986 3118602190966 9272 
CLU_2986 3118602190877 9310 
CLU_2986 3118602190826 10153 
CLU_2986 3118602190729 12062 
CLU_2986 3118602190656 12062 
CLU_2986 3118602190834 11947 
CLU_2986 3118602190710 11417 
CLU_2986 3118602190796 11815 
CLU_2986 3118602190648 12221 
CLU_2986 3118602190818 9521 
CLU_2986 3118602190885 3812 
CLU_2986 3118607053355 9272 
CLU_2986 3118602190192 11119 
CLU_2986 3118602190214 10529 
CLU_2986 3118602190680 10713 
CLU_2986 3118602190753 8299 
CLU_2986 3118602190141 10987 
CLU_2986 3118602220245 7839 
CLU_2986 3118602190788 4949 
CLU_2986 CLU_2943 4098 
CLU_2986 CLU_2961 2199 
CLU_2986 CLU_2970 2122 
CLU_2986 CLU_2971 2630 
CLU_2986 CLU_3051 6503 
CLU_2986 CLU_3055 4611 
CLU_2986 CLU_3060 4340 
CLU_2986 CLU_3084 9002 
CLU_2986 CLU_3086 11211 
CLU_2986 CLU_3087 11676 
CLU_2986 CLU_3098 10974 
CLU_2986 CLU_3108 6269 
CLU_2986 CLU_3114 9767 
CLU_2986 CLU_3121 8233 
CLU_2986 CLU_3128 10845 
CLU_2986 CLU_3141 11301 
CLU_2986 CLU_3143 10153 
CLU_2986 CLU_3160 10290 
CLU_2986 CLU_3166 8848 
CLU_2986 CLU_3176 9254 
CLU_2986 CLU_3200 7288 
CLU_2986 CLU_3214 6264 
CLU_2986 CLU_7923 4398 
CLU_2987 3118602190990 5401 
CLU_2987 3118602191229 5499 
CLU_2987 3118602190591 4702 
CLU_2987 3118602190567 3270 
CLU_2987 3118602190532 2817 
CLU_2987 3118602190494 3484 
CLU_2987 3118602190869 1940 
CLU_2987 3118602190605 1280 
CLU_2987 3118602190109 2263 
CLU_2987 3118607116306 2773 
CLU_2987 3118602190931 2548 
CLU_2987 3118602190923 2184 
CLU_2987 3118602190893 3598 
CLU_2987 3118602190486 1217 
CLU_2987 3118602190915 3667 
CLU_2987 3118602190222 3102 
CLU_2987 3118604696077 5620 
CLU_2987 3118602191024 7016 
CLU_2987 3118602190478 7526 
CLU_2987 3118602190389 7781 
CLU_2987 3118607110316 7211 
CLU_2987 3118602220261 6074 
CLU_2987 3118602190397 7049 
CLU_2987 3118602190176 4454 
CLU_2987 3118602191059 5967 
CLU_2987 3118602191040 7696 
CLU_2987 3118602190451 9610 
CLU_2987 3118602190206 9783 
CLU_2987 3118602190524 10435 
CLU_2987 3118602190400 8892 
CLU_2987 3118602190966 9696 
CLU_2987 3118602190877 9783 
CLU_2987 3118602190826 10286 
CLU_2987 3118602190729 12059 
CLU_2987 3118602190656 12059 
CLU_2987 3118602190834 11966 
CLU_2987 3118602190710 11352 
CLU_2987 3118602190796 11775 
CLU_2987 3118602190648 12193 
CLU_2987 3118602190818 9643 
CLU_2987 3118602190885 4012 
CLU_2987 3118607053355 9696 
CLU_2987 3118602190192 11559 
CLU_2987 3118602190214 10986 
CLU_2987 3118602190680 11204 
CLU_2987 3118602190753 8824 
CLU_2987 3118602190141 11499 
CLU_2987 3118602220245 8320 
CLU_2987 3118602190788 5401 
CLU_2987 CLU_2943 4440 
CLU_2987 CLU_2961 2403 
CLU_2987 CLU_2970 2058 
CLU_2987 CLU_2971 2533 
CLU_2987 CLU_3051 7016 
CLU_2987 CLU_3055 5076 
CLU_2987 CLU_3060 4772 
CLU_2987 CLU_3084 9454 
CLU_2987 CLU_3086 11281 
CLU_2987 CLU_3087 11716 
CLU_2987 CLU_3098 10967 
CLU_2987 CLU_3108 6091 
CLU_2987 CLU_3114 10012 
CLU_2987 CLU_3121 8650 
CLU_2987 CLU_3128 11253 
CLU_2987 CLU_3141 11775 
CLU_2987 CLU_3143 10629 
CLU_2987 CLU_3160 10777 
CLU_2987 CLU_3166 9361 
CLU_2987 CLU_3176 9752 
CLU_2987 CLU_3200 7748 
CLU_2987 CLU_3214 6647 
CLU_2987 CLU_7923 4401 
CLU_2988 3118602190990 5143 
CLU_2988 3118602191229 5230 
CLU_2988 3118602190591 4428 
CLU_2988 3118602190567 2988 
CLU_2988 3118602190532 2558 
CLU_2988 3118602190494 3264 
CLU_2988 3118602190869 1660 
CLU_2988 3118602190605 1087 
CLU_2988 3118602190109 2096 
CLU_2988 3118607116306 2730 
CLU_2988 3118602190931 2480 
CLU_2988 3118602190923 2332 
CLU_2988 3118602190893 3723 
CLU_2988 3118602190486 1354 
CLU_2988 3118602190915 3836 
CLU_2988 3118602190222 3177 
CLU_2988 3118604696077 5526 
CLU_2988 3118602191024 6915 
CLU_2988 3118602190478 7432 
CLU_2988 3118602190389 7706 
CLU_2988 3118607110316 7214 
CLU_2988 3118602220261 5956 
CLU_2988 3118602190397 6995 
CLU_2988 3118602190176 4370 
CLU_2988 3118602191059 5824 
CLU_2988 3118602191040 7540 
CLU_2988 3118602190451 9553 
CLU_2988 3118602190206 9740 
CLU_2988 3118602190524 10416 
CLU_2988 3118602190400 8845 
CLU_2988 3118602190966 9701 
CLU_2988 3118602190877 9740 
CLU_2988 3118602190826 10466 
CLU_2988 3118602190729 12289 
CLU_2988 3118602190656 12289 
CLU_2988 3118602190834 12189 
CLU_2988 3118602190710 11600 
CLU_2988 3118602190796 12017 
CLU_2988 3118602190648 12431 
CLU_2988 3118602190818 9827 
CLU_2988 3118602190885 4157 
CLU_2988 3118607053355 9701 
CLU_2988 3118602190192 11295 
CLU_2988 3118602190214 10728 
CLU_2988 3118602190680 10966 
CLU_2988 3118602190753 8634 
CLU_2988 3118602190141 11283 
CLU_2988 3118602220245 8076 
CLU_2988 3118602190788 5143 
CLU_2988 CLU_2943 4158 
CLU_2988 CLU_2961 2120 
CLU_2988 CLU_2970 1832 
CLU_2988 CLU_2971 2322 
CLU_2988 CLU_3051 6915 
CLU_2988 CLU_3055 5042 
CLU_2988 CLU_3060 4770 
CLU_2988 CLU_3084 9434 
CLU_2988 CLU_3086 11486 
CLU_2988 CLU_3087 11932 
CLU_2988 CLU_3098 11199 
CLU_2988 CLU_3108 6363 
CLU_2988 CLU_3114 10139 
CLU_2988 CLU_3121 8379 
CLU_2988 CLU_3128 10979 
CLU_2988 CLU_3141 11526 
CLU_2988 CLU_3143 10381 
CLU_2988 CLU_3160 10536 
CLU_2988 CLU_3166 9146 
CLU_2988 CLU_3176 9520 
CLU_2988 CLU_3200 7493 
CLU_2988 CLU_3214 6368 
CLU_2988 CLU_7923 4625 
CLU_2989 3118602190990 6976 
CLU_2989 3118602191229 6833 
CLU_2989 3118602190591 5960 
CLU_2989 3118602190567 3873 
CLU_2989 3118602190532 2914 
CLU_2989 3118602190494 2468 
CLU_2989 3118602190869 3755 
CLU_2989 3118602190605 4040 
CLU_2989 3118602190109 5002 
CLU_2989 3118607116306 441 
CLU_2989 3118602190931 760 
CLU_2989 3118602190923 1950 
CLU_2989 3118602190893 1952 
CLU_2989 3118602190486 2248 
CLU_2989 3118602190915 2568 
CLU_2989 3118602190222 1185 
CLU_2989 3118604696077 8545 
CLU_2989 3118602191024 9898 
CLU_2989 3118602190478 10430 
CLU_2989 3118602190389 10757 
CLU_2989 3118607110316 10373 
CLU_2989 3118602220261 8888 
CLU_2989 3118602190397 10094 
CLU_2989 3118602190176 7430 
CLU_2989 3118602191059 8657 
CLU_2989 3118602191040 10268 
CLU_2989 3118602190451 12637 
CLU_2989 3118602190206 12850 
CLU_2989 3118602190524 13558 
CLU_2989 3118602190400 11950 
CLU_2989 3118602190966 12860 
CLU_2989 3118602190877 12850 
CLU_2989 3118602190826 13155 
CLU_2989 3118602190729 14499 
CLU_2989 3118602190656 14499 
CLU_2989 3118602190834 14483 
CLU_2989 3118602190710 13574 
CLU_2989 3118602190796 14084 
CLU_2989 3118602190648 14541 
CLU_2989 3118602190818 12492 
CLU_2989 3118602190885 7096 
CLU_2989 3118607053355 12860 
CLU_2989 3118602190192 12647 
CLU_2989 3118602190214 12253 
CLU_2989 3118602190680 12851 
CLU_2989 3118602190753 11100 
CLU_2989 3118602190141 13438 
CLU_2989 3118602220245 9949 
CLU_2989 3118602190788 6976 
CLU_2989 CLU_2943 5402 
CLU_2989 CLU_2961 3433 
CLU_2989 CLU_2970 2298 
CLU_2989 CLU_2971 2093 
CLU_2989 CLU_3051 9898 
CLU_2989 CLU_3055 8178 
CLU_2989 CLU_3060 7928 
CLU_2989 CLU_3084 12576 
CLU_2989 CLU_3086 13968 
CLU_2989 CLU_3087 14305 
CLU_2989 CLU_3098 13414 
CLU_2989 CLU_3108 8058 
CLU_2989 CLU_3114 13100 
CLU_2989 CLU_3121 9669 
CLU_2989 CLU_3128 12066 
CLU_2989 CLU_3141 13206 
CLU_2989 CLU_3143 12109 
CLU_2989 CLU_3160 12387 
CLU_2989 CLU_3166 11366 
CLU_2989 CLU_3176 11524 
CLU_2989 CLU_3200 9201 
CLU_2989 CLU_3214 7547 
CLU_2989 CLU_7923 7103 
CLU_2990 3118602190990 6264 
CLU_2990 3118602191229 6145 
CLU_2990 3118602190591 5269 
CLU_2990 3118602190567 3204 
CLU_2990 3118602190532 2257 
CLU_2990 3118602190494 2018 
CLU_2990 3118602190869 2995 
CLU_2990 3118602190605 3304 
CLU_2990 3118602190109 4252 
CLU_2990 3118607116306 337 
CLU_2990 3118602190931 0 
CLU_2990 3118602190923 1845 
CLU_2990 3118602190893 2364 
CLU_2990 3118602190486 1794 
CLU_2990 3118602190915 2881 
CLU_2990 3118602190222 1551 
CLU_2990 3118604696077 7796 
CLU_2990 3118602191024 9144 
CLU_2990 3118602190478 9677 
CLU_2990 3118602190389 10010 
CLU_2990 3118607110316 9672 
CLU_2990 3118602220261 8131 
CLU_2990 3118602190397 9358 
CLU_2990 3118602190176 6688 
CLU_2990 3118602191059 7897 
CLU_2990 3118602191040 9508 
CLU_2990 3118602190451 11895 
CLU_2990 3118602190206 12115 
CLU_2990 3118602190524 12838 
CLU_2990 3118602190400 11214 
CLU_2990 3118602190966 12158 
CLU_2990 3118602190877 12115 
CLU_2990 3118602190826 12693 
CLU_2990 3118602190729 14187 
CLU_2990 3118602190656 14187 
CLU_2990 3118602190834 14146 
CLU_2990 3118602190710 13324 
CLU_2990 3118602190796 13811 
CLU_2990 3118602190648 14258 
CLU_2990 3118602190818 12036 
CLU_2990 3118602190885 6528 
CLU_2990 3118607053355 12158 
CLU_2990 3118602190192 12028 
CLU_2990 3118602190214 11608 
CLU_2990 3118602190680 12160 
CLU_2990 3118602190753 10352 
CLU_2990 3118602190141 12718 
CLU_2990 3118602220245 9251 
CLU_2990 3118602190788 6264 
CLU_2990 CLU_2943 4735 
CLU_2990 CLU_2961 2701 
CLU_2990 CLU_2970 1560 
CLU_2990 CLU_2971 1431 
CLU_2990 CLU_3051 9144 
CLU_2990 CLU_3055 7457 
CLU_2990 CLU_3060 7227 
CLU_2990 CLU_3084 11856 
CLU_2990 CLU_3086 13574 
CLU_2990 CLU_3087 13945 
CLU_2990 CLU_3098 13096 
CLU_2990 CLU_3108 7842 
CLU_2990 CLU_3114 12538 
CLU_2990 CLU_3121 9045 
CLU_2990 CLU_3128 11487 
CLU_2990 CLU_3141 12542 
CLU_2990 CLU_3143 11436 
CLU_2990 CLU_3160 11699 
CLU_2990 CLU_3166 10636 
CLU_2990 CLU_3176 10817 
CLU_2990 CLU_3200 8518 
CLU_2990 CLU_3214 6921 
CLU_2990 CLU_7923 6673 
CLU_2991 3118602190990 6644 
CLU_2991 3118602191229 6556 
CLU_2991 3118602190591 5680 
CLU_2991 3118602190567 3653 
CLU_2991 3118602190532 2729 
CLU_2991 3118602190494 2574 
CLU_2991 3118602190869 3246 
CLU_2991 3118602190605 3375 
CLU_2991 3118602190109 4367 
CLU_2991 3118607116306 473 
CLU_2991 3118602190931 562 
CLU_2991 3118602190923 1310 
CLU_2991 3118602190893 1855 
CLU_2991 3118602190486 1461 
CLU_2991 3118602190915 2337 
CLU_2991 3118602190222 1058 
CLU_2991 3118604696077 7894 
CLU_2991 3118602191024 9264 
CLU_2991 3118602190478 9790 
CLU_2991 3118602190389 10095 
CLU_2991 3118607110316 9638 
CLU_2991 3118602220261 8270 
CLU_2991 3118602190397 9408 
CLU_2991 3118602190176 6759 
CLU_2991 3118602191059 8072 
CLU_2991 3118602191040 9722 
CLU_2991 3118602190451 11960 
CLU_2991 3118602190206 12159 
CLU_2991 3118602190524 12844 
CLU_2991 3118602190400 11261 
CLU_2991 3118602190966 12124 
CLU_2991 3118602190877 12159 
CLU_2991 3118602190826 12376 
CLU_2991 3118602190729 13770 
CLU_2991 3118602190656 13770 
CLU_2991 3118602190834 13744 
CLU_2991 3118602190710 12875 
CLU_2991 3118602190796 13373 
CLU_2991 3118602190648 13826 
CLU_2991 3118602190818 11715 
CLU_2991 3118602190885 6308 
CLU_2991 3118607053355 12124 
CLU_2991 3118602190192 12495 
CLU_2991 3118602190214 12053 
CLU_2991 3118602190680 12558 
CLU_2991 3118602190753 10637 
CLU_2991 3118602190141 13073 
CLU_2991 3118602220245 9642 
CLU_2991 3118602190788 6644 
CLU_2991 CLU_2943 5175 
CLU_2991 CLU_2961 3067 
CLU_2991 CLU_2970 1943 
CLU_2991 CLU_2971 1919 
CLU_2991 CLU_3051 9264 
CLU_2991 CLU_3055 7468 
CLU_2991 CLU_3060 7195 
CLU_2991 CLU_3084 11861 
CLU_2991 CLU_3086 13207 
CLU_2991 CLU_3087 13557 
CLU_2991 CLU_3098 12682 
CLU_2991 CLU_3108 7374 
CLU_2991 CLU_3114 12311 
CLU_2991 CLU_3121 9511 
CLU_2991 CLU_3128 11978 
CLU_2991 CLU_3141 12970 
CLU_2991 CLU_3143 11855 
CLU_2991 CLU_3160 12102 
CLU_2991 CLU_3166 10974 
CLU_2991 CLU_3176 11193 
CLU_2991 CLU_3200 8931 
CLU_2991 CLU_3214 7389 
CLU_2991 CLU_7923 6330 
CLU_2992 3118602190990 6043 
CLU_2992 3118602191229 5952 
CLU_2992 3118602190591 5076 
CLU_2992 3118602190567 3052 
CLU_2992 3118602190532 2137 
CLU_2992 3118602190494 2091 
CLU_2992 3118602190869 2681 
CLU_2992 3118602190605 2922 
CLU_2992 3118602190109 3884 
CLU_2992 3118607116306 677 
CLU_2992 3118602190931 401 
CLU_2992 3118602190923 1686 
CLU_2992 3118602190893 2452 
CLU_2992 3118602190486 1459 
CLU_2992 3118602190915 2899 
CLU_2992 3118602190222 1662 
CLU_2992 3118604696077 7426 
CLU_2992 3118602191024 8782 
CLU_2992 3118602190478 9313 
CLU_2992 3118602190389 9638 
CLU_2992 3118607110316 9276 
CLU_2992 3118602220261 7775 
CLU_2992 3118602190397 8977 
CLU_2992 3118602190176 6311 
CLU_2992 3118602191059 7554 
CLU_2992 3118602191040 9183 
CLU_2992 3118602190451 11518 
CLU_2992 3118602190206 11733 
CLU_2992 3118602190524 12448 
CLU_2992 3118602190400 10832 
CLU_2992 3118602190966 11763 
CLU_2992 3118602190877 11733 
CLU_2992 3118602190826 12319 
CLU_2992 3118602190729 13857 
CLU_2992 3118602190656 13857 
CLU_2992 3118602190834 13809 
CLU_2992 3118602190710 13017 
CLU_2992 3118602190796 13494 
CLU_2992 3118602190648 13937 
CLU_2992 3118602190818 11665 
CLU_2992 3118602190885 6135 
CLU_2992 3118607053355 11763 
CLU_2992 3118602190192 11894 
CLU_2992 3118602190214 11449 
CLU_2992 3118602190680 11955 
CLU_2992 3118602190753 10064 
CLU_2992 3118602190141 12477 
CLU_2992 3118602220245 9040 
CLU_2992 3118602190788 6043 
CLU_2992 CLU_2943 4571 
CLU_2992 CLU_2961 2465 
CLU_2992 CLU_2970 1338 
CLU_2992 CLU_2971 1342 
CLU_2992 CLU_3051 8782 
CLU_2992 CLU_3055 7067 
CLU_2992 CLU_3060 6831 
CLU_2992 CLU_3084 11466 
CLU_2992 CLU_3086 13218 
CLU_2992 CLU_3087 13599 
CLU_2992 CLU_3098 12766 
CLU_2992 CLU_3108 7555 
CLU_2992 CLU_3114 12144 
CLU_2992 CLU_3121 8910 
CLU_2992 CLU_3128 11387 
CLU_2992 CLU_3141 12365 
CLU_2992 CLU_3143 11250 
CLU_2992 CLU_3160 11498 
CLU_2992 CLU_3166 10383 
CLU_2992 CLU_3176 10593 
CLU_2992 CLU_3200 8326 
CLU_2992 CLU_3214 6790 
CLU_2992 CLU_7923 6312 
CLU_2993 3118602190990 6599 
CLU_2993 3118602191229 6475 
CLU_2993 3118602190591 5599 
CLU_2993 3118602190567 3528 
CLU_2993 3118602190532 2576 
CLU_2993 3118602190494 2258 
CLU_2993 3118602190869 3327 
CLU_2993 3118602190605 3599 
CLU_2993 3118602190109 4561 
CLU_2993 3118607116306 0 
CLU_2993 3118602190931 337 
CLU_2993 3118602190923 1771 
CLU_2993 3118602190893 2096 
CLU_2993 3118602190486 1900 
CLU_2993 3118602190915 2651 
CLU_2993 3118602190222 1284 
CLU_2993 3118604696077 8104 
CLU_2993 3118602191024 9457 
CLU_2993 3118602190478 9989 
CLU_2993 3118602190389 10316 
CLU_2993 3118607110316 9940 
CLU_2993 3118602220261 8448 
CLU_2993 3118602190397 9654 
CLU_2993 3118602190176 6988 
CLU_2993 3118602191059 8221 
CLU_2993 3118602191040 9838 
CLU_2993 3118602190451 12195 
CLU_2993 3118602190206 12409 
CLU_2993 3118602190524 13121 
CLU_2993 3118602190400 11509 
CLU_2993 3118602190966 12427 
CLU_2993 3118602190877 12409 
CLU_2993 3118602190826 12823 
CLU_2993 3118602190729 14241 
CLU_2993 3118602190656 14241 
CLU_2993 3118602190834 14213 
CLU_2993 3118602190710 13349 
CLU_2993 3118602190796 13847 
CLU_2993 3118602190648 14299 
CLU_2993 3118602190818 12163 
CLU_2993 3118602190885 6713 
CLU_2993 3118607053355 12427 
CLU_2993 3118602190192 12341 
CLU_2993 3118602190214 11928 
CLU_2993 3118602190680 12491 
CLU_2993 3118602190753 10689 
CLU_2993 3118602190141 13054 
CLU_2993 3118602220245 9583 
CLU_2993 3118602190788 6599 
CLU_2993 CLU_2943 5059 
CLU_2993 CLU_2961 3038 
CLU_2993 CLU_2970 1898 
CLU_2993 CLU_2971 1748 
CLU_2993 CLU_3051 9457 
CLU_2993 CLU_3055 7740 
CLU_2993 CLU_3060 7495 
CLU_2993 CLU_3084 12138 
CLU_2993 CLU_3086 13669 
CLU_2993 CLU_3087 14023 
CLU_2993 CLU_3098 13153 
CLU_2993 CLU_3108 7847 
CLU_2993 CLU_3114 12721 
CLU_2993 CLU_3121 9359 
CLU_2993 CLU_3128 11788 
CLU_2993 CLU_3141 12867 
CLU_2993 CLU_3143 11763 
CLU_2993 CLU_3160 12030 
CLU_2993 CLU_3166 10973 
CLU_2993 CLU_3176 11151 
CLU_2993 CLU_3200 8847 
CLU_2993 CLU_3214 7235 
CLU_2993 CLU_7923 6783 
CLU_2994 3118602190990 6424 
CLU_2994 3118602191229 6361 
CLU_2994 3118602190591 5488 
CLU_2994 3118602190567 3506 
CLU_2994 3118602190532 2618 
CLU_2994 3118602190494 2610 
CLU_2994 3118602190869 2966 
CLU_2994 3118602190605 3025 
CLU_2994 3118602190109 4025 
CLU_2994 3118607116306 787 
CLU_2994 3118602190931 721 
CLU_2994 3118602190923 1169 
CLU_2994 3118602190893 2017 
CLU_2994 3118602190486 1113 
CLU_2994 3118602190915 2414 
CLU_2994 3118602190222 1274 
CLU_2994 3118604696077 7542 
CLU_2994 3118602191024 8917 
CLU_2994 3118602190478 9442 
CLU_2994 3118602190389 9740 
CLU_2994 3118607110316 9264 
CLU_2994 3118602220261 7930 
CLU_2994 3118602190397 9046 
CLU_2994 3118602190176 6402 
CLU_2994 3118602191059 7743 
CLU_2994 3118602191040 9407 
CLU_2994 3118602190451 11600 
CLU_2994 3118602190206 11794 
CLU_2994 3118602190524 12474 
CLU_2994 3118602190400 10898 
CLU_2994 3118602190966 11750 
CLU_2994 3118602190877 11794 
CLU_2994 3118602190826 12035 
CLU_2994 3118602190729 13477 
CLU_2994 3118602190656 13477 
CLU_2994 3118602190834 13442 
CLU_2994 3118602190710 12606 
CLU_2994 3118602190796 13095 
CLU_2994 3118602190648 13543 
CLU_2994 3118602190818 11375 
CLU_2994 3118602190885 5941 
CLU_2994 3118607053355 11750 
CLU_2994 3118602190192 12342 
CLU_2994 3118602190214 11880 
CLU_2994 3118602190680 12344 
CLU_2994 3118602190753 10353 
CLU_2994 3118602190141 12827 
CLU_2994 3118602220245 9425 
CLU_2994 3118602190788 6424 
CLU_2994 CLU_2943 5010 
CLU_2994 CLU_2961 2858 
CLU_2994 CLU_2970 1772 
CLU_2994 CLU_2971 1845 
CLU_2994 CLU_3051 8917 
CLU_2994 CLU_3055 7100 
CLU_2994 CLU_3060 6822 
CLU_2994 CLU_3084 11492 
CLU_2994 CLU_3086 12887 
CLU_2994 CLU_3087 13247 
CLU_2994 CLU_3098 12388 
CLU_2994 CLU_3108 7120 
CLU_2994 CLU_3114 11946 
CLU_2994 CLU_3121 9360 
CLU_2994 CLU_3128 11856 
CLU_2994 CLU_3141 12779 
CLU_2994 CLU_3143 11658 
CLU_2994 CLU_3160 11890 
CLU_2994 CLU_3166 10719 
CLU_2994 CLU_3176 10963 
CLU_2994 CLU_3200 8731 
CLU_2994 CLU_3214 7245 
CLU_2994 CLU_7923 5997 
CLU_2995 3118602190990 6881 
CLU_2995 3118602191229 6782 
CLU_2995 3118602190591 5906 
CLU_2995 3118602190567 3860 
CLU_2995 3118602190532 2922 
CLU_2995 3118602190494 2680 
CLU_2995 3118602190869 3511 
CLU_2995 3118602190605 3652 
CLU_2995 3118602190109 4644 
CLU_2995 3118607116306 439 
CLU_2995 3118602190931 678 
CLU_2995 3118602190923 1380 
CLU_2995 3118602190893 1685 
CLU_2995 3118602190486 1682 
CLU_2995 3118602190915 2218 
CLU_2995 3118602190222 872 
CLU_2995 3118604696077 8171 
CLU_2995 3118602191024 9541 
CLU_2995 3118602190478 10068 
CLU_2995 3118602190389 10373 
CLU_2995 3118607110316 9907 
CLU_2995 3118602220261 8547 
CLU_2995 3118602190397 9685 
CLU_2995 3118602190176 7036 
CLU_2995 3118602191059 8347 
CLU_2995 3118602191040 9994 
CLU_2995 3118602190451 12237 
CLU_2995 3118602190206 12434 
CLU_2995 3118602190524 13117 
CLU_2995 3118602190400 11537 
CLU_2995 3118602190966 12393 
CLU_2995 3118602190877 12434 
CLU_2995 3118602190826 12572 
CLU_2995 3118602190729 13913 
CLU_2995 3118602190656 13913 
CLU_2995 3118602190834 13896 
CLU_2995 3118602190710 12996 
CLU_2995 3118602190796 13503 
CLU_2995 3118602190648 13959 
CLU_2995 3118602190818 11908 
CLU_2995 3118602190885 6543 
CLU_2995 3118607053355 12393 
CLU_2995 3118602190192 12695 
CLU_2995 3118602190214 12265 
CLU_2995 3118602190680 12791 
CLU_2995 3118602190753 10899 
CLU_2995 3118602190141 13319 
CLU_2995 3118602220245 9876 
CLU_2995 3118602190788 6881 
CLU_2995 CLU_2943 5387 
CLU_2995 CLU_2961 3305 
CLU_2995 CLU_2970 2171 
CLU_2995 CLU_2971 2100 
CLU_2995 CLU_3051 9541 
CLU_2995 CLU_3055 7742 
CLU_2995 CLU_3060 7465 
CLU_2995 CLU_3084 12135 
CLU_2995 CLU_3086 13379 
CLU_2995 CLU_3087 13717 
CLU_2995 CLU_3098 12828 
CLU_2995 CLU_3108 7484 
CLU_2995 CLU_3114 12540 
CLU_2995 CLU_3121 9711 
CLU_2995 CLU_3128 12162 
CLU_2995 CLU_3141 13190 
CLU_2995 CLU_3143 12079 
CLU_2995 CLU_3160 12332 
CLU_2995 CLU_3166 11225 
CLU_2995 CLU_3176 11433 
CLU_2995 CLU_3200 9157 
CLU_2995 CLU_3214 7587 
CLU_2995 CLU_7923 6518 
CLU_2996 3118602190990 7258 
CLU_2996 3118602191229 7255 
CLU_2996 3118602190591 6396 
CLU_2996 3118602190567 4525 
CLU_2996 3118602190532 3698 
CLU_2996 3118602190494 3777 
CLU_2996 3118602190869 3703 
CLU_2996 3118602190605 3417 
CLU_2996 3118602190109 4428 
CLU_2996 3118607116306 1771 
CLU_2996 3118602190931 1845 
CLU_2996 3118602190923 0 
CLU_2996 3118602190893 1428 
CLU_2996 3118602190486 977 
CLU_2996 3118602190915 1516 
CLU_2996 3118602190222 1147 
CLU_2996 3118604696077 7791 
CLU_2996 3118602191024 9190 
CLU_2996 3118602190478 9695 
CLU_2996 3118602190389 9929 
CLU_2996 3118607110316 9203 
CLU_2996 3118602220261 8257 
CLU_2996 3118602190397 9170 
CLU_2996 3118602190176 6619 
CLU_2996 3118602191059 8149 
CLU_2996 3118602191040 9871 
CLU_2996 3118602190451 11728 
CLU_2996 3118602190206 11876 
CLU_2996 3118602190524 12470 
CLU_2996 3118602190400 10995 
CLU_2996 3118602190966 11665 
CLU_2996 3118602190877 11876 
CLU_2996 3118602190826 11335 
CLU_2996 3118602190729 12562 
CLU_2996 3118602190656 12562 
CLU_2996 3118602190834 12557 
CLU_2996 3118602190710 11624 
CLU_2996 3118602190796 12137 
CLU_2996 3118602190648 12597 
CLU_2996 3118602190818 10667 
CLU_2996 3118602190885 5519 
CLU_2996 3118607053355 11665 
CLU_2996 3118602190192 13297 
CLU_2996 3118602190214 12795 
CLU_2996 3118602190680 13160 
CLU_2996 3118602190753 10953 
CLU_2996 3118602190141 13552 
CLU_2996 3118602220245 10247 
CLU_2996 3118602190788 7258 
CLU_2996 CLU_2943 5978 
CLU_2996 CLU_2961 3785 
CLU_2996 CLU_2970 2808 
CLU_2996 CLU_2971 2975 
CLU_2996 CLU_3051 9190 
CLU_2996 CLU_3055 7172 
CLU_2996 CLU_3060 6806 
CLU_2996 CLU_3084 11495 
CLU_2996 CLU_3086 12078 
CLU_2996 CLU_3087 12392 
CLU_2996 CLU_3098 11480 
CLU_2996 CLU_3108 6108 
CLU_2996 CLU_3114 11443 
CLU_2996 CLU_3121 10328 
CLU_2996 CLU_3128 12865 
CLU_2996 CLU_3141 13655 
CLU_2996 CLU_3143 12520 
CLU_2996 CLU_3160 12717 
CLU_2996 CLU_3166 11422 
CLU_2996 CLU_3176 11742 
CLU_2996 CLU_3200 9599 
CLU_2996 CLU_3214 8232 
CLU_2996 CLU_7923 5281 
CLU_2997 3118602190990 7953 
CLU_2997 3118602191229 7924 
CLU_2997 3118602190591 7057 
CLU_2997 3118602190567 5115 
CLU_2997 3118602190532 4235 
CLU_2997 3118602190494 4148 
CLU_2997 3118602190869 4417 
CLU_2997 3118602190605 4190 
CLU_2997 3118602190109 5203 
CLU_2997 3118607116306 1938 
CLU_2997 3118602190931 2132 
CLU_2997 3118602190923 779 
CLU_2997 3118602190893 670 
CLU_2997 3118602190486 1753 
CLU_2997 3118602190915 803 
CLU_2997 3118602190222 796 
CLU_2997 3118604696077 8569 
CLU_2997 3118602191024 9968 
CLU_2997 3118602190478 10472 
CLU_2997 3118602190389 10702 
CLU_2997 3118607110316 9940 
CLU_2997 3118602220261 9037 
CLU_2997 3118602190397 9937 
CLU_2997 3118602190176 7396 
CLU_2997 3118602191059 8927 
CLU_2997 3118602191040 10647 
CLU_2997 3118602190451 12494 
CLU_2997 3118602190206 12635 
CLU_2997 3118602190524 13214 
CLU_2997 3118602190400 11757 
CLU_2997 3118602190966 12392 
CLU_2997 3118602190877 12635 
CLU_2997 3118602190826 11800 
CLU_2997 3118602190729 12845 
CLU_2997 3118602190656 12845 
CLU_2997 3118602190834 12868 
CLU_2997 3118602190710 11836 
CLU_2997 3118602190796 12376 
CLU_2997 3118602190648 12846 
CLU_2997 3118602190818 11129 
CLU_2997 3118602190885 6167 
CLU_2997 3118607053355 12392 
CLU_2997 3118602190192 13938 
CLU_2997 3118602190214 13458 
CLU_2997 3118602190680 13868 
CLU_2997 3118602190753 11714 
CLU_2997 3118602190141 14289 
CLU_2997 3118602220245 10950 
CLU_2997 3118602190788 7953 
CLU_2997 CLU_2943 6605 
CLU_2997 CLU_2961 4428 
CLU_2997 CLU_2970 3380 
CLU_2997 CLU_2971 3455 
CLU_2997 CLU_3051 9968 
CLU_2997 CLU_3055 7936 
CLU_2997 CLU_3060 7557 
CLU_2997 CLU_3084 12241 
CLU_2997 CLU_3086 12460 
CLU_2997 CLU_3087 12733 
CLU_2997 CLU_3098 11773 
CLU_2997 CLU_3108 6318 
CLU_2997 CLU_3114 12021 
CLU_2997 CLU_3121 10959 
CLU_2997 CLU_3128 13468 
CLU_2997 CLU_3141 14338 
CLU_2997 CLU_3143 13209 
CLU_2997 CLU_3160 13421 
CLU_2997 CLU_3166 12163 
CLU_2997 CLU_3176 12462 
CLU_2997 CLU_3200 10283 
CLU_2997 CLU_3214 8849 
CLU_2997 CLU_7923 5779 
CLU_2998 3118602190990 8489 
CLU_2998 3118602191229 8501 
CLU_2998 3118602190591 7647 
CLU_2998 3118602190567 5784 
CLU_2998 3118602190532 4946 
CLU_2998 3118602190494 4947 
CLU_2998 3118602190869 4928 
CLU_2998 3118602190605 4527 
CLU_2998 3118602190109 5511 
CLU_2998 3118607116306 2774 
CLU_2998 3118602190931 2944 
CLU_2998 3118602190923 1260 
CLU_2998 3118602190893 1161 
CLU_2998 3118602190486 2142 
CLU_2998 3118602190915 641 
CLU_2998 3118602190222 1634 
CLU_2998 3118604696077 8719 
CLU_2998 3118602191024 10119 
CLU_2998 3118602190478 10606 
CLU_2998 3118602190389 10791 
CLU_2998 3118607110316 9868 
CLU_2998 3118602220261 9234 
CLU_2998 3118602190397 9989 
CLU_2998 3118602190176 7543 
CLU_2998 3118602191059 9176 
CLU_2998 3118602191040 10921 
CLU_2998 3118602190451 12528 
CLU_2998 3118602190206 12636 
CLU_2998 3118602190524 13153 
CLU_2998 3118602190400 11775 
CLU_2998 3118602190966 12281 
CLU_2998 3118602190877 12636 
CLU_2998 3118602190826 11262 
CLU_2998 3118602190729 12148 
CLU_2998 3118602190656 12148 
CLU_2998 3118602190834 12191 
CLU_2998 3118602190710 11096 
CLU_2998 3118602190796 11651 
CLU_2998 3118602190648 12127 
CLU_2998 3118602190818 10590 
CLU_2998 3118602190885 5918 
CLU_2998 3118607053355 12281 
CLU_2998 3118602190192 14551 
CLU_2998 3118602190214 14041 
CLU_2998 3118602190680 14376 
CLU_2998 3118602190753 12074 
CLU_2998 3118602190141 14729 
CLU_2998 3118602220245 11468 
CLU_2998 3118602190788 8489 
CLU_2998 CLU_2943 7237 
CLU_2998 CLU_2961 5043 
CLU_2998 CLU_2970 4062 
CLU_2998 CLU_2971 4200 
CLU_2998 CLU_3051 10119 
CLU_2998 CLU_3055 7980 
CLU_2998 CLU_3060 7550 
CLU_2998 CLU_3084 12192 
CLU_2998 CLU_3086 11840 
CLU_2998 CLU_3087 12079 
CLU_2998 CLU_3098 11086 
CLU_2998 CLU_3108 5598 
CLU_2998 CLU_3114 11621 
CLU_2998 CLU_3121 11584 
CLU_2998 CLU_3128 14125 
CLU_2998 CLU_3141 14890 
CLU_2998 CLU_3143 13752 
CLU_2998 CLU_3160 13937 
CLU_2998 CLU_3166 12594 
CLU_2998 CLU_3176 12946 
CLU_2998 CLU_3200 10836 
CLU_2998 CLU_3214 9491 
CLU_2998 CLU_7923 5321 
CLU_2999 3118602190990 8750 
CLU_2999 3118602191229 8726 
CLU_2999 3118602190591 7860 
CLU_2999 3118602190567 5917 
CLU_2999 3118602190532 5030 
CLU_2999 3118602190494 4897 
CLU_2999 3118602190869 5206 
CLU_2999 3118602190605 4923 
CLU_2999 3118602190109 5927 
CLU_2999 3118607116306 2651 
CLU_2999 3118602190931 2881 
CLU_2999 3118602190923 1516 
CLU_2999 3118602190893 671 
CLU_2999 3118602190486 2486 
CLU_2999 3118602190915 0 
CLU_2999 3118602190222 1386 
CLU_2999 3118604696077 9222 
CLU_2999 3118602191024 10624 
CLU_2999 3118602190478 11118 
CLU_2999 3118602190389 11323 
CLU_2999 3118607110316 10456 
CLU_2999 3118602220261 9716 
CLU_2999 3118602190397 10534 
CLU_2999 3118602190176 8046 
CLU_2999 3118602191059 9631 
CLU_2999 3118602191040 11363 
CLU_2999 3118602190451 13082 
CLU_2999 3118602190206 13202 
CLU_2999 3118602190524 13740 
CLU_2999 3118602190400 12334 
CLU_2999 3118602190966 12881 
CLU_2999 3118602190877 13202 
CLU_2999 3118602190826 11893 
CLU_2999 3118602190729 12722 
CLU_2999 3118602190656 12722 
CLU_2999 3118602190834 12776 
CLU_2999 3118602190710 11641 
CLU_2999 3118602190796 12207 
CLU_2999 3118602190648 12687 
CLU_2999 3118602190818 11220 
CLU_2999 3118602190885 6543 
CLU_2999 3118607053355 12881 
CLU_2999 3118602190192 14742 
CLU_2999 3118602190214 14261 
CLU_2999 3118602190680 14662 
CLU_2999 3118602190753 12466 
CLU_2999 3118602190141 15067 
CLU_2999 3118602220245 11745 
CLU_2999 3118602190788 8750 
CLU_2999 CLU_2943 7409 
CLU_2999 CLU_2961 5232 
CLU_2999 CLU_2970 4181 
CLU_2999 CLU_2971 4241 
CLU_2999 CLU_3051 10624 
CLU_2999 CLU_3055 8527 
CLU_2999 CLU_3060 8115 
CLU_2999 CLU_3084 12774 
CLU_2999 CLU_3086 12449 
CLU_2999 CLU_3087 12674 
CLU_2999 CLU_3098 11666 
CLU_2999 CLU_3108 6167 
CLU_2999 CLU_3114 12262 
CLU_2999 CLU_3121 11763 
CLU_2999 CLU_3128 14269 
CLU_2999 CLU_3141 15139 
CLU_2999 CLU_3143 14008 
CLU_2999 CLU_3160 14216 
CLU_2999 CLU_3166 12938 
CLU_2999 CLU_3176 13250 
CLU_2999 CLU_3200 11083 
CLU_2999 CLU_3214 9652 
CLU_2999 CLU_7923 5962 
CLU_3000 3118602190990 6840 
CLU_3000 3118602191229 6822 
CLU_3000 3118602190591 5959 
CLU_3000 3118602190567 4063 
CLU_3000 3118602190532 3228 
CLU_3000 3118602190494 3316 
CLU_3000 3118602190869 3299 
CLU_3000 3118602190605 3112 
CLU_3000 3118602190109 4129 
CLU_3000 3118607116306 1408 
CLU_3000 3118602190931 1428 
CLU_3000 3118602190923 471 
CLU_3000 3118602190893 1688 
CLU_3000 3118602190486 744 
CLU_3000 3118602190915 1910 
CLU_3000 3118602190222 1171 
CLU_3000 3118604696077 7560 
CLU_3000 3118602191024 8953 
CLU_3000 3118602190478 9466 
CLU_3000 3118602190389 9724 
CLU_3000 3118607110316 9093 
CLU_3000 3118602220261 7999 
CLU_3000 3118602190397 8988 
CLU_3000 3118602190176 6396 
CLU_3000 3118602191059 7864 
CLU_3000 3118602191040 9569 
CLU_3000 3118602190451 11548 
CLU_3000 3118602190206 11714 
CLU_3000 3118602190524 12342 
CLU_3000 3118602190400 10826 
CLU_3000 3118602190966 11568 
CLU_3000 3118602190877 11714 
CLU_3000 3118602190826 11506 
CLU_3000 3118602190729 12842 
CLU_3000 3118602190656 12842 
CLU_3000 3118602190834 12821 
CLU_3000 3118602190710 11940 
CLU_3000 3118602190796 12440 
CLU_3000 3118602190648 12894 
CLU_3000 3118602190818 10841 
CLU_3000 3118602190885 5550 
CLU_3000 3118607053355 11568 
CLU_3000 3118602190192 12853 
CLU_3000 3118602190214 12360 
CLU_3000 3118602190680 12752 
CLU_3000 3118602190753 10608 
CLU_3000 3118602190141 13170 
CLU_3000 3118602220245 9835 
CLU_3000 3118602190788 6840 
CLU_3000 CLU_2943 5527 
CLU_3000 CLU_2961 3338 
CLU_3000 CLU_2970 2340 
CLU_3000 CLU_2971 2503 
CLU_3000 CLU_3051 8953 
CLU_3000 CLU_3055 7005 
CLU_3000 CLU_3060 6671 
CLU_3000 CLU_3084 11363 
CLU_3000 CLU_3086 12303 
CLU_3000 CLU_3087 12641 
CLU_3000 CLU_3098 11756 
CLU_3000 CLU_3108 6439 
CLU_3000 CLU_3114 11523 
CLU_3000 CLU_3121 9880 
CLU_3000 CLU_3128 12409 
CLU_3000 CLU_3141 13231 
CLU_3000 CLU_3143 12099 
CLU_3000 CLU_3160 12306 
CLU_3000 CLU_3166 11046 
CLU_3000 CLU_3176 11344 
CLU_3000 CLU_3200 9175 
CLU_3000 CLU_3214 7779 
CLU_3000 CLU_7923 5449 
CLU_3001 3118602190990 6445 
CLU_3001 3118602191229 6420 
CLU_3001 3118602190591 5555 
CLU_3001 3118602190567 3654 
CLU_3001 3118602190532 2824 
CLU_3001 3118602190494 2956 
CLU_3001 3118602190869 2916 
CLU_3001 3118602190605 2806 
CLU_3001 3118602190109 3821 
CLU_3001 3118607116306 1250 
CLU_3001 3118602190931 1179 
CLU_3001 3118602190923 875 
CLU_3001 3118602190893 2033 
CLU_3001 3118602190486 655 
CLU_3001 3118602190915 2307 
CLU_3001 3118602190222 1411 
CLU_3001 3118604696077 7295 
CLU_3001 3118602191024 8682 
CLU_3001 3118602190478 9200 
CLU_3001 3118602190389 9476 
CLU_3001 3118607110316 8922 
CLU_3001 3118602220261 7713 
CLU_3001 3118602190397 8759 
CLU_3001 3118602190176 6140 
CLU_3001 3118602191059 7557 
CLU_3001 3118602191040 9248 
CLU_3001 3118602190451 11318 
CLU_3001 3118602190206 11498 
CLU_3001 3118602190524 12152 
CLU_3001 3118602190400 10605 
CLU_3001 3118602190966 11404 
CLU_3001 3118602190877 11498 
CLU_3001 3118602190826 11574 
CLU_3001 3118602190729 13011 
CLU_3001 3118602190656 13011 
CLU_3001 3118602190834 12975 
CLU_3001 3118602190710 12145 
CLU_3001 3118602190796 12632 
CLU_3001 3118602190648 13079 
CLU_3001 3118602190818 10914 
CLU_3001 3118602190885 5510 
CLU_3001 3118607053355 11404 
CLU_3001 3118602190192 12446 
CLU_3001 3118602190214 11957 
CLU_3001 3118602190680 12360 
CLU_3001 3118602190753 10256 
CLU_3001 3118602190141 12794 
CLU_3001 3118602220245 9443 
CLU_3001 3118602190788 6445 
CLU_3001 CLU_2943 5119 
CLU_3001 CLU_2961 2931 
CLU_3001 CLU_2970 1933 
CLU_3001 CLU_2971 2114 
CLU_3001 CLU_3051 8682 
CLU_3001 CLU_3055 6792 
CLU_3001 CLU_3060 6487 
CLU_3001 CLU_3084 11171 
CLU_3001 CLU_3086 12420 
CLU_3001 CLU_3087 12780 
CLU_3001 CLU_3098 11922 
CLU_3001 CLU_3108 6667 
CLU_3001 CLU_3114 11510 
CLU_3001 CLU_3121 9472 
CLU_3001 CLU_3128 12000 
CLU_3001 CLU_3141 12831 
CLU_3001 CLU_3143 11701 
CLU_3001 CLU_3160 11913 
CLU_3001 CLU_3166 10673 
CLU_3001 CLU_3176 10958 
CLU_3001 CLU_3200 8776 
CLU_3001 CLU_3214 7370 
CLU_3001 CLU_7923 5532 
CLU_3002 3118602190990 7211 
CLU_3002 3118602191229 7163 
CLU_3002 3118602190591 6292 
CLU_3002 3118602190567 4324 
CLU_3002 3118602190532 3435 
CLU_3002 3118602190494 3359 
CLU_3002 3118602190869 3709 
CLU_3002 3118602190605 3612 
CLU_3002 3118602190109 4628 
CLU_3002 3118607116306 1207 
CLU_3002 3118602190931 1353 
CLU_3002 3118602190923 631 
CLU_3002 3118602190893 1232 
CLU_3002 3118602190486 1284 
CLU_3002 3118602190915 1595 
CLU_3002 3118602190222 631 
CLU_3002 3118604696077 8084 
CLU_3002 3118602191024 9475 
CLU_3002 3118602190478 9990 
CLU_3002 3118602190389 10254 
CLU_3002 3118607110316 9633 
CLU_3002 3118602220261 8513 
CLU_3002 3118602190397 9523 
CLU_3002 3118602190176 6923 
CLU_3002 3118602191059 8365 
CLU_3002 3118602191040 10059 
CLU_3002 3118602190451 12083 
CLU_3002 3118602190206 12252 
CLU_3002 3118602190524 12882 
CLU_3002 3118602190400 11363 
CLU_3002 3118602190966 12108 
CLU_3002 3118602190877 12252 
CLU_3002 3118602190826 11951 
CLU_3002 3118602190729 13194 
CLU_3002 3118602190656 13194 
CLU_3002 3118602190834 13189 
CLU_3002 3118602190710 12251 
CLU_3002 3118602190796 12766 
CLU_3002 3118602190648 13227 
CLU_3002 3118602190818 11283 
CLU_3002 3118602190885 6063 
CLU_3002 3118607053355 12108 
CLU_3002 3118602190192 13157 
CLU_3002 3118602190214 12689 
CLU_3002 3118602190680 13131 
CLU_3002 3118602190753 11065 
CLU_3002 3118602190141 13587 
CLU_3002 3118602220245 10212 
CLU_3002 3118602190788 7211 
CLU_3002 CLU_2943 5824 
CLU_3002 CLU_2961 3660 
CLU_3002 CLU_2970 2589 
CLU_3002 CLU_2971 2652 
CLU_3002 CLU_3051 9475 
CLU_3002 CLU_3055 7543 
CLU_3002 CLU_3060 7212 
CLU_3002 CLU_3084 11903 
CLU_3002 CLU_3086 12707 
CLU_3002 CLU_3087 13023 
CLU_3002 CLU_3098 12112 
CLU_3002 CLU_3108 6732 
CLU_3002 CLU_3114 12019 
CLU_3002 CLU_3121 10176 
CLU_3002 CLU_3128 12675 
CLU_3002 CLU_3141 13581 
CLU_3002 CLU_3143 12456 
CLU_3002 CLU_3160 12680 
CLU_3002 CLU_3166 11470 
CLU_3002 CLU_3176 11739 
CLU_3002 CLU_3200 9529 
CLU_3002 CLU_3214 8062 
CLU_3002 CLU_7923 5893 
CLU_3003 3118602190990 7095 
CLU_3003 3118602191229 7021 
CLU_3003 3118602190591 6146 
CLU_3003 3118602190567 4134 
CLU_3003 3118602190532 3217 
CLU_3003 3118602190494 3054 
CLU_3003 3118602190869 3649 
CLU_3003 3118602190605 3668 
CLU_3003 3118602190109 4677 
CLU_3003 3118607116306 844 
CLU_3003 3118602190931 1036 
CLU_3003 3118602190923 1003 
CLU_3003 3118602190893 1369 
CLU_3003 3118602190486 1487 
CLU_3003 3118602190915 1847 
CLU_3003 3118602190222 593 
CLU_3003 3118604696077 8174 
CLU_3003 3118602191024 9556 
CLU_3003 3118602190478 10077 
CLU_3003 3118602190389 10361 
CLU_3003 3118607110316 9813 
CLU_3003 3118602220261 8578 
CLU_3003 3118602190397 9650 
CLU_3003 3118602190176 7024 
CLU_3003 3118602191059 8405 
CLU_3003 3118602191040 10078 
CLU_3003 3118602190451 12208 
CLU_3003 3118602190206 12390 
CLU_3003 3118602190524 13045 
CLU_3003 3118602190400 11497 
CLU_3003 3118602190966 12294 
CLU_3003 3118602190877 12390 
CLU_3003 3118602190826 12284 
CLU_3003 3118602190729 13563 
CLU_3003 3118602190656 13563 
CLU_3003 3118602190834 13554 
CLU_3003 3118602190710 12628 
CLU_3003 3118602190796 13141 
CLU_3003 3118602190648 13600 
CLU_3003 3118602190818 11618 
CLU_3003 3118602190885 6332 
CLU_3003 3118607053355 12294 
CLU_3003 3118602190192 12976 
CLU_3003 3118602190214 12528 
CLU_3003 3118602190680 13014 
CLU_3003 3118602190753 11035 
CLU_3003 3118602190141 13507 
CLU_3003 3118602220245 10096 
CLU_3003 3118602190788 7095 
CLU_3003 CLU_2943 5652 
CLU_3003 CLU_2961 3523 
CLU_3003 CLU_2970 2413 
CLU_3003 CLU_2971 2410 
CLU_3003 CLU_3051 9556 
CLU_3003 CLU_3055 7685 
CLU_3003 CLU_3060 7379 
CLU_3003 CLU_3084 12064 
CLU_3003 CLU_3086 13060 
CLU_3003 CLU_3087 13384 
CLU_3003 CLU_3098 12480 
CLU_3003 CLU_3108 7111 
CLU_3003 CLU_3114 12310 
CLU_3003 CLU_3121 9993 
CLU_3003 CLU_3128 12467 
CLU_3003 CLU_3141 13438 
CLU_3003 CLU_3143 12319 
CLU_3003 CLU_3160 12559 
CLU_3003 CLU_3166 11400 
CLU_3003 CLU_3176 11639 
CLU_3003 CLU_3200 9394 
CLU_3003 CLU_3214 7873 
CLU_3003 CLU_7923 6226 
CLU_3004 3118602190990 8519 
CLU_3004 3118602191229 8415 
CLU_3004 3118602190591 7538 
CLU_3004 3118602190567 5478 
CLU_3004 3118602190532 4528 
CLU_3004 3118602190494 4133 
CLU_3004 3118602190869 5121 
CLU_3004 3118602190605 5134 
CLU_3004 3118602190109 6147 
CLU_3004 3118607116306 1952 
CLU_3004 3118602190931 2274 
CLU_3004 3118602190923 1958 
CLU_3004 3118602190893 748 
CLU_3004 3118602190486 2815 
CLU_3004 3118602190915 1373 
CLU_3004 3118602190222 917 
CLU_3004 3118604696077 9621 
CLU_3004 3118602191024 11010 
CLU_3004 3118602190478 11527 
CLU_3004 3118602190389 11794 
CLU_3004 3118607110316 11148 
CLU_3004 3118602220261 10042 
CLU_3004 3118602190397 11061 
CLU_3004 3118602190176 8462 
CLU_3004 3118602191059 9880 
CLU_3004 3118602191040 11558 
CLU_3004 3118602190451 13622 
CLU_3004 3118602190206 13787 
CLU_3004 3118602190524 14407 
CLU_3004 3118602190400 12900 
CLU_3004 3118602190966 13616 
CLU_3004 3118602190877 13787 
CLU_3004 3118602190826 13102 
CLU_3004 3118602190729 14057 
CLU_3004 3118602190656 14057 
CLU_3004 3118602190834 14098 
CLU_3004 3118602190710 12999 
CLU_3004 3118602190796 13557 
CLU_3004 3118602190648 14035 
CLU_3004 3118602190818 12430 
CLU_3004 3118602190885 7461 
CLU_3004 3118607053355 13616 
CLU_3004 3118602190192 14292 
CLU_3004 3118602190214 13880 
CLU_3004 3118602190680 14426 
CLU_3004 3118602190753 12511 
CLU_3004 3118602190141 14956 
CLU_3004 3118602220245 11513 
CLU_3004 3118602190788 8519 
CLU_3004 CLU_2943 7009 
CLU_3004 CLU_2961 4943 
CLU_3004 CLU_2970 3808 
CLU_3004 CLU_2971 3701 
CLU_3004 CLU_3051 11010 
CLU_3004 CLU_3055 9078 
CLU_3004 CLU_3060 8737 
CLU_3004 CLU_3084 13429 
CLU_3004 CLU_3086 13729 
CLU_3004 CLU_3087 13980 
CLU_3004 CLU_3098 12994 
CLU_3004 CLU_3108 7506 
CLU_3004 CLU_3114 13336 
CLU_3004 CLU_3121 11311 
CLU_3004 CLU_3128 13727 
CLU_3004 CLU_3141 14816 
CLU_3004 CLU_3143 13709 
CLU_3004 CLU_3160 13967 
CLU_3004 CLU_3166 12858 
CLU_3004 CLU_3176 13070 
CLU_3004 CLU_3200 10789 
CLU_3004 CLU_3214 9187 
CLU_3004 CLU_7923 7091 
CLU_3005 3118602190990 8437 
CLU_3005 3118602191229 8378 
CLU_3005 3118602190591 7505 
CLU_3005 3118602190567 5503 
CLU_3005 3118602190532 4585 
CLU_3005 3118602190494 4354 
CLU_3005 3118602190869 4941 
CLU_3005 3118602190605 4798 
CLU_3005 3118602190109 5815 
CLU_3005 3118607116306 2096 
CLU_3005 3118602190931 2364 
CLU_3005 3118602190923 1428 
CLU_3005 3118602190893 0 
CLU_3005 3118602190486 2381 
CLU_3005 3118602190915 671 
CLU_3005 3118602190222 813 
CLU_3005 3118604696077 9215 
CLU_3005 3118602191024 10613 
CLU_3005 3118602190478 11120 
CLU_3005 3118602190389 11358 
CLU_3005 3118607110316 10611 
CLU_3005 3118602220261 9672 
CLU_3005 3118602190397 10598 
CLU_3005 3118602190176 8045 
CLU_3005 3118602191059 9548 
CLU_3005 3118602191040 11257 
CLU_3005 3118602190451 13156 
CLU_3005 3118602190206 13301 
CLU_3005 3118602190524 13884 
CLU_3005 3118602190400 12421 
CLU_3005 3118602190966 13062 
CLU_3005 3118602190877 13301 
CLU_3005 3118602190826 12374 
CLU_3005 3118602190729 13309 
CLU_3005 3118602190656 13309 
CLU_3005 3118602190834 13350 
CLU_3005 3118602190710 12255 
CLU_3005 3118602190796 12811 
CLU_3005 3118602190648 13288 
CLU_3005 3118602190818 11701 
CLU_3005 3118602190885 6824 
CLU_3005 3118607053355 13062 
CLU_3005 3118602190192 14346 
CLU_3005 3118602190214 13894 
CLU_3005 3118602190680 14358 
CLU_3005 3118602190753 12288 
CLU_3005 3118602190141 14820 
CLU_3005 3118602220245 11439 
CLU_3005 3118602190788 8437 
CLU_3005 CLU_2943 7019 
CLU_3005 CLU_2961 4876 
CLU_3005 CLU_2970 3779 
CLU_3005 CLU_2971 3773 
CLU_3005 CLU_3051 10613 
CLU_3005 CLU_3055 8599 
CLU_3005 CLU_3060 8225 
CLU_3005 CLU_3084 12911 
CLU_3005 CLU_3086 12985 
CLU_3005 CLU_3087 13233 
CLU_3005 CLU_3098 12246 
CLU_3005 CLU_3108 6759 
CLU_3005 CLU_3114 12649 
CLU_3005 CLU_3121 11362 
CLU_3005 CLU_3128 13834 
CLU_3005 CLU_3141 14797 
CLU_3005 CLU_3143 13675 
CLU_3005 CLU_3160 13906 
CLU_3005 CLU_3166 12702 
CLU_3005 CLU_3176 12970 
CLU_3005 CLU_3200 10749 
CLU_3005 CLU_3214 9242 
CLU_3005 CLU_7923 6382 
CLU_3006 3118602190990 8762 
CLU_3006 3118602191229 8694 
CLU_3006 3118602190591 7820 
CLU_3006 3118602190567 5803 
CLU_3006 3118602190532 4874 
CLU_3006 3118602190494 4594 
CLU_3006 3118602190869 5278 
CLU_3006 3118602190605 5148 
CLU_3006 3118602190109 6165 
CLU_3006 3118607116306 2346 
CLU_3006 3118602190931 2633 
CLU_3006 3118602190923 1776 
CLU_3006 3118602190893 350 
CLU_3006 3118602190486 2731 
CLU_3006 3118602190915 740 
CLU_3006 3118602190222 1091 
CLU_3006 3118604696077 9564 
CLU_3006 3118602191024 10962 
CLU_3006 3118602190478 11469 
CLU_3006 3118602190389 11705 
CLU_3006 3118607110316 10944 
CLU_3006 3118602220261 10022 
CLU_3006 3118602190397 10943 
CLU_3006 3118602190176 8394 
CLU_3006 3118602191059 9898 
CLU_3006 3118602191040 11606 
CLU_3006 3118602190451 13501 
CLU_3006 3118602190206 13643 
CLU_3006 3118602190524 14220 
CLU_3006 3118602190400 12764 
CLU_3006 3118602190966 13392 
CLU_3006 3118602190877 13643 
CLU_3006 3118602190826 12602 
CLU_3006 3118602190729 13462 
CLU_3006 3118602190656 13462 
CLU_3006 3118602190834 13515 
CLU_3006 3118602190710 12381 
CLU_3006 3118602190796 12947 
CLU_3006 3118602190648 13427 
CLU_3006 3118602190818 11929 
CLU_3006 3118602190885 7128 
CLU_3006 3118607053355 13392 
CLU_3006 3118602190192 14644 
CLU_3006 3118602190214 14201 
CLU_3006 3118602190680 14682 
CLU_3006 3118602190753 12633 
CLU_3006 3118602190141 15154 
CLU_3006 3118602220245 11764 
CLU_3006 3118602190788 8762 
CLU_3006 CLU_2943 7324 
CLU_3006 CLU_2961 5194 
CLU_3006 CLU_2970 4087 
CLU_3006 CLU_2971 4056 
CLU_3006 CLU_3051 10962 
CLU_3006 CLU_3055 8943 
CLU_3006 CLU_3060 8564 
CLU_3006 CLU_3084 13247 
CLU_3006 CLU_3086 13180 
CLU_3006 CLU_3087 13411 
CLU_3006 CLU_3098 12406 
CLU_3006 CLU_3108 6907 
CLU_3006 CLU_3114 12921 
CLU_3006 CLU_3121 11660 
CLU_3006 CLU_3128 14119 
CLU_3006 CLU_3141 15112 
CLU_3006 CLU_3143 13992 
CLU_3006 CLU_3160 14228 
CLU_3006 CLU_3166 13039 
CLU_3006 CLU_3176 13299 
CLU_3006 CLU_3200 11066 
CLU_3006 CLU_3214 9538 
CLU_3006 CLU_7923 6637 
CLU_3007 3118602190990 9795 
CLU_3007 3118602191229 9725 
CLU_3007 3118602190591 8850 
CLU_3007 3118602190567 6824 
CLU_3007 3118602190532 5888 
CLU_3007 3118602190494 5552 
CLU_3007 3118602190869 6308 
CLU_3007 3118602190605 6143 
CLU_3007 3118602190109 7157 
CLU_3007 3118607116306 3333 
CLU_3007 3118602190931 3635 
CLU_3007 3118602190923 2733 
CLU_3007 3118602190893 1367 
CLU_3007 3118602190486 3708 
CLU_3007 3118602190915 1317 
CLU_3007 3118602190222 2115 
CLU_3007 3118604696077 10510 
CLU_3007 3118602191024 11911 
CLU_3007 3118602190478 12410 
CLU_3007 3118602190389 12625 
CLU_3007 3118607110316 11773 
CLU_3007 3118602220261 10988 
CLU_3007 3118602190397 11844 
CLU_3007 3118602190176 9335 
CLU_3007 3118602191059 10882 
CLU_3007 3118602191040 12601 
CLU_3007 3118602190451 14394 
CLU_3007 3118602190206 14518 
CLU_3007 3118602190524 15057 
CLU_3007 3118602190400 13648 
CLU_3007 3118602190966 14195 
CLU_3007 3118602190877 14518 
CLU_3007 3118602190826 13002 
CLU_3007 3118602190729 13609 
CLU_3007 3118602190656 13609 
CLU_3007 3118602190834 13700 
CLU_3007 3118602190710 12446 
CLU_3007 3118602190796 13040 
CLU_3007 3118602190648 13530 
CLU_3007 3118602190818 12331 
CLU_3007 3118602190885 7838 
CLU_3007 3118607053355 14195 
CLU_3007 3118602190192 15661 
CLU_3007 3118602190214 15226 
CLU_3007 3118602190680 15715 
CLU_3007 3118602190753 13651 
CLU_3007 3118602190141 16186 
CLU_3007 3118602220245 12797 
CLU_3007 3118602190788 9795 
CLU_3007 CLU_2943 8348 
CLU_3007 CLU_2961 6226 
CLU_3007 CLU_2970 5115 
CLU_3007 CLU_2971 5066 
CLU_3007 CLU_3051 11911 
CLU_3007 CLU_3055 9837 
CLU_3007 CLU_3060 9430 
CLU_3007 CLU_3084 14092 
CLU_3007 CLU_3086 13461 
CLU_3007 CLU_3087 13635 
CLU_3007 CLU_3098 12577 
CLU_3007 CLU_3108 7086 
CLU_3007 CLU_3114 13480 
CLU_3007 CLU_3121 12678 
CLU_3007 CLU_3128 15121 
CLU_3007 CLU_3141 16141 
CLU_3007 CLU_3143 15024 
CLU_3007 CLU_3160 15261 
CLU_3007 CLU_3166 14069 
CLU_3007 CLU_3176 14332 
CLU_3007 CLU_3200 12098 
CLU_3007 CLU_3214 10554 
CLU_3007 CLU_7923 7170 
CLU_3008 3118602190990 8305 
CLU_3008 3118602191229 8214 
CLU_3008 3118602190591 7338 
CLU_3008 3118602190567 5294 
CLU_3008 3118602190532 4352 
CLU_3008 3118602190494 4018 
CLU_3008 3118602190869 4876 
CLU_3008 3118602190605 4853 
CLU_3008 3118602190109 5869 
CLU_3008 3118607116306 1790 
CLU_3008 3118602190931 2096 
CLU_3008 3118602190923 1651 
CLU_3008 3118602190893 532 
CLU_3008 3118602190486 2515 
CLU_3008 3118602190915 1200 
CLU_3008 3118602190222 641 
CLU_3008 3118604696077 9331 
CLU_3008 3118602191024 10722 
CLU_3008 3118602190478 11238 
CLU_3008 3118602190389 11500 
CLU_3008 3118607110316 10843 
CLU_3008 3118602220261 9759 
CLU_3008 3118602190397 10764 
CLU_3008 3118602190176 8170 
CLU_3008 3118602191059 9604 
CLU_3008 3118602191040 11289 
CLU_3008 3118602190451 13325 
CLU_3008 3118602190206 13487 
CLU_3008 3118602190524 14103 
CLU_3008 3118602190400 12601 
CLU_3008 3118602190966 13310 
CLU_3008 3118602190877 13487 
CLU_3008 3118602190826 12821 
CLU_3008 3118602190729 13814 
CLU_3008 3118602190656 13814 
CLU_3008 3118602190834 13849 
CLU_3008 3118602190710 12772 
CLU_3008 3118602190796 13325 
CLU_3008 3118602190648 13800 
CLU_3008 3118602190818 12149 
CLU_3008 3118602190885 7156 
CLU_3008 3118607053355 13310 
CLU_3008 3118602190192 14125 
CLU_3008 3118602190214 13699 
CLU_3008 3118602190680 14219 
CLU_3008 3118602190753 12260 
CLU_3008 3118602190141 14729 
CLU_3008 3118602220245 11303 
CLU_3008 3118602190788 8305 
CLU_3008 CLU_2943 6822 
CLU_3008 CLU_2961 4728 
CLU_3008 CLU_2970 3601 
CLU_3008 CLU_2971 3527 
CLU_3008 CLU_3051 10722 
CLU_3008 CLU_3055 8778 
CLU_3008 CLU_3060 8434 
CLU_3008 CLU_3084 13126 
CLU_3008 CLU_3086 13464 
CLU_3008 CLU_3087 13724 
CLU_3008 CLU_3098 12748 
CLU_3008 CLU_3108 7269 
CLU_3008 CLU_3114 13037 
CLU_3008 CLU_3121 11141 
CLU_3008 CLU_3128 13578 
CLU_3008 CLU_3141 14624 
CLU_3008 CLU_3143 13512 
CLU_3008 CLU_3160 13762 
CLU_3008 CLU_3166 12625 
CLU_3008 CLU_3176 12853 
CLU_3008 CLU_3200 10589 
CLU_3008 CLU_3214 9017 
CLU_3008 CLU_7923 6802 
CLU_3009 3118602190990 6351 
CLU_3009 3118602191229 6379 
CLU_3009 3118602190591 5535 
CLU_3009 3118602190567 3781 
CLU_3009 3118602190532 3057 
CLU_3009 3118602190494 3377 
CLU_3009 3118602190869 2790 
CLU_3009 3118602190605 2440 
CLU_3009 3118602190109 3450 
CLU_3009 3118607116306 1900 
CLU_3009 3118602190931 1794 
CLU_3009 3118602190923 977 
CLU_3009 3118602190893 2381 
CLU_3009 3118602190486 0 
CLU_3009 3118602190915 2486 
CLU_3009 3118602190222 1915 
CLU_3009 3118604696077 6837 
CLU_3009 3118602191024 8233 
CLU_3009 3118602190478 8742 
CLU_3009 3118602190389 8991 
CLU_3009 3118607110316 8350 
CLU_3009 3118602220261 7291 
CLU_3009 3118602190397 8249 
CLU_3009 3118602190176 5669 
CLU_3009 3118602191059 7174 
CLU_3009 3118602191040 8894 
CLU_3009 3118602190451 10809 
CLU_3009 3118602190206 10972 
CLU_3009 3118602190524 11598 
CLU_3009 3118602190400 10085 
CLU_3009 3118602190966 10826 
CLU_3009 3118602190877 10972 
CLU_3009 3118602190826 10922 
CLU_3009 3118602190729 12399 
CLU_3009 3118602190656 12399 
CLU_3009 3118602190834 12354 
CLU_3009 3118602190710 11560 
CLU_3009 3118602190796 12035 
CLU_3009 3118602190648 12478 
CLU_3009 3118602190818 10262 
CLU_3009 3118602190885 4862 
CLU_3009 3118607053355 10826 
CLU_3009 3118602190192 12442 
CLU_3009 3118602190214 11915 
CLU_3009 3118602190680 12233 
CLU_3009 3118602190753 9980 
CLU_3009 3118602190141 12597 
CLU_3009 3118602220245 9326 
CLU_3009 3118602190788 6351 
CLU_3009 CLU_2943 5163 
CLU_3009 CLU_2961 2978 
CLU_3009 CLU_2970 2157 
CLU_3009 CLU_2971 2462 
CLU_3009 CLU_3051 8233 
CLU_3009 CLU_3055 6263 
CLU_3009 CLU_3060 5927 
CLU_3009 CLU_3084 10619 
CLU_3009 CLU_3086 11781 
CLU_3009 CLU_3087 12150 
CLU_3009 CLU_3098 11308 
CLU_3009 CLU_3108 6112 
CLU_3009 CLU_3114 10857 
CLU_3009 CLU_3121 9488 
CLU_3009 CLU_3128 12053 
CLU_3009 CLU_3141 12752 
CLU_3009 CLU_3143 11613 
CLU_3009 CLU_3160 11795 
CLU_3009 CLU_3166 10464 
CLU_3009 CLU_3176 10804 
CLU_3009 CLU_3200 8701 
CLU_3009 CLU_3214 7417 
CLU_3009 CLU_7923 4886 
CLU_3010 3118602190990 9092 
CLU_3010 3118602191229 9050 
CLU_3010 3118602190591 8179 
CLU_3010 3118602190567 6198 
CLU_3010 3118602190532 5288 
CLU_3010 3118602190494 5072 
CLU_3010 3118602190869 5568 
CLU_3010 3118602190605 5337 
CLU_3010 3118602190109 6346 
CLU_3010 3118607116306 2814 
CLU_3010 3118602190931 3079 
CLU_3010 3118602190923 1919 
CLU_3010 3118602190893 718 
CLU_3010 3118602190486 2896 
CLU_3010 3118602190915 466 
CLU_3010 3118602190222 1531 
CLU_3010 3118604696077 9670 
CLU_3010 3118602191024 11071 
CLU_3010 3118602190478 11568 
CLU_3010 3118602190389 11778 
CLU_3010 3118607110316 10922 
CLU_3010 3118602220261 10156 
CLU_3010 3118602190397 10994 
CLU_3010 3118602190176 8494 
CLU_3010 3118602191059 10061 
CLU_3010 3118602191040 11788 
CLU_3010 3118602190451 13543 
CLU_3010 3118602190206 13665 
CLU_3010 3118602190524 14206 
CLU_3010 3118602190400 12796 
CLU_3010 3118602190966 13347 
CLU_3010 3118602190877 13665 
CLU_3010 3118602190826 12297 
CLU_3010 3118602190729 13050 
CLU_3010 3118602190656 13050 
CLU_3010 3118602190834 13117 
CLU_3010 3118602190710 11940 
CLU_3010 3118602190796 12516 
CLU_3010 3118602190648 13000 
CLU_3010 3118602190818 11624 
CLU_3010 3118602190885 7006 
CLU_3010 3118607053355 13347 
CLU_3010 3118602190192 15038 
CLU_3010 3118602190214 14575 
CLU_3010 3118602190680 15011 
CLU_3010 3118602190753 12869 
CLU_3010 3118602190141 15443 
CLU_3010 3118602220245 12092 
CLU_3010 3118602190788 9092 
CLU_3010 CLU_2943 7706 
CLU_3010 CLU_2961 5547 
CLU_3010 CLU_2970 4467 
CLU_3010 CLU_2971 4482 
CLU_3010 CLU_3051 11071 
CLU_3010 CLU_3055 8986 
CLU_3010 CLU_3060 8578 
CLU_3010 CLU_3084 13240 
CLU_3010 CLU_3086 12820 
CLU_3010 CLU_3087 13028 
CLU_3010 CLU_3098 12002 
CLU_3010 CLU_3108 6498 
CLU_3010 CLU_3114 12702 
CLU_3010 CLU_3121 12055 
CLU_3010 CLU_3128 14539 
CLU_3010 CLU_3141 15468 
CLU_3010 CLU_3143 14342 
CLU_3010 CLU_3160 14562 
CLU_3010 CLU_3166 13318 
CLU_3010 CLU_3176 13611 
CLU_3010 CLU_3200 11415 
CLU_3010 CLU_3214 9938 
CLU_3010 CLU_7923 6396 
CLU_3011 3118602190990 8204 
CLU_3011 3118602191229 8155 
CLU_3011 3118602190591 7283 
CLU_3011 3118602190567 5300 
CLU_3011 3118602190532 4393 
CLU_3011 3118602190494 4215 
CLU_3011 3118602190869 4693 
CLU_3011 3118602190605 4527 
CLU_3011 3118602190109 5543 
CLU_3011 3118607116306 1962 
CLU_3011 3118602190931 2205 
CLU_3011 3118602190923 1149 
CLU_3011 3118602190893 279 
CLU_3011 3118602190486 2104 
CLU_3011 3118602190915 694 
CLU_3011 3118602190222 691 
CLU_3011 3118604696077 8936 
CLU_3011 3118602191024 10335 
CLU_3011 3118602190478 10841 
CLU_3011 3118602190389 11078 
CLU_3011 3118607110316 10333 
CLU_3011 3118602220261 9396 
CLU_3011 3118602190397 10318 
CLU_3011 3118602190176 7766 
CLU_3011 3118602191059 9274 
CLU_3011 3118602191040 10986 
CLU_3011 3118602190451 12876 
CLU_3011 3118602190206 13021 
CLU_3011 3118602190524 13606 
CLU_3011 3118602190400 12142 
CLU_3011 3118602190966 12787 
CLU_3011 3118602190877 13021 
CLU_3011 3118602190826 12160 
CLU_3011 3118602190729 13148 
CLU_3011 3118602190656 13148 
CLU_3011 3118602190834 13181 
CLU_3011 3118602190710 12115 
CLU_3011 3118602190796 12664 
CLU_3011 3118602190648 13138 
CLU_3011 3118602190818 11488 
CLU_3011 3118602190885 6562 
CLU_3011 3118607053355 12787 
CLU_3011 3118602190192 14139 
CLU_3011 3118602190214 13678 
CLU_3011 3118602190680 14123 
CLU_3011 3118602190753 12028 
CLU_3011 3118602190141 14572 
CLU_3011 3118602220245 11205 
CLU_3011 3118602190788 8204 
CLU_3011 CLU_2943 6808 
CLU_3011 CLU_2961 4652 
CLU_3011 CLU_2970 3569 
CLU_3011 CLU_2971 3591 
CLU_3011 CLU_3051 10335 
CLU_3011 CLU_3055 8320 
CLU_3011 CLU_3060 7946 
CLU_3011 CLU_3084 12632 
CLU_3011 CLU_3086 12796 
CLU_3011 CLU_3087 13056 
CLU_3011 CLU_3098 12081 
CLU_3011 CLU_3108 6607 
CLU_3011 CLU_3114 12406 
CLU_3011 CLU_3121 11157 
CLU_3011 CLU_3128 13643 
CLU_3011 CLU_3141 14573 
CLU_3011 CLU_3143 13448 
CLU_3011 CLU_3160 13673 
CLU_3011 CLU_3166 12452 
CLU_3011 CLU_3176 12729 
CLU_3011 CLU_3200 10522 
CLU_3011 CLU_3214 9040 
CLU_3011 CLU_7923 6152 
CLU_3012 3118602190990 7652 
CLU_3012 3118602191229 7573 
CLU_3012 3118602190591 6697 
CLU_3012 3118602190567 4671 
CLU_3012 3118602190532 3742 
CLU_3012 3118602190494 3498 
CLU_3012 3118602190869 4208 
CLU_3012 3118602190605 4194 
CLU_3012 3118602190109 5208 
CLU_3012 3118607116306 1240 
CLU_3012 3118602190931 1508 
CLU_3012 3118602190923 1155 
CLU_3012 3118602190893 857 
CLU_3012 3118602190486 1904 
CLU_3012 3118602190915 1429 
CLU_3012 3118602190222 44 
CLU_3012 3118604696077 8685 
CLU_3012 3118602191024 10072 
CLU_3012 3118602190478 10590 
CLU_3012 3118602190389 10862 
CLU_3012 3118607110316 10254 
CLU_3012 3118602220261 9103 
CLU_3012 3118602190397 10136 
CLU_3012 3118602190176 7528 
CLU_3012 3118602191059 8941 
CLU_3012 3118602191040 10622 
CLU_3012 3118602190451 12697 
CLU_3012 3118602190206 12868 
CLU_3012 3118602190524 13502 
CLU_3012 3118602190400 11978 
CLU_3012 3118602190966 12729 
CLU_3012 3118602190877 12868 
CLU_3012 3118602190826 12479 
CLU_3012 3118602190729 13624 
CLU_3012 3118602190656 13624 
CLU_3012 3118602190834 13635 
CLU_3012 3118602190710 12638 
CLU_3012 3118602190796 13170 
CLU_3012 3118602190648 13637 
CLU_3012 3118602190818 11809 
CLU_3012 3118602190885 6661 
CLU_3012 3118607053355 12729 
CLU_3012 3118602190192 13512 
CLU_3012 3118602190214 13072 
CLU_3012 3118602190680 13570 
CLU_3012 3118602190753 11591 
CLU_3012 3118602190141 14067 
CLU_3012 3118602220245 10653 
CLU_3012 3118602190788 7652 
CLU_3012 CLU_2943 6194 
CLU_3012 CLU_2961 4078 
CLU_3012 CLU_2970 2961 
CLU_3012 CLU_2971 2925 
CLU_3012 CLU_3051 10072 
CLU_3012 CLU_3055 8159 
CLU_3012 CLU_3060 7832 
CLU_3012 CLU_3084 12523 
CLU_3012 CLU_3086 13192 
CLU_3012 CLU_3087 13486 
CLU_3012 CLU_3098 12547 
CLU_3012 CLU_3108 7116 
CLU_3012 CLU_3114 12598 
CLU_3012 CLU_3121 10528 
CLU_3012 CLU_3128 12988 
CLU_3012 CLU_3141 13988 
CLU_3012 CLU_3143 12871 
CLU_3012 CLU_3160 13114 
CLU_3012 CLU_3166 11960 
CLU_3012 CLU_3176 12197 
CLU_3012 CLU_3200 9946 
CLU_3012 CLU_3214 8406 
CLU_3012 CLU_7923 6429 
CLU_3013 3118602190990 7688 
CLU_3013 3118602191229 7610 
CLU_3013 3118602190591 6735 
CLU_3013 3118602190567 4711 
CLU_3013 3118602190532 3783 
CLU_3013 3118602190494 3542 
CLU_3013 3118602190869 4239 
CLU_3013 3118602190605 4216 
CLU_3013 3118602190109 5231 
CLU_3013 3118607116306 1284 
CLU_3013 3118602190931 1551 
CLU_3013 3118602190923 1147 
CLU_3013 3118602190893 813 
CLU_3013 3118602190486 1915 
CLU_3013 3118602190915 1386 
CLU_3013 3118602190222 0 
CLU_3013 3118604696077 8704 
CLU_3013 3118602191024 10092 
CLU_3013 3118602190478 10609 
CLU_3013 3118602190389 10879 
CLU_3013 3118607110316 10263 
CLU_3013 3118602220261 9124 
CLU_3013 3118602190397 10151 
CLU_3013 3118602190176 7546 
CLU_3013 3118602191059 8965 
CLU_3013 3118602191040 10648 
CLU_3013 3118602190451 12712 
CLU_3013 3118602190206 12882 
CLU_3013 3118602190524 13513 
CLU_3013 3118602190400 11992 
CLU_3013 3118602190966 12737 
CLU_3013 3118602190877 12882 
CLU_3013 3118602190826 12464 
CLU_3013 3118602190729 13599 
CLU_3013 3118602190656 13599 
CLU_3013 3118602190834 13612 
CLU_3013 3118602190710 12610 
CLU_3013 3118602190796 13143 
CLU_3013 3118602190648 13611 
CLU_3013 3118602190818 11794 
CLU_3013 3118602190885 6659 
CLU_3013 3118607053355 12737 
CLU_3013 3118602190192 13552 
CLU_3013 3118602190214 13111 
CLU_3013 3118602190680 13606 
CLU_3013 3118602190753 11621 
CLU_3013 3118602190141 14101 
CLU_3013 3118602220245 10689 
CLU_3013 3118602190788 7688 
CLU_3013 CLU_2943 6233 
CLU_3013 CLU_2961 4114 
CLU_3013 CLU_2970 2999 
CLU_3013 CLU_2971 2967 
CLU_3013 CLU_3051 10092 
CLU_3013 CLU_3055 8173 
CLU_3013 CLU_3060 7843 
CLU_3013 CLU_3084 12534 
CLU_3013 CLU_3086 13172 
CLU_3013 CLU_3087 13465 
CLU_3013 CLU_3098 12523 
CLU_3013 CLU_3108 7089 
CLU_3013 CLU_3114 12591 
CLU_3013 CLU_3121 10568 
CLU_3013 CLU_3128 13030 
CLU_3013 CLU_3141 14026 
CLU_3013 CLU_3143 12909 
CLU_3013 CLU_3160 13151 
CLU_3013 CLU_3166 11993 
CLU_3013 CLU_3176 12232 
CLU_3013 CLU_3200 9984 
CLU_3013 CLU_3214 8446 
CLU_3013 CLU_7923 6415 
CLU_3014 3118602190990 9391 
CLU_3014 3118602191229 9326 
CLU_3014 3118602190591 8451 
CLU_3014 3118602190567 6434 
CLU_3014 3118602190532 5504 
CLU_3014 3118602190494 5200 
CLU_3014 3118602190869 5898 
CLU_3014 3118602190605 5731 
CLU_3014 3118602190109 6746 
CLU_3014 3118607116306 2963 
CLU_3014 3118602190931 3257 
CLU_3014 3118602190923 2324 
CLU_3014 3118602190893 956 
CLU_3014 3118602190486 3298 
CLU_3014 3118602190915 954 
CLU_3014 3118602190222 1722 
CLU_3014 3118604696077 10107 
CLU_3014 3118602191024 11508 
CLU_3014 3118602190478 12009 
CLU_3014 3118602190389 12229 
CLU_3014 3118607110316 11400 
CLU_3014 3118602220261 10581 
CLU_3014 3118602190397 11452 
CLU_3014 3118602190176 8933 
CLU_3014 3118602191059 10472 
CLU_3014 3118602191040 12190 
CLU_3014 3118602190451 14004 
CLU_3014 3118602190206 14133 
CLU_3014 3118602190524 14682 
CLU_3014 3118602190400 13261 
CLU_3014 3118602190966 13830 
CLU_3014 3118602190877 14133 
CLU_3014 3118602190826 12769 
CLU_3014 3118602190729 13469 
CLU_3014 3118602190656 13469 
CLU_3014 3118602190834 13546 
CLU_3014 3118602190710 12337 
CLU_3014 3118602190796 12921 
CLU_3014 3118602190648 13407 
CLU_3014 3118602190818 12097 
CLU_3014 3118602190885 7497 
CLU_3014 3118607053355 13830 
CLU_3014 3118602190192 15274 
CLU_3014 3118602190214 14833 
CLU_3014 3118602190680 15311 
CLU_3014 3118602190753 13239 
CLU_3014 3118602190141 15776 
CLU_3014 3118602220245 12393 
CLU_3014 3118602190788 9391 
CLU_3014 CLU_2943 7955 
CLU_3014 CLU_2961 5825 
CLU_3014 CLU_2970 4718 
CLU_3014 CLU_2971 4684 
CLU_3014 CLU_3051 11508 
CLU_3014 CLU_3055 9446 
CLU_3014 CLU_3060 9047 
CLU_3014 CLU_3084 13715 
CLU_3014 CLU_3086 13271 
CLU_3014 CLU_3087 13466 
CLU_3014 CLU_3098 12428 
CLU_3014 CLU_3108 6926 
CLU_3014 CLU_3114 13192 
CLU_3014 CLU_3121 12291 
CLU_3014 CLU_3128 14745 
CLU_3014 CLU_3141 15743 
CLU_3014 CLU_3143 14624 
CLU_3014 CLU_3160 14858 
CLU_3014 CLU_3166 13659 
CLU_3014 CLU_3176 13926 
CLU_3014 CLU_3200 11698 
CLU_3014 CLU_3214 10168 
CLU_3014 CLU_7923 6885 
CLU_3015 3118602190990 9359 
CLU_3015 3118602191229 9342 
CLU_3015 3118602190591 8477 
CLU_3015 3118602190567 6540 
CLU_3015 3118602190532 5653 
CLU_3015 3118602190494 5504 
CLU_3015 3118602190869 5808 
CLU_3015 3118602190605 5481 
CLU_3015 3118602190109 6476 
CLU_3015 3118607116306 3250 
CLU_3015 3118602190931 3493 
CLU_3015 3118602190923 2107 
CLU_3015 3118602190893 1185 
CLU_3015 3118602190486 3059 
CLU_3015 3118602190915 623 
CLU_3015 3118602190222 1971 
CLU_3015 3118604696077 9709 
CLU_3015 3118602191024 11110 
CLU_3015 3118602190478 11596 
CLU_3015 3118602190389 11780 
CLU_3015 3118607110316 10834 
CLU_3015 3118602220261 10222 
CLU_3015 3118602190397 10976 
CLU_3015 3118602190176 8534 
CLU_3015 3118602191059 10157 
CLU_3015 3118602191040 11898 
CLU_3015 3118602190451 13512 
CLU_3015 3118602190206 13616 
CLU_3015 3118602190524 14119 
CLU_3015 3118602190400 12757 
CLU_3015 3118602190966 13233 
CLU_3015 3118602190877 13616 
CLU_3015 3118602190826 11940 
CLU_3015 3118602190729 12600 
CLU_3015 3118602190656 12600 
CLU_3015 3118602190834 12679 
CLU_3015 3118602190710 11467 
CLU_3015 3118602190796 12051 
CLU_3015 3118602190648 12537 
CLU_3015 3118602190818 11269 
CLU_3015 3118602190885 6834 
CLU_3015 3118607053355 13233 
CLU_3015 3118602190192 15362 
CLU_3015 3118602190214 14879 
CLU_3015 3118602190680 15266 
CLU_3015 3118602190753 13031 
CLU_3015 3118602190141 15655 
CLU_3015 3118602220245 12351 
CLU_3015 3118602190788 9359 
CLU_3015 CLU_2943 8030 
CLU_3015 CLU_2961 5850 
CLU_3015 CLU_2970 4804 
CLU_3015 CLU_2971 4862 
CLU_3015 CLU_3051 11110 
CLU_3015 CLU_3055 8967 
CLU_3015 CLU_3060 8532 
CLU_3015 CLU_3084 13161 
CLU_3015 CLU_3086 12415 
CLU_3015 CLU_3087 12603 
CLU_3015 CLU_3098 11560 
CLU_3015 CLU_3108 6059 
CLU_3015 CLU_3114 12424 
CLU_3015 CLU_3121 12384 
CLU_3015 CLU_3128 14892 
CLU_3015 CLU_3141 15751 
CLU_3015 CLU_3143 14619 
CLU_3015 CLU_3160 14822 
CLU_3015 CLU_3166 13524 
CLU_3015 CLU_3176 13849 
CLU_3015 CLU_3200 11696 
CLU_3015 CLU_3214 10275 
CLU_3015 CLU_7923 6114 
CLU_3016 3118602190990 6793 
CLU_3016 3118602191229 6840 
CLU_3016 3118602190591 6005 
CLU_3016 3118602190567 4285 
CLU_3016 3118602190532 3569 
CLU_3016 3118602190494 3866 
CLU_3016 3118602190869 3241 
CLU_3016 3118602190605 2774 
CLU_3016 3118602190109 3760 
CLU_3016 3118607116306 2215 
CLU_3016 3118602190931 2171 
CLU_3016 3118602190923 801 
CLU_3016 3118602190893 2213 
CLU_3016 3118602190486 511 
CLU_3016 3118602190915 2186 
CLU_3016 3118602190222 1920 
CLU_3016 3118604696077 7041 
CLU_3016 3118602191024 8443 
CLU_3016 3118602190478 8941 
CLU_3016 3118602190389 9161 
CLU_3016 3118607110316 8404 
CLU_3016 3118602220261 7529 
CLU_3016 3118602190397 8391 
CLU_3016 3118602190176 5867 
CLU_3016 3118602191059 7447 
CLU_3016 3118602191040 9184 
CLU_3016 3118602190451 10947 
CLU_3016 3118602190206 11088 
CLU_3016 3118602190524 11674 
CLU_3016 3118602190400 10209 
CLU_3016 3118602190966 10864 
CLU_3016 3118602190877 11088 
CLU_3016 3118602190826 10659 
CLU_3016 3118602190729 12027 
CLU_3016 3118602190656 12027 
CLU_3016 3118602190834 11997 
CLU_3016 3118602190710 11153 
CLU_3016 3118602190796 11641 
CLU_3016 3118602190648 12090 
CLU_3016 3118602190818 9994 
CLU_3016 3118602190885 4740 
CLU_3016 3118607053355 10864 
CLU_3016 3118602190192 12908 
CLU_3016 3118602190214 12369 
CLU_3016 3118602190680 12652 
CLU_3016 3118602190753 10321 
CLU_3016 3118602190141 12982 
CLU_3016 3118602220245 9753 
CLU_3016 3118602190788 6793 
CLU_3016 CLU_2943 5650 
CLU_3016 CLU_2961 3474 
CLU_3016 CLU_2970 2668 
CLU_3016 CLU_2971 2963 
CLU_3016 CLU_3051 8443 
CLU_3016 CLU_3055 6389 
CLU_3016 CLU_3060 6012 
CLU_3016 CLU_3084 10699 
CLU_3016 CLU_3086 11463 
CLU_3016 CLU_3087 11809 
CLU_3016 CLU_3098 10938 
CLU_3016 CLU_3108 5676 
CLU_3016 CLU_3114 10692 
CLU_3016 CLU_3121 9962 
CLU_3016 CLU_3128 12536 
CLU_3016 CLU_3141 13191 
CLU_3016 CLU_3143 12049 
CLU_3016 CLU_3160 12219 
CLU_3016 CLU_3166 10845 
CLU_3016 CLU_3176 11213 
CLU_3016 CLU_3200 9145 
CLU_3016 CLU_3214 7901 
CLU_3016 CLU_7923 4602 
CLU_3017 3118602190990 9227 
CLU_3017 3118602191229 9263 
CLU_3017 3118602190591 8418 
CLU_3017 3118602190567 6600 
CLU_3017 3118602190532 5781 
CLU_3017 3118602190494 5801 
CLU_3017 3118602190869 5670 
CLU_3017 3118602190605 5170 
CLU_3017 3118602190109 6119 
CLU_3017 3118607116306 3622 
CLU_3017 3118602190931 3798 
CLU_3017 3118602190923 2082 
CLU_3017 3118602190893 1818 
CLU_3017 3118602190486 2883 
CLU_3017 3118602190915 1151 
CLU_3017 3118602190222 2440 
CLU_3017 3118604696077 9175 
CLU_3017 3118602191024 10568 
CLU_3017 3118602190478 11036 
CLU_3017 3118602190389 11182 
CLU_3017 3118607110316 10117 
CLU_3017 3118602220261 9725 
CLU_3017 3118602190397 10352 
CLU_3017 3118602190176 8007 
CLU_3017 3118602191059 9709 
CLU_3017 3118602191040 11465 
CLU_3017 3118602190451 12863 
CLU_3017 3118602190206 12940 
CLU_3017 3118602190524 13397 
CLU_3017 3118602190400 12098 
CLU_3017 3118602190966 12478 
CLU_3017 3118602190877 12940 
CLU_3017 3118602190826 10992 
CLU_3017 3118602190729 11656 
CLU_3017 3118602190656 11656 
CLU_3017 3118602190834 11729 
CLU_3017 3118602190710 10540 
CLU_3017 3118602190796 11117 
CLU_3017 3118602190648 11601 
CLU_3017 3118602190818 10321 
CLU_3017 3118602190885 6038 
CLU_3017 3118607053355 12478 
CLU_3017 3118602190192 15325 
CLU_3017 3118602190214 14797 
CLU_3017 3118602190680 15084 
CLU_3017 3118602190753 12682 
CLU_3017 3118602190141 15390 
CLU_3017 3118602220245 12187 
CLU_3017 3118602190788 9227 
CLU_3017 CLU_2943 8031 
CLU_3017 CLU_2961 5838 
CLU_3017 CLU_2970 4890 
CLU_3017 CLU_2971 5045 
CLU_3017 CLU_3051 10568 
CLU_3017 CLU_3055 8352 
CLU_3017 CLU_3060 7880 
CLU_3017 CLU_3084 12450 
CLU_3017 CLU_3086 11459 
CLU_3017 CLU_3087 11649 
CLU_3017 CLU_3098 10612 
CLU_3017 CLU_3108 5109 
CLU_3017 CLU_3114 11516 
CLU_3017 CLU_3121 12368 
CLU_3017 CLU_3128 14923 
CLU_3017 CLU_3141 15625 
CLU_3017 CLU_3143 14483 
CLU_3017 CLU_3160 14651 
CLU_3017 CLU_3166 13251 
CLU_3017 CLU_3176 13639 
CLU_3017 CLU_3200 11578 
CLU_3017 CLU_3214 10287 
CLU_3017 CLU_7923 5214 
CLU_3018 3118602190990 7737 
CLU_3018 3118602191229 7762 
CLU_3018 3118602190591 6914 
CLU_3018 3118602190567 5101 
CLU_3018 3118602190532 4302 
CLU_3018 3118602190494 4412 
CLU_3018 3118602190869 4176 
CLU_3018 3118602190605 3755 
CLU_3018 3118602190109 4740 
CLU_3018 3118607116306 2383 
CLU_3018 3118602190931 2477 
CLU_3018 3118602190923 637 
CLU_3018 3118602190893 1462 
CLU_3018 3118602190486 1386 
CLU_3018 3118602190915 1253 
CLU_3018 3118602190222 1529 
CLU_3018 3118604696077 7978 
CLU_3018 3118602191024 9380 
CLU_3018 3118602190478 9871 
CLU_3018 3118602190389 10071 
CLU_3018 3118607110316 9215 
CLU_3018 3118602220261 8482 
CLU_3018 3118602190397 9281 
CLU_3018 3118602190176 6802 
CLU_3018 3118602191059 8414 
CLU_3018 3118602191040 10156 
CLU_3018 3118602190451 11829 
CLU_3018 3118602190206 11951 
CLU_3018 3118602190524 12497 
CLU_3018 3118602190400 11082 
CLU_3018 3118602190966 11650 
CLU_3018 3118602190877 11951 
CLU_3018 3118602190826 10973 
CLU_3018 3118602190729 12071 
CLU_3018 3118602190656 12071 
CLU_3018 3118602190834 12082 
CLU_3018 3118602190710 11094 
CLU_3018 3118602190796 11621 
CLU_3018 3118602190648 12087 
CLU_3018 3118602190818 10302 
CLU_3018 3118602190885 5366 
CLU_3018 3118607053355 11650 
CLU_3018 3118602190192 13822 
CLU_3018 3118602190214 13300 
CLU_3018 3118602190680 13615 
CLU_3018 3118602190753 11303 
CLU_3018 3118602190141 13959 
CLU_3018 3118602220245 10710 
CLU_3018 3118602190788 7737 
CLU_3018 CLU_2943 6524 
CLU_3018 CLU_2961 4331 
CLU_3018 CLU_2970 3403 
CLU_3018 CLU_2971 3598 
CLU_3018 CLU_3051 9380 
CLU_3018 CLU_3055 7273 
CLU_3018 CLU_3060 6864 
CLU_3018 CLU_3084 11529 
CLU_3018 CLU_3086 11650 
CLU_3018 CLU_3087 11936 
CLU_3018 CLU_3098 10994 
CLU_3018 CLU_3108 5572 
CLU_3018 CLU_3114 11194 
CLU_3018 CLU_3121 10862 
CLU_3018 CLU_3128 13417 
CLU_3018 CLU_3141 14138 
CLU_3018 CLU_3143 12998 
CLU_3018 CLU_3160 13178 
CLU_3018 CLU_3166 11823 
CLU_3018 CLU_3176 12181 
CLU_3018 CLU_3200 10087 
CLU_3018 CLU_3214 8780 
CLU_3018 CLU_7923 4948 
CLU_3019 3118602190990 4651 
CLU_3019 3118602191229 5171 
CLU_3019 3118602190591 5366 
CLU_3019 3118602190567 6598 
CLU_3019 3118602190532 7236 
CLU_3019 3118602190494 8265 
CLU_3019 3118602190869 5800 
CLU_3019 3118602190605 5424 
CLU_3019 3118602190109 4439 
CLU_3019 3118607116306 9000 
CLU_3019 3118602190931 8689 
CLU_3019 3118602190923 8708 
CLU_3019 3118602190893 10132 
CLU_3019 3118602190486 7753 
CLU_3019 3118602190915 10138 
CLU_3019 3118602190222 9618 
CLU_3019 3118604696077 917 
CLU_3019 3118602191024 488 
CLU_3019 3118602190478 992 
CLU_3019 3118602190389 1373 
CLU_3019 3118607110316 2522 
CLU_3019 3118602220261 707 
CLU_3019 3118602190397 1158 
CLU_3019 3118602190176 2091 
CLU_3019 3118602191059 1257 
CLU_3019 3118602191040 1991 
CLU_3019 3118602190451 3288 
CLU_3019 3118602190206 3605 
CLU_3019 3118602190524 4541 
CLU_3019 3118602190400 2728 
CLU_3019 3118602190966 4304 
CLU_3019 3118602190877 3605 
CLU_3019 3118602190826 8942 
CLU_3019 3118602190729 12083 
CLU_3019 3118602190656 12083 
CLU_3019 3118602190834 11741 
CLU_3019 3118602190710 12192 
CLU_3019 3118602190796 12274 
CLU_3019 3118602190648 12490 
CLU_3019 3118602190818 8578 
CLU_3019 3118602190885 4985 
CLU_3019 3118607053355 4304 
CLU_3019 3118602190192 8633 
CLU_3019 3118602190214 7789 
CLU_3019 3118602190680 7051 
CLU_3019 3118602190753 3654 
CLU_3019 3118602190141 6589 
CLU_3019 3118602220245 5195 
CLU_3019 3118602190788 4651 
CLU_3019 CLU_2943 5912 
CLU_3019 CLU_2961 6397 
CLU_3019 CLU_2970 7323 
CLU_3019 CLU_2971 7754 
CLU_3019 CLU_3051 488 
CLU_3019 CLU_3055 1916 
CLU_3019 CLU_3060 2526 
CLU_3019 CLU_3084 3641 
CLU_3019 CLU_3086 10543 
CLU_3019 CLU_3087 11273 
CLU_3019 CLU_3098 11193 
CLU_3019 CLU_3108 9142 
CLU_3019 CLU_3114 7268 
CLU_3019 CLU_3121 6860 
CLU_3019 CLU_3128 9021 
CLU_3019 CLU_3141 8009 
CLU_3019 CLU_3143 7022 
CLU_3019 CLU_3160 6815 
CLU_3019 CLU_3166 4788 
CLU_3019 CLU_3176 5672 
CLU_3019 CLU_3200 5389 
CLU_3019 CLU_3214 6268 
CLU_3019 CLU_7923 6627 
CLU_3020 3118602190990 4804 
CLU_3020 3118602191229 5318 
CLU_3020 3118602190591 5400 
CLU_3020 3118602190567 6424 
CLU_3020 3118602190532 6989 
CLU_3020 3118602190494 8023 
CLU_3020 3118602190869 5490 
CLU_3020 3118602190605 5002 
CLU_3020 3118602190109 4055 
CLU_3020 3118607116306 8600 
CLU_3020 3118602190931 8299 
CLU_3020 3118602190923 8201 
CLU_3020 3118602190893 9629 
CLU_3020 3118602190486 7261 
CLU_3020 3118602190915 9604 
CLU_3020 3118602190222 9149 
CLU_3020 3118604696077 610 
CLU_3020 3118602191024 1143 
CLU_3020 3118602190478 1548 
CLU_3020 3118602190389 1730 
CLU_3020 3118607110316 2154 
CLU_3020 3118602220261 1000 
CLU_3020 3118602190397 1106 
CLU_3020 3118602190176 1612 
CLU_3020 3118602191059 1559 
CLU_3020 3118602191040 2667 
CLU_3020 3118602190451 3596 
CLU_3020 3118602190206 3838 
CLU_3020 3118602190524 4670 
CLU_3020 3118602190400 2936 
CLU_3020 3118602190966 4261 
CLU_3020 3118602190877 3838 
CLU_3020 3118602190826 8400 
CLU_3020 3118602190729 11484 
CLU_3020 3118602190656 11484 
CLU_3020 3118602190834 11155 
CLU_3020 3118602190710 11551 
CLU_3020 3118602190796 11650 
CLU_3020 3118602190648 11879 
CLU_3020 3118602190818 8009 
CLU_3020 3118602190885 4290 
CLU_3020 3118607053355 4261 
CLU_3020 3118602190192 9196 
CLU_3020 3118602190214 8363 
CLU_3020 3118602190680 7690 
CLU_3020 3118602190753 4322 
CLU_3020 3118602190141 7271 
CLU_3020 3118602220245 5699 
CLU_3020 3118602190788 4804 
CLU_3020 CLU_2943 5895 
CLU_3020 CLU_2961 6136 
CLU_3020 CLU_2970 6995 
CLU_3020 CLU_2971 7448 
CLU_3020 CLU_3051 1143 
CLU_3020 CLU_3055 1230 
CLU_3020 CLU_3060 1833 
CLU_3020 CLU_3084 3717 
CLU_3020 CLU_3086 9978 
CLU_3020 CLU_3087 10696 
CLU_3020 CLU_3098 10575 
CLU_3020 CLU_3108 8443 
CLU_3020 CLU_3114 6830 
CLU_3020 CLU_3121 7277 
CLU_3020 CLU_3128 9529 
CLU_3020 CLU_3141 8631 
CLU_3020 CLU_3143 7619 
CLU_3020 CLU_3160 7437 
CLU_3020 CLU_3166 5428 
CLU_3020 CLU_3176 6286 
CLU_3020 CLU_3200 5812 
CLU_3020 CLU_3214 6500 
CLU_3020 CLU_7923 5930 
CLU_3021 3118602190990 5190 
CLU_3021 3118602191229 5698 
CLU_3021 3118602190591 5719 
CLU_3021 3118602190567 6602 
CLU_3021 3118602190532 7109 
CLU_3021 3118602190494 8143 
CLU_3021 3118602190869 5571 
CLU_3021 3118602190605 4988 
CLU_3021 3118602190109 4089 
CLU_3021 3118607116306 8584 
CLU_3021 3118602190931 8292 
CLU_3021 3118602190923 8079 
CLU_3021 3118602190893 9508 
CLU_3021 3118602190486 7159 
CLU_3021 3118602190915 9447 
CLU_3021 3118602190222 9064 
CLU_3021 3118604696077 983 
CLU_3021 3118602191024 1565 
CLU_3021 3118602190478 1875 
CLU_3021 3118602190389 1906 
CLU_3021 3118607110316 1765 
CLU_3021 3118602220261 1506 
CLU_3021 3118602190397 1090 
CLU_3021 3118602190176 1647 
CLU_3021 3118602191059 2048 
CLU_3021 3118602191040 3168 
CLU_3021 3118602190451 3650 
CLU_3021 3118602190206 3828 
CLU_3021 3118602190524 4568 
CLU_3021 3118602190400 2932 
CLU_3021 3118602190966 4042 
CLU_3021 3118602190877 3828 
CLU_3021 3118602190826 7893 
CLU_3021 3118602190729 10966 
CLU_3021 3118602190656 10966 
CLU_3021 3118602190834 10638 
CLU_3021 3118602190710 11034 
CLU_3021 3118602190796 11131 
CLU_3021 3118602190648 11360 
CLU_3021 3118602190818 7495 
CLU_3021 3118602190885 3884 
CLU_3021 3118607053355 4042 
CLU_3021 3118602190192 9712 
CLU_3021 3118602190214 8880 
CLU_3021 3118602190680 8206 
CLU_3021 3118602190753 4828 
CLU_3021 3118602190141 7769 
CLU_3021 3118602220245 6207 
CLU_3021 3118602190788 5190 
CLU_3021 CLU_2943 6181 
CLU_3021 CLU_2961 6252 
CLU_3021 CLU_2970 7049 
CLU_3021 CLU_2971 7519 
CLU_3021 CLU_3051 1565 
CLU_3021 CLU_3055 928 
CLU_3021 CLU_3060 1463 
CLU_3021 CLU_3084 3592 
CLU_3021 CLU_3086 9465 
CLU_3021 CLU_3087 10180 
CLU_3021 CLU_3098 10056 
CLU_3021 CLU_3108 8006 
CLU_3021 CLU_3114 6360 
CLU_3021 CLU_3121 7761 
CLU_3021 CLU_3128 10036 
CLU_3021 CLU_3141 9149 
CLU_3021 CLU_3143 8137 
CLU_3021 CLU_3160 7955 
CLU_3021 CLU_3166 5943 
CLU_3021 CLU_3176 6805 
CLU_3021 CLU_3200 6300 
CLU_3021 CLU_3214 6914 
CLU_3021 CLU_7923 5511 
CLU_3022 3118602190990 4135 
CLU_3022 3118602191229 4630 
CLU_3022 3118602190591 4590 
CLU_3022 3118602190567 5451 
CLU_3022 3118602190532 5985 
CLU_3022 3118602190494 7020 
CLU_3022 3118602190869 4474 
CLU_3022 3118602190605 3990 
CLU_3022 3118602190109 3035 
CLU_3022 3118607116306 7585 
CLU_3022 3118602190931 7282 
CLU_3022 3118602190923 7233 
CLU_3022 3118602190893 8658 
CLU_3022 3118602190486 6282 
CLU_3022 3118602190915 8658 
CLU_3022 3118602190222 8157 
CLU_3022 3118604696077 569 
CLU_3022 3118602191024 1967 
CLU_3022 3118602190478 2462 
CLU_3022 3118602190389 2732 
CLU_3022 3118607110316 2900 
CLU_3022 3118602220261 1196 
CLU_3022 3118602190397 2112 
CLU_3022 3118602190176 613 
CLU_3022 3118602191059 1466 
CLU_3022 3118602191040 3087 
CLU_3022 3118602190451 4614 
CLU_3022 3118602190206 4857 
CLU_3022 3118602190524 5670 
CLU_3022 3118602190400 3954 
CLU_3022 3118602190966 5195 
CLU_3022 3118602190877 4857 
CLU_3022 3118602190826 8691 
CLU_3022 3118602190729 11608 
CLU_3022 3118602190656 11608 
CLU_3022 3118602190834 11315 
CLU_3022 3118602190710 11541 
CLU_3022 3118602190796 11698 
CLU_3022 3118602190648 11965 
CLU_3022 3118602190818 8238 
CLU_3022 3118602190885 3805 
CLU_3022 3118607053355 5195 
CLU_3022 3118602190192 9117 
CLU_3022 3118602190214 8318 
CLU_3022 3118602190680 7839 
CLU_3022 3118602190753 4635 
CLU_3022 3118602190141 7600 
CLU_3022 3118602220245 5542 
CLU_3022 3118602190788 4135 
CLU_3022 CLU_2943 5033 
CLU_3022 CLU_2961 5130 
CLU_3022 CLU_2970 5975 
CLU_3022 CLU_2971 6431 
CLU_3022 CLU_3051 1967 
CLU_3022 CLU_3055 935 
CLU_3022 CLU_3060 1470 
CLU_3022 CLU_3084 4706 
CLU_3022 CLU_3086 10202 
CLU_3022 CLU_3087 10884 
CLU_3022 CLU_3098 10647 
CLU_3022 CLU_3108 7985 
CLU_3022 CLU_3114 7333 
CLU_3022 CLU_3121 6930 
CLU_3022 CLU_3128 9327 
CLU_3022 CLU_3141 8713 
CLU_3022 CLU_3143 7641 
CLU_3022 CLU_3160 7534 
CLU_3022 CLU_3166 5611 
CLU_3022 CLU_3176 6375 
CLU_3022 CLU_3200 5503 
CLU_3022 CLU_3214 5893 
CLU_3022 CLU_7923 5444 
CLU_3023 3118602190990 4218 
CLU_3023 3118602191229 4729 
CLU_3023 3118602190591 4792 
CLU_3023 3118602190567 5830 
CLU_3023 3118602190532 6416 
CLU_3023 3118602190494 7450 
CLU_3023 3118602190869 4941 
CLU_3023 3118602190605 4518 
CLU_3023 3118602190109 3543 
CLU_3023 3118607116306 8104 
CLU_3023 3118602190931 7796 
CLU_3023 3118602190923 7791 
CLU_3023 3118602190893 9215 
CLU_3023 3118602190486 6837 
CLU_3023 3118602190915 9222 
CLU_3023 3118602190222 8704 
CLU_3023 3118604696077 0 
CLU_3023 3118602191024 1401 
CLU_3023 3118602190478 1906 
CLU_3023 3118602190389 2218 
CLU_3023 3118607110316 2728 
CLU_3023 3118602220261 698 
CLU_3023 3118602190397 1703 
CLU_3023 3118602190176 1175 
CLU_3023 3118602191059 1128 
CLU_3023 3118602191040 2584 
CLU_3023 3118602190451 4123 
CLU_3023 3118602190206 4395 
CLU_3023 3118602190524 5259 
CLU_3023 3118602190400 3497 
CLU_3023 3118602190966 4871 
CLU_3023 3118602190877 4395 
CLU_3023 3118602190826 8823 
CLU_3023 3118602190729 11832 
CLU_3023 3118602190656 11832 
CLU_3023 3118602190834 11520 
CLU_3023 3118602190710 11831 
CLU_3023 3118602190796 11960 
CLU_3023 3118602190648 12208 
CLU_3023 3118602190818 8402 
CLU_3023 3118602190885 4274 
CLU_3023 3118607053355 4871 
CLU_3023 3118602190192 8845 
CLU_3023 3118602190214 8028 
CLU_3023 3118602190680 7459 
CLU_3023 3118602190753 4179 
CLU_3023 3118602190141 7148 
CLU_3023 3118602220245 5302 
CLU_3023 3118602190788 4218 
CLU_3023 CLU_2943 5285 
CLU_3023 CLU_2961 5568 
CLU_3023 CLU_2970 6456 
CLU_3023 CLU_2971 6899 
CLU_3023 CLU_3051 1401 
CLU_3023 CLU_3055 1244 
CLU_3023 CLU_3060 1852 
CLU_3023 CLU_3084 4314 
CLU_3023 CLU_3086 10372 
CLU_3023 CLU_3087 11073 
CLU_3023 CLU_3098 10896 
CLU_3023 CLU_3108 8456 
CLU_3023 CLU_3114 7338 
CLU_3023 CLU_3121 6801 
CLU_3023 CLU_3128 9120 
CLU_3023 CLU_3141 8364 
CLU_3023 CLU_3143 7317 
CLU_3023 CLU_3160 7176 
CLU_3023 CLU_3166 5210 
CLU_3023 CLU_3176 6018 
CLU_3023 CLU_3200 5347 
CLU_3023 CLU_3214 5933 
CLU_3023 CLU_7923 5920 
CLU_3024 3118602190990 4167 
CLU_3024 3118602191229 4647 
CLU_3024 3118602190591 4544 
CLU_3024 3118602190567 5280 
CLU_3024 3118602190532 5774 
CLU_3024 3118602190494 6808 
CLU_3024 3118602190869 4239 
CLU_3024 3118602190605 3704 
CLU_3024 3118602190109 2771 
CLU_3024 3118607116306 7303 
CLU_3024 3118602190931 7004 
CLU_3024 3118602190923 6915 
CLU_3024 3118602190893 8341 
CLU_3024 3118602190486 5969 
CLU_3024 3118602190915 8333 
CLU_3024 3118602190222 7851 
CLU_3024 3118604696077 905 
CLU_3024 3118602191024 2298 
CLU_3024 3118602190478 2785 
CLU_3024 3118602190389 3029 
CLU_3024 3118607110316 3008 
CLU_3024 3118602220261 1525 
CLU_3024 3118602190397 2359 
CLU_3024 3118602190176 317 
CLU_3024 3118602191059 1750 
CLU_3024 3118602191040 3410 
CLU_3024 3118602190451 4892 
CLU_3024 3118602190206 5115 
CLU_3024 3118602190524 5896 
CLU_3024 3118602190400 4213 
CLU_3024 3118602190966 5370 
CLU_3024 3118602190877 5115 
CLU_3024 3118602190826 8587 
CLU_3024 3118602190729 11446 
CLU_3024 3118602190656 11446 
CLU_3024 3118602190834 11164 
CLU_3024 3118602190710 11342 
CLU_3024 3118602190796 11515 
CLU_3024 3118602190648 11791 
CLU_3024 3118602190818 8116 
CLU_3024 3118602190885 3515 
CLU_3024 3118607053355 5370 
CLU_3024 3118602190192 9327 
CLU_3024 3118602190214 8538 
CLU_3024 3118602190680 8104 
CLU_3024 3118602190753 4938 
CLU_3024 3118602190141 7898 
CLU_3024 3118602220245 5744 
CLU_3024 3118602190788 4167 
CLU_3024 CLU_2943 4952 
CLU_3024 CLU_2961 4916 
CLU_3024 CLU_2970 5726 
CLU_3024 CLU_2971 6190 
CLU_3024 CLU_3051 2298 
CLU_3024 CLU_3055 839 
CLU_3024 CLU_3060 1270 
CLU_3024 CLU_3084 4924 
CLU_3024 CLU_3086 10072 
CLU_3024 CLU_3087 10742 
CLU_3024 CLU_3098 10472 
CLU_3024 CLU_3108 7687 
CLU_3024 CLU_3114 7307 
CLU_3024 CLU_3121 7069 
CLU_3024 CLU_3128 9503 
CLU_3024 CLU_3141 8962 
CLU_3024 CLU_3143 7879 
CLU_3024 CLU_3160 7789 
CLU_3024 CLU_3166 5889 
CLU_3024 CLU_3176 6632 
CLU_3024 CLU_3200 5660 
CLU_3024 CLU_3214 5939 
CLU_3024 CLU_7923 5146 
CLU_3025 3118602190990 3273 
CLU_3025 3118602191229 3780 
CLU_3025 3118602190591 3838 
CLU_3025 3118602190567 4968 
CLU_3025 3118602190532 5616 
CLU_3025 3118602190494 6641 
CLU_3025 3118602190869 4215 
CLU_3025 3118602190605 3962 
CLU_3025 3118602190109 2948 
CLU_3025 3118607116306 7475 
CLU_3025 3118602190931 7156 
CLU_3025 3118602190923 7342 
CLU_3025 3118602190893 8747 
CLU_3025 3118602190486 6370 
CLU_3025 3118602190915 8818 
CLU_3025 3118602190222 8179 
CLU_3025 3118604696077 956 
CLU_3025 3118602191024 2029 
CLU_3025 3118602190478 2569 
CLU_3025 3118602190389 3003 
CLU_3025 3118607110316 3678 
CLU_3025 3118602220261 985 
CLU_3025 3118602190397 2624 
CLU_3025 3118602190176 1137 
CLU_3025 3118602191059 825 
CLU_3025 3118602191040 2585 
CLU_3025 3118602190451 4916 
CLU_3025 3118602190206 5232 
CLU_3025 3118602190524 6146 
CLU_3025 3118602190400 4349 
CLU_3025 3118602190966 5811 
CLU_3025 3118602190877 5232 
CLU_3025 3118602190826 9620 
CLU_3025 3118602190729 12532 
CLU_3025 3118602190656 12532 
CLU_3025 3118602190834 12241 
CLU_3025 3118602190710 12444 
CLU_3025 3118602190796 12612 
CLU_3025 3118602190648 12883 
CLU_3025 3118602190818 9168 
CLU_3025 3118602190885 4573 
CLU_3025 3118607053355 5811 
CLU_3025 3118602190192 8223 
CLU_3025 3118602190214 7436 
CLU_3025 3118602190680 7035 
CLU_3025 3118602190753 3972 
CLU_3025 3118602190141 6901 
CLU_3025 3118602220245 4640 
CLU_3025 3118602190788 3273 
CLU_3025 CLU_2943 4342 
CLU_3025 CLU_2961 4783 
CLU_3025 CLU_2970 5742 
CLU_3025 CLU_2971 6157 
CLU_3025 CLU_3051 2029 
CLU_3025 CLU_3055 1863 
CLU_3025 CLU_3060 2367 
CLU_3025 CLU_3084 5220 
CLU_3025 CLU_3086 11131 
CLU_3025 CLU_3087 11812 
CLU_3025 CLU_3098 11565 
CLU_3025 CLU_3108 8719 
CLU_3025 CLU_3114 8228 
CLU_3025 CLU_3121 6001 
CLU_3025 CLU_3128 8407 
CLU_3025 CLU_3141 7875 
CLU_3025 CLU_3143 6784 
CLU_3025 CLU_3160 6709 
CLU_3025 CLU_3166 4847 
CLU_3025 CLU_3176 5555 
CLU_3025 CLU_3200 4575 
CLU_3025 CLU_3214 5007 
CLU_3025 CLU_7923 6183 
CLU_3026 3118602190990 2961 
CLU_3026 3118602191229 3474 
CLU_3026 3118602190591 3584 
CLU_3026 3118602190567 4836 
CLU_3026 3118602190532 5528 
CLU_3026 3118602190494 6544 
CLU_3026 3118602190869 4187 
CLU_3026 3118602190605 4029 
CLU_3026 3118602190109 3012 
CLU_3026 3118607116306 7483 
CLU_3026 3118602190931 7158 
CLU_3026 3118602190923 7435 
CLU_3026 3118602190893 8827 
CLU_3026 3118602190486 6458 
CLU_3026 3118602190915 8924 
CLU_3026 3118602190222 8235 
CLU_3026 3118604696077 1258 
CLU_3026 3118602191024 2143 
CLU_3026 3118602190478 2678 
CLU_3026 3118602190389 3157 
CLU_3026 3118607110316 3986 
CLU_3026 3118602220261 1103 
CLU_3026 3118602190397 2865 
CLU_3026 3118602190176 1459 
CLU_3026 3118602191059 738 
CLU_3026 3118602191040 2440 
CLU_3026 3118602190451 5055 
CLU_3026 3118602190206 5396 
CLU_3026 3118602190524 6340 
CLU_3026 3118602190400 4526 
CLU_3026 3118602190966 6056 
CLU_3026 3118602190877 5396 
CLU_3026 3118602190826 9976 
CLU_3026 3118602190729 12890 
CLU_3026 3118602190656 12890 
CLU_3026 3118602190834 12600 
CLU_3026 3118602190710 12797 
CLU_3026 3118602190796 12968 
CLU_3026 3118602190648 13240 
CLU_3026 3118602190818 9526 
CLU_3026 3118602190885 4893 
CLU_3026 3118607053355 6056 
CLU_3026 3118602190192 7875 
CLU_3026 3118602190214 7093 
CLU_3026 3118602190680 6724 
CLU_3026 3118602190753 3732 
CLU_3026 3118602190141 6632 
CLU_3026 3118602220245 4290 
CLU_3026 3118602190788 2961 
CLU_3026 CLU_2943 4116 
CLU_3026 CLU_2961 4711 
CLU_3026 CLU_2970 5710 
CLU_3026 CLU_2971 6106 
CLU_3026 CLU_3051 2143 
CLU_3026 CLU_3055 2222 
CLU_3026 CLU_3060 2722 
CLU_3026 CLU_3084 5432 
CLU_3026 CLU_3086 11490 
CLU_3026 CLU_3087 12171 
CLU_3026 CLU_3098 11922 
CLU_3026 CLU_3108 9023 
CLU_3026 CLU_3114 8570 
CLU_3026 CLU_3121 5643 
CLU_3026 CLU_3128 8051 
CLU_3026 CLU_3141 7549 
CLU_3026 CLU_3143 6451 
CLU_3026 CLU_3160 6389 
CLU_3026 CLU_3166 4557 
CLU_3026 CLU_3176 5238 
CLU_3026 CLU_3200 4217 
CLU_3026 CLU_3214 4677 
CLU_3026 CLU_7923 6492 
CLU_3027 3118602190990 3156 
CLU_3027 3118602191229 3675 
CLU_3027 3118602190591 3971 
CLU_3027 3118602190567 5467 
CLU_3027 3118602190532 6221 
CLU_3027 3118602190494 7218 
CLU_3027 3118602190869 4958 
CLU_3027 3118602190605 4866 
CLU_3027 3118602190109 3851 
CLU_3027 3118607116306 8274 
CLU_3027 3118602190931 7946 
CLU_3027 3118602190923 8278 
CLU_3027 3118602190893 9665 
CLU_3027 3118602190486 7301 
CLU_3027 3118602190915 9771 
CLU_3027 3118602190222 9061 
CLU_3027 3118604696077 1494 
CLU_3027 3118602191024 1713 
CLU_3027 3118602190478 2191 
CLU_3027 3118602190389 2750 
CLU_3027 3118607110316 4025 
CLU_3027 3118602220261 919 
CLU_3027 3118602190397 2707 
CLU_3027 3118602190176 2174 
CLU_3027 3118602191059 366 
CLU_3027 3118602191040 1592 
CLU_3027 3118602190451 4562 
CLU_3027 3118602190206 4953 
CLU_3027 3118602190524 5961 
CLU_3027 3118602190400 4132 
CLU_3027 3118602190966 5825 
CLU_3027 3118602190877 4953 
CLU_3027 3118602190826 10299 
CLU_3027 3118602190729 13326 
CLU_3027 3118602190656 13326 
CLU_3027 3118602190834 13013 
CLU_3027 3118602190710 13316 
CLU_3027 3118602190796 13452 
CLU_3027 3118602190648 13702 
CLU_3027 3118602190818 9889 
CLU_3027 3118602190885 5589 
CLU_3027 3118607053355 5825 
CLU_3027 3118602190192 7351 
CLU_3027 3118602190214 6538 
CLU_3027 3118602190680 6031 
CLU_3027 3118602190753 2911 
CLU_3027 3118602190141 5845 
CLU_3027 3118602220245 3809 
CLU_3027 3118602190788 3156 
CLU_3027 CLU_2943 4566 
CLU_3027 CLU_2961 5431 
CLU_3027 CLU_2970 6469 
CLU_3027 CLU_2971 6842 
CLU_3027 CLU_3051 1713 
CLU_3027 CLU_3055 2698 
CLU_3027 CLU_3060 3273 
CLU_3027 CLU_3084 5113 
CLU_3027 CLU_3086 11859 
CLU_3027 CLU_3087 12565 
CLU_3027 CLU_3098 12389 
CLU_3027 CLU_3108 9754 
CLU_3027 CLU_3114 8740 
CLU_3027 CLU_3121 5364 
CLU_3027 CLU_3128 7632 
CLU_3027 CLU_3141 6905 
CLU_3027 CLU_3143 5841 
CLU_3027 CLU_3160 5725 
CLU_3027 CLU_3166 3814 
CLU_3027 CLU_3176 4566 
CLU_3027 CLU_3200 3898 
CLU_3027 CLU_3214 4726 
CLU_3027 CLU_7923 7215 
CLU_3028 3118602190990 3017 
CLU_3028 3118602191229 3537 
CLU_3028 3118602190591 3812 
CLU_3028 3118602190567 5291 
CLU_3028 3118602190532 6044 
CLU_3028 3118602190494 7041 
CLU_3028 3118602190869 4782 
CLU_3028 3118602190605 4701 
CLU_3028 3118602190109 3687 
CLU_3028 3118607116306 8100 
CLU_3028 3118602190931 7772 
CLU_3028 3118602190923 8115 
CLU_3028 3118602190893 9499 
CLU_3028 3118602190486 7138 
CLU_3028 3118602190915 9611 
CLU_3028 3118602190222 8892 
CLU_3028 3118604696077 1501 
CLU_3028 3118602191024 1852 
CLU_3028 3118602190478 2343 
CLU_3028 3118602190389 2893 
CLU_3028 3118607110316 4097 
CLU_3028 3118602220261 990 
CLU_3028 3118602190397 2809 
CLU_3028 3118602190176 2086 
CLU_3028 3118602191059 410 
CLU_3028 3118602191040 1757 
CLU_3028 3118602190451 4721 
CLU_3028 3118602190206 5105 
CLU_3028 3118602190524 6106 
CLU_3028 3118602190400 4277 
CLU_3028 3118602190966 5948 
CLU_3028 3118602190877 5105 
CLU_3028 3118602190826 10323 
CLU_3028 3118602190729 13326 
CLU_3028 3118602190656 13326 
CLU_3028 3118602190834 13018 
CLU_3028 3118602190710 13295 
CLU_3028 3118602190796 13440 
CLU_3028 3118602190648 13695 
CLU_3028 3118602190818 9904 
CLU_3028 3118602190885 5515 
CLU_3028 3118607053355 5948 
CLU_3028 3118602190192 7364 
CLU_3028 3118602190214 6559 
CLU_3028 3118602190680 6094 
CLU_3028 3118602190753 3028 
CLU_3028 3118602190141 5946 
CLU_3028 3118602220245 3805 
CLU_3028 3118602190788 3017 
CLU_3028 CLU_2943 4402 
CLU_3028 CLU_2961 5254 
CLU_3028 CLU_2970 6293 
CLU_3028 CLU_2971 6665 
CLU_3028 CLU_3051 1852 
CLU_3028 CLU_3055 2672 
CLU_3028 CLU_3060 3233 
CLU_3028 CLU_3084 5249 
CLU_3028 CLU_3086 11874 
CLU_3028 CLU_3087 12574 
CLU_3028 CLU_3098 12381 
CLU_3028 CLU_3108 9671 
CLU_3028 CLU_3114 8795 
CLU_3028 CLU_3121 5315 
CLU_3028 CLU_3128 7619 
CLU_3028 CLU_3141 6953 
CLU_3028 CLU_3143 5877 
CLU_3028 CLU_3160 5779 
CLU_3028 CLU_3166 3894 
CLU_3028 CLU_3176 4621 
CLU_3028 CLU_3200 3854 
CLU_3028 CLU_3214 4613 
CLU_3028 CLU_7923 7133 
CLU_3029 3118602190990 4367 
CLU_3029 3118602191229 4877 
CLU_3029 3118602190591 5243 
CLU_3029 3118602190567 6761 
CLU_3029 3118602190532 7500 
CLU_3029 3118602190494 8504 
CLU_3029 3118602190869 6189 
CLU_3029 3118602190605 5990 
CLU_3029 3118602190109 4976 
CLU_3029 3118607116306 9481 
CLU_3029 3118602190931 9158 
CLU_3029 3118602190923 9366 
CLU_3029 3118602190893 10774 
CLU_3029 3118602190486 8395 
CLU_3029 3118602190915 10835 
CLU_3029 3118602190222 10207 
CLU_3029 3118604696077 1775 
CLU_3029 3118602191024 818 
CLU_3029 3118602190478 1067 
CLU_3029 3118602190389 1667 
CLU_3029 3118607110316 3441 
CLU_3029 3118602220261 1141 
CLU_3029 3118602190397 1990 
CLU_3029 3118602190176 2880 
CLU_3029 3118602191059 1263 
CLU_3029 3118602191040 914 
CLU_3029 3118602190451 3326 
CLU_3029 3118602190206 3748 
CLU_3029 3118602190524 4795 
CLU_3029 3118602190400 2988 
CLU_3029 3118602190966 4808 
CLU_3029 3118602190877 3748 
CLU_3029 3118602190826 9936 
CLU_3029 3118602190729 13122 
CLU_3029 3118602190656 13122 
CLU_3029 3118602190834 12771 
CLU_3029 3118602190710 13260 
CLU_3029 3118602190796 13331 
CLU_3029 3118602190648 13539 
CLU_3029 3118602190818 9598 
CLU_3029 3118602190885 6018 
CLU_3029 3118607053355 4808 
CLU_3029 3118602190192 7661 
CLU_3029 3118602190214 6807 
CLU_3029 3118602190680 5996 
CLU_3029 3118602190753 2579 
CLU_3029 3118602190141 5507 
CLU_3029 3118602220245 4331 
CLU_3029 3118602190788 4367 
CLU_3029 CLU_2943 5850 
CLU_3029 CLU_2961 6698 
CLU_3029 CLU_2970 7710 
CLU_3029 CLU_2971 8100 
CLU_3029 CLU_3051 818 
CLU_3029 CLU_3055 2945 
CLU_3029 CLU_3060 3563 
CLU_3029 CLU_3084 4018 
CLU_3029 CLU_3086 11556 
CLU_3029 CLU_3087 12295 
CLU_3029 CLU_3098 12247 
CLU_3029 CLU_3108 10190 
CLU_3029 CLU_3114 8172 
CLU_3029 CLU_3121 6106 
CLU_3029 CLU_3128 8119 
CLU_3029 CLU_3141 6970 
CLU_3029 CLU_3143 6014 
CLU_3029 CLU_3160 5777 
CLU_3029 CLU_3166 3738 
CLU_3029 CLU_3176 4648 
CLU_3029 CLU_3200 4648 
CLU_3029 CLU_3214 5810 
CLU_3029 CLU_7923 7664 
CLU_3030 3118602190990 4174 
CLU_3030 3118602191229 4692 
CLU_3030 3118602190591 4990 
CLU_3030 3118602190567 6417 
CLU_3030 3118602190532 7130 
CLU_3030 3118602190494 8142 
CLU_3030 3118602190869 5784 
CLU_3030 3118602190605 5550 
CLU_3030 3118602190109 4538 
CLU_3030 3118607116306 9062 
CLU_3030 3118602190931 8741 
CLU_3030 3118602190923 8916 
CLU_3030 3118602190893 10327 
CLU_3030 3118602190486 7946 
CLU_3030 3118602190915 10380 
CLU_3030 3118602190222 9767 
CLU_3030 3118604696077 1320 
CLU_3030 3118602191024 718 
CLU_3030 3118602190478 1169 
CLU_3030 3118602190389 1737 
CLU_3030 3118607110316 3252 
CLU_3030 3118602220261 676 
CLU_3030 3118602190397 1835 
CLU_3030 3118602190176 2414 
CLU_3030 3118602191059 883 
CLU_3030 3118602191040 1287 
CLU_3030 3118602190451 3543 
CLU_3030 3118602190206 3930 
CLU_3030 3118602190524 4942 
CLU_3030 3118602190400 3114 
CLU_3030 3118602190966 4847 
CLU_3030 3118602190877 3930 
CLU_3030 3118602190826 9696 
CLU_3030 3118602190729 12837 
CLU_3030 3118602190656 12837 
CLU_3030 3118602190834 12496 
CLU_3030 3118602190710 12933 
CLU_3030 3118602190796 13022 
CLU_3030 3118602190648 13241 
CLU_3030 3118602190818 9334 
CLU_3030 3118602190885 5582 
CLU_3030 3118607053355 4847 
CLU_3030 3118602190192 7879 
CLU_3030 3118602190214 7034 
CLU_3030 3118602190680 6307 
CLU_3030 3118602190753 2932 
CLU_3030 3118602190141 5888 
CLU_3030 3118602220245 4460 
CLU_3030 3118602190788 4174 
CLU_3030 CLU_2943 5578 
CLU_3030 CLU_2961 6316 
CLU_3030 CLU_2970 7309 
CLU_3030 CLU_2971 7709 
CLU_3030 CLU_3051 718 
CLU_3030 CLU_3055 2517 
CLU_3030 CLU_3060 3135 
CLU_3030 CLU_3084 4108 
CLU_3030 CLU_3086 11299 
CLU_3030 CLU_3087 12028 
CLU_3030 CLU_3098 11942 
CLU_3030 CLU_3108 9760 
CLU_3030 CLU_3114 8002 
CLU_3030 CLU_3121 6163 
CLU_3030 CLU_3128 8279 
CLU_3030 CLU_3141 7258 
CLU_3030 CLU_3143 6267 
CLU_3030 CLU_3160 6064 
CLU_3030 CLU_3166 4043 
CLU_3030 CLU_3176 4919 
CLU_3030 CLU_3200 4694 
CLU_3030 CLU_3214 5704 
CLU_3030 CLU_7923 7229 
CLU_3031 3118602190990 4582 
CLU_3031 3118602191229 5096 
CLU_3031 3118602190591 5427 
CLU_3031 3118602190567 6881 
CLU_3031 3118602190532 7596 
CLU_3031 3118602190494 8608 
CLU_3031 3118602190869 6246 
CLU_3031 3118602190605 5995 
CLU_3031 3118602190109 4985 
CLU_3031 3118607116306 9518 
CLU_3031 3118602190931 9198 
CLU_3031 3118602190923 9346 
CLU_3031 3118602190893 10761 
CLU_3031 3118602190486 8380 
CLU_3031 3118602190915 10803 
CLU_3031 3118602190222 10211 
CLU_3031 3118604696077 1647 
CLU_3031 3118602191024 522 
CLU_3031 3118602190478 788 
CLU_3031 3118602190389 1385 
CLU_3031 3118607110316 3141 
CLU_3031 3118602220261 1088 
CLU_3031 3118602190397 1690 
CLU_3031 3118602190176 2794 
CLU_3031 3118602191059 1347 
CLU_3031 3118602191040 1193 
CLU_3031 3118602190451 3112 
CLU_3031 3118602190206 3516 
CLU_3031 3118602190524 4549 
CLU_3031 3118602190400 2731 
CLU_3031 3118602190966 4526 
CLU_3031 3118602190877 3516 
CLU_3031 3118602190826 9642 
CLU_3031 3118602190729 12838 
CLU_3031 3118602190656 12838 
CLU_3031 3118602190834 12484 
CLU_3031 3118602190710 12989 
CLU_3031 3118602190796 13054 
CLU_3031 3118602190648 13257 
CLU_3031 3118602190818 9308 
CLU_3031 3118602190885 5833 
CLU_3031 3118607053355 4526 
CLU_3031 3118602190192 7962 
CLU_3031 3118602190214 7106 
CLU_3031 3118602190680 6279 
CLU_3031 3118602190753 2852 
CLU_3031 3118602190141 5758 
CLU_3031 3118602220245 4633 
CLU_3031 3118602190788 4582 
CLU_3031 CLU_2943 6022 
CLU_3031 CLU_2961 6781 
CLU_3031 CLU_2970 7772 
CLU_3031 CLU_2971 8174 
CLU_3031 CLU_3051 522 
CLU_3031 CLU_3055 2760 
CLU_3031 CLU_3060 3374 
CLU_3031 CLU_3084 3750 
CLU_3031 CLU_3086 11264 
CLU_3031 CLU_3087 12006 
CLU_3031 CLU_3098 11968 
CLU_3031 CLU_3108 9995 
CLU_3031 CLU_3114 7870 
CLU_3031 CLU_3121 6400 
CLU_3031 CLU_3128 8422 
CLU_3031 CLU_3141 7259 
CLU_3031 CLU_3143 6310 
CLU_3031 CLU_3160 6067 
CLU_3031 CLU_3166 4024 
CLU_3031 CLU_3176 4942 
CLU_3031 CLU_3200 4940 
CLU_3031 CLU_3214 6063 
CLU_3031 CLU_7923 7477 
CLU_3032 3118602190990 5342 
CLU_3032 3118602191229 5859 
CLU_3032 3118602190591 6153 
CLU_3032 3118602190567 7514 
CLU_3032 3118602190532 8184 
CLU_3032 3118602190494 9208 
CLU_3032 3118602190869 6773 
CLU_3032 3118602190605 6416 
CLU_3032 3118602190109 5428 
CLU_3032 3118607116306 9989 
CLU_3032 3118602190931 9677 
CLU_3032 3118602190923 9695 
CLU_3032 3118602190893 11120 
CLU_3032 3118602190486 8742 
CLU_3032 3118602190915 11118 
CLU_3032 3118602190222 10609 
CLU_3032 3118604696077 1906 
CLU_3032 3118602191024 540 
CLU_3032 3118602190478 0 
CLU_3032 3118602190389 600 
CLU_3032 3118607110316 2550 
CLU_3032 3118602220261 1588 
CLU_3032 3118602190397 1141 
CLU_3032 3118602190176 3075 
CLU_3032 3118602191059 2013 
CLU_3032 3118602191040 1824 
CLU_3032 3118602190451 2387 
CLU_3032 3118602190206 2762 
CLU_3032 3118602190524 3775 
CLU_3032 3118602190400 1950 
CLU_3032 3118602190966 3741 
CLU_3032 3118602190877 2762 
CLU_3032 3118602190826 9060 
CLU_3032 3118602190729 12316 
CLU_3032 3118602190656 12316 
CLU_3032 3118602190834 11946 
CLU_3032 3118602190710 12542 
CLU_3032 3118602190796 12573 
CLU_3032 3118602190648 12754 
CLU_3032 3118602190818 8762 
CLU_3032 3118602190885 5757 
CLU_3032 3118607053355 3741 
CLU_3032 3118602190192 8625 
CLU_3032 3118602190214 7763 
CLU_3032 3118602190680 6837 
CLU_3032 3118602190753 3400 
CLU_3032 3118602190141 6190 
CLU_3032 3118602220245 5374 
CLU_3032 3118602190788 5342 
CLU_3032 CLU_2943 6733 
CLU_3032 CLU_2961 7353 
CLU_3032 CLU_2970 8298 
CLU_3032 CLU_2971 8722 
CLU_3032 CLU_3051 540 
CLU_3032 CLU_3055 2757 
CLU_3032 CLU_3060 3333 
CLU_3032 CLU_3084 2963 
CLU_3032 CLU_3086 10702 
CLU_3032 CLU_3087 11456 
CLU_3032 CLU_3098 11480 
CLU_3032 CLU_3108 9854 
CLU_3032 CLU_3114 7208 
CLU_3032 CLU_3121 7169 
CLU_3032 CLU_3128 9133 
CLU_3032 CLU_3141 7845 
CLU_3032 CLU_3143 6944 
CLU_3032 CLU_3160 6662 
CLU_3032 CLU_3166 4615 
CLU_3032 CLU_3176 5565 
CLU_3032 CLU_3200 5714 
CLU_3032 CLU_3214 6847 
CLU_3032 CLU_7923 7377 
CLU_3033 3118602190990 5766 
CLU_3033 3118602191229 6274 
CLU_3033 3118602190591 6646 
CLU_3033 3118602190567 8119 
CLU_3033 3118602190532 8824 
CLU_3033 3118602190494 9840 
CLU_3033 3118602190869 7450 
CLU_3033 3118602190605 7136 
CLU_3033 3118602190109 6139 
CLU_3033 3118607116306 10694 
CLU_3033 3118602190931 10378 
CLU_3033 3118602190923 10435 
CLU_3033 3118602190893 11859 
CLU_3033 3118602190486 9480 
CLU_3033 3118602190915 11865 
CLU_3033 3118602190222 11339 
CLU_3033 3118604696077 2644 
CLU_3033 3118602191024 1246 
CLU_3033 3118602190478 754 
CLU_3033 3118602190389 880 
CLU_3033 3118607110316 3001 
CLU_3033 3118602220261 2250 
CLU_3033 3118602190397 1738 
CLU_3033 3118602190176 3819 
CLU_3033 3118602191059 2584 
CLU_3033 3118602191040 1827 
CLU_3033 3118602190451 1947 
CLU_3033 3118602190206 2399 
CLU_3033 3118602190524 3476 
CLU_3033 3118602190400 1754 
CLU_3033 3118602190966 3669 
CLU_3033 3118602190877 2399 
CLU_3033 3118602190826 9429 
CLU_3033 3118602190729 12744 
CLU_3033 3118602190656 12744 
CLU_3033 3118602190834 12356 
CLU_3033 3118602190710 13040 
CLU_3033 3118602190796 13040 
CLU_3033 3118602190648 13200 
CLU_3033 3118602190818 9174 
CLU_3033 3118602190885 6477 
CLU_3033 3118607053355 3669 
CLU_3033 3118602190192 8469 
CLU_3033 3118602190214 7601 
CLU_3033 3118602190680 6545 
CLU_3033 3118602190753 3167 
CLU_3033 3118602190141 5769 
CLU_3033 3118602220245 5405 
CLU_3033 3118602190788 5766 
CLU_3033 CLU_2943 7250 
CLU_3033 CLU_2961 8004 
CLU_3033 CLU_2970 8977 
CLU_3033 CLU_2971 9389 
CLU_3033 CLU_3051 1246 
CLU_3033 CLU_3055 3505 
CLU_3033 CLU_3060 4071 
CLU_3033 CLU_3084 2806 
CLU_3033 CLU_3086 11088 
CLU_3033 CLU_3087 11855 
CLU_3033 CLU_3098 11944 
CLU_3033 CLU_3108 10543 
CLU_3033 CLU_3114 7471 
CLU_3033 CLU_3121 7269 
CLU_3033 CLU_3128 9063 
CLU_3033 CLU_3141 7579 
CLU_3033 CLU_3143 6753 
CLU_3033 CLU_3160 6418 
CLU_3033 CLU_3166 4398 
CLU_3033 CLU_3176 5375 
CLU_3033 CLU_3200 5849 
CLU_3033 CLU_3214 7163 
CLU_3033 CLU_7923 8086 
CLU_3034 3118602190990 5577 
CLU_3034 3118602191229 6084 
CLU_3034 3118602190591 6460 
CLU_3034 3118602190567 7944 
CLU_3034 3118602190532 8656 
CLU_3034 3118602190494 9670 
CLU_3034 3118602190869 7291 
CLU_3034 3118602190605 6994 
CLU_3034 3118602190109 5994 
CLU_3034 3118607116306 10544 
CLU_3034 3118602190931 10228 
CLU_3034 3118602190923 10307 
CLU_3034 3118602190893 11729 
CLU_3034 3118602190486 9349 
CLU_3034 3118602190915 11743 
CLU_3034 3118602190222 11202 
CLU_3034 3118604696077 2521 
CLU_3034 3118602191024 1119 
CLU_3034 3118602190478 673 
CLU_3034 3118602190389 932 
CLU_3034 3118607110316 3056 
CLU_3034 3118602220261 2096 
CLU_3034 3118602190397 1739 
CLU_3034 3118602190176 3697 
CLU_3034 3118602191059 2410 
CLU_3034 3118602191040 1650 
CLU_3034 3118602190451 2136 
CLU_3034 3118602190206 2585 
CLU_3034 3118602190524 3660 
CLU_3034 3118602190400 1922 
CLU_3034 3118602190966 3830 
CLU_3034 3118602190877 2585 
CLU_3034 3118602190826 9515 
CLU_3034 3118602190729 12816 
CLU_3034 3118602190656 12816 
CLU_3034 3118602190834 12433 
CLU_3034 3118602190710 13091 
CLU_3034 3118602190796 13101 
CLU_3034 3118602190648 13267 
CLU_3034 3118602190818 9249 
CLU_3034 3118602190885 6428 
CLU_3034 3118607053355 3830 
CLU_3034 3118602190192 8328 
CLU_3034 3118602190214 7461 
CLU_3034 3118602190680 6430 
CLU_3034 3118602190753 3033 
CLU_3034 3118602190141 5686 
CLU_3034 3118602220245 5235 
CLU_3034 3118602190788 5577 
CLU_3034 CLU_2943 7066 
CLU_3034 CLU_2961 7838 
CLU_3034 CLU_2970 8818 
CLU_3034 CLU_2971 9227 
CLU_3034 CLU_3051 1119 
CLU_3034 CLU_3055 3429 
CLU_3034 CLU_3060 4006 
CLU_3034 CLU_3084 2975 
CLU_3034 CLU_3086 11171 
CLU_3034 CLU_3087 11934 
CLU_3034 CLU_3098 12006 
CLU_3034 CLU_3108 10515 
CLU_3034 CLU_3114 7581 
CLU_3034 CLU_3121 7093 
CLU_3034 CLU_3128 8909 
CLU_3034 CLU_3141 7459 
CLU_3034 CLU_3143 6617 
CLU_3034 CLU_3160 6292 
CLU_3034 CLU_3166 4264 
CLU_3034 CLU_3176 5238 
CLU_3034 CLU_3200 5669 
CLU_3034 CLU_3214 6974 
CLU_3034 CLU_7923 8045 
CLU_3035 3118602190990 5937 
CLU_3035 3118602191229 6452 
CLU_3035 3118602190591 6761 
CLU_3035 3118602190567 8123 
CLU_3035 3118602190532 8787 
CLU_3035 3118602190494 9812 
CLU_3035 3118602190869 7363 
CLU_3035 3118602190605 6973 
CLU_3035 3118602190109 5996 
CLU_3035 3118607116306 10557 
CLU_3035 3118602190931 10248 
CLU_3035 3118602190923 10215 
CLU_3035 3118602190893 11643 
CLU_3035 3118602190486 9271 
CLU_3035 3118602190915 11622 
CLU_3035 3118602190222 11150 
CLU_3035 3118604696077 2455 
CLU_3035 3118602191024 1146 
CLU_3035 3118602190478 612 
CLU_3035 3118602190389 374 
CLU_3035 3118607110316 2473 
CLU_3035 3118602220261 2195 
CLU_3035 3118602190397 1273 
CLU_3035 3118602190176 3604 
CLU_3035 3118602191059 2625 
CLU_3035 3118602191040 2215 
CLU_3035 3118602190451 1775 
CLU_3035 3118602190206 2161 
CLU_3035 3118602190524 3194 
CLU_3035 3118602190400 1388 
CLU_3035 3118602190966 3254 
CLU_3035 3118602190877 2161 
CLU_3035 3118602190826 8900 
CLU_3035 3118602190729 12212 
CLU_3035 3118602190656 12212 
CLU_3035 3118602190834 11825 
CLU_3035 3118602190710 12512 
CLU_3035 3118602190796 12509 
CLU_3035 3118602190648 12668 
CLU_3035 3118602190818 8643 
CLU_3035 3118602190885 6062 
CLU_3035 3118607053355 3254 
CLU_3035 3118602190192 8946 
CLU_3035 3118602190214 8079 
CLU_3035 3118602190680 7056 
CLU_3035 3118602190753 3656 
CLU_3035 3118602190141 6299 
CLU_3035 3118602220245 5806 
CLU_3035 3118602190788 5937 
CLU_3035 CLU_2943 7344 
CLU_3035 CLU_2961 7952 
CLU_3035 CLU_2970 8886 
CLU_3035 CLU_2971 9315 
CLU_3035 CLU_3051 1146 
CLU_3035 CLU_3055 3164 
CLU_3035 CLU_3060 3700 
CLU_3035 CLU_3084 2430 
CLU_3035 CLU_3086 10558 
CLU_3035 CLU_3087 11324 
CLU_3035 CLU_3098 11414 
CLU_3035 CLU_3108 10088 
CLU_3035 CLU_3114 6955 
CLU_3035 CLU_3121 7641 
CLU_3035 CLU_3128 9511 
CLU_3035 CLU_3141 8085 
CLU_3035 CLU_3143 7238 
CLU_3035 CLU_3160 6918 
CLU_3035 CLU_3166 4887 
CLU_3035 CLU_3176 5859 
CLU_3035 CLU_3200 6201 
CLU_3035 CLU_3214 7412 
CLU_3035 CLU_7923 7653 
CLU_3036 3118602190990 6569 
CLU_3036 3118602191229 7086 
CLU_3036 3118602190591 7360 
CLU_3036 3118602190567 8639 
CLU_3036 3118602190532 9263 
CLU_3036 3118602190494 10294 
CLU_3036 3118602190869 7798 
CLU_3036 3118602190605 7331 
CLU_3036 3118602190109 6381 
CLU_3036 3118607116306 10929 
CLU_3036 3118602190931 10628 
CLU_3036 3118602190923 10488 
CLU_3036 3118602190893 11917 
CLU_3036 3118602190486 9562 
CLU_3036 3118602190915 11859 
CLU_3036 3118602190222 11460 
CLU_3036 3118604696077 2856 
CLU_3036 3118602191024 1711 
CLU_3036 3118602190478 1229 
CLU_3036 3118602190389 674 
CLU_3036 3118607110316 2125 
CLU_3036 3118602220261 2727 
CLU_3036 3118602190397 1326 
CLU_3036 3118602190176 3941 
CLU_3036 3118602191059 3210 
CLU_3036 3118602191040 2897 
CLU_3036 3118602190451 1268 
CLU_3036 3118602190206 1565 
CLU_3036 3118602190524 2547 
CLU_3036 3118602190400 720 
CLU_3036 3118602190966 2570 
CLU_3036 3118602190877 1565 
CLU_3036 3118602190826 8381 
CLU_3036 3118602190729 11731 
CLU_3036 3118602190656 11731 
CLU_3036 3118602190834 11331 
CLU_3036 3118602190710 12094 
CLU_3036 3118602190796 12062 
CLU_3036 3118602190648 12202 
CLU_3036 3118602190818 8159 
CLU_3036 3118602190885 6041 
CLU_3036 3118607053355 2570 
CLU_3036 3118602190192 9595 
CLU_3036 3118602190214 8728 
CLU_3036 3118602190680 7661 
CLU_3036 3118602190753 4293 
CLU_3036 3118602190141 6840 
CLU_3036 3118602220245 6489 
CLU_3036 3118602190788 6569 
CLU_3036 CLU_2943 7927 
CLU_3036 CLU_2961 8419 
CLU_3036 CLU_2970 9311 
CLU_3036 CLU_2971 9756 
CLU_3036 CLU_3051 1711 
CLU_3036 CLU_3055 3334 
CLU_3036 CLU_3060 3801 
CLU_3036 CLU_3084 1747 
CLU_3036 CLU_3086 10048 
CLU_3036 CLU_3087 10822 
CLU_3036 CLU_3098 10966 
CLU_3036 CLU_3108 9953 
CLU_3036 CLU_3114 6374 
CLU_3036 CLU_3121 8326 
CLU_3036 CLU_3128 10180 
CLU_3036 CLU_3141 8698 
CLU_3036 CLU_3143 7879 
CLU_3036 CLU_3160 7542 
CLU_3036 CLU_3166 5524 
CLU_3036 CLU_3176 6502 
CLU_3036 CLU_3200 6887 
CLU_3036 CLU_3214 8075 
CLU_3036 CLU_7923 7582 
CLU_3037 3118602190990 5907 
CLU_3037 3118602191229 6425 
CLU_3037 3118602190591 6688 
CLU_3037 3118602190567 7971 
CLU_3037 3118602190532 8606 
CLU_3037 3118602190494 9636 
CLU_3037 3118602190869 7155 
CLU_3037 3118602190605 6722 
CLU_3037 3118602190109 5758 
CLU_3037 3118607116306 10316 
CLU_3037 3118602190931 10010 
CLU_3037 3118602190923 9929 
CLU_3037 3118602190893 11358 
CLU_3037 3118602190486 8991 
CLU_3037 3118602190915 11323 
CLU_3037 3118602190222 10879 
CLU_3037 3118604696077 2218 
CLU_3037 3118602191024 1041 
CLU_3037 3118602190478 600 
CLU_3037 3118602190389 0 
CLU_3037 3118607110316 2125 
CLU_3037 3118602220261 2054 
CLU_3037 3118602190397 902 
CLU_3037 3118602190176 3337 
CLU_3037 3118602191059 2538 
CLU_3037 3118602191040 2393 
CLU_3037 3118602190451 1915 
CLU_3037 3118602190206 2238 
CLU_3037 3118602190524 3213 
CLU_3037 3118602190400 1384 
CLU_3037 3118602190966 3141 
CLU_3037 3118602190877 2238 
CLU_3037 3118602190826 8589 
CLU_3037 3118602190729 11884 
CLU_3037 3118602190656 11884 
CLU_3037 3118602190834 11501 
CLU_3037 3118602190710 12164 
CLU_3037 3118602190796 12169 
CLU_3037 3118602190648 12334 
CLU_3037 3118602190818 8318 
CLU_3037 3118602190885 5697 
CLU_3037 3118607053355 3141 
CLU_3037 3118602190192 9176 
CLU_3037 3118602190214 8311 
CLU_3037 3118602190680 7334 
CLU_3037 3118602190753 3912 
CLU_3037 3118602190141 6617 
CLU_3037 3118602220245 5963 
CLU_3037 3118602190788 5907 
CLU_3037 CLU_2943 7253 
CLU_3037 CLU_2961 7765 
CLU_3037 CLU_2970 8673 
CLU_3037 CLU_2971 9111 
CLU_3037 CLU_3051 1041 
CLU_3037 CLU_3055 2833 
CLU_3037 CLU_3060 3353 
CLU_3037 CLU_3084 2372 
CLU_3037 CLU_3086 10242 
CLU_3037 CLU_3087 11004 
CLU_3037 CLU_3098 11074 
CLU_3037 CLU_3108 9715 
CLU_3037 CLU_3114 6681 
CLU_3037 CLU_3121 7767 
CLU_3037 CLU_3128 9707 
CLU_3037 CLU_3141 8354 
CLU_3037 CLU_3143 7481 
CLU_3037 CLU_3160 7179 
CLU_3037 CLU_3166 5138 
CLU_3037 CLU_3176 6101 
CLU_3037 CLU_3200 6314 
CLU_3037 CLU_3214 7436 
CLU_3037 CLU_7923 7284 
CLU_3038 3118602190990 6114 
CLU_3038 3118602191229 6634 
CLU_3038 3118602190591 6874 
CLU_3038 3118602190567 8108 
CLU_3038 3118602190532 8722 
CLU_3038 3118602190494 9754 
CLU_3038 3118602190869 7251 
CLU_3038 3118602190605 6781 
CLU_3038 3118602190109 5832 
CLU_3038 3118607116306 10380 
CLU_3038 3118602190931 10078 
CLU_3038 3118602190923 9948 
CLU_3038 3118602190893 11377 
CLU_3038 3118602190486 9018 
CLU_3038 3118602190915 11326 
CLU_3038 3118602190222 10914 
CLU_3038 3118604696077 2310 
CLU_3038 3118602191024 1248 
CLU_3038 3118602190478 856 
CLU_3038 3118602190389 268 
CLU_3038 3118607110316 1895 
CLU_3038 3118602220261 2220 
CLU_3038 3118602190397 811 
CLU_3038 3118602190176 3391 
CLU_3038 3118602191059 2729 
CLU_3038 3118602191040 2661 
CLU_3038 3118602190451 1817 
CLU_3038 3118602190206 2092 
CLU_3038 3118602190524 3024 
CLU_3038 3118602190400 1207 
CLU_3038 3118602190966 2895 
CLU_3038 3118602190877 2092 
CLU_3038 3118602190826 8333 
CLU_3038 3118602190729 11638 
CLU_3038 3118602190656 11638 
CLU_3038 3118602190834 11252 
CLU_3038 3118602190710 11933 
CLU_3038 3118602190796 11932 
CLU_3038 3118602190648 12092 
CLU_3038 3118602190818 8069 
CLU_3038 3118602190885 5593 
CLU_3038 3118607053355 2895 
CLU_3038 3118602190192 9445 
CLU_3038 3118602190214 8580 
CLU_3038 3118602190680 7598 
CLU_3038 3118602190753 4179 
CLU_3038 3118602190141 6867 
CLU_3038 3118602220245 6227 
CLU_3038 3118602190788 6114 
CLU_3038 CLU_2943 7429 
CLU_3038 CLU_2961 7876 
CLU_3038 CLU_2970 8763 
CLU_3038 CLU_2971 9209 
CLU_3038 CLU_3051 1248 
CLU_3038 CLU_3055 2808 
CLU_3038 CLU_3060 3297 
CLU_3038 CLU_3084 2152 
CLU_3038 CLU_3086 9989 
CLU_3038 CLU_3087 10753 
CLU_3038 CLU_3098 10836 
CLU_3038 CLU_3108 9572 
CLU_3038 CLU_3114 6415 
CLU_3038 CLU_3121 8025 
CLU_3038 CLU_3128 9975 
CLU_3038 CLU_3141 8620 
CLU_3038 CLU_3143 7749 
CLU_3038 CLU_3160 7446 
CLU_3038 CLU_3166 5406 
CLU_3038 CLU_3176 6369 
CLU_3038 CLU_3200 6569 
CLU_3038 CLU_3214 7664 
CLU_3038 CLU_7923 7162 
CLU_3039 3118602190990 6946 
CLU_3039 3118602191229 7457 
CLU_3039 3118602190591 7483 
CLU_3039 3118602190567 8274 
CLU_3039 3118602190532 8709 
CLU_3039 3118602190494 9735 
CLU_3039 3118602190869 7134 
CLU_3039 3118602190605 6411 
CLU_3039 3118602190109 5615 
CLU_3039 3118607116306 9940 
CLU_3039 3118602190931 9672 
CLU_3039 3118602190923 9203 
CLU_3039 3118602190893 10611 
CLU_3039 3118602190486 8350 
CLU_3039 3118602190915 10456 
CLU_3039 3118602190222 10263 
CLU_3039 3118604696077 2728 
CLU_3039 3118602191024 2623 
CLU_3039 3118602190478 2550 
CLU_3039 3118602190389 2125 
CLU_3039 3118607110316 0 
CLU_3039 3118602220261 3109 
CLU_3039 3118602190397 1452 
CLU_3039 3118602190176 3294 
CLU_3039 3118602191059 3688 
CLU_3039 3118602191040 4320 
CLU_3039 3118602190451 2957 
CLU_3039 3118602190206 2899 
CLU_3039 3118602190524 3285 
CLU_3039 3118602190400 2187 
CLU_3039 3118602190966 2487 
CLU_3039 3118602190877 2899 
CLU_3039 3118602190826 6514 
CLU_3039 3118602190729 9770 
CLU_3039 3118602190656 9770 
CLU_3039 3118602190834 9396 
CLU_3039 3118602190710 10039 
CLU_3039 3118602190796 10045 
CLU_3039 3118602190648 10214 
CLU_3039 3118602190818 6212 
CLU_3039 3118602190885 4196 
CLU_3039 3118607053355 2487 
CLU_3039 3118602190192 11102 
CLU_3039 3118602190214 10248 
CLU_3039 3118602190680 9382 
CLU_3039 3118602190753 5942 
CLU_3039 3118602190141 8728 
CLU_3039 3118602220245 7712 
CLU_3039 3118602190788 6946 
CLU_3039 CLU_2943 7934 
CLU_3039 CLU_2961 7852 
CLU_3039 CLU_2970 8553 
CLU_3039 CLU_2971 9043 
CLU_3039 CLU_3051 2623 
CLU_3039 CLU_3055 2296 
CLU_3039 CLU_3060 2445 
CLU_3039 CLU_3084 2332 
CLU_3039 CLU_3086 8152 
CLU_3039 CLU_3087 8905 
CLU_3039 CLU_3098 8950 
CLU_3039 CLU_3108 7900 
CLU_3039 CLU_3114 4749 
CLU_3039 CLU_3121 9377 
CLU_3039 CLU_3128 11531 
CLU_3039 CLU_3141 10382 
CLU_3039 CLU_3143 9451 
CLU_3039 CLU_3160 9194 
CLU_3039 CLU_3166 7146 
CLU_3039 CLU_3176 8079 
CLU_3039 CLU_3200 7906 
CLU_3039 CLU_3214 8653 
CLU_3039 CLU_7923 5621 
CLU_3040 3118602190990 6015 
CLU_3040 3118602191229 6492 
CLU_3040 3118602190591 6346 
CLU_3040 3118602190567 6826 
CLU_3040 3118602190532 7164 
CLU_3040 3118602190494 8174 
CLU_3040 3118602190869 5572 
CLU_3040 3118602190605 4766 
CLU_3040 3118602190109 4052 
CLU_3040 3118607116306 8248 
CLU_3040 3118602190931 7988 
CLU_3040 3118602190923 7482 
CLU_3040 3118602190893 8890 
CLU_3040 3118602190486 6632 
CLU_3040 3118602190915 8743 
CLU_3040 3118602190222 8544 
CLU_3040 3118604696077 2125 
CLU_3040 3118602191024 2915 
CLU_3040 3118602190478 3158 
CLU_3040 3118602190389 3036 
CLU_3040 3118607110316 1720 
CLU_3040 3118602220261 2778 
CLU_3040 3118602190397 2134 
CLU_3040 3118602190176 2032 
CLU_3040 3118602191059 3253 
CLU_3040 3118602191040 4528 
CLU_3040 3118602190451 4466 
CLU_3040 3118602190206 4508 
CLU_3040 3118602190524 4997 
CLU_3040 3118602190400 3689 
CLU_3040 3118602190966 4194 
CLU_3040 3118602190877 4508 
CLU_3040 3118602190826 6758 
CLU_3040 3118602190729 9709 
CLU_3040 3118602190656 9709 
CLU_3040 3118602190834 9403 
CLU_3040 3118602190710 9714 
CLU_3040 3118602190796 9836 
CLU_3040 3118602190648 10083 
CLU_3040 3118602190818 6308 
CLU_3040 3118602190885 2673 
CLU_3040 3118607053355 4194 
CLU_3040 3118602190192 10970 
CLU_3040 3118602190214 10152 
CLU_3040 3118602190680 9541 
CLU_3040 3118602190753 6184 
CLU_3040 3118602190141 9131 
CLU_3040 3118602220245 7421 
CLU_3040 3118602190788 6015 
CLU_3040 CLU_2943 6705 
CLU_3040 CLU_2961 6318 
CLU_3040 CLU_2970 6932 
CLU_3040 CLU_2971 7433 
CLU_3040 CLU_3051 2915 
CLU_3040 CLU_3055 1012 
CLU_3040 CLU_3060 802 
CLU_3040 CLU_3084 4031 
CLU_3040 CLU_3086 8274 
CLU_3040 CLU_3087 8964 
CLU_3040 CLU_3098 8771 
CLU_3040 CLU_3108 6698 
CLU_3040 CLU_3114 5474 
CLU_3040 CLU_3121 8861 
CLU_3040 CLU_3128 11231 
CLU_3040 CLU_3141 10467 
CLU_3040 CLU_3143 9434 
CLU_3040 CLU_3160 9276 
CLU_3040 CLU_3166 7281 
CLU_3040 CLU_3176 8120 
CLU_3040 CLU_3200 7426 
CLU_3040 CLU_3214 7788 
CLU_3040 CLU_7923 4247 
CLU_3041 3118602190990 4910 
CLU_3041 3118602191229 5402 
CLU_3041 3118602190591 5336 
CLU_3041 3118602190567 6069 
CLU_3041 3118602190532 6533 
CLU_3041 3118602190494 7564 
CLU_3041 3118602190869 4976 
CLU_3041 3118602190605 4354 
CLU_3041 3118602190109 3477 
CLU_3041 3118607116306 7945 
CLU_3041 3118602190931 7656 
CLU_3041 3118602190923 7427 
CLU_3041 3118602190893 8856 
CLU_3041 3118602190486 6508 
CLU_3041 3118602190915 8797 
CLU_3041 3118602190222 8413 
CLU_3041 3118604696077 965 
CLU_3041 3118602191024 2052 
CLU_3041 3118602190478 2441 
CLU_3041 3118602190389 2539 
CLU_3041 3118607110316 2208 
CLU_3041 3118602220261 1650 
CLU_3041 3118602190397 1742 
CLU_3041 3118602190176 1086 
CLU_3041 3118602191059 2084 
CLU_3041 3118602191040 3494 
CLU_3041 3118602190451 4302 
CLU_3041 3118602190206 4474 
CLU_3041 3118602190524 5187 
CLU_3041 3118602190400 3580 
CLU_3041 3118602190966 4603 
CLU_3041 3118602190877 4474 
CLU_3041 3118602190826 7931 
CLU_3041 3118602190729 10889 
CLU_3041 3118602190656 10889 
CLU_3041 3118602190834 10585 
CLU_3041 3118602190710 10869 
CLU_3041 3118602190796 11004 
CLU_3041 3118602190648 11258 
CLU_3041 3118602190818 7489 
CLU_3041 3118602190885 3393 
CLU_3041 3118607053355 4603 
CLU_3041 3118602190192 9798 
CLU_3041 3118602190214 8986 
CLU_3041 3118602190680 8423 
CLU_3041 3118602190753 5119 
CLU_3041 3118602190141 8085 
CLU_3041 3118602220245 6242 
CLU_3041 3118602190788 4910 
CLU_3041 CLU_2943 5754 
CLU_3041 CLU_2961 5675 
CLU_3041 CLU_2970 6437 
CLU_3041 CLU_2971 6914 
CLU_3041 CLU_3051 2052 
CLU_3041 CLU_3055 322 
CLU_3041 CLU_3060 934 
CLU_3041 CLU_3084 4207 
CLU_3041 CLU_3086 9456 
CLU_3041 CLU_3087 10147 
CLU_3041 CLU_3098 9944 
CLU_3041 CLU_3108 7561 
CLU_3041 CLU_3114 6557 
CLU_3041 CLU_3121 7683 
CLU_3041 CLU_3128 10048 
CLU_3041 CLU_3141 9329 
CLU_3041 CLU_3143 8281 
CLU_3041 CLU_3160 8141 
CLU_3041 CLU_3166 6171 
CLU_3041 CLU_3176 6983 
CLU_3041 CLU_3200 6244 
CLU_3041 CLU_3214 6670 
CLU_3041 CLU_7923 5038 
CLU_3042 3118602190990 4859 
CLU_3042 3118602191229 5302 
CLU_3042 3118602190591 5054 
CLU_3042 3118602190567 5409 
CLU_3042 3118602190532 5746 
CLU_3042 3118602190494 6760 
CLU_3042 3118602190869 4155 
CLU_3042 3118602190605 3392 
CLU_3042 3118602190109 2633 
CLU_3042 3118607116306 6939 
CLU_3042 3118602190931 6663 
CLU_3042 3118602190923 6330 
CLU_3042 3118602190893 7757 
CLU_3042 3118602190486 5427 
CLU_3042 3118602190915 7682 
CLU_3042 3118602190222 7339 
CLU_3042 3118604696077 1821 
CLU_3042 3118602191024 3122 
CLU_3042 3118602190478 3548 
CLU_3042 3118602190389 3665 
CLU_3042 3118607110316 3018 
CLU_3042 3118602220261 2496 
CLU_3042 3118602190397 2852 
CLU_3042 3118602190176 957 
CLU_3042 3118602191059 2757 
CLU_3042 3118602191040 4392 
CLU_3042 3118602190451 5402 
CLU_3042 3118602190206 5546 
CLU_3042 3118602190524 6190 
CLU_3042 3118602190400 4664 
CLU_3042 3118602190966 5499 
CLU_3042 3118602190877 5546 
CLU_3042 3118602190826 7871 
CLU_3042 3118602190729 10599 
CLU_3042 3118602190656 10599 
CLU_3042 3118602190834 10338 
CLU_3042 3118602190710 10427 
CLU_3042 3118602190796 10627 
CLU_3042 3118602190648 10921 
CLU_3042 3118602190818 7360 
CLU_3042 3118602190885 2508 
CLU_3042 3118607053355 5499 
CLU_3042 3118602190192 10279 
CLU_3042 3118602190214 9503 
CLU_3042 3118602190680 9105 
CLU_3042 3118602190753 5941 
CLU_3042 3118602190141 8903 
CLU_3042 3118602220245 6693 
CLU_3042 3118602190788 4859 
CLU_3042 CLU_2943 5361 
CLU_3042 CLU_2961 4898 
CLU_3042 CLU_2970 5541 
CLU_3042 CLU_2971 6036 
CLU_3042 CLU_3051 3122 
CLU_3042 CLU_3055 844 
CLU_3042 CLU_3060 620 
CLU_3042 CLU_3084 5208 
CLU_3042 CLU_3086 9294 
CLU_3042 CLU_3087 9936 
CLU_3042 CLU_3098 9601 
CLU_3042 CLU_3108 6681 
CLU_3042 CLU_3114 6796 
CLU_3042 CLU_3121 7926 
CLU_3042 CLU_3128 10411 
CLU_3042 CLU_3141 9953 
CLU_3042 CLU_3143 8862 
CLU_3042 CLU_3160 8785 
CLU_3042 CLU_3166 6895 
CLU_3042 CLU_3176 7629 
CLU_3042 CLU_3200 6552 
CLU_3042 CLU_3214 6635 
CLU_3042 CLU_7923 4140 
CLU_3043 3118602190990 6963 
CLU_3043 3118602191229 7329 
CLU_3043 3118602190591 6869 
CLU_3043 3118602190567 6505 
CLU_3043 3118602190532 6475 
CLU_3043 3118602190494 7344 
CLU_3043 3118602190869 4999 
CLU_3043 3118602190605 3916 
CLU_3043 3118602190109 3782 
CLU_3043 3118607116306 6713 
CLU_3043 3118602190931 6528 
CLU_3043 3118602190923 5519 
CLU_3043 3118602190893 6824 
CLU_3043 3118602190486 4862 
CLU_3043 3118602190915 6543 
CLU_3043 3118602190222 6659 
CLU_3043 3118604696077 4274 
CLU_3043 3118602191024 5428 
CLU_3043 3118602190478 5757 
CLU_3043 3118602190389 5697 
CLU_3043 3118607110316 4196 
CLU_3043 3118602220261 4969 
CLU_3043 3118602190397 4797 
CLU_3043 3118602190176 3437 
CLU_3043 3118602191059 5264 
CLU_3043 3118602191040 6859 
CLU_3043 3118602190451 7100 
CLU_3043 3118602190206 7090 
CLU_3043 3118602190524 7423 
CLU_3043 3118602190400 6319 
CLU_3043 3118602190966 6459 
CLU_3043 3118602190877 7090 
CLU_3043 3118602190826 6367 
CLU_3043 3118602190729 8585 
CLU_3043 3118602190656 8585 
CLU_3043 3118602190834 8399 
CLU_3043 3118602190710 8201 
CLU_3043 3118602190796 8484 
CLU_3043 3118602190648 8832 
CLU_3043 3118602190818 5752 
CLU_3043 3118602190885 0 
CLU_3043 3118607053355 6459 
CLU_3043 3118602190192 12707 
CLU_3043 3118602190214 11953 
CLU_3043 3118602190680 11608 
CLU_3043 3118602190753 8439 
CLU_3043 3118602190141 11406 
CLU_3043 3118602220245 9128 
CLU_3043 3118602190788 6963 
CLU_3043 CLU_2943 6986 
CLU_3043 CLU_2961 5755 
CLU_3043 CLU_2970 5931 
CLU_3043 CLU_2971 6441 
CLU_3043 CLU_3051 5428 
CLU_3043 CLU_3055 3074 
CLU_3043 CLU_3060 2459 
CLU_3043 CLU_3084 6508 
CLU_3043 CLU_3086 7531 
CLU_3043 CLU_3087 8068 
CLU_3043 CLU_3098 7529 
CLU_3043 CLU_3108 4182 
CLU_3043 CLU_3114 6010 
CLU_3043 CLU_3121 10211 
CLU_3043 CLU_3128 12763 
CLU_3043 CLU_3141 12442 
CLU_3043 CLU_3143 11340 
CLU_3043 CLU_3160 11281 
CLU_3043 CLU_3166 9404 
CLU_3043 CLU_3176 10128 
CLU_3043 CLU_3200 8906 
CLU_3043 CLU_3214 8680 
CLU_3043 CLU_7923 1646 
CLU_3044 3118602190990 3952 
CLU_3044 3118602191229 4472 
CLU_3044 3118602190591 4660 
CLU_3044 3118602190567 5929 
CLU_3044 3118602190532 6596 
CLU_3044 3118602190494 7619 
CLU_3044 3118602190869 5200 
CLU_3044 3118602190605 4910 
CLU_3044 3118602190109 3904 
CLU_3044 3118607116306 8448 
CLU_3044 3118602190931 8131 
CLU_3044 3118602190923 8257 
CLU_3044 3118602190893 9672 
CLU_3044 3118602190486 7291 
CLU_3044 3118602190915 9716 
CLU_3044 3118602190222 9124 
CLU_3044 3118604696077 698 
CLU_3044 3118602191024 1048 
CLU_3044 3118602190478 1588 
CLU_3044 3118602190389 2054 
CLU_3044 3118607110316 3109 
CLU_3044 3118602220261 0 
CLU_3044 3118602190397 1834 
CLU_3044 3118602190176 1739 
CLU_3044 3118602191059 580 
CLU_3044 3118602191040 1895 
CLU_3044 3118602190451 3954 
CLU_3044 3118602190206 4292 
CLU_3044 3118602190524 5244 
CLU_3044 3118602190400 3425 
CLU_3044 3118602190966 5006 
CLU_3044 3118602190877 4292 
CLU_3044 3118602190826 9398 
CLU_3044 3118602190729 12461 
CLU_3044 3118602190656 12461 
CLU_3044 3118602190834 12138 
CLU_3044 3118602190710 12493 
CLU_3044 3118602190796 12609 
CLU_3044 3118602190648 12847 
CLU_3044 3118602190818 9001 
CLU_3044 3118602190885 4969 
CLU_3044 3118607053355 5006 
CLU_3044 3118602190192 8212 
CLU_3044 3118602190214 7385 
CLU_3044 3118602190680 6774 
CLU_3044 3118602190753 3480 
CLU_3044 3118602190141 6449 
CLU_3044 3118602220245 4701 
CLU_3044 3118602190788 3952 
CLU_3044 CLU_2943 5209 
CLU_3044 CLU_2961 5767 
CLU_3044 CLU_2970 6727 
CLU_3044 CLU_2971 7143 
CLU_3044 CLU_3051 1048 
CLU_3044 CLU_3055 1940 
CLU_3044 CLU_3060 2550 
CLU_3044 CLU_3084 4348 
CLU_3044 CLU_3086 10970 
CLU_3044 CLU_3087 11683 
CLU_3044 CLU_3098 11539 
CLU_3044 CLU_3108 9152 
CLU_3044 CLU_3114 7820 
CLU_3044 CLU_3121 6284 
CLU_3044 CLU_3128 8530 
CLU_3044 CLU_3141 7690 
CLU_3044 CLU_3143 6657 
CLU_3044 CLU_3160 6500 
CLU_3044 CLU_3166 4520 
CLU_3044 CLU_3176 5343 
CLU_3044 CLU_3200 4816 
CLU_3044 CLU_3214 5591 
CLU_3044 CLU_7923 6614 
CLU_3045 3118602190990 6559 
CLU_3045 3118602191229 7070 
CLU_3045 3118602190591 7408 
CLU_3045 3118602190567 8798 
CLU_3045 3118602190532 9465 
CLU_3045 3118602190494 10490 
CLU_3045 3118602190869 8040 
CLU_3045 3118602190605 7639 
CLU_3045 3118602190109 6666 
CLU_3045 3118607116306 11227 
CLU_3045 3118602190931 10919 
CLU_3045 3118602190923 10858 
CLU_3045 3118602190893 12287 
CLU_3045 3118602190486 9919 
CLU_3045 3118602190915 12252 
CLU_3045 3118602190222 11805 
CLU_3045 3118604696077 3123 
CLU_3045 3118602191024 1823 
CLU_3045 3118602190478 1284 
CLU_3045 3118602190389 929 
CLU_3045 3118607110316 2690 
CLU_3045 3118602220261 2872 
CLU_3045 3118602190397 1773 
CLU_3045 3118602190176 4260 
CLU_3045 3118602191059 3287 
CLU_3045 3118602191040 2659 
CLU_3045 3118602190451 1131 
CLU_3045 3118602190206 1567 
CLU_3045 3118602190524 2642 
CLU_3045 3118602190400 968 
CLU_3045 3118602190966 2888 
CLU_3045 3118602190877 1567 
CLU_3045 3118602190826 8906 
CLU_3045 3118602190729 12269 
CLU_3045 3118602190656 12269 
CLU_3045 3118602190834 11864 
CLU_3045 3118602190710 12649 
CLU_3045 3118602190796 12611 
CLU_3045 3118602190648 12744 
CLU_3045 3118602190818 8697 
CLU_3045 3118602190885 6551 
CLU_3045 3118607053355 2888 
CLU_3045 3118602190192 9219 
CLU_3045 3118602190214 8350 
CLU_3045 3118602190680 7225 
CLU_3045 3118602190753 3915 
CLU_3045 3118602190141 6352 
CLU_3045 3118602220245 6225 
CLU_3045 3118602190788 6559 
CLU_3045 CLU_2943 7998 
CLU_3045 CLU_2961 8631 
CLU_3045 CLU_2970 9563 
CLU_3045 CLU_2971 9993 
CLU_3045 CLU_3051 1823 
CLU_3045 CLU_3055 3754 
CLU_3045 CLU_3060 4257 
CLU_3045 CLU_3084 2003 
CLU_3045 CLU_3086 10575 
CLU_3045 CLU_3087 11352 
CLU_3045 CLU_3098 11514 
CLU_3045 CLU_3108 10498 
CLU_3045 CLU_3114 6864 
CLU_3045 CLU_3121 8097 
CLU_3045 CLU_3128 9848 
CLU_3045 CLU_3141 8270 
CLU_3045 CLU_3143 7490 
CLU_3045 CLU_3160 7129 
CLU_3045 CLU_3166 5138 
CLU_3045 CLU_3176 6121 
CLU_3045 CLU_3200 6682 
CLU_3045 CLU_3214 7987 
CLU_3045 CLU_7923 8109 
CLU_3046 3118602190990 5783 
CLU_3046 3118602191229 6303 
CLU_3046 3118602190591 6449 
CLU_3046 3118602190567 7529 
CLU_3046 3118602190532 8093 
CLU_3046 3118602190494 9128 
CLU_3046 3118602190869 6585 
CLU_3046 3118602190605 6054 
CLU_3046 3118602190109 5130 
CLU_3046 3118607116306 9654 
CLU_3046 3118602190931 9358 
CLU_3046 3118602190923 9170 
CLU_3046 3118602190893 10598 
CLU_3046 3118602190486 8249 
CLU_3046 3118602190915 10534 
CLU_3046 3118602190222 10151 
CLU_3046 3118604696077 1703 
CLU_3046 3118602191024 1174 
CLU_3046 3118602190478 1141 
CLU_3046 3118602190389 902 
CLU_3046 3118607110316 1452 
CLU_3046 3118602220261 1834 
CLU_3046 3118602190397 0 
CLU_3046 3118602190176 2676 
CLU_3046 3118602191059 2406 
CLU_3046 3118602191040 2869 
CLU_3046 3118602190451 2560 
CLU_3046 3118602190206 2757 
CLU_3046 3118602190524 3563 
CLU_3046 3118602190400 1855 
CLU_3046 3118602190966 3191 
CLU_3046 3118602190877 2757 
CLU_3046 3118602190826 7961 
CLU_3046 3118602190729 11190 
CLU_3046 3118602190656 11190 
CLU_3046 3118602190834 10825 
CLU_3046 3118602190710 11401 
CLU_3046 3118602190796 11436 
CLU_3046 3118602190648 11622 
CLU_3046 3118602190818 7644 
CLU_3046 3118602190885 4797 
CLU_3046 3118607053355 3191 
CLU_3046 3118602190192 9652 
CLU_3046 3118602190214 8797 
CLU_3046 3118602190680 7939 
CLU_3046 3118602190753 4500 
CLU_3046 3118602190141 7328 
CLU_3046 3118602220245 6287 
CLU_3046 3118602190788 5783 
CLU_3046 CLU_2943 6966 
CLU_3046 CLU_2961 7240 
CLU_3046 CLU_2970 8082 
CLU_3046 CLU_2971 8541 
CLU_3046 CLU_3051 1174 
CLU_3046 CLU_3055 2008 
CLU_3046 CLU_3060 2485 
CLU_3046 CLU_3084 2611 
CLU_3046 CLU_3086 9592 
CLU_3046 CLU_3087 10340 
CLU_3046 CLU_3098 10345 
CLU_3046 CLU_3108 8816 
CLU_3046 CLU_3114 6185 
CLU_3046 CLU_3121 7996 
CLU_3046 CLU_3128 10096 
CLU_3046 CLU_3141 8933 
CLU_3046 CLU_3143 7998 
CLU_3046 CLU_3160 7744 
CLU_3046 CLU_3166 5697 
CLU_3046 CLU_3176 6627 
CLU_3046 CLU_3200 6526 
CLU_3046 CLU_3214 7422 
CLU_3046 CLU_7923 6381 
CLU_3047 3118602190990 3755 
CLU_3047 3118602191229 4253 
CLU_3047 3118602190591 4240 
CLU_3047 3118602190567 5192 
CLU_3047 3118602190532 5769 
CLU_3047 3118602190494 6802 
CLU_3047 3118602190869 4294 
CLU_3047 3118602190605 3899 
CLU_3047 3118602190109 2912 
CLU_3047 3118607116306 7473 
CLU_3047 3118602190931 7163 
CLU_3047 3118602190923 7211 
CLU_3047 3118602190893 8631 
CLU_3047 3118602190486 6250 
CLU_3047 3118602190915 8661 
CLU_3047 3118602190222 8101 
CLU_3047 3118604696077 648 
CLU_3047 3118602191024 1992 
CLU_3047 3118602190478 2517 
CLU_3047 3118602190389 2861 
CLU_3047 3118607110316 3242 
CLU_3047 3118602220261 1065 
CLU_3047 3118602190397 2337 
CLU_3047 3118602190176 696 
CLU_3047 3118602191059 1189 
CLU_3047 3118602191040 2897 
CLU_3047 3118602190451 4770 
CLU_3047 3118602190206 5043 
CLU_3047 3118602190524 5899 
CLU_3047 3118602190400 4145 
CLU_3047 3118602190966 5479 
CLU_3047 3118602190877 5043 
CLU_3047 3118602190826 9079 
CLU_3047 3118602190729 11985 
CLU_3047 3118602190656 11985 
CLU_3047 3118602190834 11694 
CLU_3047 3118602190710 11902 
CLU_3047 3118602190796 12067 
CLU_3047 3118602190648 12337 
CLU_3047 3118602190818 8624 
CLU_3047 3118602190885 4086 
CLU_3047 3118607053355 5479 
CLU_3047 3118602190192 8760 
CLU_3047 3118602190214 7968 
CLU_3047 3118602190680 7529 
CLU_3047 3118602190753 4385 
CLU_3047 3118602190141 7338 
CLU_3047 3118602220245 5180 
CLU_3047 3118602190788 3755 
CLU_3047 CLU_2943 4702 
CLU_3047 CLU_2961 4920 
CLU_3047 CLU_2970 5811 
CLU_3047 CLU_2971 6252 
CLU_3047 CLU_3051 1992 
CLU_3047 CLU_3055 1318 
CLU_3047 CLU_3060 1824 
CLU_3047 CLU_3084 4948 
CLU_3047 CLU_3086 10586 
CLU_3047 CLU_3087 11266 
CLU_3047 CLU_3098 11019 
CLU_3047 CLU_3108 8252 
CLU_3047 CLU_3114 7718 
CLU_3047 CLU_3121 6546 
CLU_3047 CLU_3128 8954 
CLU_3047 CLU_3141 8386 
CLU_3047 CLU_3143 7304 
CLU_3047 CLU_3160 7213 
CLU_3047 CLU_3166 5318 
CLU_3047 CLU_3176 6056 
CLU_3047 CLU_3200 5122 
CLU_3047 CLU_3214 5508 
CLU_3047 CLU_7923 5712 
CLU_3048 3118602190990 6691 
CLU_3048 3118602191229 7128 
CLU_3048 3118602190591 6837 
CLU_3048 3118602190567 6937 
CLU_3048 3118602190532 7107 
CLU_3048 3118602190494 8066 
CLU_3048 3118602190869 5532 
CLU_3048 3118602190605 4563 
CLU_3048 3118602190109 4088 
CLU_3048 3118607116306 7794 
CLU_3048 3118602190931 7568 
CLU_3048 3118602190923 6797 
CLU_3048 3118602190893 8159 
CLU_3048 3118602190486 6036 
CLU_3048 3118602190915 7934 
CLU_3048 3118602190222 7910 
CLU_3048 3118604696077 3237 
CLU_3048 3118602191024 4174 
CLU_3048 3118602190478 4429 
CLU_3048 3118602190389 4293 
CLU_3048 3118607110316 2682 
CLU_3048 3118602220261 3926 
CLU_3048 3118602190397 3391 
CLU_3048 3118602190176 2753 
CLU_3048 3118602191059 4336 
CLU_3048 3118602191040 5746 
CLU_3048 3118602190451 5600 
CLU_3048 3118602190206 5578 
CLU_3048 3118602190524 5916 
CLU_3048 3118602190400 4819 
CLU_3048 3118602190966 4975 
CLU_3048 3118602190877 5578 
CLU_3048 3118602190826 6063 
CLU_3048 3118602190729 8770 
CLU_3048 3118602190656 8770 
CLU_3048 3118602190834 8505 
CLU_3048 3118602190710 8647 
CLU_3048 3118602190796 8820 
CLU_3048 3118602190648 9103 
CLU_3048 3118602190818 5535 
CLU_3048 3118602190885 1515 
CLU_3048 3118607053355 4975 
CLU_3048 3118602190192 12014 
CLU_3048 3118602190214 11217 
CLU_3048 3118602190680 10696 
CLU_3048 3118602190753 7387 
CLU_3048 3118602190141 10348 
CLU_3048 3118602220245 8436 
CLU_3048 3118602190788 6691 
CLU_3048 CLU_2943 7093 
CLU_3048 CLU_2961 6303 
CLU_3048 CLU_2970 6722 
CLU_3048 CLU_2971 7236 
CLU_3048 CLU_3051 4174 
CLU_3048 CLU_3055 1997 
CLU_3048 CLU_3060 1430 
CLU_3048 CLU_3084 4995 
CLU_3048 CLU_3086 7461 
CLU_3048 CLU_3087 8101 
CLU_3048 CLU_3098 7783 
CLU_3048 CLU_3108 5428 
CLU_3048 CLU_3114 5181 
CLU_3048 CLU_3121 9743 
CLU_3048 CLU_3128 12198 
CLU_3048 CLU_3141 11594 
CLU_3048 CLU_3143 10534 
CLU_3048 CLU_3160 10409 
CLU_3048 CLU_3166 8446 
CLU_3048 CLU_3176 9250 
CLU_3048 CLU_3200 8350 
CLU_3048 CLU_3214 8466 
CLU_3048 CLU_7923 3002 
CLU_3049 3118602190990 6253 
CLU_3049 3118602191229 6724 
CLU_3049 3118602190591 6554 
CLU_3049 3118602190567 6963 
CLU_3049 3118602190532 7268 
CLU_3049 3118602190494 8269 
CLU_3049 3118602190869 5674 
CLU_3049 3118602190605 4828 
CLU_3049 3118602190109 4160 
CLU_3049 3118607116306 8266 
CLU_3049 3118602190931 8013 
CLU_3049 3118602190923 7442 
CLU_3049 3118602190893 8840 
CLU_3049 3118602190486 6611 
CLU_3049 3118602190915 8672 
CLU_3049 3118602190222 8518 
CLU_3049 3118604696077 2410 
CLU_3049 3118602191024 3190 
CLU_3049 3118602190478 3417 
CLU_3049 3118602190389 3269 
CLU_3049 3118607110316 1789 
CLU_3049 3118602220261 3066 
CLU_3049 3118602190397 2367 
CLU_3049 3118602190176 2256 
CLU_3049 3118602191059 3538 
CLU_3049 3118602191040 4813 
CLU_3049 3118602190451 4626 
CLU_3049 3118602190206 4640 
CLU_3049 3118602190524 5074 
CLU_3049 3118602190400 3845 
CLU_3049 3118602190966 4223 
CLU_3049 3118602190877 4640 
CLU_3049 3118602190826 6497 
CLU_3049 3118602190729 9428 
CLU_3049 3118602190656 9428 
CLU_3049 3118602190834 9124 
CLU_3049 3118602190710 9426 
CLU_3049 3118602190796 9549 
CLU_3049 3118602190648 9798 
CLU_3049 3118602190818 6038 
CLU_3049 3118602190885 2479 
CLU_3049 3118607053355 4223 
CLU_3049 3118602190192 11255 
CLU_3049 3118602190214 10439 
CLU_3049 3118602190680 9830 
CLU_3049 3118602190753 6470 
CLU_3049 3118602190141 9415 
CLU_3049 3118602220245 7704 
CLU_3049 3118602190788 6253 
CLU_3049 CLU_2943 6895 
CLU_3049 CLU_2961 6428 
CLU_3049 CLU_2970 7002 
CLU_3049 CLU_2971 7507 
CLU_3049 CLU_3051 3190 
CLU_3049 CLU_3055 1269 
CLU_3049 CLU_3060 947 
CLU_3049 CLU_3084 4120 
CLU_3049 CLU_3086 8002 
CLU_3049 CLU_3087 8688 
CLU_3049 CLU_3098 8485 
CLU_3049 CLU_3108 6450 
CLU_3049 CLU_3114 5265 
CLU_3049 CLU_3121 9130 
CLU_3049 CLU_3128 11510 
CLU_3049 CLU_3141 10756 
CLU_3049 CLU_3143 9722 
CLU_3049 CLU_3160 9564 
CLU_3049 CLU_3166 7569 
CLU_3049 CLU_3176 8409 
CLU_3049 CLU_3200 7699 
CLU_3049 CLU_3214 8029 
CLU_3049 CLU_7923 4022 
CLU_3050 3118602190990 6688 
CLU_3050 3118602191229 7192 
CLU_3050 3118602190591 7175 
CLU_3050 3118602190567 7890 
CLU_3050 3118602190532 8301 
CLU_3050 3118602190494 9324 
CLU_3050 3118602190869 6720 
CLU_3050 3118602190605 5975 
CLU_3050 3118602190109 5199 
CLU_3050 3118607116306 9493 
CLU_3050 3118602190931 9227 
CLU_3050 3118602190923 8745 
CLU_3050 3118602190893 10152 
CLU_3050 3118602190486 7894 
CLU_3050 3118602190915 9997 
CLU_3050 3118602190222 9807 
CLU_3050 3118604696077 2488 
CLU_3050 3118602191024 2619 
CLU_3050 3118602190478 2641 
CLU_3050 3118602190389 2300 
CLU_3050 3118607110316 458 
CLU_3050 3118602220261 2950 
CLU_3050 3118602190397 1500 
CLU_3050 3118602190176 2927 
CLU_3050 3118602191059 3518 
CLU_3050 3118602191040 4334 
CLU_3050 3118602190451 3352 
CLU_3050 3118602190206 3326 
CLU_3050 3118602190524 3743 
CLU_3050 3118602190400 2573 
CLU_3050 3118602190966 2937 
CLU_3050 3118602190877 3326 
CLU_3050 3118602190826 6511 
CLU_3050 3118602190729 9700 
CLU_3050 3118602190656 9700 
CLU_3050 3118602190834 9342 
CLU_3050 3118602190710 9901 
CLU_3050 3118602190796 9936 
CLU_3050 3118602190648 10127 
CLU_3050 3118602190818 6167 
CLU_3050 3118602190885 3764 
CLU_3050 3118607053355 2937 
CLU_3050 3118602190192 11065 
CLU_3050 3118602190214 10218 
CLU_3050 3118602190680 9418 
CLU_3050 3118602190753 5984 
CLU_3050 3118602190141 8828 
CLU_3050 3118602220245 7621 
CLU_3050 3118602190788 6688 
CLU_3050 CLU_2943 7605 
CLU_3050 CLU_2961 7447 
CLU_3050 CLU_2970 8125 
CLU_3050 CLU_2971 8619 
CLU_3050 CLU_3051 2619 
CLU_3050 CLU_3055 1900 
CLU_3050 CLU_3060 2000 
CLU_3050 CLU_3084 2786 
CLU_3050 CLU_3086 8125 
CLU_3050 CLU_3087 8864 
CLU_3050 CLU_3098 8846 
CLU_3050 CLU_3108 7544 
CLU_3050 CLU_3114 4871 
CLU_3050 CLU_3121 9234 
CLU_3050 CLU_3128 11450 
CLU_3050 CLU_3141 10401 
CLU_3050 CLU_3143 9440 
CLU_3050 CLU_3160 9209 
CLU_3050 CLU_3166 7166 
CLU_3050 CLU_3176 8079 
CLU_3050 CLU_3200 7767 
CLU_3050 CLU_3214 8418 
CLU_3050 CLU_7923 5222 
CLU_3051 3118602190990 4868 
CLU_3051 3118602191229 5387 
CLU_3051 3118602190591 5649 
CLU_3051 3118602190567 6977 
CLU_3051 3118602190532 7644 
CLU_3051 3118602190494 8668 
CLU_3051 3118602190869 6234 
CLU_3051 3118602190605 5892 
CLU_3051 3118602190109 4899 
CLU_3051 3118607116306 9457 
CLU_3051 3118602190931 9144 
CLU_3051 3118602190923 9190 
CLU_3051 3118602190893 10613 
CLU_3051 3118602190486 8233 
CLU_3051 3118602190915 10624 
CLU_3051 3118602190222 10092 
CLU_3051 3118604696077 1401 
CLU_3051 3118602191024 0 
CLU_3051 3118602190478 540 
CLU_3051 3118602190389 1041 
CLU_3051 3118607110316 2623 
CLU_3051 3118602220261 1048 
CLU_3051 3118602190397 1174 
CLU_3051 3118602190176 2577 
CLU_3051 3118602191059 1499 
CLU_3051 3118602191040 1715 
CLU_3051 3118602190451 2913 
CLU_3051 3118602190206 3268 
CLU_3051 3118602190524 4254 
CLU_3051 3118602190400 2425 
CLU_3051 3118602190966 4129 
CLU_3051 3118602190877 3268 
CLU_3051 3118602190826 9120 
CLU_3051 3118602190729 12316 
CLU_3051 3118602190656 12316 
CLU_3051 3118602190834 11962 
CLU_3051 3118602190710 12476 
CLU_3051 3118602190796 12536 
CLU_3051 3118602190648 12737 
CLU_3051 3118602190818 8786 
CLU_3051 3118602190885 5428 
CLU_3051 3118607053355 4129 
CLU_3051 3118602190192 8479 
CLU_3051 3118602190214 7625 
CLU_3051 3118602190680 6800 
CLU_3051 3118602190753 3370 
CLU_3051 3118602190141 6260 
CLU_3051 3118602220245 5123 
CLU_3051 3118602190788 4868 
CLU_3051 CLU_2943 6218 
CLU_3051 CLU_2961 6812 
CLU_3051 CLU_2970 7760 
CLU_3051 CLU_2971 8182 
CLU_3051 CLU_3051 0 
CLU_3051 CLU_3055 2374 
CLU_3051 CLU_3060 2974 
CLU_3051 CLU_3084 3400 
CLU_3051 CLU_3086 10742 
CLU_3051 CLU_3087 11483 
CLU_3051 CLU_3098 11449 
CLU_3051 CLU_3108 9568 
CLU_3051 CLU_3114 7359 
CLU_3051 CLU_3121 6861 
CLU_3051 CLU_3128 8925 
CLU_3051 CLU_3141 7782 
CLU_3051 CLU_3143 6832 
CLU_3051 CLU_3160 6590 
CLU_3051 CLU_3166 4547 
CLU_3051 CLU_3176 5465 
CLU_3051 CLU_3200 5394 
CLU_3051 CLU_3214 6419 
CLU_3051 CLU_7923 7065 
CLU_3052 3118602190990 5450 
CLU_3052 3118602191229 5927 
CLU_3052 3118602190591 5786 
CLU_3052 3118602190567 6319 
CLU_3052 3118602190532 6695 
CLU_3052 3118602190494 7714 
CLU_3052 3118602190869 5109 
CLU_3052 3118602190605 4360 
CLU_3052 3118602190109 3586 
CLU_3052 3118607116306 7897 
CLU_3052 3118602190931 7625 
CLU_3052 3118602190923 7231 
CLU_3052 3118602190893 8652 
CLU_3052 3118602190486 6348 
CLU_3052 3118602190915 8544 
CLU_3052 3118602190222 8263 
CLU_3052 3118604696077 1652 
CLU_3052 3118602191024 2637 
CLU_3052 3118602190478 2961 
CLU_3052 3118602190389 2947 
CLU_3052 3118607110316 2050 
CLU_3052 3118602220261 2335 
CLU_3052 3118602190397 2069 
CLU_3052 3118602190176 1469 
CLU_3052 3118602191059 2768 
CLU_3052 3118602191040 4158 
CLU_3052 3118602190451 4555 
CLU_3052 3118602190206 4658 
CLU_3052 3118602190524 5250 
CLU_3052 3118602190400 3796 
CLU_3052 3118602190966 4534 
CLU_3052 3118602190877 4658 
CLU_3052 3118602190826 7310 
CLU_3052 3118602190729 10223 
CLU_3052 3118602190656 10223 
CLU_3052 3118602190834 9926 
CLU_3052 3118602190710 10186 
CLU_3052 3118602190796 10327 
CLU_3052 3118602190648 10585 
CLU_3052 3118602190818 6850 
CLU_3052 3118602190885 2797 
CLU_3052 3118607053355 4534 
CLU_3052 3118602190192 10477 
CLU_3052 3118602190214 9668 
CLU_3052 3118602190680 9108 
CLU_3052 3118602190753 5794 
CLU_3052 3118602190141 8757 
CLU_3052 3118602220245 6914 
CLU_3052 3118602190788 5450 
CLU_3052 CLU_2943 6154 
CLU_3052 CLU_2961 5843 
CLU_3052 CLU_2970 6507 
CLU_3052 CLU_2971 7001 
CLU_3052 CLU_3051 2637 
CLU_3052 CLU_3055 456 
CLU_3052 CLU_3060 429 
CLU_3052 CLU_3084 4270 
CLU_3052 CLU_3086 8812 
CLU_3052 CLU_3087 9494 
CLU_3052 CLU_3098 9269 
CLU_3052 CLU_3108 6933 
CLU_3052 CLU_3114 6037 
CLU_3052 CLU_3121 8320 
CLU_3052 CLU_3128 10711 
CLU_3052 CLU_3141 10016 
CLU_3052 CLU_3143 8966 
CLU_3052 CLU_3160 8828 
CLU_3052 CLU_3166 6855 
CLU_3052 CLU_3176 7670 
CLU_3052 CLU_3200 6892 
CLU_3052 CLU_3214 7224 
CLU_3052 CLU_7923 4428 
CLU_3053 3118602190990 5584 
CLU_3053 3118602191229 6092 
CLU_3053 3118602190591 6110 
CLU_3053 3118602190567 6959 
CLU_3053 3118602190532 7444 
CLU_3053 3118602190494 8476 
CLU_3053 3118602190869 5892 
CLU_3053 3118602190605 5266 
CLU_3053 3118602190109 4395 
CLU_3053 3118607116306 8851 
CLU_3053 3118602190931 8565 
CLU_3053 3118602190923 8284 
CLU_3053 3118602190893 9709 
CLU_3053 3118602190486 7379 
CLU_3053 3118602190915 9624 
CLU_3053 3118602190222 9290 
CLU_3053 3118604696077 1373 
CLU_3053 3118602191024 1732 
CLU_3053 3118602190478 1941 
CLU_3053 3118602190389 1847 
CLU_3053 3118607110316 1372 
CLU_3053 3118602220261 1853 
CLU_3053 3118602190397 956 
CLU_3053 3118602190176 1983 
CLU_3053 3118602191059 2411 
CLU_3053 3118602191040 3406 
CLU_3053 3118602190451 3458 
CLU_3053 3118602190206 3593 
CLU_3053 3118602190524 4273 
CLU_3053 3118602190400 2712 
CLU_3053 3118602190966 3693 
CLU_3053 3118602190877 3593 
CLU_3053 3118602190826 7552 
CLU_3053 3118602190729 10662 
CLU_3053 3118602190656 10662 
CLU_3053 3118602190834 10325 
CLU_3053 3118602190710 10769 
CLU_3053 3118602190796 10849 
CLU_3053 3118602190648 11066 
CLU_3053 3118602190818 7170 
CLU_3053 3118602190885 3853 
CLU_3053 3118607053355 3693 
CLU_3053 3118602190192 10032 
CLU_3053 3118602190214 9195 
CLU_3053 3118602190680 8476 
CLU_3053 3118602190753 5071 
CLU_3053 3118602190141 7988 
CLU_3053 3118602220245 6549 
CLU_3053 3118602190788 5584 
CLU_3053 CLU_2943 6567 
CLU_3053 CLU_2961 6586 
CLU_3053 CLU_2970 7355 
CLU_3053 CLU_2971 7832 
CLU_3053 CLU_3051 1732 
CLU_3053 CLU_3055 1117 
CLU_3053 CLU_3060 1536 
CLU_3053 CLU_3084 3292 
CLU_3053 CLU_3086 9138 
CLU_3053 CLU_3087 9861 
CLU_3053 CLU_3098 9768 
CLU_3053 CLU_3108 7915 
CLU_3053 CLU_3114 5981 
CLU_3053 CLU_3121 8129 
CLU_3053 CLU_3128 10380 
CLU_3053 CLU_3141 9433 
CLU_3053 CLU_3143 8439 
CLU_3053 CLU_3160 8239 
CLU_3053 CLU_3166 6213 
CLU_3053 CLU_3176 7094 
CLU_3053 CLU_3200 6665 
CLU_3053 CLU_3214 7306 
CLU_3053 CLU_7923 5454 
CLU_3054 3118602190990 3663 
CLU_3054 3118602191229 4124 
CLU_3054 3118602190591 3958 
CLU_3054 3118602190567 4641 
CLU_3054 3118602190532 5145 
CLU_3054 3118602190494 6180 
CLU_3054 3118602190869 3625 
CLU_3054 3118602190605 3160 
CLU_3054 3118602190109 2190 
CLU_3054 3118607116306 6747 
CLU_3054 3118602190931 6441 
CLU_3054 3118602190923 6456 
CLU_3054 3118602190893 7876 
CLU_3054 3118602190486 5495 
CLU_3054 3118602190915 7905 
CLU_3054 3118602190222 7351 
CLU_3054 3118604696077 1358 
CLU_3054 3118602191024 2741 
CLU_3054 3118602190478 3259 
CLU_3054 3118602190389 3568 
CLU_3054 3118607110316 3645 
CLU_3054 3118602220261 1814 
CLU_3054 3118602190397 2960 
CLU_3054 3118602190176 362 
CLU_3054 3118602191059 1838 
CLU_3054 3118602191040 3592 
CLU_3054 3118602190451 5460 
CLU_3054 3118602190206 5707 
CLU_3054 3118602190524 6513 
CLU_3054 3118602190400 4804 
CLU_3054 3118602190966 6007 
CLU_3054 3118602190877 5707 
CLU_3054 3118602190826 9055 
CLU_3054 3118602190729 11821 
CLU_3054 3118602190656 11821 
CLU_3054 3118602190834 11557 
CLU_3054 3118602190710 11645 
CLU_3054 3118602190796 11849 
CLU_3054 3118602190648 12144 
CLU_3054 3118602190818 8559 
CLU_3054 3118602190885 3622 
CLU_3054 3118607053355 6007 
CLU_3054 3118602190192 9094 
CLU_3054 3118602190214 8332 
CLU_3054 3118602190680 8017 
CLU_3054 3118602190753 5003 
CLU_3054 3118602190141 7924 
CLU_3054 3118602220245 5509 
CLU_3054 3118602190788 3663 
CLU_3054 CLU_2943 4339 
CLU_3054 CLU_2961 4289 
CLU_3054 CLU_2970 5126 
CLU_3054 CLU_2971 5581 
CLU_3054 CLU_3051 2741 
CLU_3054 CLU_3055 1418 
CLU_3054 CLU_3060 1697 
CLU_3054 CLU_3084 5546 
CLU_3054 CLU_3086 10501 
CLU_3054 CLU_3087 11151 
CLU_3054 CLU_3098 10824 
CLU_3054 CLU_3108 7729 
CLU_3054 CLU_3114 7864 
CLU_3054 CLU_3121 6703 
CLU_3054 CLU_3128 9198 
CLU_3054 CLU_3141 8828 
CLU_3054 CLU_3143 7719 
CLU_3054 CLU_3160 7675 
CLU_3054 CLU_3166 5855 
CLU_3054 CLU_3176 6528 
CLU_3054 CLU_3200 5337 
CLU_3054 CLU_3214 5442 
CLU_3054 CLU_7923 5203 
CLU_3055 3118602190990 5006 
CLU_3055 3118602191229 5487 
CLU_3055 3118602190591 5369 
CLU_3055 3118602190567 5990 
CLU_3055 3118602190532 6413 
CLU_3055 3118602190494 7439 
CLU_3055 3118602190869 4840 
CLU_3055 3118602190605 4163 
CLU_3055 3118602190109 3326 
CLU_3055 3118607116306 7740 
CLU_3055 3118602190931 7457 
CLU_3055 3118602190923 7172 
CLU_3055 3118602190893 8599 
CLU_3055 3118602190486 6263 
CLU_3055 3118602190915 8527 
CLU_3055 3118602190222 8173 
CLU_3055 3118604696077 1244 
CLU_3055 3118602191024 2374 
CLU_3055 3118602190478 2757 
CLU_3055 3118602190389 2833 
CLU_3055 3118607110316 2296 
CLU_3055 3118602220261 1940 
CLU_3055 3118602190397 2008 
CLU_3055 3118602190176 1055 
CLU_3055 3118602191059 2339 
CLU_3055 3118602191040 3802 
CLU_3055 3118602190451 4558 
CLU_3055 3118602190206 4709 
CLU_3055 3118602190524 5381 
CLU_3055 3118602190400 3823 
CLU_3055 3118602190966 4742 
CLU_3055 3118602190877 4709 
CLU_3055 3118602190826 7766 
CLU_3055 3118602190729 10674 
CLU_3055 3118602190656 10674 
CLU_3055 3118602190834 10379 
CLU_3055 3118602190710 10622 
CLU_3055 3118602190796 10771 
CLU_3055 3118602190648 11033 
CLU_3055 3118602190818 7306 
CLU_3055 3118602190885 3074 
CLU_3055 3118607053355 4742 
CLU_3055 3118602190192 10037 
CLU_3055 3118602190214 9231 
CLU_3055 3118602190680 8700 
CLU_3055 3118602190753 5418 
CLU_3055 3118602190141 8386 
CLU_3055 3118602220245 6469 
CLU_3055 3118602190788 5006 
CLU_3055 CLU_2943 5757 
CLU_3055 CLU_2961 5556 
CLU_3055 CLU_2970 6277 
CLU_3055 CLU_2971 6761 
CLU_3055 CLU_3051 2374 
CLU_3055 CLU_3055 0 
CLU_3055 CLU_3060 617 
CLU_3055 CLU_3084 4398 
CLU_3055 CLU_3086 9268 
CLU_3055 CLU_3087 9949 
CLU_3055 CLU_3098 9716 
CLU_3055 CLU_3108 7245 
CLU_3055 CLU_3114 6468 
CLU_3055 CLU_3121 7864 
CLU_3055 CLU_3128 10260 
CLU_3055 CLU_3141 9597 
CLU_3055 CLU_3143 8539 
CLU_3055 CLU_3160 8412 
CLU_3055 CLU_3166 6454 
CLU_3055 CLU_3176 7252 
CLU_3055 CLU_3200 6438 
CLU_3055 CLU_3214 6777 
CLU_3055 CLU_7923 4719 
CLU_3056 3118602190990 4910 
CLU_3056 3118602191229 5375 
CLU_3056 3118602190591 5197 
CLU_3056 3118602190567 5699 
CLU_3056 3118602190532 6084 
CLU_3056 3118602190494 7106 
CLU_3056 3118602190869 4502 
CLU_3056 3118602190605 3788 
CLU_3056 3118602190109 2981 
CLU_3056 3118607116306 7354 
CLU_3056 3118602190931 7074 
CLU_3056 3118602190923 6770 
CLU_3056 3118602190893 8196 
CLU_3056 3118602190486 5862 
CLU_3056 3118602190915 8123 
CLU_3056 3118602190222 7773 
CLU_3056 3118604696077 1482 
CLU_3056 3118602191024 2720 
CLU_3056 3118602190478 3129 
CLU_3056 3118602190389 3228 
CLU_3056 3118607110316 2636 
CLU_3056 3118602220261 2177 
CLU_3056 3118602190397 2411 
CLU_3056 3118602190176 909 
CLU_3056 3118602191059 2505 
CLU_3056 3118602191040 4067 
CLU_3056 3118602190451 4961 
CLU_3056 3118602190206 5109 
CLU_3056 3118602190524 5768 
CLU_3056 3118602190400 4225 
CLU_3056 3118602190966 5104 
CLU_3056 3118602190877 5109 
CLU_3056 3118602190826 7813 
CLU_3056 3118602190729 10638 
CLU_3056 3118602190656 10638 
CLU_3056 3118602190834 10359 
CLU_3056 3118602190710 10529 
CLU_3056 3118602190796 10702 
CLU_3056 3118602190648 10979 
CLU_3056 3118602190818 7328 
CLU_3056 3118602190885 2792 
CLU_3056 3118607053355 5104 
CLU_3056 3118602190192 10137 
CLU_3056 3118602190214 9345 
CLU_3056 3118602190680 8879 
CLU_3056 3118602190753 5652 
CLU_3056 3118602190141 8620 
CLU_3056 3118602220245 6555 
CLU_3056 3118602190788 4910 
CLU_3056 CLU_2943 5549 
CLU_3056 CLU_2961 5230 
CLU_3056 CLU_2970 5918 
CLU_3056 CLU_2971 6407 
CLU_3056 CLU_3051 2720 
CLU_3056 CLU_3055 403 
CLU_3056 CLU_3060 460 
CLU_3056 CLU_3084 4785 
CLU_3056 CLU_3086 9279 
CLU_3056 CLU_3087 9942 
CLU_3056 CLU_3098 9660 
CLU_3056 CLU_3108 6974 
CLU_3056 CLU_3114 6621 
CLU_3056 CLU_3121 7875 
CLU_3056 CLU_3128 10316 
CLU_3056 CLU_3141 9752 
CLU_3056 CLU_3143 8677 
CLU_3056 CLU_3160 8574 
CLU_3056 CLU_3166 6648 
CLU_3056 CLU_3176 7416 
CLU_3056 CLU_3200 6471 
CLU_3056 CLU_3214 6689 
CLU_3056 CLU_7923 4438 
CLU_3057 3118602190990 4001 
CLU_3057 3118602191229 4469 
CLU_3057 3118602190591 4318 
CLU_3057 3118602190567 4983 
CLU_3057 3118602190532 5463 
CLU_3057 3118602190494 6497 
CLU_3057 3118602190869 3924 
CLU_3057 3118602190605 3390 
CLU_3057 3118602190109 2454 
CLU_3057 3118607116306 6988 
CLU_3057 3118602190931 6688 
CLU_3057 3118602190923 6619 
CLU_3057 3118602190893 8045 
CLU_3057 3118602190486 5669 
CLU_3057 3118602190915 8046 
CLU_3057 3118602190222 7546 
CLU_3057 3118604696077 1175 
CLU_3057 3118602191024 2577 
CLU_3057 3118602190478 3075 
CLU_3057 3118602190389 3337 
CLU_3057 3118607110316 3294 
CLU_3057 3118602220261 1739 
CLU_3057 3118602190397 2676 
CLU_3057 3118602190176 0 
CLU_3057 3118602191059 1878 
CLU_3057 3118602191040 3592 
CLU_3057 3118602190451 5207 
CLU_3057 3118602190206 5432 
CLU_3057 3118602190524 6211 
CLU_3057 3118602190400 4530 
CLU_3057 3118602190966 5676 
CLU_3057 3118602190877 5432 
CLU_3057 3118602190826 8722 
CLU_3057 3118602190729 11523 
CLU_3057 3118602190656 11523 
CLU_3057 3118602190834 11252 
CLU_3057 3118602190710 11377 
CLU_3057 3118602190796 11568 
CLU_3057 3118602190648 11855 
CLU_3057 3118602190818 8234 
CLU_3057 3118602190885 3437 
CLU_3057 3118607053355 5676 
CLU_3057 3118602190192 9322 
CLU_3057 3118602190214 8547 
CLU_3057 3118602190680 8172 
CLU_3057 3118602190753 5073 
CLU_3057 3118602190141 8019 
CLU_3057 3118602220245 5735 
CLU_3057 3118602190788 4001 
CLU_3057 CLU_2943 4702 
CLU_3057 CLU_2961 4605 
CLU_3057 CLU_2970 5409 
CLU_3057 CLU_2971 5874 
CLU_3057 CLU_3051 2577 
CLU_3057 CLU_3055 1055 
CLU_3057 CLU_3060 1364 
CLU_3057 CLU_3084 5239 
CLU_3057 CLU_3086 10182 
CLU_3057 CLU_3087 10840 
CLU_3057 CLU_3098 10535 
CLU_3057 CLU_3108 7584 
CLU_3057 CLU_3114 7506 
CLU_3057 CLU_3121 6990 
CLU_3057 CLU_3128 9460 
CLU_3057 CLU_3141 9008 
CLU_3057 CLU_3143 7911 
CLU_3057 CLU_3160 7844 
CLU_3057 CLU_3166 5981 
CLU_3057 CLU_3176 6691 
CLU_3057 CLU_3200 5604 
CLU_3057 CLU_3214 5779 
CLU_3057 CLU_7923 5047 
CLU_3058 3118602190990 3396 
CLU_3058 3118602191229 3917 
CLU_3058 3118602190591 4150 
CLU_3058 3118602190567 5534 
CLU_3058 3118602190532 6250 
CLU_3058 3118602190494 7260 
CLU_3058 3118602190869 4925 
CLU_3058 3118602190605 4753 
CLU_3058 3118602190109 3736 
CLU_3058 3118607116306 8221 
CLU_3058 3118602190931 7897 
CLU_3058 3118602190923 8149 
CLU_3058 3118602190893 9548 
CLU_3058 3118602190486 7174 
CLU_3058 3118602190915 9631 
CLU_3058 3118602190222 8965 
CLU_3058 3118604696077 1128 
CLU_3058 3118602191024 1499 
CLU_3058 3118602190478 2013 
CLU_3058 3118602190389 2538 
CLU_3058 3118607110316 3688 
CLU_3058 3118602220261 580 
CLU_3058 3118602190397 2406 
CLU_3058 3118602190176 1878 
CLU_3058 3118602191059 0 
CLU_3058 3118602191040 1760 
CLU_3058 3118602190451 4400 
CLU_3058 3118602190206 4767 
CLU_3058 3118602190524 5750 
CLU_3058 3118602190400 3922 
CLU_3058 3118602190966 5559 
CLU_3058 3118602190877 4767 
CLU_3058 3118602190826 9935 
CLU_3058 3118602190729 12960 
CLU_3058 3118602190656 12960 
CLU_3058 3118602190834 12647 
CLU_3058 3118602190710 12953 
CLU_3058 3118602190796 13087 
CLU_3058 3118602190648 13336 
CLU_3058 3118602190818 9524 
CLU_3058 3118602190885 5264 
CLU_3058 3118607053355 5559 
CLU_3058 3118602190192 7717 
CLU_3058 3118602190214 6902 
CLU_3058 3118602190680 6374 
CLU_3058 3118602190753 3196 
CLU_3058 3118602190141 6149 
CLU_3058 3118602220245 4175 
CLU_3058 3118602190788 3396 
CLU_3058 CLU_2943 4721 
CLU_3058 CLU_2961 5440 
CLU_3058 CLU_2970 6447 
CLU_3058 CLU_2971 6840 
CLU_3058 CLU_3051 1499 
CLU_3058 CLU_3055 2339 
CLU_3058 CLU_3060 2921 
CLU_3058 CLU_3084 4876 
CLU_3058 CLU_3086 11494 
CLU_3058 CLU_3087 12199 
CLU_3058 CLU_3098 12024 
CLU_3058 CLU_3108 9437 
CLU_3058 CLU_3114 8389 
CLU_3058 CLU_3121 5717 
CLU_3058 CLU_3128 7998 
CLU_3058 CLU_3141 7258 
CLU_3058 CLU_3143 6200 
CLU_3058 CLU_3160 6075 
CLU_3058 CLU_3166 4145 
CLU_3058 CLU_3176 4916 
CLU_3058 CLU_3200 4253 
CLU_3058 CLU_3214 5016 
CLU_3058 CLU_7923 6897 
CLU_3059 3118602190990 5345 
CLU_3059 3118602191229 5842 
CLU_3059 3118602190591 5795 
CLU_3059 3118602190567 6530 
CLU_3059 3118602190532 6981 
CLU_3059 3118602190494 8011 
CLU_3059 3118602190869 5417 
CLU_3059 3118602190605 4758 
CLU_3059 3118602190109 3909 
CLU_3059 3118607116306 8336 
CLU_3059 3118602190931 8053 
CLU_3059 3118602190923 7756 
CLU_3059 3118602190893 9181 
CLU_3059 3118602190486 6852 
CLU_3059 3118602190915 9097 
CLU_3059 3118602190222 8764 
CLU_3059 3118604696077 1252 
CLU_3059 3118602191024 2033 
CLU_3059 3118602190478 2336 
CLU_3059 3118602190389 2324 
CLU_3059 3118607110316 1744 
CLU_3059 3118602220261 1874 
CLU_3059 3118602190397 1459 
CLU_3059 3118602190176 1550 
CLU_3059 3118602191059 2374 
CLU_3059 3118602191040 3613 
CLU_3059 3118602190451 3985 
CLU_3059 3118602190206 4120 
CLU_3059 3118602190524 4784 
CLU_3059 3118602190400 3240 
CLU_3059 3118602190966 4160 
CLU_3059 3118602190877 4120 
CLU_3059 3118602190826 7571 
CLU_3059 3118602190729 10590 
CLU_3059 3118602190656 10590 
CLU_3059 3118602190834 10273 
CLU_3059 3118602190710 10623 
CLU_3059 3118602190796 10735 
CLU_3059 3118602190648 10973 
CLU_3059 3118602190818 7150 
CLU_3059 3118602190885 3420 
CLU_3059 3118607053355 4160 
CLU_3059 3118602190192 10082 
CLU_3059 3118602190214 9258 
CLU_3059 3118602190680 8626 
CLU_3059 3118602190753 5267 
CLU_3059 3118602190141 8217 
CLU_3059 3118602220245 6550 
CLU_3059 3118602190788 5345 
CLU_3059 CLU_2943 6218 
CLU_3059 CLU_2961 6123 
CLU_3059 CLU_2970 6865 
CLU_3059 CLU_2971 7346 
CLU_3059 CLU_3051 2033 
CLU_3059 CLU_3055 596 
CLU_3059 CLU_3060 1029 
CLU_3059 CLU_3084 3802 
CLU_3059 CLU_3086 9120 
CLU_3059 CLU_3087 9824 
CLU_3059 CLU_3098 9665 
CLU_3059 CLU_3108 7538 
CLU_3059 CLU_3114 6133 
CLU_3059 CLU_3121 8048 
CLU_3059 CLU_3128 10372 
CLU_3059 CLU_3141 9556 
CLU_3059 CLU_3143 8530 
CLU_3059 CLU_3160 8364 
CLU_3059 CLU_3166 6364 
CLU_3059 CLU_3176 7210 
CLU_3059 CLU_3200 6597 
CLU_3059 CLU_3214 7096 
CLU_3059 CLU_7923 5045 
CLU_3060 3118602190990 5361 
CLU_3060 3118602191229 5821 
CLU_3060 3118602190591 5619 
CLU_3060 3118602190567 6028 
CLU_3060 3118602190532 6362 
CLU_3060 3118602190494 7374 
CLU_3060 3118602190869 4771 
CLU_3060 3118602190605 3981 
CLU_3060 3118602190109 3250 
CLU_3060 3118607116306 7495 
CLU_3060 3118602190931 7227 
CLU_3060 3118602190923 6806 
CLU_3060 3118602190893 8225 
CLU_3060 3118602190486 5927 
CLU_3060 3118602190915 8115 
CLU_3060 3118602190222 7843 
CLU_3060 3118604696077 1852 
CLU_3060 3118602191024 2974 
CLU_3060 3118602190478 3333 
CLU_3060 3118602190389 3353 
CLU_3060 3118607110316 2445 
CLU_3060 3118602220261 2550 
CLU_3060 3118602190397 2485 
CLU_3060 3118602190176 1364 
CLU_3060 3118602191059 2921 
CLU_3060 3118602191040 4419 
CLU_3060 3118602190451 4984 
CLU_3060 3118602190206 5087 
CLU_3060 3118602190524 5670 
CLU_3060 3118602190400 4225 
CLU_3060 3118602190966 4932 
CLU_3060 3118602190877 5087 
CLU_3060 3118602190826 7358 
CLU_3060 3118602190729 10178 
CLU_3060 3118602190656 10178 
CLU_3060 3118602190834 9899 
CLU_3060 3118602190710 10077 
CLU_3060 3118602190796 10245 
CLU_3060 3118602190648 10521 
CLU_3060 3118602190818 6869 
CLU_3060 3118602190885 2459 
CLU_3060 3118607053355 4932 
CLU_3060 3118602190192 10583 
CLU_3060 3118602190214 9788 
CLU_3060 3118602190680 9294 
CLU_3060 3118602190753 6030 
CLU_3060 3118602190141 8999 
CLU_3060 3118602220245 7005 
CLU_3060 3118602190788 5361 
CLU_3060 CLU_2943 5950 
CLU_3060 CLU_2961 5516 
CLU_3060 CLU_2970 6141 
CLU_3060 CLU_2971 6639 
CLU_3060 CLU_3051 2974 
CLU_3060 CLU_3055 617 
CLU_3060 CLU_3060 0 
CLU_3060 CLU_3084 4692 
CLU_3060 CLU_3086 8819 
CLU_3060 CLU_3087 9481 
CLU_3060 CLU_3098 9202 
CLU_3060 CLU_3108 6627 
CLU_3060 CLU_3114 6206 
CLU_3060 CLU_3121 8335 
CLU_3060 CLU_3128 10773 
CLU_3060 CLU_3141 10179 
CLU_3060 CLU_3143 9110 
CLU_3060 CLU_3160 8997 
CLU_3060 CLU_3166 7054 
CLU_3060 CLU_3176 7838 
CLU_3060 CLU_3200 6930 
CLU_3060 CLU_3214 7140 
CLU_3060 CLU_7923 4103 
CLU_3061 3118602190990 4186 
CLU_3061 3118602191229 4665 
CLU_3061 3118602190591 5169 
CLU_3061 3118602190567 6890 
CLU_3061 3118602190532 7700 
CLU_3061 3118602190494 8670 
CLU_3061 3118602190869 6513 
CLU_3061 3118602190605 6459 
CLU_3061 3118602190109 5444 
CLU_3061 3118607116306 9838 
CLU_3061 3118602190931 9508 
CLU_3061 3118602190923 9871 
CLU_3061 3118602190893 11257 
CLU_3061 3118602190486 8894 
CLU_3061 3118602190915 11363 
CLU_3061 3118602190222 10648 
CLU_3061 3118604696077 2584 
CLU_3061 3118602191024 1715 
CLU_3061 3118602190478 1824 
CLU_3061 3118602190389 2393 
CLU_3061 3118607110316 4320 
CLU_3061 3118602220261 1895 
CLU_3061 3118602190397 2869 
CLU_3061 3118602190176 3592 
CLU_3061 3118602191059 1760 
CLU_3061 3118602191040 0 
CLU_3061 3118602190451 3743 
CLU_3061 3118602190206 4214 
CLU_3061 3118602190524 5298 
CLU_3061 3118602190400 3571 
CLU_3061 3118602190966 5468 
CLU_3061 3118602190877 4214 
CLU_3061 3118602190826 10829 
CLU_3061 3118602190729 14031 
CLU_3061 3118602190656 14031 
CLU_3061 3118602190834 13677 
CLU_3061 3118602190710 14175 
CLU_3061 3118602190796 14245 
CLU_3061 3118602190648 14450 
CLU_3061 3118602190818 10501 
CLU_3061 3118602190885 6859 
CLU_3061 3118607053355 5468 
CLU_3061 3118602190192 6803 
CLU_3061 3118602190214 5942 
CLU_3061 3118602190680 5085 
CLU_3061 3118602190753 1665 
CLU_3061 3118602190141 4604 
CLU_3061 3118602220245 3591 
CLU_3061 3118602190788 4186 
CLU_3061 CLU_2943 5811 
CLU_3061 CLU_2961 6941 
CLU_3061 CLU_2970 8009 
CLU_3061 CLU_2971 8360 
CLU_3061 CLU_3051 1715 
CLU_3061 CLU_3055 3802 
CLU_3061 CLU_3060 4419 
CLU_3061 CLU_3084 4624 
CLU_3061 CLU_3086 12455 
CLU_3061 CLU_3087 13198 
CLU_3061 CLU_3098 13159 
CLU_3061 CLU_3108 11040 
CLU_3061 CLU_3114 9025 
CLU_3061 CLU_3121 5442 
CLU_3061 CLU_3128 7314 
CLU_3061 CLU_3141 6068 
CLU_3061 CLU_3143 5132 
CLU_3061 CLU_3160 4876 
CLU_3061 CLU_3166 2832 
CLU_3061 CLU_3176 3759 
CLU_3061 CLU_3200 4023 
CLU_3061 CLU_3214 5422 
CLU_3061 CLU_7923 8505 
CLU_3062 3118602190990 4807 
CLU_3062 3118602191229 5306 
CLU_3062 3118602190591 5729 
CLU_3062 3118602190567 7314 
CLU_3062 3118602190532 8070 
CLU_3062 3118602190494 9068 
CLU_3062 3118602190869 6778 
CLU_3062 3118602190605 6590 
CLU_3062 3118602190109 5575 
CLU_3062 3118607116306 10076 
CLU_3062 3118602190931 9752 
CLU_3062 3118602190923 9965 
CLU_3062 3118602190893 11373 
CLU_3062 3118602190486 8994 
CLU_3062 3118602190915 11432 
CLU_3062 3118602190222 10806 
CLU_3062 3118604696077 2321 
CLU_3062 3118602191024 1108 
CLU_3062 3118602190478 1049 
CLU_3062 3118602190389 1586 
CLU_3062 3118607110316 3595 
CLU_3062 3118602220261 1725 
CLU_3062 3118602190397 2162 
CLU_3062 3118602190176 3455 
CLU_3062 3118602191059 1855 
CLU_3062 3118602191040 825 
CLU_3062 3118602190451 2961 
CLU_3062 3118602190206 3418 
CLU_3062 3118602190524 4496 
CLU_3062 3118602190400 2749 
CLU_3062 3118602190966 4642 
CLU_3062 3118602190877 3418 
CLU_3062 3118602190826 10108 
CLU_3062 3118602190729 13352 
CLU_3062 3118602190656 13352 
CLU_3062 3118602190834 12986 
CLU_3062 3118602190710 13551 
CLU_3062 3118602190796 13596 
CLU_3062 3118602190648 13785 
CLU_3062 3118602190818 9803 
CLU_3062 3118602190885 6505 
CLU_3062 3118607053355 4642 
CLU_3062 3118602190192 7590 
CLU_3062 3118602190214 6726 
CLU_3062 3118602190680 5788 
CLU_3062 3118602190753 2350 
CLU_3062 3118602190141 5175 
CLU_3062 3118602220245 4416 
CLU_3062 3118602190788 4807 
CLU_3062 CLU_2943 6351 
CLU_3062 CLU_2961 7275 
CLU_3062 CLU_2970 8298 
CLU_3062 CLU_2971 8682 
CLU_3062 CLU_3051 1108 
CLU_3062 CLU_3055 3434 
CLU_3062 CLU_3060 4046 
CLU_3062 CLU_3084 3801 
CLU_3062 CLU_3086 11747 
CLU_3062 CLU_3087 12499 
CLU_3062 CLU_3098 12505 
CLU_3062 CLU_3108 10661 
CLU_3062 CLU_3114 8253 
CLU_3062 CLU_3121 6262 
CLU_3062 CLU_3128 8128 
CLU_3062 CLU_3141 6795 
CLU_3062 CLU_3143 5900 
CLU_3062 CLU_3160 5612 
CLU_3062 CLU_3166 3566 
CLU_3062 CLU_3176 4521 
CLU_3062 CLU_3200 4834 
CLU_3062 CLU_3214 6155 
CLU_3062 CLU_7923 8148 
CLU_3063 3118602190990 5326 
CLU_3063 3118602191229 5831 
CLU_3063 3118602190591 6221 
CLU_3063 3118602190567 7735 
CLU_3063 3118602190532 8461 
CLU_3063 3118602190494 9470 
CLU_3063 3118602190869 7117 
CLU_3063 3118602190605 6853 
CLU_3063 3118602190109 5847 
CLU_3063 3118607116306 10386 
CLU_3063 3118602190931 10067 
CLU_3063 3118602190923 10188 
CLU_3063 3118602190893 11607 
CLU_3063 3118602190486 9225 
CLU_3063 3118602190915 11635 
CLU_3063 3118602190222 11067 
CLU_3063 3118604696077 2424 
CLU_3063 3118602191024 1042 
CLU_3063 3118602190478 711 
CLU_3063 3118602190389 1114 
CLU_3063 3118607110316 3213 
CLU_3063 3118602220261 1943 
CLU_3063 3118602190397 1842 
CLU_3063 3118602190176 3597 
CLU_3063 3118602191059 2210 
CLU_3063 3118602191040 1384 
CLU_3063 3118602190451 2401 
CLU_3063 3118602190206 2853 
CLU_3063 3118602190524 3929 
CLU_3063 3118602190400 2187 
CLU_3063 3118602190966 4090 
CLU_3063 3118602190877 2853 
CLU_3063 3118602190826 9700 
CLU_3063 3118602190729 12983 
CLU_3063 3118602190656 12983 
CLU_3063 3118602190834 12605 
CLU_3063 3118602190710 13233 
CLU_3063 3118602190796 13254 
CLU_3063 3118602190648 13428 
CLU_3063 3118602190818 9421 
CLU_3063 3118602190885 6438 
CLU_3063 3118607053355 4090 
CLU_3063 3118602190192 8090 
CLU_3063 3118602190214 7223 
CLU_3063 3118602190680 6220 
CLU_3063 3118602190753 2805 
CLU_3063 3118602190141 5515 
CLU_3063 3118602220245 4971 
CLU_3063 3118602190788 5326 
CLU_3063 CLU_2943 6831 
CLU_3063 CLU_2961 7650 
CLU_3063 CLU_2970 8643 
CLU_3063 CLU_2971 9044 
CLU_3063 CLU_3051 1042 
CLU_3063 CLU_3055 3405 
CLU_3063 CLU_3060 3997 
CLU_3063 CLU_3084 3240 
CLU_3063 CLU_3086 11351 
CLU_3063 CLU_3087 12111 
CLU_3063 CLU_3098 12160 
CLU_3063 CLU_3108 10553 
CLU_3063 CLU_3114 7792 
CLU_3063 CLU_3121 6826 
CLU_3063 CLU_3128 8657 
CLU_3063 CLU_3141 7243 
CLU_3063 CLU_3143 6384 
CLU_3063 CLU_3160 6071 
CLU_3063 CLU_3166 4035 
CLU_3063 CLU_3176 5004 
CLU_3063 CLU_3200 5401 
CLU_3063 CLU_3214 6709 
CLU_3063 CLU_7923 8066 
CLU_3064 3118602190990 5121 
CLU_3064 3118602191229 5614 
CLU_3064 3118602190591 6063 
CLU_3064 3118602190567 7676 
CLU_3064 3118602190532 8439 
CLU_3064 3118602190494 9434 
CLU_3064 3118602190869 7153 
CLU_3064 3118602190605 6965 
CLU_3064 3118602190109 5950 
CLU_3064 3118607116306 10452 
CLU_3064 3118602190931 10128 
CLU_3064 3118602190923 10337 
CLU_3064 3118602190893 11747 
CLU_3064 3118602190486 9367 
CLU_3064 3118602190915 11802 
CLU_3064 3118602190222 11181 
CLU_3064 3118604696077 2663 
CLU_3064 3118602191024 1372 
CLU_3064 3118602190478 1170 
CLU_3064 3118602190389 1612 
CLU_3064 3118607110316 3704 
CLU_3064 3118602220261 2089 
CLU_3064 3118602190397 2312 
CLU_3064 3118602190176 3811 
CLU_3064 3118602191059 2231 
CLU_3064 3118602191040 1004 
CLU_3064 3118602190451 2742 
CLU_3064 3118602190206 3219 
CLU_3064 3118602190524 4307 
CLU_3064 3118602190400 2622 
CLU_3064 3118602190966 4540 
CLU_3064 3118602190877 3219 
CLU_3064 3118602190826 10197 
CLU_3064 3118602190729 13474 
CLU_3064 3118602190656 13474 
CLU_3064 3118602190834 13098 
CLU_3064 3118602190710 13712 
CLU_3064 3118602190796 13739 
CLU_3064 3118602190648 13917 
CLU_3064 3118602190818 9914 
CLU_3064 3118602190885 6800 
CLU_3064 3118607053355 4540 
CLU_3064 3118602190192 7607 
CLU_3064 3118602190214 6739 
CLU_3064 3118602190680 5723 
CLU_3064 3118602190753 2313 
CLU_3064 3118602190141 5025 
CLU_3064 3118602220245 4544 
CLU_3064 3118602190788 5121 
CLU_3064 CLU_2943 6691 
CLU_3064 CLU_2961 7646 
CLU_3064 CLU_2970 8672 
CLU_3064 CLU_2971 9055 
CLU_3064 CLU_3051 1372 
CLU_3064 CLU_3055 3738 
CLU_3064 CLU_3060 4344 
CLU_3064 CLU_3084 3673 
CLU_3064 CLU_3086 11846 
CLU_3064 CLU_3087 12605 
CLU_3064 CLU_3098 12646 
CLU_3064 CLU_3108 10940 
CLU_3064 CLU_3114 8289 
CLU_3064 CLU_3121 6421 
CLU_3064 CLU_3128 8192 
CLU_3064 CLU_3141 6746 
CLU_3064 CLU_3143 5896 
CLU_3064 CLU_3160 5576 
CLU_3064 CLU_3166 3544 
CLU_3064 CLU_3176 4516 
CLU_3064 CLU_3200 5017 
CLU_3064 CLU_3214 6418 
CLU_3064 CLU_7923 8437 
CLU_3065 3118602190990 3573 
CLU_3065 3118602191229 4054 
CLU_3065 3118602190591 4558 
CLU_3065 3118602190567 6304 
CLU_3065 3118602190532 7128 
CLU_3065 3118602190494 8087 
CLU_3065 3118602190869 5983 
CLU_3065 3118602190605 5991 
CLU_3065 3118602190109 4984 
CLU_3065 3118607116306 9310 
CLU_3065 3118602190931 8977 
CLU_3065 3118602190923 9409 
CLU_3065 3118602190893 10780 
CLU_3065 3118602190486 8431 
CLU_3065 3118602190915 10911 
CLU_3065 3118602190222 10153 
CLU_3065 3118604696077 2460 
CLU_3065 3118602191024 1935 
CLU_3065 3118602190478 2188 
CLU_3065 3118602190389 2784 
CLU_3065 3118607110316 4549 
CLU_3065 3118602220261 1765 
CLU_3065 3118602190397 3108 
CLU_3065 3118602190176 3330 
CLU_3065 3118602191059 1452 
CLU_3065 3118602191040 612 
CLU_3065 3118602190451 4287 
CLU_3065 3118602190206 4744 
CLU_3065 3118602190524 5819 
CLU_3065 3118602190400 4051 
CLU_3065 3118602190966 5913 
CLU_3065 3118602190877 4744 
CLU_3065 3118602190826 11015 
CLU_3065 3118602190729 14154 
CLU_3065 3118602190656 14154 
CLU_3065 3118602190834 13816 
CLU_3065 3118602190710 14232 
CLU_3065 3118602190796 14331 
CLU_3065 3118602190648 14555 
CLU_3065 3118602190818 10654 
CLU_3065 3118602190885 6700 
CLU_3065 3118607053355 5913 
CLU_3065 3118602190192 6562 
CLU_3065 3118602190214 5715 
CLU_3065 3118602190680 5015 
CLU_3065 3118602190753 1744 
CLU_3065 3118602190141 4706 
CLU_3065 3118602220245 3195 
CLU_3065 3118602190788 3573 
CLU_3065 CLU_2943 5203 
CLU_3065 CLU_2961 6382 
CLU_3065 CLU_2970 7464 
CLU_3065 CLU_2971 7803 
CLU_3065 CLU_3051 1935 
CLU_3065 CLU_3055 3704 
CLU_3065 CLU_3060 4310 
CLU_3065 CLU_3084 5097 
CLU_3065 CLU_3086 12619 
CLU_3065 CLU_3087 13348 
CLU_3065 CLU_3098 13254 
CLU_3065 CLU_3108 10879 
CLU_3065 CLU_3114 9293 
CLU_3065 CLU_3121 4982 
CLU_3065 CLU_3128 6989 
CLU_3065 CLU_3141 5949 
CLU_3065 CLU_3143 4947 
CLU_3065 CLU_3160 4755 
CLU_3065 CLU_3166 2756 
CLU_3065 CLU_3176 3605 
CLU_3065 CLU_3200 3535 
CLU_3065 CLU_3214 4839 
CLU_3065 CLU_7923 8338 
CLU_3066 3118602190990 7690 
CLU_3066 3118602191229 8202 
CLU_3066 3118602190591 8533 
CLU_3066 3118602190567 9882 
CLU_3066 3118602190532 10522 
CLU_3066 3118602190494 11552 
CLU_3066 3118602190869 9064 
CLU_3066 3118602190605 8596 
CLU_3066 3118602190109 7650 
CLU_3066 3118607116306 12195 
CLU_3066 3118602190931 11895 
CLU_3066 3118602190923 11728 
CLU_3066 3118602190893 13156 
CLU_3066 3118602190486 10809 
CLU_3066 3118602190915 13082 
CLU_3066 3118602190222 12712 
CLU_3066 3118604696077 4123 
CLU_3066 3118602191024 2913 
CLU_3066 3118602190478 2387 
CLU_3066 3118602190389 1915 
CLU_3066 3118607110316 2957 
CLU_3066 3118602220261 3954 
CLU_3066 3118602190397 2560 
CLU_3066 3118602190176 5207 
CLU_3066 3118602191059 4400 
CLU_3066 3118602191040 3743 
CLU_3066 3118602190451 0 
CLU_3066 3118602190206 503 
CLU_3066 3118602190524 1586 
CLU_3066 3118602190400 781 
CLU_3066 3118602190966 2137 
CLU_3066 3118602190877 503 
CLU_3066 3118602190826 8569 
CLU_3066 3118602190729 11985 
CLU_3066 3118602190656 11985 
CLU_3066 3118602190834 11553 
CLU_3066 3118602190710 12496 
CLU_3066 3118602190796 12398 
CLU_3066 3118602190648 12488 
CLU_3066 3118602190818 8443 
CLU_3066 3118602190885 7100 
CLU_3066 3118607053355 2137 
CLU_3066 3118602190192 10102 
CLU_3066 3118602190214 9237 
CLU_3066 3118602190680 8007 
CLU_3066 3118602190753 4843 
CLU_3066 3118602190141 7002 
CLU_3066 3118602220245 7260 
CLU_3066 3118602190788 7690 
CLU_3066 CLU_2943 9118 
CLU_3066 CLU_2961 9680 
CLU_3066 CLU_2970 10579 
CLU_3066 CLU_2971 11022 
CLU_3066 CLU_3051 2913 
CLU_3066 CLU_3055 4558 
CLU_3066 CLU_3060 4984 
CLU_3066 CLU_3084 1252 
CLU_3066 CLU_3086 10239 
CLU_3066 CLU_3087 11027 
CLU_3066 CLU_3098 11308 
CLU_3066 CLU_3108 10850 
CLU_3066 CLU_3114 6403 
CLU_3066 CLU_3121 9154 
CLU_3066 CLU_3128 10794 
CLU_3066 CLU_3141 9061 
CLU_3066 CLU_3143 8363 
CLU_3066 CLU_3160 7960 
CLU_3066 CLU_3166 6035 
CLU_3066 CLU_3176 7017 
CLU_3066 CLU_3200 7759 
CLU_3066 CLU_3214 9111 
CLU_3066 CLU_7923 8573 
CLU_3067 3118602190990 8240 
CLU_3067 3118602191229 8749 
CLU_3067 3118602190591 9097 
CLU_3067 3118602190567 10465 
CLU_3067 3118602190532 11107 
CLU_3067 3118602190494 12137 
CLU_3067 3118602190869 9650 
CLU_3067 3118602190605 9176 
CLU_3067 3118602190109 8233 
CLU_3067 3118607116306 12776 
CLU_3067 3118602190931 12477 
CLU_3067 3118602190923 12292 
CLU_3067 3118602190893 13720 
CLU_3067 3118602190486 11378 
CLU_3067 3118602190915 13637 
CLU_3067 3118602190222 13283 
CLU_3067 3118604696077 4708 
CLU_3067 3118602191024 3491 
CLU_3067 3118602190478 2961 
CLU_3067 3118602190389 2501 
CLU_3067 3118607110316 3407 
CLU_3067 3118602220261 4536 
CLU_3067 3118602190397 3132 
CLU_3067 3118602190176 5788 
CLU_3067 3118602191059 4972 
CLU_3067 3118602191040 4231 
CLU_3067 3118602190451 585 
CLU_3067 3118602190206 534 
CLU_3067 3118602190524 1285 
CLU_3067 3118602190400 1303 
CLU_3067 3118602190966 2126 
CLU_3067 3118602190877 534 
CLU_3067 3118602190826 8673 
CLU_3067 3118602190729 12102 
CLU_3067 3118602190656 12102 
CLU_3067 3118602190834 11657 
CLU_3067 3118602190710 12678 
CLU_3067 3118602190796 12549 
CLU_3067 3118602190648 12618 
CLU_3067 3118602190818 8591 
CLU_3067 3118602190885 7587 
CLU_3067 3118607053355 2126 
CLU_3067 3118602190192 10418 
CLU_3067 3118602190214 9559 
CLU_3067 3118602190680 8268 
CLU_3067 3118602190753 5218 
CLU_3067 3118602190141 7195 
CLU_3067 3118602220245 7692 
CLU_3067 3118602190788 8240 
CLU_3067 CLU_2943 9687 
CLU_3067 CLU_2961 10265 
CLU_3067 CLU_2970 11164 
CLU_3067 CLU_2971 11608 
CLU_3067 CLU_3051 3491 
CLU_3067 CLU_3055 5120 
CLU_3067 CLU_3060 5528 
CLU_3067 CLU_3084 1362 
CLU_3067 CLU_3086 10334 
CLU_3067 CLU_3087 11125 
CLU_3067 CLU_3098 11466 
CLU_3067 CLU_3108 11257 
CLU_3067 CLU_3114 6455 
CLU_3067 CLU_3121 9598 
CLU_3067 CLU_3128 11152 
CLU_3067 CLU_3141 9323 
CLU_3067 CLU_3143 8678 
CLU_3067 CLU_3160 8251 
CLU_3067 CLU_3166 6380 
CLU_3067 CLU_3176 7354 
CLU_3067 CLU_3200 8225 
CLU_3067 CLU_3214 9630 
CLU_3067 CLU_7923 9027 
CLU_3068 3118602190990 7771 
CLU_3068 3118602191229 8275 
CLU_3068 3118602190591 8656 
CLU_3068 3118602190567 10090 
CLU_3068 3118602190532 10763 
CLU_3068 3118602190494 11787 
CLU_3068 3118602190869 9337 
CLU_3068 3118602190605 8919 
CLU_3068 3118602190109 7954 
CLU_3068 3118607116306 12512 
CLU_3068 3118602190931 12207 
CLU_3068 3118602190923 12102 
CLU_3068 3118602190893 13531 
CLU_3068 3118602190486 11173 
CLU_3068 3118602190915 13475 
CLU_3068 3118602190222 13067 
CLU_3068 3118604696077 4411 
CLU_3068 3118602191024 3119 
CLU_3068 3118602190478 2579 
CLU_3068 3118602190389 2196 
CLU_3068 3118607110316 3465 
CLU_3068 3118602220261 4168 
CLU_3068 3118602190397 2941 
CLU_3068 3118602190176 5532 
CLU_3068 3118602191059 4567 
CLU_3068 3118602191040 3705 
CLU_3068 3118602190451 531 
CLU_3068 3118602190206 897 
CLU_3068 3118602190524 1849 
CLU_3068 3118602190400 1278 
CLU_3068 3118602190966 2582 
CLU_3068 3118602190877 897 
CLU_3068 3118602190826 9071 
CLU_3068 3118602190729 12492 
CLU_3068 3118602190656 12492 
CLU_3068 3118602190834 12057 
CLU_3068 3118602190710 13018 
CLU_3068 3118602190796 12913 
CLU_3068 3118602190648 12999 
CLU_3068 3118602190818 8957 
CLU_3068 3118602190885 7576 
CLU_3068 3118607053355 2582 
CLU_3068 3118602190192 9840 
CLU_3068 3118602190214 8980 
CLU_3068 3118602190680 7695 
CLU_3068 3118602190753 4644 
CLU_3068 3118602190141 6636 
CLU_3068 3118602220245 7130 
CLU_3068 3118602190788 7771 
CLU_3068 CLU_2943 9258 
CLU_3068 CLU_2961 9929 
CLU_3068 CLU_2970 10859 
CLU_3068 CLU_2971 11291 
CLU_3068 CLU_3051 3119 
CLU_3068 CLU_3055 4950 
CLU_3068 CLU_3060 5405 
CLU_3068 CLU_3084 1733 
CLU_3068 CLU_3086 10739 
CLU_3068 CLU_3087 11529 
CLU_3068 CLU_3098 11825 
CLU_3068 CLU_3108 11364 
CLU_3068 CLU_3114 6887 
CLU_3068 CLU_3121 9041 
CLU_3068 CLU_3128 10575 
CLU_3068 CLU_3141 8750 
CLU_3068 CLU_3143 8100 
CLU_3068 CLU_3160 7675 
CLU_3068 CLU_3166 5802 
CLU_3068 CLU_3176 6776 
CLU_3068 CLU_3200 7678 
CLU_3068 CLU_3214 9121 
CLU_3068 CLU_7923 9068 
CLU_3069 3118602190990 8732 
CLU_3069 3118602191229 9242 
CLU_3069 3118602190591 9581 
CLU_3069 3118602190567 10921 
CLU_3069 3118602190532 11549 
CLU_3069 3118602190494 12581 
CLU_3069 3118602190869 10077 
CLU_3069 3118602190605 9574 
CLU_3069 3118602190109 8644 
CLU_3069 3118607116306 13174 
CLU_3069 3118602190931 12878 
CLU_3069 3118602190923 12646 
CLU_3069 3118602190893 14071 
CLU_3069 3118602190486 11742 
CLU_3069 3118602190915 13971 
CLU_3069 3118602190222 13652 
CLU_3069 3118604696077 5138 
CLU_3069 3118602191024 3958 
CLU_3069 3118602190478 3434 
CLU_3069 3118602190389 2949 
CLU_3069 3118607110316 3630 
CLU_3069 3118602220261 4997 
CLU_3069 3118602190397 3520 
CLU_3069 3118602190176 6192 
CLU_3069 3118602191059 5447 
CLU_3069 3118602191040 4732 
CLU_3069 3118602190451 1048 
CLU_3069 3118602190206 770 
CLU_3069 3118602190524 950 
CLU_3069 3118602190400 1664 
CLU_3069 3118602190966 1976 
CLU_3069 3118602190877 770 
CLU_3069 3118602190826 8526 
CLU_3069 3118602190729 11957 
CLU_3069 3118602190656 11957 
CLU_3069 3118602190834 11503 
CLU_3069 3118602190710 12588 
CLU_3069 3118602190796 12434 
CLU_3069 3118602190648 12483 
CLU_3069 3118602190818 8482 
CLU_3069 3118602190885 7827 
CLU_3069 3118607053355 1976 
CLU_3069 3118602190192 10874 
CLU_3069 3118602190214 10017 
CLU_3069 3118602190680 8702 
CLU_3069 3118602190753 5699 
CLU_3069 3118602190141 7597 
CLU_3069 3118602220245 8186 
CLU_3069 3118602190788 8732 
CLU_3069 CLU_2943 10167 
CLU_3069 CLU_2961 10704 
CLU_3069 CLU_2970 11586 
CLU_3069 CLU_2971 12035 
CLU_3069 CLU_3051 3958 
CLU_3069 CLU_3055 5479 
CLU_3069 CLU_3060 5855 
CLU_3069 CLU_3084 1389 
CLU_3069 CLU_3086 10175 
CLU_3069 CLU_3087 10967 
CLU_3069 CLU_3098 11359 
CLU_3069 CLU_3108 11392 
CLU_3069 CLU_3114 6277 
CLU_3069 CLU_3121 10094 
CLU_3069 CLU_3128 11623 
CLU_3069 CLU_3141 9756 
CLU_3069 CLU_3143 9135 
CLU_3069 CLU_3160 8699 
CLU_3069 CLU_3166 6850 
CLU_3069 CLU_3176 7820 
CLU_3069 CLU_3200 8724 
CLU_3069 CLU_3214 10130 
CLU_3069 CLU_7923 9221 
CLU_3070 3118602190990 9116 
CLU_3070 3118602191229 9634 
CLU_3070 3118602190591 9897 
CLU_3070 3118602190567 11089 
CLU_3070 3118602190532 11655 
CLU_3070 3118602190494 12690 
CLU_3070 3118602190869 10135 
CLU_3070 3118602190605 9539 
CLU_3070 3118602190109 8657 
CLU_3070 3118607116306 13121 
CLU_3070 3118602190931 12838 
CLU_3070 3118602190923 12470 
CLU_3070 3118602190893 13884 
CLU_3070 3118602190486 11598 
CLU_3070 3118602190915 13740 
CLU_3070 3118602190222 13513 
CLU_3070 3118604696077 5259 
CLU_3070 3118602191024 4254 
CLU_3070 3118602190478 3775 
CLU_3070 3118602190389 3213 
CLU_3070 3118607110316 3285 
CLU_3070 3118602220261 5244 
CLU_3070 3118602190397 3563 
CLU_3070 3118602190176 6211 
CLU_3070 3118602191059 5750 
CLU_3070 3118602191040 5298 
CLU_3070 3118602190451 1586 
CLU_3070 3118602190206 1091 
CLU_3070 3118602190524 0 
CLU_3070 3118602190400 1829 
CLU_3070 3118602190966 1140 
CLU_3070 3118602190877 1091 
CLU_3070 3118602190826 7617 
CLU_3070 3118602190729 11045 
CLU_3070 3118602190656 11045 
CLU_3070 3118602190834 10586 
CLU_3070 3118602190710 11715 
CLU_3070 3118602190796 11541 
CLU_3070 3118602190648 11577 
CLU_3070 3118602190818 7600 
CLU_3070 3118602190885 7423 
CLU_3070 3118607053355 1140 
CLU_3070 3118602190192 11670 
CLU_3070 3118602190214 10808 
CLU_3070 3118602190680 9543 
CLU_3070 3118602190753 6428 
CLU_3070 3118602190141 8481 
CLU_3070 3118602220245 8840 
CLU_3070 3118602190788 9116 
CLU_3070 CLU_2943 10453 
CLU_3070 CLU_2961 10800 
CLU_3070 CLU_2970 11617 
CLU_3070 CLU_2971 12086 
CLU_3070 CLU_3051 4254 
CLU_3070 CLU_3055 5381 
CLU_3070 CLU_3060 5670 
CLU_3070 CLU_3084 982 
CLU_3070 CLU_3086 9258 
CLU_3070 CLU_3087 10049 
CLU_3070 CLU_3098 10473 
CLU_3070 CLU_3108 10784 
CLU_3070 CLU_3114 5353 
CLU_3070 CLU_3121 10728 
CLU_3070 CLU_3128 12377 
CLU_3070 CLU_3141 10598 
CLU_3070 CLU_3143 9931 
CLU_3070 CLU_3160 9515 
CLU_3070 CLU_3166 7613 
CLU_3070 CLU_3176 8593 
CLU_3070 CLU_3200 9321 
CLU_3070 CLU_3214 10606 
CLU_3070 CLU_7923 8722 
CLU_3071 3118602190990 9781 
CLU_3071 3118602191229 10299 
CLU_3071 3118602190591 10563 
CLU_3071 3118602190567 11744 
CLU_3071 3118602190532 12300 
CLU_3071 3118602190494 13335 
CLU_3071 3118602190869 10773 
CLU_3071 3118602190605 10157 
CLU_3071 3118602190109 9287 
CLU_3071 3118607116306 13729 
CLU_3071 3118602190931 13450 
CLU_3071 3118602190923 13041 
CLU_3071 3118602190893 14448 
CLU_3071 3118602190486 12180 
CLU_3071 3118602190915 14287 
CLU_3071 3118602190222 14095 
CLU_3071 3118604696077 5914 
CLU_3071 3118602191024 4920 
CLU_3071 3118602190478 4439 
CLU_3071 3118602190389 3879 
CLU_3071 3118607110316 3837 
CLU_3071 3118602220261 5908 
CLU_3071 3118602190397 4215 
CLU_3071 3118602190176 6848 
CLU_3071 3118602191059 6415 
CLU_3071 3118602191040 5937 
CLU_3071 3118602190451 2200 
CLU_3071 3118602190206 1723 
CLU_3071 3118602190524 665 
CLU_3071 3118602190400 2494 
CLU_3071 3118602190966 1461 
CLU_3071 3118602190877 1723 
CLU_3071 3118602190826 7584 
CLU_3071 3118602190729 10994 
CLU_3071 3118602190656 10994 
CLU_3071 3118602190834 10523 
CLU_3071 3118602190710 11742 
CLU_3071 3118602190796 11532 
CLU_3071 3118602190648 11539 
CLU_3071 3118602190818 7626 
CLU_3071 3118602190885 7906 
CLU_3071 3118607053355 1461 
CLU_3071 3118602190192 12223 
CLU_3071 3118602190214 11364 
CLU_3071 3118602190680 10061 
CLU_3071 3118602190753 7015 
CLU_3071 3118602190141 8955 
CLU_3071 3118602220245 9459 
CLU_3071 3118602190788 9781 
CLU_3071 CLU_2943 11118 
CLU_3071 CLU_2961 11445 
CLU_3071 CLU_2970 12249 
CLU_3071 CLU_2971 12720 
CLU_3071 CLU_3051 4920 
CLU_3071 CLU_3055 5994 
CLU_3071 CLU_3060 6256 
CLU_3071 CLU_3084 1610 
CLU_3071 CLU_3086 9194 
CLU_3071 CLU_3087 9982 
CLU_3071 CLU_3098 10480 
CLU_3071 CLU_3108 11120 
CLU_3071 CLU_3114 5297 
CLU_3071 CLU_3121 11354 
CLU_3071 CLU_3128 12956 
CLU_3071 CLU_3141 11115 
CLU_3071 CLU_3143 10483 
CLU_3071 CLU_3160 10053 
CLU_3071 CLU_3166 8184 
CLU_3071 CLU_3176 9159 
CLU_3071 CLU_3200 9957 
CLU_3071 CLU_3214 11264 
CLU_3071 CLU_7923 9143 
CLU_3072 3118602190990 8435 
CLU_3072 3118602191229 8956 
CLU_3072 3118602190591 9158 
CLU_3072 3118602190567 10249 
CLU_3072 3118602190532 10780 
CLU_3072 3118602190494 11815 
CLU_3072 3118602190869 9242 
CLU_3072 3118602190605 8610 
CLU_3072 3118602190109 7749 
CLU_3072 3118607116306 12180 
CLU_3072 3118602190931 11901 
CLU_3072 3118602190923 11500 
CLU_3072 3118602190893 12911 
CLU_3072 3118602190486 10635 
CLU_3072 3118602190915 12762 
CLU_3072 3118602190222 12550 
CLU_3072 3118604696077 4432 
CLU_3072 3118602191024 3579 
CLU_3072 3118602190478 3160 
CLU_3072 3118602190389 2563 
CLU_3072 3118607110316 2305 
CLU_3072 3118602220261 4502 
CLU_3072 3118602190397 2730 
CLU_3072 3118602190176 5319 
CLU_3072 3118602191059 5040 
CLU_3072 3118602191040 4850 
CLU_3072 3118602190451 1513 
CLU_3072 3118602190206 1095 
CLU_3072 3118602190524 982 
CLU_3072 3118602190400 1286 
CLU_3072 3118602190966 646 
CLU_3072 3118602190877 1095 
CLU_3072 3118602190826 7095 
CLU_3072 3118602190729 10521 
CLU_3072 3118602190656 10521 
CLU_3072 3118602190834 10081 
CLU_3072 3118602190710 11090 
CLU_3072 3118602190796 10962 
CLU_3072 3118602190648 11034 
CLU_3072 3118602190818 7004 
CLU_3072 3118602190885 6445 
CLU_3072 3118607053355 646 
CLU_3072 3118602190192 11463 
CLU_3072 3118602190214 10595 
CLU_3072 3118602190680 9435 
CLU_3072 3118602190753 6162 
CLU_3072 3118602190141 8482 
CLU_3072 3118602220245 8440 
CLU_3072 3118602190788 8435 
CLU_3072 CLU_2943 9689 
CLU_3072 CLU_2961 9923 
CLU_3072 CLU_2970 10709 
CLU_3072 CLU_2971 11185 
CLU_3072 CLU_3051 3579 
CLU_3072 CLU_3055 4446 
CLU_3072 CLU_3060 4708 
CLU_3072 CLU_3084 262 
CLU_3072 CLU_3086 8760 
CLU_3072 CLU_3087 9551 
CLU_3072 CLU_3098 9879 
CLU_3072 CLU_3108 9871 
CLU_3072 CLU_3114 4901 
CLU_3072 CLU_3121 10286 
CLU_3072 CLU_3128 12094 
CLU_3072 CLU_3141 10485 
CLU_3072 CLU_3143 9732 
CLU_3072 CLU_3160 9358 
CLU_3072 CLU_3166 7382 
CLU_3072 CLU_3176 8366 
CLU_3072 CLU_3200 8847 
CLU_3072 CLU_3214 9996 
CLU_3072 CLU_7923 7763 
CLU_3073 3118602190990 8887 
CLU_3073 3118602191229 9405 
CLU_3073 3118602190591 9664 
CLU_3073 3118602190567 10853 
CLU_3073 3118602190532 11419 
CLU_3073 3118602190494 12454 
CLU_3073 3118602190869 9900 
CLU_3073 3118602190605 9308 
CLU_3073 3118602190109 8423 
CLU_3073 3118607116306 12891 
CLU_3073 3118602190931 12607 
CLU_3073 3118602190923 12250 
CLU_3073 3118602190893 13665 
CLU_3073 3118602190486 11374 
CLU_3073 3118602190915 13525 
CLU_3073 3118602190222 13289 
CLU_3073 3118604696077 5022 
CLU_3073 3118602191024 4023 
CLU_3073 3118602190478 3548 
CLU_3073 3118602190389 2982 
CLU_3073 3118607110316 3074 
CLU_3073 3118602220261 5009 
CLU_3073 3118602190397 3327 
CLU_3073 3118602190176 5977 
CLU_3073 3118602191059 5517 
CLU_3073 3118602191040 5091 
CLU_3073 3118602190451 1407 
CLU_3073 3118602190206 904 
CLU_3073 3118602190524 236 
CLU_3073 3118602190400 1599 
CLU_3073 3118602190966 1058 
CLU_3073 3118602190877 904 
CLU_3073 3118602190826 7597 
CLU_3073 3118602190729 11028 
CLU_3073 3118602190656 11028 
CLU_3073 3118602190834 10574 
CLU_3073 3118602190710 11669 
CLU_3073 3118602190796 11509 
CLU_3073 3118602190648 11555 
CLU_3073 3118602190818 7559 
CLU_3073 3118602190885 7229 
CLU_3073 3118607053355 1058 
CLU_3073 3118602190192 11507 
CLU_3073 3118602190214 10643 
CLU_3073 3118602190680 9396 
CLU_3073 3118602190753 6249 
CLU_3073 3118602190141 8355 
CLU_3073 3118602220245 8644 
CLU_3073 3118602190788 8887 
CLU_3073 CLU_2943 10218 
CLU_3073 CLU_2961 10564 
CLU_3073 CLU_2970 11383 
CLU_3073 CLU_2971 11851 
CLU_3073 CLU_3051 4023 
CLU_3073 CLU_3055 5151 
CLU_3073 CLU_3060 5447 
CLU_3073 CLU_3084 755 
CLU_3073 CLU_3086 9246 
CLU_3073 CLU_3087 10038 
CLU_3073 CLU_3098 10435 
CLU_3073 CLU_3108 10635 
CLU_3073 CLU_3114 5348 
CLU_3073 CLU_3121 10526 
CLU_3073 CLU_3128 12201 
CLU_3073 CLU_3141 10451 
CLU_3073 CLU_3143 9768 
CLU_3073 CLU_3160 9359 
CLU_3073 CLU_3166 7442 
CLU_3073 CLU_3176 8424 
CLU_3073 CLU_3200 9115 
CLU_3073 CLU_3214 10384 
CLU_3073 CLU_7923 8546 
CLU_3074 3118602190990 8536 
CLU_3074 3118602191229 9053 
CLU_3074 3118602190591 9318 
CLU_3074 3118602190567 10524 
CLU_3074 3118602190532 11101 
CLU_3074 3118602190494 12135 
CLU_3074 3118602190869 9589 
CLU_3074 3118602190605 9016 
CLU_3074 3118602190109 8120 
CLU_3074 3118607116306 12605 
CLU_3074 3118602190931 12318 
CLU_3074 3118602190923 11994 
CLU_3074 3118602190893 13413 
CLU_3074 3118602190486 11110 
CLU_3074 3118602190915 13285 
CLU_3074 3118602190222 13024 
CLU_3074 3118604696077 4695 
CLU_3074 3118602191024 3673 
CLU_3074 3118602190478 3195 
CLU_3074 3118602190389 2632 
CLU_3074 3118607110316 2860 
CLU_3074 3118602220261 4666 
CLU_3074 3118602190397 3007 
CLU_3074 3118602190176 5669 
CLU_3074 3118602191059 5169 
CLU_3074 3118602191040 4740 
CLU_3074 3118602190451 1085 
CLU_3074 3118602190206 584 
CLU_3074 3118602190524 581 
CLU_3074 3118602190400 1248 
CLU_3074 3118602190966 1160 
CLU_3074 3118602190877 584 
CLU_3074 3118602190826 7715 
CLU_3074 3118602190729 11145 
CLU_3074 3118602190656 11145 
CLU_3074 3118602190834 10698 
CLU_3074 3118602190710 11744 
CLU_3074 3118602190796 11604 
CLU_3074 3118602190648 11664 
CLU_3074 3118602190818 7647 
CLU_3074 3118602190885 7043 
CLU_3074 3118607053355 1160 
CLU_3074 3118602190192 11185 
CLU_3074 3118602190214 10320 
CLU_3074 3118602190680 9091 
CLU_3074 3118602190753 5917 
CLU_3074 3118602190141 8072 
CLU_3074 3118602220245 8297 
CLU_3074 3118602190788 8536 
CLU_3074 CLU_2943 9875 
CLU_3074 CLU_2961 10247 
CLU_3074 CLU_2970 11078 
CLU_3074 CLU_2971 11543 
CLU_3074 CLU_3051 3673 
CLU_3074 CLU_3055 4868 
CLU_3074 CLU_3060 5188 
CLU_3074 CLU_3084 538 
CLU_3074 CLU_3086 9374 
CLU_3074 CLU_3087 10165 
CLU_3074 CLU_3098 10524 
CLU_3074 CLU_3108 10538 
CLU_3074 CLU_3114 5490 
CLU_3074 CLU_3121 10177 
CLU_3074 CLU_3128 11868 
CLU_3074 CLU_3141 10146 
CLU_3074 CLU_3143 9447 
CLU_3074 CLU_3160 9046 
CLU_3074 CLU_3166 7116 
CLU_3074 CLU_3176 8098 
CLU_3074 CLU_3200 8763 
CLU_3074 CLU_3214 10029 
CLU_3074 CLU_7923 8400 
CLU_3075 3118602190990 7647 
CLU_3075 3118602191229 8167 
CLU_3075 3118602190591 8389 
CLU_3075 3118602190567 9538 
CLU_3075 3118602190532 10100 
CLU_3075 3118602190494 11135 
CLU_3075 3118602190869 8583 
CLU_3075 3118602190605 8005 
CLU_3075 3118602190109 7110 
CLU_3075 3118607116306 11595 
CLU_3075 3118602190931 11307 
CLU_3075 3118602190923 10999 
CLU_3075 3118602190893 12420 
CLU_3075 3118602190486 10109 
CLU_3075 3118602190915 12304 
CLU_3075 3118602190222 12023 
CLU_3075 3118604696077 3708 
CLU_3075 3118602191024 2783 
CLU_3075 3118602190478 2356 
CLU_3075 3118602190389 1761 
CLU_3075 3118607110316 1949 
CLU_3075 3118602220261 3729 
CLU_3075 3118602190397 2009 
CLU_3075 3118602190176 4661 
CLU_3075 3118602191059 4257 
CLU_3075 3118602191040 4057 
CLU_3075 3118602190451 1103 
CLU_3075 3118602190206 950 
CLU_3075 3118602190524 1554 
CLU_3075 3118602190400 543 
CLU_3075 3118602190966 1411 
CLU_3075 3118602190877 950 
CLU_3075 3118602190826 7535 
CLU_3075 3118602190729 10936 
CLU_3075 3118602190656 10936 
CLU_3075 3118602190834 10513 
CLU_3075 3118602190710 11413 
CLU_3075 3118602190796 11328 
CLU_3075 3118602190648 11431 
CLU_3075 3118602190818 7380 
CLU_3075 3118602190885 6143 
CLU_3075 3118607053355 1411 
CLU_3075 3118602190192 10716 
CLU_3075 3118602190214 9848 
CLU_3075 3118602190680 8728 
CLU_3075 3118602190753 5410 
CLU_3075 3118602190141 7829 
CLU_3075 3118602220245 7648 
CLU_3075 3118602190788 7647 
CLU_3075 CLU_2943 8931 
CLU_3075 CLU_2961 9246 
CLU_3075 CLU_2970 10069 
CLU_3075 CLU_2971 10535 
CLU_3075 CLU_3051 2783 
CLU_3075 CLU_3055 3860 
CLU_3075 CLU_3060 4195 
CLU_3075 CLU_3084 619 
CLU_3075 CLU_3086 9207 
CLU_3075 CLU_3087 9992 
CLU_3075 CLU_3098 10236 
CLU_3075 CLU_3108 9791 
CLU_3075 CLU_3114 5422 
CLU_3075 CLU_3121 9488 
CLU_3075 CLU_3128 11324 
CLU_3075 CLU_3141 9774 
CLU_3075 CLU_3143 8991 
CLU_3075 CLU_3160 8633 
CLU_3075 CLU_3166 6637 
CLU_3075 CLU_3176 7619 
CLU_3075 CLU_3200 8046 
CLU_3075 CLU_3214 9196 
CLU_3075 CLU_7923 7563 
CLU_3076 3118602190990 7288 
CLU_3076 3118602191229 7806 
CLU_3076 3118602190591 8071 
CLU_3076 3118602190567 9312 
CLU_3076 3118602190532 9914 
CLU_3076 3118602190494 10947 
CLU_3076 3118602190869 8426 
CLU_3076 3118602190605 7910 
CLU_3076 3118602190109 6983 
CLU_3076 3118607116306 11509 
CLU_3076 3118602190931 11214 
CLU_3076 3118602190923 10995 
CLU_3076 3118602190893 12421 
CLU_3076 3118602190486 10085 
CLU_3076 3118602190915 12334 
CLU_3076 3118602190222 11992 
CLU_3076 3118604696077 3497 
CLU_3076 3118602191024 2425 
CLU_3076 3118602190478 1950 
CLU_3076 3118602190389 1384 
CLU_3076 3118607110316 2187 
CLU_3076 3118602220261 3425 
CLU_3076 3118602190397 1855 
CLU_3076 3118602190176 4530 
CLU_3076 3118602191059 3922 
CLU_3076 3118602191040 3571 
CLU_3076 3118602190451 781 
CLU_3076 3118602190206 902 
CLU_3076 3118602190524 1829 
CLU_3076 3118602190400 0 
CLU_3076 3118602190966 1922 
CLU_3076 3118602190877 902 
CLU_3076 3118602190826 8049 
CLU_3076 3118602190729 11442 
CLU_3076 3118602190656 11442 
CLU_3076 3118602190834 11024 
CLU_3076 3118602190710 11889 
CLU_3076 3118602190796 11818 
CLU_3076 3118602190648 11930 
CLU_3076 3118602190818 7879 
CLU_3076 3118602190885 6319 
CLU_3076 3118607053355 1922 
CLU_3076 3118602190192 10187 
CLU_3076 3118602190214 9319 
CLU_3076 3118602190680 8188 
CLU_3076 3118602190753 4882 
CLU_3076 3118602190141 7287 
CLU_3076 3118602220245 7157 
CLU_3076 3118602190788 7288 
CLU_3076 CLU_2943 8632 
CLU_3076 CLU_2961 9065 
CLU_3076 CLU_2970 9930 
CLU_3076 CLU_2971 10384 
CLU_3076 CLU_3051 2425 
CLU_3076 CLU_3055 3823 
CLU_3076 CLU_3060 4225 
CLU_3076 CLU_3084 1053 
CLU_3076 CLU_3086 9722 
CLU_3076 CLU_3087 10505 
CLU_3076 CLU_3098 10724 
CLU_3076 CLU_3108 10086 
CLU_3076 CLU_3114 5955 
CLU_3076 CLU_3121 9012 
CLU_3076 CLU_3128 10808 
CLU_3076 CLU_3141 9234 
CLU_3076 CLU_3143 8459 
CLU_3076 CLU_3160 8096 
CLU_3076 CLU_3166 6106 
CLU_3076 CLU_3176 7089 
CLU_3076 CLU_3200 7581 
CLU_3076 CLU_3214 8794 
CLU_3076 CLU_7923 7795 
CLU_3077 3118602190990 8908 
CLU_3077 3118602191229 9428 
CLU_3077 3118602190591 9631 
CLU_3077 3118602190567 10711 
CLU_3077 3118602190532 11233 
CLU_3077 3118602190494 12267 
CLU_3077 3118602190869 9689 
CLU_3077 3118602190605 9041 
CLU_3077 3118602190109 8191 
CLU_3077 3118607116306 12600 
CLU_3077 3118602190931 12325 
CLU_3077 3118602190923 11888 
CLU_3077 3118602190893 13293 
CLU_3077 3118602190486 11033 
CLU_3077 3118602190915 13129 
CLU_3077 3118602190222 12947 
CLU_3077 3118604696077 4900 
CLU_3077 3118602191024 4049 
CLU_3077 3118602190478 3623 
CLU_3077 3118602190389 3029 
CLU_3077 3118607110316 2684 
CLU_3077 3118602220261 4975 
CLU_3077 3118602190397 3200 
CLU_3077 3118602190176 5770 
CLU_3077 3118602191059 5513 
CLU_3077 3118602191040 5290 
CLU_3077 3118602190451 1802 
CLU_3077 3118602190206 1322 
CLU_3077 3118602190524 730 
CLU_3077 3118602190400 1718 
CLU_3077 3118602190966 424 
CLU_3077 3118602190877 1322 
CLU_3077 3118602190826 6976 
CLU_3077 3118602190729 10407 
CLU_3077 3118602190656 10407 
CLU_3077 3118602190834 9956 
CLU_3077 3118602190710 11037 
CLU_3077 3118602190796 10881 
CLU_3077 3118602190648 10931 
CLU_3077 3118602190818 6929 
CLU_3077 3118602190885 6755 
CLU_3077 3118607053355 424 
CLU_3077 3118602190192 11854 
CLU_3077 3118602190214 10987 
CLU_3077 3118602190680 9794 
CLU_3077 3118602190753 6562 
CLU_3077 3118602190141 8805 
CLU_3077 3118602220245 8875 
CLU_3077 3118602190788 8908 
CLU_3077 CLU_2943 10161 
CLU_3077 CLU_2961 10376 
CLU_3077 CLU_2970 11150 
CLU_3077 CLU_2971 11628 
CLU_3077 CLU_3051 4049 
CLU_3077 CLU_3055 4878 
CLU_3077 CLU_3060 5114 
CLU_3077 CLU_3084 666 
CLU_3077 CLU_3086 8629 
CLU_3077 CLU_3087 9421 
CLU_3077 CLU_3098 9806 
CLU_3077 CLU_3108 10059 
CLU_3077 CLU_3114 4738 
CLU_3077 CLU_3121 10731 
CLU_3077 CLU_3128 12505 
CLU_3077 CLU_3141 10847 
CLU_3077 CLU_3143 10119 
CLU_3077 CLU_3160 9733 
CLU_3077 CLU_3166 7775 
CLU_3077 CLU_3176 8759 
CLU_3077 CLU_3200 9297 
CLU_3077 CLU_3214 10464 
CLU_3077 CLU_7923 8020 
CLU_3078 3118602190990 9399 
CLU_3078 3118602191229 9919 
CLU_3078 3118602190591 10147 
CLU_3078 3118602190567 11265 
CLU_3078 3118602190532 11799 
CLU_3078 3118602190494 12834 
CLU_3078 3118602190869 10260 
CLU_3078 3118602190605 9620 
CLU_3078 3118602190109 8765 
CLU_3078 3118607116306 13182 
CLU_3078 3118602190931 12906 
CLU_3078 3118602190923 12469 
CLU_3078 3118602190893 13874 
CLU_3078 3118602190486 11615 
CLU_3078 3118602190915 13706 
CLU_3078 3118602190222 13529 
CLU_3078 3118604696077 5444 
CLU_3078 3118602191024 4531 
CLU_3078 3118602190478 4078 
CLU_3078 3118602190389 3496 
CLU_3078 3118607110316 3266 
CLU_3078 3118602220261 5487 
CLU_3078 3118602190397 3741 
CLU_3078 3118602190176 6338 
CLU_3078 3118602191059 6013 
CLU_3078 3118602191040 5674 
CLU_3078 3118602190451 2018 
CLU_3078 3118602190206 1515 
CLU_3078 3118602190524 491 
CLU_3078 3118602190400 2133 
CLU_3078 3118602190966 869 
CLU_3078 3118602190877 1515 
CLU_3078 3118602190826 7175 
CLU_3078 3118602190729 10600 
CLU_3078 3118602190656 10600 
CLU_3078 3118602190834 10136 
CLU_3078 3118602190710 11297 
CLU_3078 3118602190796 11110 
CLU_3078 3118602190648 11136 
CLU_3078 3118602190818 7179 
CLU_3078 3118602190885 7314 
CLU_3078 3118607053355 869 
CLU_3078 3118602190192 12120 
CLU_3078 3118602190214 11256 
CLU_3078 3118602190680 10008 
CLU_3078 3118602190753 6858 
CLU_3078 3118602190141 8960 
CLU_3078 3118602220245 9238 
CLU_3078 3118602190788 9399 
CLU_3078 CLU_2943 10687 
CLU_3078 CLU_2961 10942 
CLU_3078 CLU_2970 11725 
CLU_3078 CLU_2971 12202 
CLU_3078 CLU_3051 4531 
CLU_3078 CLU_3055 5457 
CLU_3078 CLU_3060 5697 
CLU_3078 CLU_3084 1139 
CLU_3078 CLU_3086 8807 
CLU_3078 CLU_3087 9598 
CLU_3078 CLU_3098 10047 
CLU_3078 CLU_3108 10542 
CLU_3078 CLU_3114 4901 
CLU_3078 CLU_3121 11114 
CLU_3078 CLU_3128 12810 
CLU_3078 CLU_3141 11063 
CLU_3078 CLU_3143 10381 
CLU_3078 CLU_3160 9973 
CLU_3078 CLU_3166 8054 
CLU_3078 CLU_3176 9036 
CLU_3078 CLU_3200 9695 
CLU_3078 CLU_3214 10925 
CLU_3078 CLU_7923 8551 
CLU_3079 3118602190990 8764 
CLU_3079 3118602191229 9284 
CLU_3079 3118602190591 9494 
CLU_3079 3118602190567 10591 
CLU_3079 3118602190532 11121 
CLU_3079 3118602190494 12156 
CLU_3079 3118602190869 9582 
CLU_3079 3118602190605 8945 
CLU_3079 3118602190109 8088 
CLU_3079 3118607116306 12511 
CLU_3079 3118602190931 12234 
CLU_3079 3118602190923 11817 
CLU_3079 3118602190893 13226 
CLU_3079 3118602190486 10957 
CLU_3079 3118602190915 13069 
CLU_3079 3118602190222 12871 
CLU_3079 3118604696077 4773 
CLU_3079 3118602191024 3902 
CLU_3079 3118602190478 3470 
CLU_3079 3118602190389 2878 
CLU_3079 3118607110316 2615 
CLU_3079 3118602220261 4836 
CLU_3079 3118602190397 3071 
CLU_3079 3118602190176 5660 
CLU_3079 3118602191059 5370 
CLU_3079 3118602191040 5131 
CLU_3079 3118602190451 1648 
CLU_3079 3118602190206 1175 
CLU_3079 3118602190524 714 
CLU_3079 3118602190400 1559 
CLU_3079 3118602190966 526 
CLU_3079 3118602190877 1175 
CLU_3079 3118602190826 7085 
CLU_3079 3118602190729 10516 
CLU_3079 3118602190656 10516 
CLU_3079 3118602190834 10067 
CLU_3079 3118602190710 11129 
CLU_3079 3118602190796 10981 
CLU_3079 3118602190648 11037 
CLU_3079 3118602190818 7026 
CLU_3079 3118602190885 6720 
CLU_3079 3118607053355 526 
CLU_3079 3118602190192 11693 
CLU_3079 3118602190214 10826 
CLU_3079 3118602190680 9636 
CLU_3079 3118602190753 6401 
CLU_3079 3118602190141 8650 
CLU_3079 3118602220245 8715 
CLU_3079 3118602190788 8764 
CLU_3079 CLU_2943 10027 
CLU_3079 CLU_2961 10264 
CLU_3079 CLU_2970 11048 
CLU_3079 CLU_2971 11524 
CLU_3079 CLU_3051 3902 
CLU_3079 CLU_3055 4781 
CLU_3079 CLU_3060 5033 
CLU_3079 CLU_3084 509 
CLU_3079 CLU_3086 8742 
CLU_3079 CLU_3087 9534 
CLU_3079 CLU_3098 9903 
CLU_3079 CLU_3108 10074 
CLU_3079 CLU_3114 4857 
CLU_3079 CLU_3121 10572 
CLU_3079 CLU_3128 12344 
CLU_3079 CLU_3141 10689 
CLU_3079 CLU_3143 9959 
CLU_3079 CLU_3160 9573 
CLU_3079 CLU_3166 7614 
CLU_3079 CLU_3176 8598 
CLU_3079 CLU_3200 9139 
CLU_3079 CLU_3214 10314 
CLU_3079 CLU_7923 8008 
CLU_3080 3118602190990 7936 
CLU_3080 3118602191229 8453 
CLU_3080 3118602190591 8551 
CLU_3080 3118602190567 9449 
CLU_3080 3118602190532 9910 
CLU_3080 3118602190494 10939 
CLU_3080 3118602190869 8341 
CLU_3080 3118602190605 7632 
CLU_3080 3118602190109 6826 
CLU_3080 3118607116306 11161 
CLU_3080 3118602190931 10894 
CLU_3080 3118602190923 10401 
CLU_3080 3118602190893 11801 
CLU_3080 3118602190486 9558 
CLU_3080 3118602190915 11629 
CLU_3080 3118602190222 11470 
CLU_3080 3118604696077 3758 
CLU_3080 3118602191024 3263 
CLU_3080 3118602190478 2994 
CLU_3080 3118602190389 2423 
CLU_3080 3118607110316 1222 
CLU_3080 3118602220261 3999 
CLU_3080 3118602190397 2170 
CLU_3080 3118602190176 4467 
CLU_3080 3118602191059 4574 
CLU_3080 3118602191040 4814 
CLU_3080 3118602190451 2328 
CLU_3080 3118602190206 2084 
CLU_3080 3118602190524 2170 
CLU_3080 3118602190400 1707 
CLU_3080 3118602190966 1268 
CLU_3080 3118602190877 2084 
CLU_3080 3118602190826 6353 
CLU_3080 3118602190729 9736 
CLU_3080 3118602190656 9736 
CLU_3080 3118602190834 9321 
CLU_3080 3118602190710 10187 
CLU_3080 3118602190796 10111 
CLU_3080 3118602190648 10223 
CLU_3080 3118602190818 6172 
CLU_3080 3118602190885 5256 
CLU_3080 3118607053355 1268 
CLU_3080 3118602190192 11597 
CLU_3080 3118602190214 10732 
CLU_3080 3118602190680 9713 
CLU_3080 3118602190753 6317 
CLU_3080 3118602190141 8901 
CLU_3080 3118602220245 8361 
CLU_3080 3118602190788 7936 
CLU_3080 CLU_2943 9034 
CLU_3080 CLU_2961 9053 
CLU_3080 CLU_2970 9770 
CLU_3080 CLU_2971 10259 
CLU_3080 CLU_3051 3263 
CLU_3080 CLU_3055 3501 
CLU_3080 CLU_3060 3666 
CLU_3080 CLU_3084 1319 
CLU_3080 CLU_3086 8024 
CLU_3080 CLU_3087 8805 
CLU_3080 CLU_3098 9017 
CLU_3080 CLU_3108 8687 
CLU_3080 CLU_3114 4312 
CLU_3080 CLU_3121 10124 
CLU_3080 CLU_3128 12126 
CLU_3080 CLU_3141 10745 
CLU_3080 CLU_3143 9897 
CLU_3080 CLU_3160 9580 
CLU_3080 CLU_3166 7547 
CLU_3080 CLU_3176 8516 
CLU_3080 CLU_3200 8658 
CLU_3080 CLU_3214 9590 
CLU_3080 CLU_7923 6561 
CLU_3081 3118602190990 8955 
CLU_3081 3118602191229 9476 
CLU_3081 3118602190591 9640 
CLU_3081 3118602190567 10644 
CLU_3081 3118602190532 11136 
CLU_3081 3118602190494 12167 
CLU_3081 3118602190869 9577 
CLU_3081 3118602190605 8890 
CLU_3081 3118602190109 8068 
CLU_3081 3118607116306 12427 
CLU_3081 3118602190931 12158 
CLU_3081 3118602190923 11665 
CLU_3081 3118602190893 13062 
CLU_3081 3118602190486 10826 
CLU_3081 3118602190915 12881 
CLU_3081 3118602190222 12737 
CLU_3081 3118604696077 4871 
CLU_3081 3118602191024 4129 
CLU_3081 3118602190478 3741 
CLU_3081 3118602190389 3141 
CLU_3081 3118607110316 2487 
CLU_3081 3118602220261 5006 
CLU_3081 3118602190397 3191 
CLU_3081 3118602190176 5676 
CLU_3081 3118602191059 5559 
CLU_3081 3118602191040 5468 
CLU_3081 3118602190451 2137 
CLU_3081 3118602190206 1684 
CLU_3081 3118602190524 1140 
CLU_3081 3118602190400 1922 
CLU_3081 3118602190966 0 
CLU_3081 3118602190877 1684 
CLU_3081 3118602190826 6559 
CLU_3081 3118602190729 9990 
CLU_3081 3118602190656 9990 
CLU_3081 3118602190834 9541 
CLU_3081 3118602190710 10613 
CLU_3081 3118602190796 10459 
CLU_3081 3118602190648 10512 
CLU_3081 3118602190818 6506 
CLU_3081 3118602190885 6459 
CLU_3081 3118607053355 0 
CLU_3081 3118602190192 12106 
CLU_3081 3118602190214 11238 
CLU_3081 3118602190680 10081 
CLU_3081 3118602190753 6804 
CLU_3081 3118602190141 9124 
CLU_3081 3118602220245 9059 
CLU_3081 3118602190788 8955 
CLU_3081 CLU_2943 10153 
CLU_3081 CLU_2961 10278 
CLU_3081 CLU_2970 11019 
CLU_3081 CLU_2971 11504 
CLU_3081 CLU_3051 4129 
CLU_3081 CLU_3055 4742 
CLU_3081 CLU_3060 4932 
CLU_3081 CLU_3084 905 
CLU_3081 CLU_3086 8215 
CLU_3081 CLU_3087 9007 
CLU_3081 CLU_3098 9383 
CLU_3081 CLU_3108 9681 
CLU_3081 CLU_3114 4330 
CLU_3081 CLU_3121 10894 
CLU_3081 CLU_3128 12730 
CLU_3081 CLU_3141 11132 
CLU_3081 CLU_3143 10376 
CLU_3081 CLU_3160 10005 
CLU_3081 CLU_3166 8025 
CLU_3081 CLU_3176 9009 
CLU_3081 CLU_3200 9448 
CLU_3081 CLU_3214 10547 
CLU_3081 CLU_7923 7682 
CLU_3082 3118602190990 9248 
CLU_3082 3118602191229 9768 
CLU_3082 3118602190591 9960 
CLU_3082 3118602190567 11012 
CLU_3082 3118602190532 11520 
CLU_3082 3118602190494 12553 
CLU_3082 3118602190869 9968 
CLU_3082 3118602190605 9297 
CLU_3082 3118602190109 8463 
CLU_3082 3118607116306 12843 
CLU_3082 3118602190931 12572 
CLU_3082 3118602190923 12095 
CLU_3082 3118602190893 13494 
CLU_3082 3118602190486 11252 
CLU_3082 3118602190915 13315 
CLU_3082 3118602190222 13164 
CLU_3082 3118604696077 5214 
CLU_3082 3118602191024 4394 
CLU_3082 3118602190478 3974 
CLU_3082 3118602190389 3379 
CLU_3082 3118607110316 2906 
CLU_3082 3118602220261 5309 
CLU_3082 3118602190397 3519 
CLU_3082 3118602190176 6056 
CLU_3082 3118602191059 5852 
CLU_3082 3118602191040 5646 
CLU_3082 3118602190451 2129 
CLU_3082 3118602190206 1637 
CLU_3082 3118602190524 830 
CLU_3082 3118602190400 2074 
CLU_3082 3118602190966 436 
CLU_3082 3118602190877 1637 
CLU_3082 3118602190826 6786 
CLU_3082 3118602190729 10216 
CLU_3082 3118602190656 10216 
CLU_3082 3118602190834 9758 
CLU_3082 3118602190710 10886 
CLU_3082 3118602190796 10711 
CLU_3082 3118602190648 10747 
CLU_3082 3118602190818 6770 
CLU_3082 3118602190885 6895 
CLU_3082 3118607053355 436 
CLU_3082 3118602190192 12201 
CLU_3082 3118602190214 11334 
CLU_3082 3118602190680 10132 
CLU_3082 3118602190753 6913 
CLU_3082 3118602190141 9128 
CLU_3082 3118602220245 9231 
CLU_3082 3118602190788 9248 
CLU_3082 CLU_2943 10485 
CLU_3082 CLU_2961 10662 
CLU_3082 CLU_2970 11419 
CLU_3082 CLU_2971 11901 
CLU_3082 CLU_3051 4394 
CLU_3082 CLU_3055 5142 
CLU_3082 CLU_3060 5349 
CLU_3082 CLU_3084 1022 
CLU_3082 CLU_3086 8429 
CLU_3082 CLU_3087 9221 
CLU_3082 CLU_3098 9643 
CLU_3082 CLU_3108 10090 
CLU_3082 CLU_3114 4526 
CLU_3082 CLU_3121 11086 
CLU_3082 CLU_3128 12857 
CLU_3082 CLU_3141 11186 
CLU_3082 CLU_3143 10465 
CLU_3082 CLU_3160 10075 
CLU_3082 CLU_3166 8124 
CLU_3082 CLU_3176 9107 
CLU_3082 CLU_3200 9652 
CLU_3082 CLU_3214 10812 
CLU_3082 CLU_7923 8112 
CLU_3083 3118602190990 8098 
CLU_3083 3118602191229 8613 
CLU_3083 3118602190591 8914 
CLU_3083 3118602190567 10200 
CLU_3083 3118602190532 10812 
CLU_3083 3118602190494 11844 
CLU_3083 3118602190869 9328 
CLU_3083 3118602190605 8811 
CLU_3083 3118602190109 7886 
CLU_3083 3118607116306 12409 
CLU_3083 3118602190931 12115 
CLU_3083 3118602190923 11876 
CLU_3083 3118602190893 13301 
CLU_3083 3118602190486 10972 
CLU_3083 3118602190915 13202 
CLU_3083 3118602190222 12882 
CLU_3083 3118604696077 4395 
CLU_3083 3118602191024 3268 
CLU_3083 3118602190478 2762 
CLU_3083 3118602190389 2238 
CLU_3083 3118607110316 2899 
CLU_3083 3118602220261 4292 
CLU_3083 3118602190397 2757 
CLU_3083 3118602190176 5432 
CLU_3083 3118602191059 4767 
CLU_3083 3118602191040 4214 
CLU_3083 3118602190451 503 
CLU_3083 3118602190206 0 
CLU_3083 3118602190524 1091 
CLU_3083 3118602190400 902 
CLU_3083 3118602190966 1684 
CLU_3083 3118602190877 0 
CLU_3083 3118602190826 8190 
CLU_3083 3118602190729 11615 
CLU_3083 3118602190656 11615 
CLU_3083 3118602190834 11176 
CLU_3083 3118602190710 12169 
CLU_3083 3118602190796 12050 
CLU_3083 3118602190648 12126 
CLU_3083 3118602190818 8092 
CLU_3083 3118602190885 7090 
CLU_3083 3118607053355 1684 
CLU_3083 3118602190192 10605 
CLU_3083 3118602190214 9741 
CLU_3083 3118602190680 8507 
CLU_3083 3118602190753 5345 
CLU_3083 3118602190141 7490 
CLU_3083 3118602220245 7749 
CLU_3083 3118602190788 8098 
CLU_3083 CLU_2943 9487 
CLU_3083 CLU_2961 9963 
CLU_3083 CLU_2970 10833 
CLU_3083 CLU_2971 11286 
CLU_3083 CLU_3051 3268 
CLU_3083 CLU_3055 4709 
CLU_3083 CLU_3060 5087 
CLU_3083 CLU_3084 852 
CLU_3083 CLU_3086 9856 
CLU_3083 CLU_3087 10646 
CLU_3083 CLU_3098 10965 
CLU_3083 CLU_3108 10729 
CLU_3083 CLU_3114 5994 
CLU_3083 CLU_3121 9638 
CLU_3083 CLU_3128 11296 
CLU_3083 CLU_3141 9561 
CLU_3083 CLU_3143 8866 
CLU_3083 CLU_3160 8462 
CLU_3083 CLU_3166 6539 
CLU_3083 CLU_3176 7520 
CLU_3083 CLU_3200 8235 
CLU_3083 CLU_3214 9551 
CLU_3083 CLU_7923 8513 
CLU_3084 3118602190990 8266 
CLU_3084 3118602191229 8786 
CLU_3084 3118602190591 9008 
CLU_3084 3118602190567 10141 
CLU_3084 3118602190532 10691 
CLU_3084 3118602190494 11725 
CLU_3084 3118602190869 9163 
CLU_3084 3118602190605 8558 
CLU_3084 3118602190109 7680 
CLU_3084 3118607116306 12138 
CLU_3084 3118602190931 11856 
CLU_3084 3118602190923 11495 
CLU_3084 3118602190893 12911 
CLU_3084 3118602190486 10619 
CLU_3084 3118602190915 12774 
CLU_3084 3118602190222 12534 
CLU_3084 3118604696077 4314 
CLU_3084 3118602191024 3400 
CLU_3084 3118602190478 2963 
CLU_3084 3118602190389 2372 
CLU_3084 3118607110316 2332 
CLU_3084 3118602220261 4348 
CLU_3084 3118602190397 2611 
CLU_3084 3118602190176 5239 
CLU_3084 3118602191059 4876 
CLU_3084 3118602191040 4624 
CLU_3084 3118602190451 1252 
CLU_3084 3118602190206 852 
CLU_3084 3118602190524 982 
CLU_3084 3118602190400 1053 
CLU_3084 3118602190966 905 
CLU_3084 3118602190877 852 
CLU_3084 3118602190826 7340 
CLU_3084 3118602190729 10764 
CLU_3084 3118602190656 10764 
CLU_3084 3118602190834 10326 
CLU_3084 3118602190710 11319 
CLU_3084 3118602190796 11198 
CLU_3084 3118602190648 11274 
CLU_3084 3118602190818 7239 
CLU_3084 3118602190885 6508 
CLU_3084 3118607053355 905 
CLU_3084 3118602190192 11213 
CLU_3084 3118602190214 10345 
CLU_3084 3118602190680 9177 
CLU_3084 3118602190753 5914 
CLU_3084 3118602190141 8220 
CLU_3084 3118602220245 8210 
CLU_3084 3118602190788 8266 
CLU_3084 CLU_2943 9548 
CLU_3084 CLU_2961 9835 
CLU_3084 CLU_2970 10641 
CLU_3084 CLU_2971 11112 
CLU_3084 CLU_3051 3400 
CLU_3084 CLU_3055 4398 
CLU_3084 CLU_3060 4692 
CLU_3084 CLU_3084 0 
CLU_3084 CLU_3086 9007 
CLU_3084 CLU_3087 9797 
CLU_3084 CLU_3098 10112 
CLU_3084 CLU_3108 10006 
CLU_3084 CLU_3114 5155 
CLU_3084 CLU_3121 10064 
CLU_3084 CLU_3128 11851 
CLU_3084 CLU_3141 10228 
CLU_3084 CLU_3143 9481 
CLU_3084 CLU_3160 9104 
CLU_3084 CLU_3166 7132 
CLU_3084 CLU_3176 8116 
CLU_3084 CLU_3200 8630 
CLU_3084 CLU_3214 9808 
CLU_3084 CLU_7923 7861 
CLU_3085 3118602190990 12719 
CLU_3085 3118602191229 13171 
CLU_3085 3118602190591 12900 
CLU_3085 3118602190567 12840 
CLU_3085 3118602190532 12842 
CLU_3085 3118602190494 13698 
CLU_3085 3118602190869 11353 
CLU_3085 3118602190605 10281 
CLU_3085 3118602190109 10036 
CLU_3085 3118607116306 12823 
CLU_3085 3118602190931 12693 
CLU_3085 3118602190923 11335 
CLU_3085 3118602190893 12374 
CLU_3085 3118602190486 10922 
CLU_3085 3118602190915 11893 
CLU_3085 3118602190222 12464 
CLU_3085 3118604696077 8823 
CLU_3085 3118602191024 9120 
CLU_3085 3118602190478 9060 
CLU_3085 3118602190389 8589 
CLU_3085 3118607110316 6514 
CLU_3085 3118602220261 9398 
CLU_3085 3118602190397 7961 
CLU_3085 3118602190176 8722 
CLU_3085 3118602191059 9935 
CLU_3085 3118602191040 10829 
CLU_3085 3118602190451 8569 
CLU_3085 3118602190206 8190 
CLU_3085 3118602190524 7617 
CLU_3085 3118602190400 8049 
CLU_3085 3118602190966 6559 
CLU_3085 3118602190877 8190 
CLU_3085 3118602190826 0 
CLU_3085 3118602190729 3431 
CLU_3085 3118602190656 3431 
CLU_3085 3118602190834 2986 
CLU_3085 3118602190710 4217 
CLU_3085 3118602190796 3951 
CLU_3085 3118602190648 3960 
CLU_3085 3118602190818 672 
CLU_3085 3118602190885 6367 
CLU_3085 3118607053355 6559 
CLU_3085 3118602190192 17575 
CLU_3085 3118602190214 16730 
CLU_3085 3118602190680 15896 
CLU_3085 3118602190753 12457 
CLU_3085 3118602190141 15199 
CLU_3085 3118602220245 14099 
CLU_3085 3118602190788 12719 
CLU_3085 CLU_2943 13141 
CLU_3085 CLU_2961 12115 
CLU_3085 CLU_2970 12275 
CLU_3085 CLU_2971 12780 
CLU_3085 CLU_3051 9120 
CLU_3085 CLU_3055 7766 
CLU_3085 CLU_3060 7358 
CLU_3085 CLU_3084 7340 
CLU_3085 CLU_3086 1672 
CLU_3085 CLU_3087 2458 
CLU_3085 CLU_3098 2927 
CLU_3085 CLU_3108 6185 
CLU_3085 CLU_3114 2289 
CLU_3085 CLU_3121 15613 
CLU_3085 CLU_3128 17929 
CLU_3085 CLU_3141 16895 
CLU_3085 CLU_3143 15950 
CLU_3085 CLU_3160 15706 
CLU_3085 CLU_3166 13659 
CLU_3085 CLU_3176 14585 
CLU_3085 CLU_3200 14168 
CLU_3085 CLU_3214 14498 
CLU_3085 CLU_7923 6058 
CLU_3086 3118602190990 14153 
CLU_3086 3118602191229 14588 
CLU_3086 3118602190591 14261 
CLU_3086 3118602190567 14035 
CLU_3086 3118602190532 13950 
CLU_3086 3118602190494 14748 
CLU_3086 3118602190869 12522 
CLU_3086 3118602190605 11427 
CLU_3086 3118602190109 11290 
CLU_3086 3118607116306 13669 
CLU_3086 3118602190931 13574 
CLU_3086 3118602190923 12078 
CLU_3086 3118602190893 12985 
CLU_3086 3118602190486 11781 
CLU_3086 3118602190915 12449 
CLU_3086 3118602190222 13172 
CLU_3086 3118604696077 10372 
CLU_3086 3118602191024 10742 
CLU_3086 3118602190478 10702 
CLU_3086 3118602190389 10242 
CLU_3086 3118607110316 8152 
CLU_3086 3118602220261 10970 
CLU_3086 3118602190397 9592 
CLU_3086 3118602190176 10182 
CLU_3086 3118602191059 11494 
CLU_3086 3118602191040 12455 
CLU_3086 3118602190451 10239 
CLU_3086 3118602190206 9856 
CLU_3086 3118602190524 9258 
CLU_3086 3118602190400 9722 
CLU_3086 3118602190966 8215 
CLU_3086 3118602190877 9856 
CLU_3086 3118602190826 1672 
CLU_3086 3118602190729 1804 
CLU_3086 3118602190656 1804 
CLU_3086 3118602190834 1329 
CLU_3086 3118602190710 2879 
CLU_3086 3118602190796 2457 
CLU_3086 3118602190648 2365 
CLU_3086 3118602190818 1969 
CLU_3086 3118602190885 7531 
CLU_3086 3118607053355 8215 
CLU_3086 3118602190192 19171 
CLU_3086 3118602190214 18332 
CLU_3086 3118602190680 17532 
CLU_3086 3118602190753 14092 
CLU_3086 3118602190141 16856 
CLU_3086 3118602220245 15668 
CLU_3086 3118602190788 14153 
CLU_3086 CLU_2943 14456 
CLU_3086 CLU_2961 13269 
CLU_3086 CLU_2970 13317 
CLU_3086 CLU_2971 13808 
CLU_3086 CLU_3051 10742 
CLU_3086 CLU_3055 9268 
CLU_3086 CLU_3060 8819 
CLU_3086 CLU_3084 9007 
CLU_3086 CLU_3086 0 
CLU_3086 CLU_3087 791 
CLU_3086 CLU_3098 1630 
CLU_3086 CLU_3108 6408 
CLU_3086 CLU_3114 3905 
CLU_3086 CLU_3121 17132 
CLU_3086 CLU_3128 19492 
CLU_3086 CLU_3141 18524 
CLU_3086 CLU_3143 17563 
CLU_3086 CLU_3160 17332 
CLU_3086 CLU_3166 15287 
CLU_3086 CLU_3176 16204 
CLU_3086 CLU_3200 15700 
CLU_3086 CLU_3214 15928 
CLU_3086 CLU_7923 6908 
CLU_3087 3118602190990 14789 
CLU_3087 3118602191229 15215 
CLU_3087 3118602190591 14861 
CLU_3087 3118602190567 14553 
CLU_3087 3118602190532 14427 
CLU_3087 3118602190494 15196 
CLU_3087 3118602190869 13033 
CLU_3087 3118602190605 11932 
CLU_3087 3118602190109 11846 
CLU_3087 3118607116306 14023 
CLU_3087 3118602190931 13945 
CLU_3087 3118602190923 12392 
CLU_3087 3118602190893 13233 
CLU_3087 3118602190486 12150 
CLU_3087 3118602190915 12674 
CLU_3087 3118602190222 13465 
CLU_3087 3118604696077 11073 
CLU_3087 3118602191024 11483 
CLU_3087 3118602190478 11456 
CLU_3087 3118602190389 11004 
CLU_3087 3118607110316 8905 
CLU_3087 3118602220261 11683 
CLU_3087 3118602190397 10340 
CLU_3087 3118602190176 10840 
CLU_3087 3118602191059 12199 
CLU_3087 3118602191040 13198 
CLU_3087 3118602190451 11027 
CLU_3087 3118602190206 10646 
CLU_3087 3118602190524 10049 
CLU_3087 3118602190400 10505 
CLU_3087 3118602190966 9007 
CLU_3087 3118602190877 10646 
CLU_3087 3118602190826 2458 
CLU_3087 3118602190729 1034 
CLU_3087 3118602190656 1034 
CLU_3087 3118602190834 541 
CLU_3087 3118602190710 2302 
CLU_3087 3118602190796 1780 
CLU_3087 3118602190648 1610 
CLU_3087 3118602190818 2697 
CLU_3087 3118602190885 8068 
CLU_3087 3118607053355 9007 
CLU_3087 3118602190192 19892 
CLU_3087 3118602190214 19056 
CLU_3087 3118602190680 18279 
CLU_3087 3118602190753 14841 
CLU_3087 3118602190141 17621 
CLU_3087 3118602220245 16375 
CLU_3087 3118602190788 14789 
CLU_3087 CLU_2943 15032 
CLU_3087 CLU_2961 13771 
CLU_3087 CLU_2970 13765 
CLU_3087 CLU_2971 14249 
CLU_3087 CLU_3051 11483 
CLU_3087 CLU_3055 9949 
CLU_3087 CLU_3060 9481 
CLU_3087 CLU_3084 9797 
CLU_3087 CLU_3086 791 
CLU_3087 CLU_3087 0 
CLU_3087 CLU_3098 1232 
CLU_3087 CLU_3108 6549 
CLU_3087 CLU_3114 4696 
CLU_3087 CLU_3121 17810 
CLU_3087 CLU_3128 20193 
CLU_3087 CLU_3141 19266 
CLU_3087 CLU_3143 18295 
CLU_3087 CLU_3160 18073 
CLU_3087 CLU_3166 16030 
CLU_3087 CLU_3176 16940 
CLU_3087 CLU_3200 16386 
CLU_3087 CLU_3214 16560 
CLU_3087 CLU_7923 7318 
CLU_3088 3118602190990 14927 
CLU_3088 3118602191229 15339 
CLU_3088 3118602190591 14948 
CLU_3088 3118602190567 14543 
CLU_3088 3118602190532 14372 
CLU_3088 3118602190494 15107 
CLU_3088 3118602190869 13019 
CLU_3088 3118602190605 11913 
CLU_3088 3118602190109 11887 
CLU_3088 3118607116306 13845 
CLU_3088 3118602190931 13783 
CLU_3088 3118602190923 12181 
CLU_3088 3118602190893 12961 
CLU_3088 3118602190486 11991 
CLU_3088 3118602190915 12384 
CLU_3088 3118602190222 13231 
CLU_3088 3118604696077 11320 
CLU_3088 3118602191024 11803 
CLU_3088 3118602190478 11805 
CLU_3088 3118602190389 11374 
CLU_3088 3118607110316 9259 
CLU_3088 3118602220261 11948 
CLU_3088 3118602190397 10677 
CLU_3088 3118602190176 11017 
CLU_3088 3118602191059 12448 
CLU_3088 3118602191040 13518 
CLU_3088 3118602190451 11492 
CLU_3088 3118602190206 11127 
CLU_3088 3118602190524 10572 
CLU_3088 3118602190400 10942 
CLU_3088 3118602190966 9508 
CLU_3088 3118602190877 11127 
CLU_3088 3118602190826 2955 
CLU_3088 3118602190729 513 
CLU_3088 3118602190656 513 
CLU_3088 3118602190834 407 
CLU_3088 3118602190710 1610 
CLU_3088 3118602190796 1092 
CLU_3088 3118602190648 1005 
CLU_3088 3118602190818 3067 
CLU_3088 3118602190885 8105 
CLU_3088 3118607053355 9508 
CLU_3088 3118602190192 20160 
CLU_3088 3118602190214 19332 
CLU_3088 3118602190680 18604 
CLU_3088 3118602190753 15171 
CLU_3088 3118602190141 17987 
CLU_3088 3118602220245 16620 
CLU_3088 3118602190788 14927 
CLU_3088 CLU_2943 15090 
CLU_3088 CLU_2961 13743 
CLU_3088 CLU_2970 13680 
CLU_3088 CLU_2971 14154 
CLU_3088 CLU_3051 11803 
CLU_3088 CLU_3055 10164 
CLU_3088 CLU_3060 9670 
CLU_3088 CLU_3084 10275 
CLU_3088 CLU_3086 1379 
CLU_3088 CLU_3087 696 
CLU_3088 CLU_3098 724 
CLU_3088 CLU_3108 6224 
CLU_3088 CLU_3114 5236 
CLU_3088 CLU_3121 18005 
CLU_3088 CLU_3128 20424 
CLU_3088 CLU_3141 19577 
CLU_3088 CLU_3143 18587 
CLU_3088 CLU_3160 18383 
CLU_3088 CLU_3166 16347 
CLU_3088 CLU_3176 17242 
CLU_3088 CLU_3200 16597 
CLU_3088 CLU_3214 16689 
CLU_3088 CLU_7923 7224 
CLU_3089 3118602190990 15203 
CLU_3089 3118602191229 15600 
CLU_3089 3118602190591 15173 
CLU_3089 3118602190567 14667 
CLU_3089 3118602190532 14447 
CLU_3089 3118602190494 15144 
CLU_3089 3118602190869 13142 
CLU_3089 3118602190605 12035 
CLU_3089 3118602190109 12071 
CLU_3089 3118607116306 13786 
CLU_3089 3118602190931 13742 
CLU_3089 3118602190923 12090 
CLU_3089 3118602190893 12798 
CLU_3089 3118602190486 11961 
CLU_3089 3118602190915 12202 
CLU_3089 3118602190222 13110 
CLU_3089 3118604696077 11712 
CLU_3089 3118602191024 12264 
CLU_3089 3118602190478 12292 
CLU_3089 3118602190389 11882 
CLU_3089 3118607110316 9758 
CLU_3089 3118602220261 12356 
CLU_3089 3118602190397 11157 
CLU_3089 3118602190176 11344 
CLU_3089 3118602191059 12840 
CLU_3089 3118602191040 13975 
CLU_3089 3118602190451 12083 
CLU_3089 3118602190206 11732 
CLU_3089 3118602190524 11213 
CLU_3089 3118602190400 11511 
CLU_3089 3118602190966 10134 
CLU_3089 3118602190877 11732 
CLU_3089 3118602190826 3615 
CLU_3089 3118602190729 629 
CLU_3089 3118602190656 629 
CLU_3089 3118602190834 1027 
CLU_3089 3118602190710 905 
CLU_3089 3118602190796 345 
CLU_3089 3118602190648 529 
CLU_3089 3118602190818 3641 
CLU_3089 3118602190885 8305 
CLU_3089 3118607053355 10134 
CLU_3089 3118602190192 20557 
CLU_3089 3118602190214 19739 
CLU_3089 3118602190680 19058 
CLU_3089 3118602190753 15635 
CLU_3089 3118602190141 18482 
CLU_3089 3118602220245 17000 
CLU_3089 3118602190788 15203 
CLU_3089 CLU_2943 15283 
CLU_3089 CLU_2961 13850 
CLU_3089 CLU_2970 13725 
CLU_3089 CLU_2971 14188 
CLU_3089 CLU_3051 12264 
CLU_3089 CLU_3055 10531 
CLU_3089 CLU_3060 10014 
CLU_3089 CLU_3084 10880 
CLU_3089 CLU_3086 2112 
CLU_3089 CLU_3087 1446 
CLU_3089 CLU_3098 817 
CLU_3089 CLU_3108 6039 
CLU_3089 CLU_3114 5904 
CLU_3089 CLU_3121 18333 
CLU_3089 CLU_3128 20786 
CLU_3089 CLU_3141 20018 
CLU_3089 CLU_3143 19010 
CLU_3089 CLU_3160 18823 
CLU_3089 CLU_3166 16796 
CLU_3089 CLU_3176 17677 
CLU_3089 CLU_3200 16943 
CLU_3089 CLU_3214 16952 
CLU_3089 CLU_7923 7296 
CLU_3090 3118602190990 15182 
CLU_3090 3118602191229 15600 
CLU_3090 3118602190591 15225 
CLU_3090 3118602190567 14859 
CLU_3090 3118602190532 14703 
CLU_3090 3118602190494 15450 
CLU_3090 3118602190869 13336 
CLU_3090 3118602190605 12231 
CLU_3090 3118602190109 12182 
CLU_3090 3118607116306 14213 
CLU_3090 3118602190931 14146 
CLU_3090 3118602190923 12557 
CLU_3090 3118602190893 13350 
CLU_3090 3118602190486 12354 
CLU_3090 3118602190915 12776 
CLU_3090 3118602190222 13612 
CLU_3090 3118604696077 11520 
CLU_3090 3118602191024 11962 
CLU_3090 3118602190478 11946 
CLU_3090 3118602190389 11501 
CLU_3090 3118607110316 9396 
CLU_3090 3118602220261 12138 
CLU_3090 3118602190397 10825 
CLU_3090 3118602190176 11252 
CLU_3090 3118602191059 12647 
CLU_3090 3118602191040 13677 
CLU_3090 3118602190451 11553 
CLU_3090 3118602190206 11176 
CLU_3090 3118602190524 10586 
CLU_3090 3118602190400 11024 
CLU_3090 3118602190966 9541 
CLU_3090 3118602190877 11176 
CLU_3090 3118602190826 2986 
CLU_3090 3118602190729 508 
CLU_3090 3118602190656 508 
CLU_3090 3118602190834 0 
CLU_3090 3118602190710 1927 
CLU_3090 3118602190796 1332 
CLU_3090 3118602190648 1089 
CLU_3090 3118602190818 3184 
CLU_3090 3118602190885 8399 
CLU_3090 3118607053355 9541 
CLU_3090 3118602190192 20350 
CLU_3090 3118602190214 19518 
CLU_3090 3118602190680 18761 
CLU_3090 3118602190753 15324 
CLU_3090 3118602190141 18118 
CLU_3090 3118602220245 16822 
CLU_3090 3118602190788 15182 
CLU_3090 CLU_2943 15380 
CLU_3090 CLU_2961 14065 
CLU_3090 CLU_2970 14021 
CLU_3090 CLU_2971 14498 
CLU_3090 CLU_3051 11962 
CLU_3090 CLU_3055 10379 
CLU_3090 CLU_3060 9899 
CLU_3090 CLU_3084 10326 
CLU_3090 CLU_3086 1329 
CLU_3090 CLU_3087 541 
CLU_3090 CLU_3098 1128 
CLU_3090 CLU_3108 6620 
CLU_3090 CLU_3114 5235 
CLU_3090 CLU_3121 18233 
CLU_3090 CLU_3128 20634 
CLU_3090 CLU_3141 19742 
CLU_3090 CLU_3143 18764 
CLU_3090 CLU_3160 18549 
CLU_3090 CLU_3166 16509 
CLU_3090 CLU_3176 17413 
CLU_3090 CLU_3200 16817 
CLU_3090 CLU_3214 16948 
CLU_3090 CLU_7923 7565 
CLU_3091 3118602190990 15408 
CLU_3091 3118602191229 15826 
CLU_3091 3118602190591 15449 
CLU_3091 3118602190567 15076 
CLU_3091 3118602190532 14915 
CLU_3091 3118602190494 15658 
CLU_3091 3118602190869 13552 
CLU_3091 3118602190605 12447 
CLU_3091 3118602190109 12403 
CLU_3091 3118607116306 14407 
CLU_3091 3118602190931 14344 
CLU_3091 3118602190923 12746 
CLU_3091 3118602190893 13527 
CLU_3091 3118602190486 12552 
CLU_3091 3118602190915 12949 
CLU_3091 3118602190222 13796 
CLU_3091 3118604696077 11747 
CLU_3091 3118602191024 12186 
CLU_3091 3118602190478 12168 
CLU_3091 3118602190389 11722 
CLU_3091 3118607110316 9618 
CLU_3091 3118602220261 12365 
CLU_3091 3118602190397 11049 
CLU_3091 3118602190176 11479 
CLU_3091 3118602191059 12874 
CLU_3091 3118602191040 13902 
CLU_3091 3118602190451 11762 
CLU_3091 3118602190206 11382 
CLU_3091 3118602190524 10784 
CLU_3091 3118602190400 11237 
CLU_3091 3118602190966 9743 
CLU_3091 3118602190877 11382 
CLU_3091 3118602190826 3193 
CLU_3091 3118602190729 426 
CLU_3091 3118602190656 426 
CLU_3091 3118602190834 227 
CLU_3091 3118602190710 1935 
CLU_3091 3118602190796 1300 
CLU_3091 3118602190648 981 
CLU_3091 3118602190818 3406 
CLU_3091 3118602190885 8621 
CLU_3091 3118607053355 9743 
CLU_3091 3118602190192 20576 
CLU_3091 3118602190214 19744 
CLU_3091 3118602190680 18985 
CLU_3091 3118602190753 15548 
CLU_3091 3118602190141 18339 
CLU_3091 3118602220245 17049 
CLU_3091 3118602190788 15408 
CLU_3091 CLU_2943 15602 
CLU_3091 CLU_2961 14280 
CLU_3091 CLU_2970 14229 
CLU_3091 CLU_2971 14706 
CLU_3091 CLU_3051 12186 
CLU_3091 CLU_3055 10607 
CLU_3091 CLU_3060 10126 
CLU_3091 CLU_3084 10533 
CLU_3091 CLU_3086 1527 
CLU_3091 CLU_3087 735 
CLU_3091 CLU_3098 1284 
CLU_3091 CLU_3108 6787 
CLU_3091 CLU_3114 5430 
CLU_3091 CLU_3121 18461 
CLU_3091 CLU_3128 20862 
CLU_3091 CLU_3141 19967 
CLU_3091 CLU_3143 18989 
CLU_3091 CLU_3160 18774 
CLU_3091 CLU_3166 16733 
CLU_3091 CLU_3176 17638 
CLU_3091 CLU_3200 17045 
CLU_3091 CLU_3214 17174 
CLU_3091 CLU_7923 7773 
CLU_3092 3118602190990 15592 
CLU_3092 3118602191229 16005 
CLU_3092 3118602190591 15618 
CLU_3092 3118602190567 15214 
CLU_3092 3118602190532 15038 
CLU_3092 3118602190494 15769 
CLU_3092 3118602190869 13689 
CLU_3092 3118602190605 12583 
CLU_3092 3118602190109 12558 
CLU_3092 3118607116306 14486 
CLU_3092 3118602190931 14429 
CLU_3092 3118602190923 12813 
CLU_3092 3118602190893 13569 
CLU_3092 3118602190486 12639 
CLU_3092 3118602190915 12985 
CLU_3092 3118602190222 13854 
CLU_3092 3118604696077 11960 
CLU_3092 3118602191024 12417 
CLU_3092 3118602190478 12406 
CLU_3092 3118602190389 11964 
CLU_3092 3118607110316 9857 
CLU_3092 3118602220261 12583 
CLU_3092 3118602190397 11284 
CLU_3092 3118602190176 11675 
CLU_3092 3118602191059 13088 
CLU_3092 3118602191040 14133 
CLU_3092 3118602190451 12022 
CLU_3092 3118602190206 11645 
CLU_3092 3118602190524 11052 
CLU_3092 3118602190400 11492 
CLU_3092 3118602190966 10008 
CLU_3092 3118602190877 11645 
CLU_3092 3118602190826 3454 
CLU_3092 3118602190729 277 
CLU_3092 3118602190656 277 
CLU_3092 3118602190834 468 
CLU_3092 3118602190710 1781 
CLU_3092 3118602190796 1118 
CLU_3092 3118602190648 739 
CLU_3092 3118602190818 3646 
CLU_3092 3118602190885 8776 
CLU_3092 3118607053355 10008 
CLU_3092 3118602190192 20795 
CLU_3092 3118602190214 19965 
CLU_3092 3118602190680 19218 
CLU_3092 3118602190753 15782 
CLU_3092 3118602190141 18581 
CLU_3092 3118602220245 17262 
CLU_3092 3118602190788 15592 
CLU_3092 CLU_2943 15762 
CLU_3092 CLU_2961 14412 
CLU_3092 CLU_2970 14342 
CLU_3092 CLU_2971 14815 
CLU_3092 CLU_3051 12417 
CLU_3092 CLU_3055 10813 
CLU_3092 CLU_3060 10325 
CLU_3092 CLU_3084 10795 
CLU_3092 CLU_3086 1794 
CLU_3092 CLU_3087 1003 
CLU_3092 CLU_3098 1333 
CLU_3092 CLU_3108 6818 
CLU_3092 CLU_3114 5699 
CLU_3092 CLU_3121 18660 
CLU_3092 CLU_3128 21071 
CLU_3092 CLU_3141 20196 
CLU_3092 CLU_3143 19214 
CLU_3092 CLU_3160 19003 
CLU_3092 CLU_3166 16964 
CLU_3092 CLU_3176 17865 
CLU_3092 CLU_3200 17248 
CLU_3092 CLU_3214 17355 
CLU_3092 CLU_7923 7888 
CLU_3093 3118602190990 15425 
CLU_3093 3118602191229 15835 
CLU_3093 3118602190591 15437 
CLU_3093 3118602190567 15006 
CLU_3093 3118602190532 14819 
CLU_3093 3118602190494 15541 
CLU_3093 3118602190869 13481 
CLU_3093 3118602190605 12374 
CLU_3093 3118602190109 12365 
CLU_3093 3118607116306 14241 
CLU_3093 3118602190931 14187 
CLU_3093 3118602190923 12562 
CLU_3093 3118602190893 13309 
CLU_3093 3118602190486 12399 
CLU_3093 3118602190915 12722 
CLU_3093 3118602190222 13599 
CLU_3093 3118604696077 11832 
CLU_3093 3118602191024 12316 
CLU_3093 3118602190478 12316 
CLU_3093 3118602190389 11884 
CLU_3093 3118607110316 9770 
CLU_3093 3118602220261 12461 
CLU_3093 3118602190397 11190 
CLU_3093 3118602190176 11523 
CLU_3093 3118602191059 12960 
CLU_3093 3118602191040 14031 
CLU_3093 3118602190451 11985 
CLU_3093 3118602190206 11615 
CLU_3093 3118602190524 11045 
CLU_3093 3118602190400 11442 
CLU_3093 3118602190966 9990 
CLU_3093 3118602190877 11615 
CLU_3093 3118602190826 3431 
CLU_3093 3118602190729 0 
CLU_3093 3118602190656 0 
CLU_3093 3118602190834 508 
CLU_3093 3118602190710 1522 
CLU_3093 3118602190796 876 
CLU_3093 3118602190648 581 
CLU_3093 3118602190818 3572 
CLU_3093 3118602190885 8585 
CLU_3093 3118607053355 9990 
CLU_3093 3118602190192 20672 
CLU_3093 3118602190214 19845 
CLU_3093 3118602190680 19117 
CLU_3093 3118602190753 15684 
CLU_3093 3118602190141 18498 
CLU_3093 3118602220245 17131 
CLU_3093 3118602190788 15425 
CLU_3093 CLU_2943 15572 
CLU_3093 CLU_2961 14200 
CLU_3093 CLU_2970 14117 
CLU_3093 CLU_2971 14587 
CLU_3093 CLU_3051 12316 
CLU_3093 CLU_3055 10674 
CLU_3093 CLU_3060 10178 
CLU_3093 CLU_3084 10764 
CLU_3093 CLU_3086 1804 
CLU_3093 CLU_3087 1034 
CLU_3093 CLU_3098 1092 
CLU_3093 CLU_3108 6554 
CLU_3093 CLU_3114 5700 
CLU_3093 CLU_3121 18512 
CLU_3093 CLU_3128 20935 
CLU_3093 CLU_3141 20091 
CLU_3093 CLU_3143 19101 
CLU_3093 CLU_3160 18896 
CLU_3093 CLU_3166 16860 
CLU_3093 CLU_3176 17756 
CLU_3093 CLU_3200 17106 
CLU_3093 CLU_3214 17185 
CLU_3093 CLU_7923 7666 
CLU_3094 3118602190990 15821 
CLU_3094 3118602191229 16231 
CLU_3094 3118602190591 15833 
CLU_3094 3118602190567 15399 
CLU_3094 3118602190532 15208 
CLU_3094 3118602190494 15926 
CLU_3094 3118602190869 13874 
CLU_3094 3118602190605 12767 
CLU_3094 3118602190109 12761 
CLU_3094 3118607116306 14612 
CLU_3094 3118602190931 14560 
CLU_3094 3118602190923 12927 
CLU_3094 3118602190893 13657 
CLU_3094 3118602190486 12774 
CLU_3094 3118602190915 13065 
CLU_3094 3118602190222 13957 
CLU_3094 3118604696077 12218 
CLU_3094 3118602191024 12690 
CLU_3094 3118602190478 12684 
CLU_3094 3118602190389 12246 
CLU_3094 3118607110316 10136 
CLU_3094 3118602220261 12844 
CLU_3094 3118602190397 11560 
CLU_3094 3118602190176 11916 
CLU_3094 3118602191059 13346 
CLU_3094 3118602191040 14405 
CLU_3094 3118602190451 12318 
CLU_3094 3118602190206 11942 
CLU_3094 3118602190524 11353 
CLU_3094 3118602190400 11784 
CLU_3094 3118602190966 10307 
CLU_3094 3118602190877 11942 
CLU_3094 3118602190826 3751 
CLU_3094 3118602190729 396 
CLU_3094 3118602190656 396 
CLU_3094 3118602190834 766 
CLU_3094 3118602190710 1683 
CLU_3094 3118602190796 1005 
CLU_3094 3118602190648 543 
CLU_3094 3118602190818 3929 
CLU_3094 3118602190885 8981 
CLU_3094 3118607053355 10307 
CLU_3094 3118602190192 21056 
CLU_3094 3118602190214 20228 
CLU_3094 3118602190680 19491 
CLU_3094 3118602190753 16056 
CLU_3094 3118602190141 18862 
CLU_3094 3118602220245 17518 
CLU_3094 3118602190788 15821 
CLU_3094 CLU_2943 15968 
CLU_3094 CLU_2961 14592 
CLU_3094 CLU_2970 14502 
CLU_3094 CLU_2971 14971 
CLU_3094 CLU_3051 12690 
CLU_3094 CLU_3055 11063 
CLU_3094 CLU_3060 10569 
CLU_3094 CLU_3084 11092 
CLU_3094 CLU_3086 2095 
CLU_3094 CLU_3087 1304 
CLU_3094 CLU_3098 1477 
CLU_3094 CLU_3108 6899 
CLU_3094 CLU_3114 6001 
CLU_3094 CLU_3121 18904 
CLU_3094 CLU_3128 21323 
CLU_3094 CLU_3141 20467 
CLU_3094 CLU_3143 19480 
CLU_3094 CLU_3160 19273 
CLU_3094 CLU_3166 17235 
CLU_3094 CLU_3176 18134 
CLU_3094 CLU_3200 17496 
CLU_3094 CLU_3214 17581 
CLU_3094 CLU_7923 8054 
CLU_3095 3118602190990 15622 
CLU_3095 3118602191229 16030 
CLU_3095 3118602190591 15628 
CLU_3095 3118602190567 15183 
CLU_3095 3118602190532 14988 
CLU_3095 3118602190494 15704 
CLU_3095 3118602190869 13658 
CLU_3095 3118602190605 12551 
CLU_3095 3118602190109 12551 
CLU_3095 3118607116306 14386 
CLU_3095 3118602190931 14335 
CLU_3095 3118602190923 12701 
CLU_3095 3118602190893 13431 
CLU_3095 3118602190486 12549 
CLU_3095 3118602190915 12840 
CLU_3095 3118602190222 13731 
CLU_3095 3118604696077 12039 
CLU_3095 3118602191024 12527 
CLU_3095 3118602190478 12528 
CLU_3095 3118602190389 12095 
CLU_3095 3118607110316 9982 
CLU_3095 3118602220261 12669 
CLU_3095 3118602190397 11401 
CLU_3095 3118602190176 11725 
CLU_3095 3118602191059 13167 
CLU_3095 3118602191040 14242 
CLU_3095 3118602190451 12195 
CLU_3095 3118602190206 11825 
CLU_3095 3118602190524 11251 
CLU_3095 3118602190400 11653 
CLU_3095 3118602190966 10198 
CLU_3095 3118602190877 11825 
CLU_3095 3118602190826 3638 
CLU_3095 3118602190729 211 
CLU_3095 3118602190656 211 
CLU_3095 3118602190834 686 
CLU_3095 3118602190710 1505 
CLU_3095 3118602190796 832 
CLU_3095 3118602190648 435 
CLU_3095 3118602190818 3784 
CLU_3095 3118602190885 8772 
CLU_3095 3118607053355 10198 
CLU_3095 3118602190192 20880 
CLU_3095 3118602190214 20054 
CLU_3095 3118602190680 19328 
CLU_3095 3118602190753 15895 
CLU_3095 3118602190141 18710 
CLU_3095 3118602220245 17338 
CLU_3095 3118602190788 15622 
CLU_3095 CLU_2943 15758 
CLU_3095 CLU_2961 14375 
CLU_3095 CLU_2970 14281 
CLU_3095 CLU_2971 14749 
CLU_3095 CLU_3051 12527 
CLU_3095 CLU_3055 10879 
CLU_3095 CLU_3060 10381 
CLU_3095 CLU_3084 10974 
CLU_3095 CLU_3086 2003 
CLU_3095 CLU_3087 1224 
CLU_3095 CLU_3098 1257 
CLU_3095 CLU_3108 6673 
CLU_3095 CLU_3114 5904 
CLU_3095 CLU_3121 18714 
CLU_3095 CLU_3128 21140 
CLU_3095 CLU_3141 20301 
CLU_3095 CLU_3143 19310 
CLU_3095 CLU_3160 19106 
CLU_3095 CLU_3166 17071 
CLU_3095 CLU_3176 17966 
CLU_3095 CLU_3200 17309 
CLU_3095 CLU_3214 17381 
CLU_3095 CLU_7923 7834 
CLU_3096 3118602190990 15404 
CLU_3096 3118602191229 15794 
CLU_3096 3118602190591 15353 
CLU_3096 3118602190567 14806 
CLU_3096 3118602190532 14565 
CLU_3096 3118602190494 15246 
CLU_3096 3118602190869 13282 
CLU_3096 3118602190605 12176 
CLU_3096 3118602190109 12238 
CLU_3096 3118607116306 13847 
CLU_3096 3118602190931 13811 
CLU_3096 3118602190923 12137 
CLU_3096 3118602190893 12811 
CLU_3096 3118602190486 12035 
CLU_3096 3118602190915 12207 
CLU_3096 3118602190222 13143 
CLU_3096 3118604696077 11960 
CLU_3096 3118602191024 12536 
CLU_3096 3118602190478 12573 
CLU_3096 3118602190389 12169 
CLU_3096 3118607110316 10045 
CLU_3096 3118602220261 12609 
CLU_3096 3118602190397 11436 
CLU_3096 3118602190176 11568 
CLU_3096 3118602191059 13087 
CLU_3096 3118602191040 14245 
CLU_3096 3118602190451 12398 
CLU_3096 3118602190206 12050 
CLU_3096 3118602190524 11541 
CLU_3096 3118602190400 11818 
CLU_3096 3118602190966 10459 
CLU_3096 3118602190877 12050 
CLU_3096 3118602190826 3951 
CLU_3096 3118602190729 876 
CLU_3096 3118602190656 876 
CLU_3096 3118602190834 1332 
CLU_3096 3118602190710 677 
CLU_3096 3118602190796 0 
CLU_3096 3118602190648 499 
CLU_3096 3118602190818 3958 
CLU_3096 3118602190885 8484 
CLU_3096 3118607053355 10459 
CLU_3096 3118602190192 20803 
CLU_3096 3118602190214 19988 
CLU_3096 3118602190680 19324 
CLU_3096 3118602190753 15906 
CLU_3096 3118602190141 18763 
CLU_3096 3118602220245 17240 
CLU_3096 3118602190788 15404 
CLU_3096 CLU_2943 15451 
CLU_3096 CLU_2961 13983 
CLU_3096 CLU_2970 13831 
CLU_3096 CLU_2971 14289 
CLU_3096 CLU_3051 12536 
CLU_3096 CLU_3055 10771 
CLU_3096 CLU_3060 10245 
CLU_3096 CLU_3084 11198 
CLU_3096 CLU_3086 2457 
CLU_3096 CLU_3087 1780 
CLU_3096 CLU_3098 1096 
CLU_3096 CLU_3108 6058 
CLU_3096 CLU_3114 6241 
CLU_3096 CLU_3121 18553 
CLU_3096 CLU_3128 21018 
CLU_3096 CLU_3141 20280 
CLU_3096 CLU_3143 19265 
CLU_3096 CLU_3160 19085 
CLU_3096 CLU_3166 17062 
CLU_3096 CLU_3176 17936 
CLU_3096 CLU_3200 17170 
CLU_3096 CLU_3214 17147 
CLU_3096 CLU_7923 7424 
CLU_3097 3118602190990 15135 
CLU_3097 3118602191229 15524 
CLU_3097 3118602190591 15078 
CLU_3097 3118602190567 14522 
CLU_3097 3118602190532 14279 
CLU_3097 3118602190494 14959 
CLU_3097 3118602190869 12999 
CLU_3097 3118602190605 11893 
CLU_3097 3118602190109 11960 
CLU_3097 3118607116306 13560 
CLU_3097 3118602190931 13523 
CLU_3097 3118602190923 11852 
CLU_3097 3118602190893 12530 
CLU_3097 3118602190486 11748 
CLU_3097 3118602190915 11927 
CLU_3097 3118602190222 12859 
CLU_3097 3118604696077 11715 
CLU_3097 3118602191024 12308 
CLU_3097 3118602190478 12353 
CLU_3097 3118602190389 11956 
CLU_3097 3118607110316 9831 
CLU_3097 3118602220261 12367 
CLU_3097 3118602190397 11214 
CLU_3097 3118602190176 11310 
CLU_3097 3118602191059 12841 
CLU_3097 3118602191040 14014 
CLU_3097 3118602190451 12217 
CLU_3097 3118602190206 11877 
CLU_3097 3118602190524 11387 
CLU_3097 3118602190400 11628 
CLU_3097 3118602190966 10297 
CLU_3097 3118602190877 11877 
CLU_3097 3118602190826 3827 
CLU_3097 3118602190729 1014 
CLU_3097 3118602190656 1014 
CLU_3097 3118602190834 1406 
CLU_3097 3118602190710 521 
CLU_3097 3118602190796 287 
CLU_3097 3118602190648 762 
CLU_3097 3118602190818 3791 
CLU_3097 3118602190885 8209 
CLU_3097 3118607053355 10297 
CLU_3097 3118602190192 20556 
CLU_3097 3118602190214 19743 
CLU_3097 3118602190680 19092 
CLU_3097 3118602190753 15677 
CLU_3097 3118602190141 18543 
CLU_3097 3118602220245 16989 
CLU_3097 3118602190788 15135 
CLU_3097 CLU_2943 15173 
CLU_3097 CLU_2961 13698 
CLU_3097 CLU_2970 13544 
CLU_3097 CLU_2971 14001 
CLU_3097 CLU_3051 12308 
CLU_3097 CLU_3055 10521 
CLU_3097 CLU_3060 9991 
CLU_3097 CLU_3084 11025 
CLU_3097 CLU_3086 2405 
CLU_3097 CLU_3087 1791 
CLU_3097 CLU_3098 914 
CLU_3097 CLU_3108 5775 
CLU_3097 CLU_3114 6111 
CLU_3097 CLU_3121 18293 
CLU_3097 CLU_3128 20763 
CLU_3097 CLU_3141 20043 
CLU_3097 CLU_3143 19024 
CLU_3097 CLU_3160 18849 
CLU_3097 CLU_3166 16829 
CLU_3097 CLU_3176 17699 
CLU_3097 CLU_3200 16913 
CLU_3097 CLU_3214 16876 
CLU_3097 CLU_7923 7140 
CLU_3098 3118602190990 14406 
CLU_3098 3118602191229 14807 
CLU_3098 3118602190591 14391 
CLU_3098 3118602190567 13926 
CLU_3098 3118602190532 13731 
CLU_3098 3118602190494 14450 
CLU_3098 3118602190869 12401 
CLU_3098 3118602190605 11294 
CLU_3098 3118602190109 11303 
CLU_3098 3118607116306 13153 
CLU_3098 3118602190931 13096 
CLU_3098 3118602190923 11480 
CLU_3098 3118602190893 12246 
CLU_3098 3118602190486 11308 
CLU_3098 3118602190915 11666 
CLU_3098 3118602190222 12523 
CLU_3098 3118604696077 10896 
CLU_3098 3118602191024 11449 
CLU_3098 3118602190478 11480 
CLU_3098 3118602190389 11074 
CLU_3098 3118607110316 8950 
CLU_3098 3118602220261 11539 
CLU_3098 3118602190397 10345 
CLU_3098 3118602190176 10535 
CLU_3098 3118602191059 12024 
CLU_3098 3118602191040 13159 
CLU_3098 3118602190451 11308 
CLU_3098 3118602190206 10965 
CLU_3098 3118602190524 10473 
CLU_3098 3118602190400 10724 
CLU_3098 3118602190966 9383 
CLU_3098 3118602190877 10965 
CLU_3098 3118602190826 2927 
CLU_3098 3118602190729 1092 
CLU_3098 3118602190656 1092 
CLU_3098 3118602190834 1128 
CLU_3098 3118602190710 1296 
CLU_3098 3118602190796 1096 
CLU_3098 3118602190648 1320 
CLU_3098 3118602190818 2877 
CLU_3098 3118602190885 7529 
CLU_3098 3118607053355 9383 
CLU_3098 3118602190192 19741 
CLU_3098 3118602190214 18922 
CLU_3098 3118602190680 18242 
CLU_3098 3118602190753 14820 
CLU_3098 3118602190141 17671 
CLU_3098 3118602220245 16184 
CLU_3098 3118602190788 14406 
CLU_3098 CLU_2943 14513 
CLU_3098 CLU_2961 13117 
CLU_3098 CLU_2970 13025 
CLU_3098 CLU_2971 13495 
CLU_3098 CLU_3051 11449 
CLU_3098 CLU_3055 9716 
CLU_3098 CLU_3060 9202 
CLU_3098 CLU_3084 10112 
CLU_3098 CLU_3086 1630 
CLU_3098 CLU_3087 1232 
CLU_3098 CLU_3098 0 
CLU_3098 CLU_3108 5503 
CLU_3098 CLU_3114 5205 
CLU_3098 CLU_3121 17525 
CLU_3098 CLU_3128 19973 
CLU_3098 CLU_3141 19201 
CLU_3098 CLU_3143 18193 
CLU_3098 CLU_3160 18007 
CLU_3098 CLU_3166 15980 
CLU_3098 CLU_3176 16859 
CLU_3098 CLU_3200 16132 
CLU_3098 CLU_3214 16159 
CLU_3098 CLU_7923 6577 
CLU_3099 3118602190990 15510 
CLU_3099 3118602191229 15882 
CLU_3099 3118602190591 15402 
CLU_3099 3118602190567 14746 
CLU_3099 3118602190532 14454 
CLU_3099 3118602190494 15091 
CLU_3099 3118602190869 13229 
CLU_3099 3118602190605 12128 
CLU_3099 3118602190109 12258 
CLU_3099 3118607116306 13597 
CLU_3099 3118602190931 13580 
CLU_3099 3118602190923 11862 
CLU_3099 3118602190893 12457 
CLU_3099 3118602190486 11824 
CLU_3099 3118602190915 11837 
CLU_3099 3118602190222 12832 
CLU_3099 3118604696077 12214 
CLU_3099 3118602191024 12868 
CLU_3099 3118602190478 12936 
CLU_3099 3118602190389 12559 
CLU_3099 3118607110316 10435 
CLU_3099 3118602220261 12878 
CLU_3099 3118602190397 11795 
CLU_3099 3118602190176 11749 
CLU_3099 3118602191059 13336 
CLU_3099 3118602191040 14565 
CLU_3099 3118602190451 12892 
CLU_3099 3118602190206 12564 
CLU_3099 3118602190524 12105 
CLU_3099 3118602190400 12285 
CLU_3099 3118602190966 11005 
CLU_3099 3118602190877 12564 
CLU_3099 3118602190826 4588 
CLU_3099 3118602190729 1692 
CLU_3099 3118602190656 1692 
CLU_3099 3118602190834 2148 
CLU_3099 3118602190710 396 
CLU_3099 3118602190796 818 
CLU_3099 3118602190648 1224 
CLU_3099 3118602190818 4506 
CLU_3099 3118602190885 8553 
CLU_3099 3118607053355 11005 
CLU_3099 3118602190192 21037 
CLU_3099 3118602190214 20235 
CLU_3099 3118602190680 19629 
CLU_3099 3118602190753 16230 
CLU_3099 3118602190141 19119 
CLU_3099 3118602220245 17460 
CLU_3099 3118602190788 15510 
CLU_3099 CLU_2943 15465 
CLU_3099 CLU_2961 13909 
CLU_3099 CLU_2970 13691 
CLU_3099 CLU_2971 14134 
CLU_3099 CLU_3051 12868 
CLU_3099 CLU_3055 11003 
CLU_3099 CLU_3060 10455 
CLU_3099 CLU_3084 11713 
CLU_3099 CLU_3086 3200 
CLU_3099 CLU_3087 2573 
CLU_3099 CLU_3098 1661 
CLU_3099 CLU_3108 5754 
CLU_3099 CLU_3114 6863 
CLU_3099 CLU_3121 18711 
CLU_3099 CLU_3128 21209 
CLU_3099 CLU_3141 20567 
CLU_3099 CLU_3143 19532 
CLU_3099 CLU_3160 19374 
CLU_3099 CLU_3166 17366 
CLU_3099 CLU_3176 18220 
CLU_3099 CLU_3200 17351 
CLU_3099 CLU_3214 17234 
CLU_3099 CLU_7923 7369 
CLU_3100 3118602190990 15937 
CLU_3100 3118602191229 16307 
CLU_3100 3118602190591 15820 
CLU_3100 3118602190567 15141 
CLU_3100 3118602190532 14836 
CLU_3100 3118602190494 15460 
CLU_3100 3118602190869 13626 
CLU_3100 3118602190605 12528 
CLU_3100 3118602190109 12672 
CLU_3100 3118607116306 13935 
CLU_3100 3118602190931 13925 
CLU_3100 3118602190923 12193 
CLU_3100 3118602190893 12755 
CLU_3100 3118602190486 12178 
CLU_3100 3118602190915 12127 
CLU_3100 3118602190222 13148 
CLU_3100 3118604696077 12656 
CLU_3100 3118602191024 13312 
CLU_3100 3118602190478 13379 
CLU_3100 3118602190389 13001 
CLU_3100 3118607110316 10876 
CLU_3100 3118602220261 13321 
CLU_3100 3118602190397 12238 
CLU_3100 3118602190176 12186 
CLU_3100 3118602191059 13777 
CLU_3100 3118602191040 15009 
CLU_3100 3118602190451 13323 
CLU_3100 3118602190206 12991 
CLU_3100 3118602190524 12522 
CLU_3100 3118602190400 12720 
CLU_3100 3118602190966 11426 
CLU_3100 3118602190877 12991 
CLU_3100 3118602190826 4978 
CLU_3100 3118602190729 1902 
CLU_3100 3118602190656 1902 
CLU_3100 3118602190834 2392 
CLU_3100 3118602190710 837 
CLU_3100 3118602190796 1081 
CLU_3100 3118602190648 1358 
CLU_3100 3118602190818 4922 
CLU_3100 3118602190885 8977 
CLU_3100 3118607053355 11426 
CLU_3100 3118602190192 21478 
CLU_3100 3118602190214 20676 
CLU_3100 3118602190680 20072 
CLU_3100 3118602190753 16674 
CLU_3100 3118602190141 19562 
CLU_3100 3118602220245 17900 
CLU_3100 3118602190788 15937 
CLU_3100 CLU_2943 15877 
CLU_3100 CLU_2961 14301 
CLU_3100 CLU_2970 14065 
CLU_3100 CLU_2971 14504 
CLU_3100 CLU_3051 13312 
CLU_3100 CLU_3055 11444 
CLU_3100 CLU_3060 10895 
CLU_3100 CLU_3084 12140 
CLU_3100 CLU_3086 3534 
CLU_3100 CLU_3087 2860 
CLU_3100 CLU_3098 2056 
CLU_3100 CLU_3108 6087 
CLU_3100 CLU_3114 7261 
CLU_3100 CLU_3121 19144 
CLU_3100 CLU_3128 21646 
CLU_3100 CLU_3141 21009 
CLU_3100 CLU_3143 19974 
CLU_3100 CLU_3160 19817 
CLU_3100 CLU_3166 17809 
CLU_3100 CLU_3176 18662 
CLU_3100 CLU_3200 17787 
CLU_3100 CLU_3214 17657 
CLU_3100 CLU_7923 7772 
CLU_3101 3118602190990 12218 
CLU_3101 3118602191229 12661 
CLU_3101 3118602190591 12363 
CLU_3101 3118602190567 12243 
CLU_3101 3118602190532 12223 
CLU_3101 3118602190494 13068 
CLU_3101 3118602190869 10747 
CLU_3101 3118602190605 9668 
CLU_3101 3118602190109 9454 
CLU_3101 3118607116306 12163 
CLU_3101 3118602190931 12036 
CLU_3101 3118602190923 10667 
CLU_3101 3118602190893 11701 
CLU_3101 3118602190486 10262 
CLU_3101 3118602190915 11220 
CLU_3101 3118602190222 11794 
CLU_3101 3118604696077 8402 
CLU_3101 3118602191024 8786 
CLU_3101 3118602190478 8762 
CLU_3101 3118602190389 8318 
CLU_3101 3118607110316 6212 
CLU_3101 3118602220261 9001 
CLU_3101 3118602190397 7644 
CLU_3101 3118602190176 8234 
CLU_3101 3118602191059 9524 
CLU_3101 3118602191040 10501 
CLU_3101 3118602190451 8443 
CLU_3101 3118602190206 8092 
CLU_3101 3118602190524 7600 
CLU_3101 3118602190400 7879 
CLU_3101 3118602190966 6506 
CLU_3101 3118602190877 8092 
CLU_3101 3118602190826 672 
CLU_3101 3118602190729 3572 
CLU_3101 3118602190656 3572 
CLU_3101 3118602190834 3184 
CLU_3101 3118602190710 4118 
CLU_3101 3118602190796 3958 
CLU_3101 3118602190648 4051 
CLU_3101 3118602190818 0 
CLU_3101 3118602190885 5752 
CLU_3101 3118607053355 6506 
CLU_3101 3118602190192 17203 
CLU_3101 3118602190214 16365 
CLU_3101 3118602190680 15582 
CLU_3101 3118602190753 12144 
CLU_3101 3118602190141 14934 
CLU_3101 3118602220245 13698 
CLU_3101 3118602190788 12218 
CLU_3101 CLU_2943 12584 
CLU_3101 CLU_2961 11507 
CLU_3101 CLU_2970 11642 
CLU_3101 CLU_2971 12145 
CLU_3101 CLU_3051 8786 
CLU_3101 CLU_3055 7306 
CLU_3101 CLU_3060 6869 
CLU_3101 CLU_3084 7239 
CLU_3101 CLU_3086 1969 
CLU_3101 CLU_3087 2697 
CLU_3101 CLU_3098 2877 
CLU_3101 CLU_3108 5542 
CLU_3101 CLU_3114 2422 
CLU_3101 CLU_3121 15169 
CLU_3101 CLU_3128 17522 
CLU_3101 CLU_3141 16568 
CLU_3101 CLU_3143 15600 
CLU_3101 CLU_3160 15376 
CLU_3101 CLU_3166 13333 
CLU_3101 CLU_3176 14244 
CLU_3101 CLU_3200 13734 
CLU_3101 CLU_3214 13995 
CLU_3101 CLU_7923 5392 
CLU_3102 3118602190990 15221 
CLU_3102 3118602191229 15626 
CLU_3102 3118602190591 15216 
CLU_3102 3118602190567 14756 
CLU_3102 3118602190532 14556 
CLU_3102 3118602190494 15270 
CLU_3102 3118602190869 13230 
CLU_3102 3118602190605 12124 
CLU_3102 3118602190109 12132 
CLU_3102 3118607116306 13951 
CLU_3102 3118602190931 13900 
CLU_3102 3118602190923 12267 
CLU_3102 3118602190893 13003 
CLU_3102 3118602190486 12114 
CLU_3102 3118602190915 12413 
CLU_3102 3118602190222 13299 
CLU_3102 3118604696077 11672 
CLU_3102 3118602191024 12187 
CLU_3102 3118602190478 12200 
CLU_3102 3118602190389 11778 
CLU_3102 3118607110316 9659 
CLU_3102 3118602220261 12307 
CLU_3102 3118602190397 11070 
CLU_3102 3118602190176 11337 
CLU_3102 3118602191059 12800 
CLU_3102 3118602191040 13901 
CLU_3102 3118602190451 11930 
CLU_3102 3118602190206 11569 
CLU_3102 3118602190524 11026 
CLU_3102 3118602190400 11371 
CLU_3102 3118602190966 9957 
CLU_3102 3118602190877 11569 
CLU_3102 3118602190826 3411 
CLU_3102 3118602190729 319 
CLU_3102 3118602190656 319 
CLU_3102 3118602190834 688 
CLU_3102 3118602190710 1246 
CLU_3102 3118602190796 649 
CLU_3102 3118602190648 559 
CLU_3102 3118602190818 3492 
CLU_3102 3118602190885 8356 
CLU_3102 3118607053355 9957 
CLU_3102 3118602190192 20516 
CLU_3102 3118602190214 19693 
CLU_3102 3118602190680 18986 
CLU_3102 3118602190753 15557 
CLU_3102 3118602190141 18388 
CLU_3102 3118602220245 16967 
CLU_3102 3118602190788 15221 
CLU_3102 CLU_2943 15341 
CLU_3102 CLU_2961 13946 
CLU_3102 CLU_2970 13847 
CLU_3102 CLU_2971 14315 
CLU_3102 CLU_3051 12187 
CLU_3102 CLU_3055 10503 
CLU_3102 CLU_3060 9998 
CLU_3102 CLU_3084 10717 
CLU_3102 CLU_3086 1846 
CLU_3102 CLU_3087 1136 
CLU_3102 CLU_3098 829 
CLU_3102 CLU_3108 6246 
CLU_3102 CLU_3114 5696 
CLU_3102 CLU_3121 18327 
CLU_3102 CLU_3128 20764 
CLU_3102 CLU_3141 19954 
CLU_3102 CLU_3143 18955 
CLU_3102 CLU_3160 18759 
CLU_3102 CLU_3166 16727 
CLU_3102 CLU_3176 17615 
CLU_3102 CLU_3200 16928 
CLU_3102 CLU_3214 16977 
CLU_3102 CLU_7923 7402 
CLU_3103 3118602190990 11484 
CLU_3103 3118602191229 11927 
CLU_3103 3118602190591 11630 
CLU_3103 3118602190567 11531 
CLU_3103 3118602190532 11527 
CLU_3103 3118602190494 12384 
CLU_3103 3118602190869 10040 
CLU_3103 3118602190605 8966 
CLU_3103 3118602190109 8733 
CLU_3103 3118607116306 11534 
CLU_3103 3118602190931 11398 
CLU_3103 3118602190923 10074 
CLU_3103 3118602190893 11149 
CLU_3103 3118602190486 9634 
CLU_3103 3118602190915 10688 
CLU_3103 3118602190222 11209 
CLU_3103 3118604696077 7684 
CLU_3103 3118602191024 8102 
CLU_3103 3118602190478 8096 
CLU_3103 3118602190389 7669 
CLU_3103 3118607110316 5551 
CLU_3103 3118602220261 8290 
CLU_3103 3118602190397 6970 
CLU_3103 3118602190176 7501 
CLU_3103 3118602191059 8808 
CLU_3103 3118602191040 9817 
CLU_3103 3118602190451 7893 
CLU_3103 3118602190206 7565 
CLU_3103 3118602190524 7144 
CLU_3103 3118602190400 7297 
CLU_3103 3118602190966 6027 
CLU_3103 3118602190877 7565 
CLU_3103 3118602190826 1315 
CLU_3103 3118602190729 4219 
CLU_3103 3118602190656 4219 
CLU_3103 3118602190834 3860 
CLU_3103 3118602190710 4604 
CLU_3103 3118602190796 4524 
CLU_3103 3118602190648 4666 
CLU_3103 3118602190818 734 
CLU_3103 3118602190885 5052 
CLU_3103 3118607053355 6027 
CLU_3103 3118602190192 16497 
CLU_3103 3118602190214 15662 
CLU_3103 3118602190680 14902 
CLU_3103 3118602190753 11467 
CLU_3103 3118602190141 14280 
CLU_3103 3118602220245 12983 
CLU_3103 3118602190788 11484 
CLU_3103 CLU_2943 11855 
CLU_3103 CLU_2961 10802 
CLU_3103 CLU_2970 10962 
CLU_3103 CLU_2971 11467 
CLU_3103 CLU_3051 8102 
CLU_3103 CLU_3055 6578 
CLU_3103 CLU_3060 6137 
CLU_3103 CLU_3084 6715 
CLU_3103 CLU_3086 2690 
CLU_3103 CLU_3087 3394 
CLU_3103 CLU_3098 3428 
CLU_3103 CLU_3108 5213 
CLU_3103 CLU_3114 2249 
CLU_3103 CLU_3121 14442 
CLU_3103 CLU_3128 16805 
CLU_3103 CLU_3141 15881 
CLU_3103 CLU_3143 14904 
CLU_3103 CLU_3160 14688 
CLU_3103 CLU_3166 12648 
CLU_3103 CLU_3176 13552 
CLU_3103 CLU_3200 13010 
CLU_3103 CLU_3214 13261 
CLU_3103 CLU_7923 4793 
CLU_3104 3118602190990 15153 
CLU_3104 3118602191229 15529 
CLU_3104 3118602190591 15058 
CLU_3104 3118602190567 14432 
CLU_3104 3118602190532 14156 
CLU_3104 3118602190494 14808 
CLU_3104 3118602190869 12912 
CLU_3104 3118602190605 11810 
CLU_3104 3118602190109 11921 
CLU_3104 3118607116306 13349 
CLU_3104 3118602190931 13324 
CLU_3104 3118602190923 11624 
CLU_3104 3118602190893 12255 
CLU_3104 3118602190486 11560 
CLU_3104 3118602190915 11641 
CLU_3104 3118602190222 12610 
CLU_3104 3118604696077 11831 
CLU_3104 3118602191024 12476 
CLU_3104 3118602190478 12542 
CLU_3104 3118602190389 12164 
CLU_3104 3118607110316 10039 
CLU_3104 3118602220261 12493 
CLU_3104 3118602190397 11401 
CLU_3104 3118602190176 11377 
CLU_3104 3118602191059 12953 
CLU_3104 3118602191040 14175 
CLU_3104 3118602190451 12496 
CLU_3104 3118602190206 12169 
CLU_3104 3118602190524 11715 
CLU_3104 3118602190400 11889 
CLU_3104 3118602190966 10613 
CLU_3104 3118602190877 12169 
CLU_3104 3118602190826 4217 
CLU_3104 3118602190729 1522 
CLU_3104 3118602190656 1522 
CLU_3104 3118602190834 1927 
CLU_3104 3118602190710 0 
CLU_3104 3118602190796 677 
CLU_3104 3118602190648 1166 
CLU_3104 3118602190818 4118 
CLU_3104 3118602190885 8201 
CLU_3104 3118607053355 10613 
CLU_3104 3118602190192 20658 
CLU_3104 3118602190214 19853 
CLU_3104 3118602190680 19241 
CLU_3104 3118602190753 15839 
CLU_3104 3118602190141 18726 
CLU_3104 3118602220245 17082 
CLU_3104 3118602190788 15153 
CLU_3104 CLU_2943 15130 
CLU_3104 CLU_2961 13598 
CLU_3104 CLU_2970 13402 
CLU_3104 CLU_2971 13850 
CLU_3104 CLU_3051 12476 
CLU_3104 CLU_3055 10622 
CLU_3104 CLU_3060 10077 
CLU_3104 CLU_3084 11319 
CLU_3104 CLU_3086 2879 
CLU_3104 CLU_3087 2302 
CLU_3104 CLU_3098 1296 
CLU_3104 CLU_3108 5522 
CLU_3104 CLU_3114 6485 
CLU_3104 CLU_3121 18344 
CLU_3104 CLU_3128 20837 
CLU_3104 CLU_3141 20180 
CLU_3104 CLU_3143 19148 
CLU_3104 CLU_3160 18987 
CLU_3104 CLU_3166 16977 
CLU_3104 CLU_3176 17833 
CLU_3104 CLU_3200 16980 
CLU_3104 CLU_3214 16881 
CLU_3104 CLU_7923 7049 
CLU_3105 3118602190990 13822 
CLU_3105 3118602191229 14243 
CLU_3105 3118602190591 13878 
CLU_3105 3118602190567 13558 
CLU_3105 3118602190532 13433 
CLU_3105 3118602190494 14205 
CLU_3105 3118602190869 12038 
CLU_3105 3118602190605 10936 
CLU_3105 3118602190109 10854 
CLU_3105 3118607116306 13055 
CLU_3105 3118602190931 12971 
CLU_3105 3118602190923 11438 
CLU_3105 3118602190893 12310 
CLU_3105 3118602190486 11177 
CLU_3105 3118602190915 11763 
CLU_3105 3118602190222 12520 
CLU_3105 3118604696077 10159 
CLU_3105 3118602191024 10624 
CLU_3105 3118602190478 10623 
CLU_3105 3118602190389 10192 
CLU_3105 3118607110316 8077 
CLU_3105 3118602220261 10781 
CLU_3105 3118602190397 9496 
CLU_3105 3118602190176 9888 
CLU_3105 3118602191059 11287 
CLU_3105 3118602191040 12339 
CLU_3105 3118602190451 10332 
CLU_3105 3118602190206 9974 
CLU_3105 3118602190524 9449 
CLU_3105 3118602190400 9772 
CLU_3105 3118602190966 8371 
CLU_3105 3118602190877 9974 
CLU_3105 3118602190826 1863 
CLU_3105 3118602190729 1693 
CLU_3105 3118602190656 1693 
CLU_3105 3118602190834 1364 
CLU_3105 3118602190710 2367 
CLU_3105 3118602190796 2094 
CLU_3105 3118602190648 2158 
CLU_3105 3118602190818 1892 
CLU_3105 3118602190885 7075 
CLU_3105 3118607053355 8371 
CLU_3105 3118602190192 18994 
CLU_3105 3118602190214 18164 
CLU_3105 3118602190680 17425 
CLU_3105 3118602190753 13991 
CLU_3105 3118602190141 16805 
CLU_3105 3118602220245 15461 
CLU_3105 3118602190788 13822 
CLU_3105 CLU_2943 14044 
CLU_3105 CLU_2961 12775 
CLU_3105 CLU_2970 12774 
CLU_3105 CLU_2971 13259 
CLU_3105 CLU_3051 10624 
CLU_3105 CLU_3055 9015 
CLU_3105 CLU_3060 8534 
CLU_3105 CLU_3084 9122 
CLU_3105 CLU_3086 763 
CLU_3105 CLU_3087 995 
CLU_3105 CLU_3098 1070 
CLU_3105 CLU_3108 5683 
CLU_3105 CLU_3114 4150 
CLU_3105 CLU_3121 16869 
CLU_3105 CLU_3128 19272 
CLU_3105 CLU_3141 18400 
CLU_3105 CLU_3143 17415 
CLU_3105 CLU_3160 17206 
CLU_3105 CLU_3166 15169 
CLU_3105 CLU_3176 16067 
CLU_3105 CLU_3200 15453 
CLU_3105 CLU_3214 15590 
CLU_3105 CLU_7923 6331 
CLU_3106 3118602190990 10321 
CLU_3106 3118602191229 10828 
CLU_3106 3118602190591 10812 
CLU_3106 3118602190567 11402 
CLU_3106 3118602190532 11710 
CLU_3106 3118602190494 12704 
CLU_3106 3118602190869 10116 
CLU_3106 3118602190605 9231 
CLU_3106 3118602190109 8606 
CLU_3106 3118607116306 12522 
CLU_3106 3118602190931 12298 
CLU_3106 3118602190923 11449 
CLU_3106 3118602190893 12759 
CLU_3106 3118602190486 10740 
CLU_3106 3118602190915 12458 
CLU_3106 3118602190222 12582 
CLU_3106 3118604696077 6106 
CLU_3106 3118602191024 5858 
CLU_3106 3118602190478 5624 
CLU_3106 3118602190389 5058 
CLU_3106 3118607110316 3382 
CLU_3106 3118602220261 6479 
CLU_3106 3118602190397 4711 
CLU_3106 3118602190176 6525 
CLU_3106 3118602191059 7060 
CLU_3106 3118602191040 7447 
CLU_3106 3118602190451 4561 
CLU_3106 3118602190206 4136 
CLU_3106 3118602190524 3481 
CLU_3106 3118602190400 4172 
CLU_3106 3118602190966 2461 
CLU_3106 3118602190877 4136 
CLU_3106 3118602190826 4138 
CLU_3106 3118602190729 7564 
CLU_3106 3118602190656 7564 
CLU_3106 3118602190834 7105 
CLU_3106 3118602190710 8278 
CLU_3106 3118602190796 8075 
CLU_3106 3118602190648 8099 
CLU_3106 3118602190818 4162 
CLU_3106 3118602190885 5936 
CLU_3106 3118607053355 2461 
CLU_3106 3118602190192 14232 
CLU_3106 3118602190214 13366 
CLU_3106 3118602190680 12325 
CLU_3106 3118602190753 8946 
CLU_3106 3118602190141 11459 
CLU_3106 3118602220245 10977 
CLU_3106 3118602190788 10321 
CLU_3106 CLU_2943 11225 
CLU_3106 CLU_2961 10873 
CLU_3106 CLU_2970 11406 
CLU_3106 CLU_2971 11916 
CLU_3106 CLU_3051 5858 
CLU_3106 CLU_3055 5472 
CLU_3106 CLU_3060 5374 
CLU_3106 CLU_3084 3308 
CLU_3106 CLU_3086 5776 
CLU_3106 CLU_3087 6568 
CLU_3106 CLU_3098 7018 
CLU_3106 CLU_3108 8216 
CLU_3106 CLU_3114 1874 
CLU_3106 CLU_3121 12708 
CLU_3106 CLU_3128 14756 
CLU_3106 CLU_3141 13363 
CLU_3106 CLU_3143 12529 
CLU_3106 CLU_3160 12204 
CLU_3106 CLU_3166 10177 
CLU_3106 CLU_3176 11149 
CLU_3106 CLU_3200 11238 
CLU_3106 CLU_3214 12036 
CLU_3106 CLU_7923 6702 
CLU_3107 3118602190990 8918 
CLU_3107 3118602191229 9428 
CLU_3107 3118602190591 9438 
CLU_3107 3118602190567 10125 
CLU_3107 3118602190532 10488 
CLU_3107 3118602190494 11499 
CLU_3107 3118602190869 8897 
CLU_3107 3118602190605 8072 
CLU_3107 3118602190109 7376 
CLU_3107 3118607116306 11479 
CLU_3107 3118602190931 11236 
CLU_3107 3118602190923 10538 
CLU_3107 3118602190893 11897 
CLU_3107 3118602190486 9765 
CLU_3107 3118602190915 11654 
CLU_3107 3118602190222 11648 
CLU_3107 3118604696077 4700 
CLU_3107 3118602191024 4444 
CLU_3107 3118602190478 4232 
CLU_3107 3118602190389 3682 
CLU_3107 3118607110316 1971 
CLU_3107 3118602220261 5058 
CLU_3107 3118602190397 3291 
CLU_3107 3118602190176 5188 
CLU_3107 3118602191059 5639 
CLU_3107 3118602191040 6057 
CLU_3107 3118602190451 3487 
CLU_3107 3118602190206 3145 
CLU_3107 3118602190524 2824 
CLU_3107 3118602190400 2957 
CLU_3107 3118602190966 1684 
CLU_3107 3118602190877 3145 
CLU_3107 3118602190826 5095 
CLU_3107 3118602190729 8501 
CLU_3107 3118602190656 8501 
CLU_3107 3118602190834 8075 
CLU_3107 3118602190710 9024 
CLU_3107 3118602190796 8912 
CLU_3107 3118602190648 9001 
CLU_3107 3118602190818 4956 
CLU_3107 3118602190885 5123 
CLU_3107 3118607053355 1684 
CLU_3107 3118602190192 12855 
CLU_3107 3118602190214 11991 
CLU_3107 3118602190680 10996 
CLU_3107 3118602190753 7590 
CLU_3107 3118602190141 10189 
CLU_3107 3118602220245 9566 
CLU_3107 3118602190788 8918 
CLU_3107 CLU_2943 9872 
CLU_3107 CLU_2961 9641 
CLU_3107 CLU_2970 10246 
CLU_3107 CLU_2971 10750 
CLU_3107 CLU_3051 4444 
CLU_3107 CLU_3055 4146 
CLU_3107 CLU_3060 4126 
CLU_3107 CLU_3084 2295 
CLU_3107 CLU_3086 6768 
CLU_3107 CLU_3087 7553 
CLU_3107 CLU_3098 7823 
CLU_3107 CLU_3108 8051 
CLU_3107 CLU_3114 3024 
CLU_3107 CLU_3121 11287 
CLU_3107 CLU_3128 13356 
CLU_3107 CLU_3141 12025 
CLU_3107 CLU_3143 11163 
CLU_3107 CLU_3160 10856 
CLU_3107 CLU_3166 8819 
CLU_3107 CLU_3176 9783 
CLU_3107 CLU_3200 9817 
CLU_3107 CLU_3214 10623 
CLU_3107 CLU_7923 6177 
CLU_3108 3118602190990 10707 
CLU_3108 3118602191229 10983 
CLU_3108 3118602190591 10352 
CLU_3108 3118602190567 9325 
CLU_3108 3118602190532 8900 
CLU_3108 3118602190494 9442 
CLU_3108 3118602190869 7861 
CLU_3108 3118602190605 6815 
CLU_3108 3118602190109 7209 
CLU_3108 3118607116306 7847 
CLU_3108 3118602190931 7842 
CLU_3108 3118602190923 6108 
CLU_3108 3118602190893 6759 
CLU_3108 3118602190486 6112 
CLU_3108 3118602190915 6167 
CLU_3108 3118602190222 7089 
CLU_3108 3118604696077 8456 
CLU_3108 3118602191024 9568 
CLU_3108 3118602190478 9854 
CLU_3108 3118602190389 9715 
CLU_3108 3118607110316 7900 
CLU_3108 3118602220261 9152 
CLU_3108 3118602190397 8816 
CLU_3108 3118602190176 7584 
CLU_3108 3118602191059 9437 
CLU_3108 3118602191040 11040 
CLU_3108 3118602190451 10850 
CLU_3108 3118602190206 10729 
CLU_3108 3118602190524 10784 
CLU_3108 3118602190400 10086 
CLU_3108 3118602190966 9681 
CLU_3108 3118602190877 10729 
CLU_3108 3118602190826 6185 
CLU_3108 3118602190729 6554 
CLU_3108 3118602190656 6554 
CLU_3108 3118602190834 6620 
CLU_3108 3118602190710 5522 
CLU_3108 3118602190796 6058 
CLU_3108 3118602190648 6531 
CLU_3108 3118602190818 5542 
CLU_3108 3118602190885 4182 
CLU_3108 3118607053355 9681 
CLU_3108 3118602190192 16708 
CLU_3108 3118602190214 15991 
CLU_3108 3118602190680 15746 
CLU_3108 3118602190753 12620 
CLU_3108 3118602190141 15585 
CLU_3108 3118602220245 13164 
CLU_3108 3118602190788 10707 
CLU_3108 CLU_2943 10278 
CLU_3108 CLU_2961 8461 
CLU_3108 CLU_2970 8082 
CLU_3108 CLU_2971 8492 
CLU_3108 CLU_3051 9568 
CLU_3108 CLU_3055 7245 
CLU_3108 CLU_3060 6627 
CLU_3108 CLU_3084 10006 
CLU_3108 CLU_3086 6408 
CLU_3108 CLU_3087 6549 
CLU_3108 CLU_3098 5503 
CLU_3108 CLU_3108 0 
CLU_3108 CLU_3114 7278 
CLU_3108 CLU_3121 14048 
CLU_3108 CLU_3128 16654 
CLU_3108 CLU_3141 16547 
CLU_3108 CLU_3143 15426 
CLU_3108 CLU_3160 15402 
CLU_3108 CLU_3166 13565 
CLU_3108 CLU_3176 14258 
CLU_3108 CLU_3200 12847 
CLU_3108 CLU_3214 12290 
CLU_3108 CLU_7923 2541 
CLU_3109 3118602190990 8459 
CLU_3109 3118602191229 8976 
CLU_3109 3118602190591 9068 
CLU_3109 3118602190567 9938 
CLU_3109 3118602190532 10382 
CLU_3109 3118602190494 11408 
CLU_3109 3118602190869 8806 
CLU_3109 3118602190605 8070 
CLU_3109 3118602190109 7287 
CLU_3109 3118607116306 11574 
CLU_3109 3118602190931 11313 
CLU_3109 3118602190923 10763 
CLU_3109 3118602190893 12153 
CLU_3109 3118602190486 9939 
CLU_3109 3118602190915 11959 
CLU_3109 3118602190222 11845 
CLU_3109 3118604696077 4276 
CLU_3109 3118602191024 3777 
CLU_3109 3118602190478 3488 
CLU_3109 3118602190389 2907 
CLU_3109 3118607110316 1672 
CLU_3109 3118602220261 4523 
CLU_3109 3118602190397 2693 
CLU_3109 3118602190176 4955 
CLU_3109 3118602191059 5098 
CLU_3109 3118602191040 5300 
CLU_3109 3118602190451 2537 
CLU_3109 3118602190206 2203 
CLU_3109 3118602190524 2020 
CLU_3109 3118602190400 2029 
CLU_3109 3118602190966 948 
CLU_3109 3118602190877 2203 
CLU_3109 3118602190826 6040 
CLU_3109 3118602190729 9450 
CLU_3109 3118602190656 9450 
CLU_3109 3118602190834 9022 
CLU_3109 3118602190710 9968 
CLU_3109 3118602190796 9861 
CLU_3109 3118602190648 9951 
CLU_3109 3118602190818 5906 
CLU_3109 3118602190885 5515 
CLU_3109 3118607053355 948 
CLU_3109 3118602190192 12067 
CLU_3109 3118602190214 11200 
CLU_3109 3118602190680 10150 
CLU_3109 3118602190753 6774 
CLU_3109 3118602190141 9299 
CLU_3109 3118602220245 8861 
CLU_3109 3118602190788 8459 
CLU_3109 CLU_2943 9547 
CLU_3109 CLU_2961 9525 
CLU_3109 CLU_2970 10220 
CLU_3109 CLU_2971 10712 
CLU_3109 CLU_3051 3777 
CLU_3109 CLU_3055 3969 
CLU_3109 CLU_3060 4091 
CLU_3109 CLU_3084 1360 
CLU_3109 CLU_3086 7712 
CLU_3109 CLU_3087 8498 
CLU_3109 CLU_3098 8772 
CLU_3109 CLU_3108 8764 
CLU_3109 CLU_3114 3926 
CLU_3109 CLU_3121 10635 
CLU_3109 CLU_3128 12614 
CLU_3109 CLU_3141 11187 
CLU_3109 CLU_3143 10359 
CLU_3109 CLU_3160 10029 
CLU_3109 CLU_3166 8006 
CLU_3109 CLU_3176 8979 
CLU_3109 CLU_3200 9170 
CLU_3109 CLU_3214 10114 
CLU_3109 CLU_7923 6735 
CLU_3110 3118602190990 15699 
CLU_3110 3118602191229 16054 
CLU_3110 3118602190591 15538 
CLU_3110 3118602190567 14781 
CLU_3110 3118602190532 14441 
CLU_3110 3118602190494 15034 
CLU_3110 3118602190869 13274 
CLU_3110 3118602190605 12184 
CLU_3110 3118602190109 12377 
CLU_3110 3118607116306 13450 
CLU_3110 3118602190931 13452 
CLU_3110 3118602190923 11697 
CLU_3110 3118602190893 12210 
CLU_3110 3118602190486 11722 
CLU_3110 3118602190915 11574 
CLU_3110 3118602190222 12627 
CLU_3110 3118604696077 12547 
CLU_3110 3118602191024 13267 
CLU_3110 3118602190478 13362 
CLU_3110 3118602190389 13009 
CLU_3110 3118607110316 10892 
CLU_3110 3118602220261 13222 
CLU_3110 3118602190397 12221 
CLU_3110 3118602190176 12019 
CLU_3110 3118602191059 13660 
CLU_3110 3118602191040 14950 
CLU_3110 3118602190451 13429 
CLU_3110 3118602190206 13118 
CLU_3110 3118602190524 12700 
CLU_3110 3118602190400 12801 
CLU_3110 3118602190966 11588 
CLU_3110 3118602190877 13118 
CLU_3110 3118602190826 5267 
CLU_3110 3118602190729 2469 
CLU_3110 3118602190656 2469 
CLU_3110 3118602190834 2928 
CLU_3110 3118602190710 1072 
CLU_3110 3118602190796 1597 
CLU_3110 3118602190648 1974 
CLU_3110 3118602190818 5126 
CLU_3110 3118602190885 8738 
CLU_3110 3118607053355 11588 
CLU_3110 3118602190192 21334 
CLU_3110 3118602190214 20543 
CLU_3110 3118602190680 19991 
CLU_3110 3118602190753 16615 
CLU_3110 3118602190141 19528 
CLU_3110 3118602220245 17750 
CLU_3110 3118602190788 15699 
CLU_3110 CLU_2943 15569 
CLU_3110 CLU_2961 13932 
CLU_3110 CLU_2970 13652 
CLU_3110 CLU_2971 14079 
CLU_3110 CLU_3051 13267 
CLU_3110 CLU_3055 11321 
CLU_3110 CLU_3060 10755 
CLU_3110 CLU_3084 12270 
CLU_3110 CLU_3086 3949 
CLU_3110 CLU_3087 3347 
CLU_3110 CLU_3098 2362 
CLU_3110 CLU_3108 5612 
CLU_3110 CLU_3114 7519 
CLU_3110 CLU_3121 18940 
CLU_3110 CLU_3128 21467 
CLU_3110 CLU_3141 20911 
CLU_3110 CLU_3143 19860 
CLU_3110 CLU_3160 19722 
CLU_3110 CLU_3166 17730 
CLU_3110 CLU_3176 18565 
CLU_3110 CLU_3200 17605 
CLU_3110 CLU_3214 17401 
CLU_3110 CLU_7923 7450 
CLU_3111 3118602190990 9755 
CLU_3111 3118602191229 10235 
CLU_3111 3118602190591 10076 
CLU_3111 3118602190567 10357 
CLU_3111 3118602190532 10540 
CLU_3111 3118602190494 11492 
CLU_3111 3118602190869 8965 
CLU_3111 3118602190605 7988 
CLU_3111 3118602190109 7509 
CLU_3111 3118607116306 11073 
CLU_3111 3118602190931 10875 
CLU_3111 3118602190923 9873 
CLU_3111 3118602190893 11134 
CLU_3111 3118602190486 9233 
CLU_3111 3118602190915 10791 
CLU_3111 3118602190222 11018 
CLU_3111 3118604696077 5688 
CLU_3111 3118602191024 5876 
CLU_3111 3118602190478 5806 
CLU_3111 3118602190389 5338 
CLU_3111 3118607110316 3262 
CLU_3111 3118602220261 6218 
CLU_3111 3118602190397 4712 
CLU_3111 3118602190176 5774 
CLU_3111 3118602191059 6772 
CLU_3111 3118602191040 7581 
CLU_3111 3118602190451 5490 
CLU_3111 3118602190206 5173 
CLU_3111 3118602190524 4828 
CLU_3111 3118602190400 4894 
CLU_3111 3118602190966 3692 
CLU_3111 3118602190877 5173 
CLU_3111 3118602190826 3254 
CLU_3111 3118602190729 6570 
CLU_3111 3118602190656 6570 
CLU_3111 3118602190834 6172 
CLU_3111 3118602190710 7006 
CLU_3111 3118602190796 6924 
CLU_3111 3118602190648 7045 
CLU_3111 3118602190818 2998 
CLU_3111 3118602190885 4371 
CLU_3111 3118607053355 3692 
CLU_3111 3118602190192 14347 
CLU_3111 3118602190214 13497 
CLU_3111 3118602190680 12642 
CLU_3111 3118602190753 9203 
CLU_3111 3118602190141 11953 
CLU_3111 3118602220245 10906 
CLU_3111 3118602190788 9755 
CLU_3111 CLU_2943 10404 
CLU_3111 CLU_2961 9737 
CLU_3111 CLU_2970 10132 
CLU_3111 CLU_2971 10647 
CLU_3111 CLU_3051 5876 
CLU_3111 CLU_3055 4749 
CLU_3111 CLU_3060 4458 
CLU_3111 CLU_3084 4327 
CLU_3111 CLU_3086 4903 
CLU_3111 CLU_3087 5668 
CLU_3111 CLU_3098 5830 
CLU_3111 CLU_3108 6378 
CLU_3111 CLU_3114 1758 
CLU_3111 CLU_3121 12486 
CLU_3111 CLU_3128 14736 
CLU_3111 CLU_3141 13644 
CLU_3111 CLU_3143 12708 
CLU_3111 CLU_3160 12456 
CLU_3111 CLU_3166 10408 
CLU_3111 CLU_3176 11339 
CLU_3111 CLU_3200 11026 
CLU_3111 CLU_3214 11523 
CLU_3111 CLU_7923 4931 
CLU_3112 3118602190990 8569 
CLU_3112 3118602191229 9052 
CLU_3112 3118602190591 8909 
CLU_3112 3118602190567 9268 
CLU_3112 3118602190532 9501 
CLU_3112 3118602190494 10475 
CLU_3112 3118602190869 7914 
CLU_3112 3118602190605 6979 
CLU_3112 3118602190109 6431 
CLU_3112 3118607116306 10205 
CLU_3112 3118602190931 9987 
CLU_3112 3118602190923 9123 
CLU_3112 3118602190893 10440 
CLU_3112 3118602190486 8414 
CLU_3112 3118602190915 10153 
CLU_3112 3118602190222 10254 
CLU_3112 3118604696077 4500 
CLU_3112 3118602191024 4755 
CLU_3112 3118602190478 4732 
CLU_3112 3118602190389 4309 
CLU_3112 3118607110316 2187 
CLU_3112 3118602220261 5042 
CLU_3112 3118602190397 3610 
CLU_3112 3118602190176 4598 
CLU_3112 3118602191059 5592 
CLU_3112 3118602191040 6469 
CLU_3112 3118602190451 4760 
CLU_3112 3118602190206 4525 
CLU_3112 3118602190524 4420 
CLU_3112 3118602190400 4079 
CLU_3112 3118602190966 3301 
CLU_3112 3118602190877 4525 
CLU_3112 3118602190826 4373 
CLU_3112 3118602190729 7584 
CLU_3112 3118602190656 7584 
CLU_3112 3118602190834 7215 
CLU_3112 3118602190710 7872 
CLU_3112 3118602190796 7861 
CLU_3112 3118602190648 8027 
CLU_3112 3118602190818 4033 
CLU_3112 3118602190885 3616 
CLU_3112 3118607053355 3301 
CLU_3112 3118602190192 13202 
CLU_3112 3118602190214 12357 
CLU_3112 3118602190680 11548 
CLU_3112 3118602190753 8110 
CLU_3112 3118602190141 10915 
CLU_3112 3118602220245 9738 
CLU_3112 3118602190788 8569 
CLU_3112 CLU_2943 9253 
CLU_3112 CLU_2961 8682 
CLU_3112 CLU_2970 9145 
CLU_3112 CLU_2971 9659 
CLU_3112 CLU_3051 4755 
CLU_3112 CLU_3055 3565 
CLU_3112 CLU_3060 3302 
CLU_3112 CLU_3084 3725 
CLU_3112 CLU_3086 5986 
CLU_3112 CLU_3087 6730 
CLU_3112 CLU_3098 6766 
CLU_3112 CLU_3108 6384 
CLU_3112 CLU_3114 2908 
CLU_3112 CLU_3121 11301 
CLU_3112 CLU_3128 13569 
CLU_3112 CLU_3141 12537 
CLU_3112 CLU_3143 11580 
CLU_3112 CLU_3160 11345 
CLU_3112 CLU_3166 9301 
CLU_3112 CLU_3176 10218 
CLU_3112 CLU_3200 9843 
CLU_3112 CLU_3214 10336 
CLU_3112 CLU_7923 4527 
CLU_3113 3118602190990 9464 
CLU_3113 3118602191229 9834 
CLU_3113 3118602190591 9366 
CLU_3113 3118602190567 8863 
CLU_3113 3118602190532 8706 
CLU_3113 3118602190494 9478 
CLU_3113 3118602190869 7338 
CLU_3113 3118602190605 6232 
CLU_3113 3118602190109 6245 
CLU_3113 3118607116306 8429 
CLU_3113 3118602190931 8317 
CLU_3113 3118602190923 6912 
CLU_3113 3118602190893 7966 
CLU_3113 3118602190486 6531 
CLU_3113 3118602190915 7509 
CLU_3113 3118602190222 8040 
CLU_3113 3118604696077 6432 
CLU_3113 3118602191024 7351 
CLU_3113 3118602190478 7559 
CLU_3113 3118602190389 7337 
CLU_3113 3118607110316 5390 
CLU_3113 3118602220261 7126 
CLU_3113 3118602190397 6460 
CLU_3113 3118602190176 5795 
CLU_3113 3118602191059 7513 
CLU_3113 3118602191040 8950 
CLU_3113 3118602190451 8303 
CLU_3113 3118602190206 8148 
CLU_3113 3118602190524 8153 
CLU_3113 3118602190400 7555 
CLU_3113 3118602190966 7042 
CLU_3113 3118602190877 8148 
CLU_3113 3118602190826 4423 
CLU_3113 3118602190729 6144 
CLU_3113 3118602190656 6144 
CLU_3113 3118602190834 6001 
CLU_3113 3118602190710 5696 
CLU_3113 3118602190796 5993 
CLU_3113 3118602190648 6356 
CLU_3113 3118602190818 3754 
CLU_3113 3118602190885 2505 
CLU_3113 3118607053355 7042 
CLU_3113 3118602190192 15117 
CLU_3113 3118602190214 14341 
CLU_3113 3118602190680 13885 
CLU_3113 3118602190753 10592 
CLU_3113 3118602190141 13553 
CLU_3113 3118602220245 11530 
CLU_3113 3118602190788 9464 
CLU_3113 CLU_2943 9458 
CLU_3113 CLU_2961 8064 
CLU_3113 CLU_2970 8047 
CLU_3113 CLU_2971 8535 
CLU_3113 CLU_3051 7351 
CLU_3113 CLU_3055 5188 
CLU_3113 CLU_3060 4591 
CLU_3113 CLU_3084 7400 
CLU_3113 CLU_3086 5278 
CLU_3113 CLU_3087 5721 
CLU_3113 CLU_3098 5069 
CLU_3113 CLU_3108 2646 
CLU_3113 CLU_3114 4901 
CLU_3113 CLU_3121 12691 
CLU_3113 CLU_3128 15222 
CLU_3113 CLU_3141 14766 
CLU_3113 CLU_3143 13688 
CLU_3113 CLU_3160 13587 
CLU_3113 CLU_3166 11643 
CLU_3113 CLU_3176 12428 
CLU_3113 CLU_3200 11360 
CLU_3113 CLU_3214 11186 
CLU_3113 CLU_7923 1646 
CLU_3114 3118602190990 11466 
CLU_3114 3118602191229 11953 
CLU_3114 3118602190591 11818 
CLU_3114 3118602190567 12112 
CLU_3114 3118602190532 12282 
CLU_3114 3118602190494 13225 
CLU_3114 3118602190869 10712 
CLU_3114 3118602190605 9722 
CLU_3114 3118602190109 9264 
CLU_3114 3118607116306 12721 
CLU_3114 3118602190931 12538 
CLU_3114 3118602190923 11443 
CLU_3114 3118602190893 12649 
CLU_3114 3118602190486 10857 
CLU_3114 3118602190915 12262 
CLU_3114 3118602190222 12591 
CLU_3114 3118604696077 7338 
CLU_3114 3118602191024 7359 
CLU_3114 3118602190478 7208 
CLU_3114 3118602190389 6681 
CLU_3114 3118607110316 4749 
CLU_3114 3118602220261 7820 
CLU_3114 3118602190397 6185 
CLU_3114 3118602190176 7506 
CLU_3114 3118602191059 8389 
CLU_3114 3118602191040 9025 
CLU_3114 3118602190451 6403 
CLU_3114 3118602190206 5994 
CLU_3114 3118602190524 5353 
CLU_3114 3118602190400 5955 
CLU_3114 3118602190966 4330 
CLU_3114 3118602190877 5994 
CLU_3114 3118602190826 2289 
CLU_3114 3118602190729 5700 
CLU_3114 3118602190656 5700 
CLU_3114 3118602190834 5235 
CLU_3114 3118602190710 6485 
CLU_3114 3118602190796 6241 
CLU_3114 3118602190648 6242 
CLU_3114 3118602190818 2422 
CLU_3114 3118602190885 6010 
CLU_3114 3118607053355 4330 
CLU_3114 3118602190192 15827 
CLU_3114 3118602190214 14967 
CLU_3114 3118602190680 14011 
CLU_3114 3118602190753 10593 
CLU_3114 3118602190141 13213 
CLU_3114 3118602220245 12461 
CLU_3114 3118602190788 11466 
CLU_3114 CLU_2943 12156 
CLU_3114 CLU_2961 11484 
CLU_3114 CLU_2970 11852 
CLU_3114 CLU_2971 12367 
CLU_3114 CLU_3051 7359 
CLU_3114 CLU_3055 6468 
CLU_3114 CLU_3060 6206 
CLU_3114 CLU_3084 5155 
CLU_3114 CLU_3086 3905 
CLU_3114 CLU_3087 4696 
CLU_3114 CLU_3098 5205 
CLU_3114 CLU_3108 7278 
CLU_3114 CLU_3114 0 
CLU_3114 CLU_3121 14105 
CLU_3114 CLU_3128 16280 
CLU_3114 CLU_3141 15035 
CLU_3114 CLU_3143 14152 
CLU_3114 CLU_3160 13860 
CLU_3114 CLU_3166 11818 
CLU_3114 CLU_3176 12773 
CLU_3114 CLU_3200 12637 
CLU_3114 CLU_3214 13226 
CLU_3114 CLU_7923 6310 
CLU_3115 3118602190990 12278 
CLU_3115 3118602191229 12685 
CLU_3115 3118602190591 12288 
CLU_3115 3118602190567 11911 
CLU_3115 3118602190532 11774 
CLU_3115 3118602190494 12543 
CLU_3115 3118602190869 10389 
CLU_3115 3118602190605 9285 
CLU_3115 3118602190109 9231 
CLU_3115 3118607116306 11411 
CLU_3115 3118602190931 11321 
CLU_3115 3118602190923 9814 
CLU_3115 3118602190893 10729 
CLU_3115 3118602190486 9527 
CLU_3115 3118602190915 10201 
CLU_3115 3118602190222 10908 
CLU_3115 3118604696077 8768 
CLU_3115 3118602191024 9366 
CLU_3115 3118602190478 9425 
CLU_3115 3118602190389 9048 
CLU_3115 3118607110316 6924 
CLU_3115 3118602220261 9417 
CLU_3115 3118602190397 8285 
CLU_3115 3118602190176 8396 
CLU_3115 3118602191059 9895 
CLU_3115 3118602191040 11069 
CLU_3115 3118602190451 9443 
CLU_3115 3118602190206 9141 
CLU_3115 3118602190524 8774 
CLU_3115 3118602190400 8810 
CLU_3115 3118602190966 7647 
CLU_3115 3118602190877 9141 
CLU_3115 3118602190826 2051 
CLU_3115 3118602190729 3150 
CLU_3115 3118602190656 3150 
CLU_3115 3118602190834 2952 
CLU_3115 3118602190710 3116 
CLU_3115 3118602190796 3192 
CLU_3115 3118602190648 3459 
CLU_3115 3118602190818 1524 
CLU_3115 3118602190885 5448 
CLU_3115 3118607053355 7647 
CLU_3115 3118602190192 17611 
CLU_3115 3118602190214 16796 
CLU_3115 3118602190680 16143 
CLU_3115 3118602190753 12733 
CLU_3115 3118602190141 15611 
CLU_3115 3118602220245 14050 
CLU_3115 3118602190788 12278 
CLU_3115 CLU_2943 12432 
CLU_3115 CLU_2961 11122 
CLU_3115 CLU_2970 11112 
CLU_3115 CLU_2971 11597 
CLU_3115 CLU_3051 9366 
CLU_3115 CLU_3055 7581 
CLU_3115 CLU_3060 7063 
CLU_3115 CLU_3084 8298 
CLU_3115 CLU_3086 2264 
CLU_3115 CLU_3087 2654 
CLU_3115 CLU_3098 2139 
CLU_3115 CLU_3108 4249 
CLU_3115 CLU_3114 3859 
CLU_3115 CLU_3121 15386 
CLU_3115 CLU_3128 17835 
CLU_3115 CLU_3141 17093 
CLU_3115 CLU_3143 16074 
CLU_3115 CLU_3160 15899 
CLU_3115 CLU_3166 13880 
CLU_3115 CLU_3176 14748 
CLU_3115 CLU_3200 13993 
CLU_3115 CLU_3214 14036 
CLU_3115 CLU_7923 4671 
CLU_3116 3118602190990 4099 
CLU_3116 3118602191229 3947 
CLU_3116 3118602190591 4769 
CLU_3116 3118602190567 6688 
CLU_3116 3118602190532 7620 
CLU_3116 3118602190494 8109 
CLU_3116 3118602190869 7540 
CLU_3116 3118602190605 8283 
CLU_3116 3118602190109 7621 
CLU_3116 3118607116306 10190 
CLU_3116 3118602190931 9876 
CLU_3116 3118602190923 11149 
CLU_3116 3118602190893 12192 
CLU_3116 3118602190486 10303 
CLU_3116 3118602190915 12589 
CLU_3116 3118602190222 11399 
CLU_3116 3118604696077 7277 
CLU_3116 3118602191024 7192 
CLU_3116 3118602190478 7450 
CLU_3116 3118602190389 8040 
CLU_3116 3118607110316 9765 
CLU_3116 3118602220261 6714 
CLU_3116 3118602190397 8352 
CLU_3116 3118602190176 7569 
CLU_3116 3118602191059 6166 
CLU_3116 3118602191040 5664 
CLU_3116 3118602190451 9296 
CLU_3116 3118602190206 9791 
CLU_3116 3118602190524 10881 
CLU_3116 3118602190400 9223 
CLU_3116 3118602190966 11130 
CLU_3116 3118602190877 9791 
CLU_3116 3118602190826 16100 
CLU_3116 3118602190729 19065 
CLU_3116 3118602190656 19065 
CLU_3116 3118602190834 18772 
CLU_3116 3118602190710 18945 
CLU_3116 3118602190796 19135 
CLU_3116 3118602190648 19414 
CLU_3116 3118602190818 15677 
CLU_3116 3118602190885 10860 
CLU_3116 3118607053355 11130 
CLU_3116 3118602190192 2153 
CLU_3116 3118602190214 1833 
CLU_3116 3118602190680 3055 
CLU_3116 3118602190753 4508 
CLU_3116 3118602190141 4314 
CLU_3116 3118602220245 2076 
CLU_3116 3118602190788 4099 
CLU_3116 CLU_2943 5180 
CLU_3116 CLU_2961 7365 
CLU_3116 CLU_2970 8416 
CLU_3116 CLU_2971 8445 
CLU_3116 CLU_3051 7192 
CLU_3116 CLU_3055 8392 
CLU_3116 CLU_3060 8892 
CLU_3116 CLU_3084 10276 
CLU_3116 CLU_3086 17645 
CLU_3116 CLU_3087 18337 
CLU_3116 CLU_3098 18095 
CLU_3116 CLU_3108 14759 
CLU_3116 CLU_3114 14512 
CLU_3116 CLU_3121 831 
CLU_3116 CLU_3128 1903 
CLU_3116 CLU_3141 2914 
CLU_3116 CLU_3143 2094 
CLU_3116 CLU_3160 2624 
CLU_3116 CLU_3166 3479 
CLU_3116 CLU_3176 2672 
CLU_3116 CLU_3200 1965 
CLU_3116 CLU_3214 2955 
CLU_3116 CLU_7923 12332 
CLU_3117 3118602190990 4237 
CLU_3117 3118602191229 4146 
CLU_3117 3118602190591 4995 
CLU_3117 3118602190567 6976 
CLU_3117 3118602190532 7920 
CLU_3117 3118602190494 8455 
CLU_3117 3118602190869 7745 
CLU_3117 3118602190605 8436 
CLU_3117 3118602190109 7725 
CLU_3117 3118607116306 10495 
CLU_3117 3118602190931 10176 
CLU_3117 3118602190923 11392 
CLU_3117 3118602190893 12471 
CLU_3117 3118602190486 10525 
CLU_3117 3118602190915 12849 
CLU_3117 3118602190222 11685 
CLU_3117 3118604696077 7134 
CLU_3117 3118602191024 6953 
CLU_3117 3118602190478 7181 
CLU_3117 3118602190389 7762 
CLU_3117 3118607110316 9551 
CLU_3117 3118602220261 6542 
CLU_3117 3118602190397 8122 
CLU_3117 3118602190176 7505 
CLU_3117 3118602191059 6011 
CLU_3117 3118602191040 5372 
CLU_3117 3118602190451 8946 
CLU_3117 3118602190206 9444 
CLU_3117 3118602190524 10532 
CLU_3117 3118602190400 8907 
CLU_3117 3118602190966 10823 
CLU_3117 3118602190877 9444 
CLU_3117 3118602190826 15941 
CLU_3117 3118602190729 18955 
CLU_3117 3118602190656 18955 
CLU_3117 3118602190834 18651 
CLU_3117 3118602190710 18877 
CLU_3117 3118602190796 19049 
CLU_3117 3118602190648 19316 
CLU_3117 3118602190818 15535 
CLU_3117 3118602190885 10848 
CLU_3117 3118607053355 10823 
CLU_3117 3118602190192 1936 
CLU_3117 3118602190214 1438 
CLU_3117 3118602190680 2538 
CLU_3117 3118602190753 4122 
CLU_3117 3118602190141 3788 
CLU_3117 3118602220245 1843 
CLU_3117 3118602190788 4237 
CLU_3117 CLU_2943 5452 
CLU_3117 CLU_2961 7617 
CLU_3117 CLU_2970 8692 
CLU_3117 CLU_2971 8747 
CLU_3117 CLU_3051 6953 
CLU_3117 CLU_3055 8283 
CLU_3117 CLU_3060 8804 
CLU_3117 CLU_3084 9957 
CLU_3117 CLU_3086 17505 
CLU_3117 CLU_3087 18208 
CLU_3117 CLU_3098 17999 
CLU_3117 CLU_3108 14806 
CLU_3117 CLU_3114 14301 
CLU_3117 CLU_3121 1209 
CLU_3117 CLU_3128 1987 
CLU_3117 CLU_3141 2469 
CLU_3117 CLU_3143 1580 
CLU_3117 CLU_3160 2100 
CLU_3117 CLU_3166 3039 
CLU_3117 CLU_3176 2186 
CLU_3117 CLU_3200 1958 
CLU_3117 CLU_3214 3279 
CLU_3117 CLU_7923 12352 
CLU_3118 3118602190990 4522 
CLU_3118 3118602191229 4318 
CLU_3118 3118602190591 5103 
CLU_3118 3118602190567 6939 
CLU_3118 3118602190532 7851 
CLU_3118 3118602190494 8275 
CLU_3118 3118602190869 7879 
CLU_3118 3118602190605 8669 
CLU_3118 3118602190109 8048 
CLU_3118 3118607116306 10406 
CLU_3118 3118602190931 10099 
CLU_3118 3118602190923 11438 
CLU_3118 3118602190893 12435 
CLU_3118 3118602190486 10616 
CLU_3118 3118602190915 12856 
CLU_3118 3118602190222 11635 
CLU_3118 3118604696077 7845 
CLU_3118 3118602191024 7783 
CLU_3118 3118602190478 8044 
CLU_3118 3118602190389 8634 
CLU_3118 3118607110316 10351 
CLU_3118 3118602220261 7291 
CLU_3118 3118602190397 8940 
CLU_3118 3118602190176 8104 
CLU_3118 3118602191059 6739 
CLU_3118 3118602191040 6259 
CLU_3118 3118602190451 9887 
CLU_3118 3118602190206 10382 
CLU_3118 3118602190524 11472 
CLU_3118 3118602190400 9818 
CLU_3118 3118602190966 11725 
CLU_3118 3118602190877 10382 
CLU_3118 3118602190826 16668 
CLU_3118 3118602190729 19613 
CLU_3118 3118602190656 19613 
CLU_3118 3118602190834 19325 
CLU_3118 3118602190710 19474 
CLU_3118 3118602190796 19672 
CLU_3118 3118602190648 19956 
CLU_3118 3118602190818 16239 
CLU_3118 3118602190885 11362 
CLU_3118 3118607053355 11725 
CLU_3118 3118602190192 1998 
CLU_3118 3118602190214 1931 
CLU_3118 3118602190680 3366 
CLU_3118 3118602190753 5088 
CLU_3118 3118602190141 4698 
CLU_3118 3118602220245 2671 
CLU_3118 3118602190788 4522 
CLU_3118 CLU_2943 5461 
CLU_3118 CLU_2961 7654 
CLU_3118 CLU_2970 8675 
CLU_3118 CLU_2971 8670 
CLU_3118 CLU_3051 7783 
CLU_3118 CLU_3055 8946 
CLU_3118 CLU_3060 9436 
CLU_3118 CLU_3084 10870 
CLU_3118 CLU_3086 18207 
CLU_3118 CLU_3087 18894 
CLU_3118 CLU_3098 18637 
CLU_3118 CLU_3108 15218 
CLU_3118 CLU_3114 15096 
CLU_3118 CLU_3121 1172 
CLU_3118 CLU_3128 1453 
CLU_3118 CLU_3141 3040 
CLU_3118 CLU_3143 2409 
CLU_3118 CLU_3160 2972 
CLU_3118 CLU_3166 4032 
CLU_3118 CLU_3176 3183 
CLU_3118 CLU_3200 2508 
CLU_3118 CLU_3214 3206 
CLU_3118 CLU_7923 12813 
CLU_3119 3118602190990 4806 
CLU_3119 3118602191229 4612 
CLU_3119 3118602190591 5402 
CLU_3119 3118602190567 7243 
CLU_3119 3118602190532 8155 
CLU_3119 3118602190494 8575 
CLU_3119 3118602190869 8178 
CLU_3119 3118602190605 8962 
CLU_3119 3118602190109 8333 
CLU_3119 3118607116306 10709 
CLU_3119 3118602190931 10403 
CLU_3119 3118602190923 11741 
CLU_3119 3118602190893 12739 
CLU_3119 3118602190486 10918 
CLU_3119 3118602190915 13160 
CLU_3119 3118602190222 11939 
CLU_3119 3118604696077 8056 
CLU_3119 3118602191024 7953 
CLU_3119 3118602190478 8199 
CLU_3119 3118602190389 8785 
CLU_3119 3118607110316 10534 
CLU_3119 3118602220261 7490 
CLU_3119 3118602190397 9116 
CLU_3119 3118602190176 8344 
CLU_3119 3118602191059 6944 
CLU_3119 3118602191040 6401 
CLU_3119 3118602190451 9995 
CLU_3119 3118602190206 10492 
CLU_3119 3118602190524 11581 
CLU_3119 3118602190400 9947 
CLU_3119 3118602190966 11860 
CLU_3119 3118602190877 10492 
CLU_3119 3118602190826 16878 
CLU_3119 3118602190729 19844 
CLU_3119 3118602190656 19844 
CLU_3119 3118602190834 19551 
CLU_3119 3118602190710 19719 
CLU_3119 3118602190796 19911 
CLU_3119 3118602190648 20191 
CLU_3119 3118602190818 16457 
CLU_3119 3118602190885 11622 
CLU_3119 3118607053355 11860 
CLU_3119 3118602190192 1714 
CLU_3119 3118602190214 1730 
CLU_3119 3118602190680 3237 
CLU_3119 3118602190753 5173 
CLU_3119 3118602190141 4600 
CLU_3119 3118602220245 2830 
CLU_3119 3118602190788 4806 
CLU_3119 CLU_2943 5763 
CLU_3119 CLU_2961 7957 
CLU_3119 CLU_2970 8978 
CLU_3119 CLU_2971 8974 
CLU_3119 CLU_3051 7953 
CLU_3119 CLU_3055 9172 
CLU_3119 CLU_3060 9670 
CLU_3119 CLU_3084 10998 
CLU_3119 CLU_3086 18425 
CLU_3119 CLU_3087 19117 
CLU_3119 CLU_3098 18872 
CLU_3119 CLU_3108 15495 
CLU_3119 CLU_3114 15283 
CLU_3119 CLU_3121 1459 
CLU_3119 CLU_3128 1163 
CLU_3119 CLU_3141 2831 
CLU_3119 CLU_3143 2296 
CLU_3119 CLU_3160 2869 
CLU_3119 CLU_3166 4078 
CLU_3119 CLU_3176 3190 
CLU_3119 CLU_3200 2740 
CLU_3119 CLU_3214 3509 
CLU_3119 CLU_7923 13082 
CLU_3120 3118602190990 5475 
CLU_3120 3118602191229 5318 
CLU_3120 3118602190591 6128 
CLU_3120 3118602190567 8004 
CLU_3120 3118602190532 8922 
CLU_3120 3118602190494 9355 
CLU_3120 3118602190869 8904 
CLU_3120 3118602190605 9658 
CLU_3120 3118602190109 8995 
CLU_3120 3118607116306 11481 
CLU_3120 3118602190931 11173 
CLU_3120 3118602190923 12491 
CLU_3120 3118602190893 13505 
CLU_3120 3118602190486 11657 
CLU_3120 3118602190915 13918 
CLU_3120 3118602190222 12706 
CLU_3120 3118604696077 8490 
CLU_3120 3118602191024 8270 
CLU_3120 3118602190478 8473 
CLU_3120 3118602190389 9046 
CLU_3120 3118607110316 10880 
CLU_3120 3118602220261 7892 
CLU_3120 3118602190397 9443 
CLU_3120 3118602190176 8861 
CLU_3120 3118602191059 7366 
CLU_3120 3118602191040 6653 
CLU_3120 3118602190451 10133 
CLU_3120 3118602190206 10635 
CLU_3120 3118602190524 11716 
CLU_3120 3118602190400 10145 
CLU_3120 3118602190966 12067 
CLU_3120 3118602190877 10635 
CLU_3120 3118602190826 17291 
CLU_3120 3118602190729 20314 
CLU_3120 3118602190656 20314 
CLU_3120 3118602190834 20009 
CLU_3120 3118602190710 20236 
CLU_3120 3118602190796 20408 
CLU_3120 3118602190648 20676 
CLU_3120 3118602190818 16890 
CLU_3120 3118602190885 12191 
CLU_3120 3118607053355 12067 
CLU_3120 3118602190192 950 
CLU_3120 3118602190214 1219 
CLU_3120 3118602190680 2843 
CLU_3120 3118602190753 5289 
CLU_3120 3118602190141 4257 
CLU_3120 3118602220245 3191 
CLU_3120 3118602190788 5475 
CLU_3120 CLU_2943 6514 
CLU_3120 CLU_2961 8706 
CLU_3120 CLU_2970 9738 
CLU_3120 CLU_2971 9743 
CLU_3120 CLU_3051 8270 
CLU_3120 CLU_3055 9643 
CLU_3120 CLU_3060 10163 
CLU_3120 CLU_3084 11188 
CLU_3120 CLU_3086 18860 
CLU_3120 CLU_3087 19564 
CLU_3120 CLU_3098 19359 
CLU_3120 CLU_3108 16120 
CLU_3120 CLU_3114 15627 
CLU_3120 CLU_3121 2169 
CLU_3120 CLU_3128 663 
CLU_3120 CLU_3141 2236 
CLU_3120 CLU_3143 1997 
CLU_3120 CLU_3160 2559 
CLU_3120 CLU_3166 4116 
CLU_3120 CLU_3176 3157 
CLU_3120 CLU_3200 3286 
CLU_3120 CLU_3214 4266 
CLU_3120 CLU_7923 13682 
CLU_3121 3118602190990 3350 
CLU_3121 3118602191229 3156 
CLU_3121 3118602190591 3959 
CLU_3121 3118602190567 5858 
CLU_3121 3118602190532 6789 
CLU_3121 3118602190494 7281 
CLU_3121 3118602190869 6734 
CLU_3121 3118602190605 7504 
CLU_3121 3118602190109 6876 
CLU_3121 3118607116306 9359 
CLU_3121 3118602190931 9045 
CLU_3121 3118602190923 10328 
CLU_3121 3118602190893 11362 
CLU_3121 3118602190486 9488 
CLU_3121 3118602190915 11763 
CLU_3121 3118602190222 10568 
CLU_3121 3118604696077 6801 
CLU_3121 3118602191024 6861 
CLU_3121 3118602190478 7169 
CLU_3121 3118602190389 7767 
CLU_3121 3118607110316 9377 
CLU_3121 3118602220261 6284 
CLU_3121 3118602190397 7996 
CLU_3121 3118602190176 6990 
CLU_3121 3118602191059 5717 
CLU_3121 3118602191040 5442 
CLU_3121 3118602190451 9154 
CLU_3121 3118602190206 9638 
CLU_3121 3118602190524 10728 
CLU_3121 3118602190400 9012 
CLU_3121 3118602190966 10894 
CLU_3121 3118602190877 9638 
CLU_3121 3118602190826 15613 
CLU_3121 3118602190729 18512 
CLU_3121 3118602190656 18512 
CLU_3121 3118602190834 18233 
CLU_3121 3118602190710 18344 
CLU_3121 3118602190796 18553 
CLU_3121 3118602190648 18845 
CLU_3121 3118602190818 15169 
CLU_3121 3118602190885 10211 
CLU_3121 3118607053355 10894 
CLU_3121 3118602190192 2983 
CLU_3121 3118602190214 2630 
CLU_3121 3118602190680 3679 
CLU_3121 3118602190753 4498 
CLU_3121 3118602190141 4820 
CLU_3121 3118602220245 1920 
CLU_3121 3118602190788 3350 
CLU_3121 CLU_2943 4354 
CLU_3121 CLU_2961 6542 
CLU_3121 CLU_2970 7588 
CLU_3121 CLU_2971 7614 
CLU_3121 CLU_3051 6861 
CLU_3121 CLU_3055 7864 
CLU_3121 CLU_3060 8335 
CLU_3121 CLU_3084 10064 
CLU_3121 CLU_3086 17132 
CLU_3121 CLU_3087 17810 
CLU_3121 CLU_3098 17525 
CLU_3121 CLU_3108 14048 
CLU_3121 CLU_3114 14105 
CLU_3121 CLU_3121 0 
CLU_3121 CLU_3128 2621 
CLU_3121 CLU_3141 3678 
CLU_3121 CLU_3143 2746 
CLU_3121 CLU_3160 3219 
CLU_3121 CLU_3166 3631 
CLU_3121 CLU_3176 2990 
CLU_3121 CLU_3200 1471 
CLU_3121 CLU_3214 2124 
CLU_3121 CLU_7923 11649 
CLU_3122 3118602190990 3115 
CLU_3122 3118602191229 2918 
CLU_3122 3118602190591 3721 
CLU_3122 3118602190567 5629 
CLU_3122 3118602190532 6562 
CLU_3122 3118602190494 7066 
CLU_3122 3118602190869 6497 
CLU_3122 3118602190605 7267 
CLU_3122 3118602190109 6641 
CLU_3122 3118607116306 9134 
CLU_3122 3118602190931 8819 
CLU_3122 3118602190923 10093 
CLU_3122 3118602190893 11133 
CLU_3122 3118602190486 9252 
CLU_3122 3118602190915 11531 
CLU_3122 3118602190222 10340 
CLU_3122 3118604696077 6618 
CLU_3122 3118602191024 6712 
CLU_3122 3118602190478 7032 
CLU_3122 3118602190389 7632 
CLU_3122 3118607110316 9211 
CLU_3122 3118602220261 6112 
CLU_3122 3118602190397 7840 
CLU_3122 3118602190176 6783 
CLU_3122 3118602191059 5542 
CLU_3122 3118602191040 5326 
CLU_3122 3118602190451 9051 
CLU_3122 3118602190206 9532 
CLU_3122 3118602190524 10620 
CLU_3122 3118602190400 8891 
CLU_3122 3118602190966 10764 
CLU_3122 3118602190877 9532 
CLU_3122 3118602190826 15423 
CLU_3122 3118602190729 18307 
CLU_3122 3118602190656 18307 
CLU_3122 3118602190834 18031 
CLU_3122 3118602190710 18129 
CLU_3122 3118602190796 18343 
CLU_3122 3118602190648 18637 
CLU_3122 3118602190818 14974 
CLU_3122 3118602190885 9989 
CLU_3122 3118607053355 10764 
CLU_3122 3118602190192 3212 
CLU_3122 3118602190214 2833 
CLU_3122 3118602190680 3818 
CLU_3122 3118602190753 4445 
CLU_3122 3118602190141 4917 
CLU_3122 3118602220245 1861 
CLU_3122 3118602190788 3115 
CLU_3122 CLU_2943 4121 
CLU_3122 CLU_2961 6308 
CLU_3122 CLU_2970 7357 
CLU_3122 CLU_2971 7388 
CLU_3122 CLU_3051 6712 
CLU_3122 CLU_3055 7667 
CLU_3122 CLU_3060 8132 
CLU_3122 CLU_3084 9942 
CLU_3122 CLU_3086 16936 
CLU_3122 CLU_3087 17610 
CLU_3122 CLU_3098 17317 
CLU_3122 CLU_3108 13816 
CLU_3122 CLU_3114 13932 
CLU_3122 CLU_3121 238 
CLU_3122 CLU_3128 2858 
CLU_3122 CLU_3141 3865 
CLU_3122 CLU_3143 2901 
CLU_3122 CLU_3160 3352 
CLU_3122 CLU_3166 3631 
CLU_3122 CLU_3176 3045 
CLU_3122 CLU_3200 1319 
CLU_3122 CLU_3214 1900 
CLU_3122 CLU_7923 11422 
CLU_3123 3118602190990 5122 
CLU_3123 3118602191229 4803 
CLU_3123 3118602190591 5462 
CLU_3123 3118602190567 7042 
CLU_3123 3118602190532 7887 
CLU_3123 3118602190494 8150 
CLU_3123 3118602190869 8176 
CLU_3123 3118602190605 9073 
CLU_3123 3118602190109 8575 
CLU_3123 3118607116306 10366 
CLU_3123 3118602190931 10080 
CLU_3123 3118602190923 11564 
CLU_3123 3118602190893 12442 
CLU_3123 3118602190486 10810 
CLU_3123 3118602190915 12915 
CLU_3123 3118602190222 11631 
CLU_3123 3118604696077 8827 
CLU_3123 3118602191024 8899 
CLU_3123 3118602190478 9198 
CLU_3123 3118602190389 9794 
CLU_3123 3118607110316 11418 
CLU_3123 3118602220261 8322 
CLU_3123 3118602190397 10037 
CLU_3123 3118602190176 8956 
CLU_3123 3118602191059 7753 
CLU_3123 3118602191040 7448 
CLU_3123 3118602190451 11125 
CLU_3123 3118602190206 11616 
CLU_3123 3118602190524 12707 
CLU_3123 3118602190400 11019 
CLU_3123 3118602190966 12912 
CLU_3123 3118602190877 11616 
CLU_3123 3118602190826 17624 
CLU_3123 3118602190729 20475 
CLU_3123 3118602190656 20475 
CLU_3123 3118602190834 20208 
CLU_3123 3118602190710 20258 
CLU_3123 3118602190796 20490 
CLU_3123 3118602190648 20794 
CLU_3123 3118602190818 17168 
CLU_3123 3118602190885 12080 
CLU_3123 3118607053355 12912 
CLU_3123 3118602190192 2763 
CLU_3123 3118602190214 3030 
CLU_3123 3118602190680 4590 
CLU_3123 3118602190753 6366 
CLU_3123 3118602190141 5963 
CLU_3123 3118602220245 3867 
CLU_3123 3118602190788 5122 
CLU_3123 CLU_2943 5679 
CLU_3123 CLU_2961 7833 
CLU_3123 CLU_2970 8759 
CLU_3123 CLU_2971 8676 
CLU_3123 CLU_3051 8899 
CLU_3123 CLU_3055 9863 
CLU_3123 CLU_3060 10313 
CLU_3123 CLU_3084 12072 
CLU_3123 CLU_3086 19127 
CLU_3123 CLU_3087 19794 
CLU_3123 CLU_3098 19475 
CLU_3123 CLU_3108 15784 
CLU_3123 CLU_3114 16142 
CLU_3123 CLU_3121 2041 
CLU_3123 CLU_3128 1713 
CLU_3123 CLU_3141 4094 
CLU_3123 CLU_3143 3658 
CLU_3123 CLU_3160 4231 
CLU_3123 CLU_3166 5343 
CLU_3123 CLU_3176 4503 
CLU_3123 CLU_3200 3512 
CLU_3123 CLU_3214 3503 
CLU_3123 CLU_7923 13454 
CLU_3124 3118602190990 5879 
CLU_3124 3118602191229 5644 
CLU_3124 3118602190591 6393 
CLU_3124 3118602190567 8127 
CLU_3124 3118602190532 9008 
CLU_3124 3118602190494 9339 
CLU_3124 3118602190869 9158 
CLU_3124 3118602190605 9988 
CLU_3124 3118602190109 9400 
CLU_3124 3118607116306 11527 
CLU_3124 3118602190931 11232 
CLU_3124 3118602190923 12650 
CLU_3124 3118602190893 13587 
CLU_3124 3118602190486 11858 
CLU_3124 3118602190915 14036 
CLU_3124 3118602190222 12779 
CLU_3124 3118604696077 9202 
CLU_3124 3118602191024 9077 
CLU_3124 3118602190478 9309 
CLU_3124 3118602190389 9890 
CLU_3124 3118607110316 11667 
CLU_3124 3118602220261 8633 
CLU_3124 3118602190397 10243 
CLU_3124 3118602190176 9485 
CLU_3124 3118602191059 8088 
CLU_3124 3118602191040 7499 
CLU_3124 3118602190451 11040 
CLU_3124 3118602190206 11541 
CLU_3124 3118602190524 12626 
CLU_3124 3118602190400 11025 
CLU_3124 3118602190966 12943 
CLU_3124 3118602190877 11541 
CLU_3124 3118602190826 18023 
CLU_3124 3118602190729 20989 
CLU_3124 3118602190656 20989 
CLU_3124 3118602190834 20697 
CLU_3124 3118602190710 20857 
CLU_3124 3118602190796 21053 
CLU_3124 3118602190648 21335 
CLU_3124 3118602190818 17603 
CLU_3124 3118602190885 12745 
CLU_3124 3118607053355 12943 
CLU_3124 3118602190192 1626 
CLU_3124 3118602190214 2157 
CLU_3124 3118602190680 3787 
CLU_3124 3118602190753 6199 
CLU_3124 3118602190141 5207 
CLU_3124 3118602220245 3956 
CLU_3124 3118602190788 5879 
CLU_3124 CLU_2943 6695 
CLU_3124 CLU_2961 8882 
CLU_3124 CLU_2970 9860 
CLU_3124 CLU_2971 9813 
CLU_3124 CLU_3051 9077 
CLU_3124 CLU_3055 10318 
CLU_3124 CLU_3060 10814 
CLU_3124 CLU_3084 12073 
CLU_3124 CLU_3086 19571 
CLU_3124 CLU_3087 20263 
CLU_3124 CLU_3098 20016 
CLU_3124 CLU_3108 16585 
CLU_3124 CLU_3114 16417 
CLU_3124 CLU_3121 2540 
CLU_3124 CLU_3128 469 
CLU_3124 CLU_3141 3085 
CLU_3124 CLU_3143 2963 
CLU_3124 CLU_3160 3522 
CLU_3124 CLU_3166 5049 
CLU_3124 CLU_3176 4104 
CLU_3124 CLU_3200 3884 
CLU_3124 CLU_3214 4450 
CLU_3124 CLU_7923 14190 
CLU_3125 3118602190990 6188 
CLU_3125 3118602191229 6043 
CLU_3125 3118602190591 6858 
CLU_3125 3118602190567 8736 
CLU_3125 3118602190532 9653 
CLU_3125 3118602190494 10076 
CLU_3125 3118602190869 9632 
CLU_3125 3118602190605 10378 
CLU_3125 3118602190109 9701 
CLU_3125 3118607116306 12209 
CLU_3125 3118602190931 11902 
CLU_3125 3118602190923 13223 
CLU_3125 3118602190893 14236 
CLU_3125 3118602190486 12388 
CLU_3125 3118602190915 14650 
CLU_3125 3118602190222 13436 
CLU_3125 3118604696077 9072 
CLU_3125 3118602191024 8774 
CLU_3125 3118602190478 8945 
CLU_3125 3118602190389 9506 
CLU_3125 3118607110316 11395 
CLU_3125 3118602220261 8456 
CLU_3125 3118602190397 9949 
CLU_3125 3118602190176 9494 
CLU_3125 3118602191059 7944 
CLU_3125 3118602191040 7120 
CLU_3125 3118602190451 10493 
CLU_3125 3118602190206 10996 
CLU_3125 3118602190524 12068 
CLU_3125 3118602190400 10552 
CLU_3125 3118602190966 12474 
CLU_3125 3118602190877 10996 
CLU_3125 3118602190826 17843 
CLU_3125 3118602190729 20905 
CLU_3125 3118602190656 20905 
CLU_3125 3118602190834 20591 
CLU_3125 3118602190710 20856 
CLU_3125 3118602190796 21016 
CLU_3125 3118602190648 21276 
CLU_3125 3118602190818 17457 
CLU_3125 3118602190885 12849 
CLU_3125 3118607053355 12474 
CLU_3125 3118602190192 512 
CLU_3125 3118602190214 1276 
CLU_3125 3118602190680 2832 
CLU_3125 3118602190753 5670 
CLU_3125 3118602190141 4243 
CLU_3125 3118602220245 3776 
CLU_3125 3118602190788 6188 
CLU_3125 CLU_2943 7246 
CLU_3125 CLU_2961 9438 
CLU_3125 CLU_2970 10470 
CLU_3125 CLU_2971 10473 
CLU_3125 CLU_3051 8774 
CLU_3125 CLU_3055 10245 
CLU_3125 CLU_3060 10779 
CLU_3125 CLU_3084 11585 
CLU_3125 CLU_3086 19426 
CLU_3125 CLU_3087 20139 
CLU_3125 CLU_3098 19961 
CLU_3125 CLU_3108 16806 
CLU_3125 CLU_3114 16132 
CLU_3125 CLU_3121 2899 
CLU_3125 CLU_3128 678 
CLU_3125 CLU_3141 2000 
CLU_3125 CLU_3143 2160 
CLU_3125 CLU_3160 2659 
CLU_3125 CLU_3166 4458 
CLU_3125 CLU_3176 3475 
CLU_3125 CLU_3200 3959 
CLU_3125 CLU_3214 4997 
CLU_3125 CLU_7923 14355 
CLU_3126 3118602190990 6026 
CLU_3126 3118602191229 5886 
CLU_3126 3118602190591 6706 
CLU_3126 3118602190567 8596 
CLU_3126 3118602190532 9517 
CLU_3126 3118602190494 9952 
CLU_3126 3118602190869 9479 
CLU_3126 3118602190605 10218 
CLU_3126 3118602190109 9536 
CLU_3126 3118607116306 12077 
CLU_3126 3118602190931 11768 
CLU_3126 3118602190923 13078 
CLU_3126 3118602190893 14098 
CLU_3126 3118602190486 12238 
CLU_3126 3118602190915 14508 
CLU_3126 3118602190222 13300 
CLU_3126 3118604696077 8894 
CLU_3126 3118602191024 8599 
CLU_3126 3118602190478 8771 
CLU_3126 3118602190389 9333 
CLU_3126 3118607110316 11218 
CLU_3126 3118602220261 8278 
CLU_3126 3118602190397 9773 
CLU_3126 3118602190176 9317 
CLU_3126 3118602191059 7767 
CLU_3126 3118602191040 6946 
CLU_3126 3118602190451 10329 
CLU_3126 3118602190206 10833 
CLU_3126 3118602190524 11906 
CLU_3126 3118602190400 10384 
CLU_3126 3118602190966 12306 
CLU_3126 3118602190877 10833 
CLU_3126 3118602190826 17665 
CLU_3126 3118602190729 20727 
CLU_3126 3118602190656 20727 
CLU_3126 3118602190834 20413 
CLU_3126 3118602190710 20679 
CLU_3126 3118602190796 20838 
CLU_3126 3118602190648 21098 
CLU_3126 3118602190818 17279 
CLU_3126 3118602190885 12674 
CLU_3126 3118607053355 12306 
CLU_3126 3118602190192 457 
CLU_3126 3118602190214 1131 
CLU_3126 3118602190680 2715 
CLU_3126 3118602190753 5503 
CLU_3126 3118602190141 4131 
CLU_3126 3118602220245 3598 
CLU_3126 3118602190788 6026 
CLU_3126 CLU_2943 7102 
CLU_3126 CLU_2961 9292 
CLU_3126 CLU_2970 10330 
CLU_3126 CLU_2971 10338 
CLU_3126 CLU_3051 8599 
CLU_3126 CLU_3055 10067 
CLU_3126 CLU_3060 10601 
CLU_3126 CLU_3084 11418 
CLU_3126 CLU_3086 19248 
CLU_3126 CLU_3087 19961 
CLU_3126 CLU_3098 19783 
CLU_3126 CLU_3108 16635 
CLU_3126 CLU_3114 15957 
CLU_3126 CLU_3121 2750 
CLU_3126 CLU_3128 706 
CLU_3126 CLU_3141 1927 
CLU_3126 CLU_3143 2011 
CLU_3126 CLU_3160 2522 
CLU_3126 CLU_3166 4294 
CLU_3126 CLU_3176 3312 
CLU_3126 CLU_3200 3787 
CLU_3126 CLU_3214 4857 
CLU_3126 CLU_7923 14182 
CLU_3127 3118602190990 5816 
CLU_3127 3118602191229 5659 
CLU_3127 3118602190591 6468 
CLU_3127 3118602190567 8337 
CLU_3127 3118602190532 9252 
CLU_3127 3118602190494 9675 
CLU_3127 3118602190869 9244 
CLU_3127 3118602190605 9999 
CLU_3127 3118602190109 9334 
CLU_3127 3118607116306 11808 
CLU_3127 3118602190931 11502 
CLU_3127 3118602190923 12828 
CLU_3127 3118602190893 13836 
CLU_3127 3118602190486 11995 
CLU_3127 3118602190915 14252 
CLU_3127 3118602190222 13036 
CLU_3127 3118604696077 8793 
CLU_3127 3118602191024 8543 
CLU_3127 3118602190478 8733 
CLU_3127 3118602190389 9301 
CLU_3127 3118607110316 11157 
CLU_3127 3118602220261 8187 
CLU_3127 3118602190397 9716 
CLU_3127 3118602190176 9181 
CLU_3127 3118602191059 7666 
CLU_3127 3118602191040 6910 
CLU_3127 3118602190451 10348 
CLU_3127 3118602190206 10851 
CLU_3127 3118602190524 11928 
CLU_3127 3118602190400 10379 
CLU_3127 3118602190966 12302 
CLU_3127 3118602190877 10851 
CLU_3127 3118602190826 17583 
CLU_3127 3118602190729 20621 
CLU_3127 3118602190656 20621 
CLU_3127 3118602190834 20313 
CLU_3127 3118602190710 20552 
CLU_3127 3118602190796 20721 
CLU_3127 3118602190648 20986 
CLU_3127 3118602190818 17188 
CLU_3127 3118602190885 12519 
CLU_3127 3118607053355 12302 
CLU_3127 3118602190192 737 
CLU_3127 3118602190214 1254 
CLU_3127 3118602190680 2877 
CLU_3127 3118602190753 5509 
CLU_3127 3118602190141 4298 
CLU_3127 3118602220245 3490 
CLU_3127 3118602190788 5816 
CLU_3127 CLU_2943 6850 
CLU_3127 CLU_2961 9042 
CLU_3127 CLU_2970 10072 
CLU_3127 CLU_2971 10072 
CLU_3127 CLU_3051 8543 
CLU_3127 CLU_3055 9953 
CLU_3127 CLU_3060 10478 
CLU_3127 CLU_3084 11419 
CLU_3127 CLU_3086 19157 
CLU_3127 CLU_3087 19865 
CLU_3127 CLU_3098 19669 
CLU_3127 CLU_3108 16456 
CLU_3127 CLU_3114 15902 
CLU_3127 CLU_3121 2509 
CLU_3127 CLU_3128 499 
CLU_3127 CLU_3141 2159 
CLU_3127 CLU_3143 2102 
CLU_3127 CLU_3160 2642 
CLU_3127 CLU_3166 4316 
CLU_3127 CLU_3176 3343 
CLU_3127 CLU_3200 3616 
CLU_3127 CLU_3214 4599 
CLU_3127 CLU_7923 14014 
CLU_3128 3118602190990 5969 
CLU_3128 3118602191229 5772 
CLU_3128 3118602190591 6551 
CLU_3128 3118602190567 8352 
CLU_3128 3118602190532 9250 
CLU_3128 3118602190494 9622 
CLU_3128 3118602190869 9327 
CLU_3128 3118602190605 10122 
CLU_3128 3118602190109 9496 
CLU_3128 3118607116306 11788 
CLU_3128 3118602190931 11487 
CLU_3128 3118602190923 12865 
CLU_3128 3118602190893 13834 
CLU_3128 3118602190486 12053 
CLU_3128 3118602190915 14269 
CLU_3128 3118602190222 13030 
CLU_3128 3118604696077 9120 
CLU_3128 3118602191024 8925 
CLU_3128 3118602190478 9133 
CLU_3128 3118602190389 9707 
CLU_3128 3118607110316 11531 
CLU_3128 3118602220261 8530 
CLU_3128 3118602190397 10096 
CLU_3128 3118602190176 9460 
CLU_3128 3118602191059 7998 
CLU_3128 3118602191040 7314 
CLU_3128 3118602190451 10794 
CLU_3128 3118602190206 11296 
CLU_3128 3118602190524 12377 
CLU_3128 3118602190400 10808 
CLU_3128 3118602190966 12730 
CLU_3128 3118602190877 11296 
CLU_3128 3118602190826 17929 
CLU_3128 3118602190729 20935 
CLU_3128 3118602190656 20935 
CLU_3128 3118602190834 20634 
CLU_3128 3118602190710 20837 
CLU_3128 3118602190796 21018 
CLU_3128 3118602190648 21291 
CLU_3128 3118602190818 17522 
CLU_3128 3118602190885 12763 
CLU_3128 3118607053355 12730 
CLU_3128 3118602190192 1160 
CLU_3128 3118602190214 1753 
CLU_3128 3118602190680 3376 
CLU_3128 3118602190753 5951 
CLU_3128 3118602190141 4796 
CLU_3128 3118602220245 3830 
CLU_3128 3118602190788 5969 
CLU_3128 CLU_2943 6892 
CLU_3128 CLU_2961 9085 
CLU_3128 CLU_2970 10088 
CLU_3128 CLU_2971 10062 
CLU_3128 CLU_3051 8925 
CLU_3128 CLU_3055 10260 
CLU_3128 CLU_3060 10773 
CLU_3128 CLU_3084 11851 
CLU_3128 CLU_3086 19492 
CLU_3128 CLU_3087 20193 
CLU_3128 CLU_3098 19973 
CLU_3128 CLU_3108 16654 
CLU_3128 CLU_3114 16280 
CLU_3128 CLU_3121 2621 
CLU_3128 CLU_3128 0 
CLU_3128 CLU_3141 2631 
CLU_3128 CLU_3143 2595 
CLU_3128 CLU_3160 3140 
CLU_3128 CLU_3166 4772 
CLU_3128 CLU_3176 3808 
CLU_3128 CLU_3200 3862 
CLU_3128 CLU_3214 4637 
CLU_3128 CLU_7923 14235 
CLU_3129 3118602190990 5460 
CLU_3129 3118602191229 5200 
CLU_3129 3118602190591 5926 
CLU_3129 3118602190567 7625 
CLU_3129 3118602190532 8499 
CLU_3129 3118602190494 8817 
CLU_3129 3118602190869 8682 
CLU_3129 3118602190605 9531 
CLU_3129 3118602190109 8968 
CLU_3129 3118607116306 11010 
CLU_3129 3118602190931 10717 
CLU_3129 3118602190923 12150 
CLU_3129 3118602190893 13074 
CLU_3129 3118602190486 11367 
CLU_3129 3118602190915 13528 
CLU_3129 3118602190222 12265 
CLU_3129 3118604696077 8918 
CLU_3129 3118602191024 8866 
CLU_3129 3118602190478 9123 
CLU_3129 3118602190389 9712 
CLU_3129 3118607110316 11434 
CLU_3129 3118602220261 8371 
CLU_3129 3118602190397 10024 
CLU_3129 3118602190176 9148 
CLU_3129 3118602191059 7816 
CLU_3129 3118602191040 7332 
CLU_3129 3118602190451 10936 
CLU_3129 3118602190206 11433 
CLU_3129 3118602190524 12522 
CLU_3129 3118602190400 10884 
CLU_3129 3118602190966 12795 
CLU_3129 3118602190877 11433 
CLU_3129 3118602190826 17741 
CLU_3129 3118602190729 20667 
CLU_3129 3118602190656 20667 
CLU_3129 3118602190834 20384 
CLU_3129 3118602190710 20505 
CLU_3129 3118602190796 20714 
CLU_3129 3118602190648 21004 
CLU_3129 3118602190818 17307 
CLU_3129 3118602190885 12367 
CLU_3129 3118607053355 12795 
CLU_3129 3118602190192 1998 
CLU_3129 3118602190214 2369 
CLU_3129 3118602190680 3980 
CLU_3129 3118602190753 6114 
CLU_3129 3118602190141 5384 
CLU_3129 3118602220245 3749 
CLU_3129 3118602190788 5460 
CLU_3129 CLU_2943 6207 
CLU_3129 CLU_2961 8389 
CLU_3129 CLU_2970 9355 
CLU_3129 CLU_2971 9301 
CLU_3129 CLU_3051 8866 
CLU_3129 CLU_3055 10008 
CLU_3129 CLU_3060 10489 
CLU_3129 CLU_3084 11935 
CLU_3129 CLU_3086 19273 
CLU_3129 CLU_3087 19957 
CLU_3129 CLU_3098 19684 
CLU_3129 CLU_3108 16166 
CLU_3129 CLU_3114 16179 
CLU_3129 CLU_3121 2161 
CLU_3129 CLU_3128 920 
CLU_3129 CLU_3141 3386 
CLU_3129 CLU_3143 3091 
CLU_3129 CLU_3160 3664 
CLU_3129 CLU_3166 5010 
CLU_3129 CLU_3176 4104 
CLU_3129 CLU_3200 3573 
CLU_3129 CLU_3214 3973 
CLU_3129 CLU_7923 13790 
CLU_3130 3118602190990 6267 
CLU_3130 3118602191229 6067 
CLU_3130 3118602190591 6843 
CLU_3130 3118602190567 8632 
CLU_3130 3118602190532 9526 
CLU_3130 3118602190494 9885 
CLU_3130 3118602190869 9617 
CLU_3130 3118602190605 10417 
CLU_3130 3118602190109 9793 
CLU_3130 3118607116306 12058 
CLU_3130 3118602190931 11759 
CLU_3130 3118602190923 13148 
CLU_3130 3118602190893 14109 
CLU_3130 3118602190486 12340 
CLU_3130 3118602190915 14548 
CLU_3130 3118602190222 13303 
CLU_3130 3118604696077 9403 
CLU_3130 3118602191024 9191 
CLU_3130 3118602190478 9391 
CLU_3130 3118602190389 9963 
CLU_3130 3118607110316 11801 
CLU_3130 3118602220261 8809 
CLU_3130 3118602190397 10364 
CLU_3130 3118602190176 9752 
CLU_3130 3118602191059 8280 
CLU_3130 3118602191040 7570 
CLU_3130 3118602190451 11024 
CLU_3130 3118602190206 11526 
CLU_3130 3118602190524 12605 
CLU_3130 3118602190400 11051 
CLU_3130 3118602190966 12973 
CLU_3130 3118602190877 11526 
CLU_3130 3118602190826 18208 
CLU_3130 3118602190729 21222 
CLU_3130 3118602190656 21222 
CLU_3130 3118602190834 20919 
CLU_3130 3118602190710 21129 
CLU_3130 3118602190796 21308 
CLU_3130 3118602190648 21580 
CLU_3130 3118602190818 17804 
CLU_3130 3118602190885 13060 
CLU_3130 3118607053355 12973 
CLU_3130 3118602190192 1192 
CLU_3130 3118602190214 1897 
CLU_3130 3118602190680 3493 
CLU_3130 3118602190753 6183 
CLU_3130 3118602190141 4909 
CLU_3130 3118602220245 4108 
CLU_3130 3118602190788 6267 
CLU_3130 CLU_2943 7178 
CLU_3130 CLU_2961 9370 
CLU_3130 CLU_2970 10367 
CLU_3130 CLU_2971 10336 
CLU_3130 CLU_3051 9191 
CLU_3130 CLU_3055 10548 
CLU_3130 CLU_3060 11063 
CLU_3130 CLU_3084 12091 
CLU_3130 CLU_3086 19774 
CLU_3130 CLU_3087 20477 
CLU_3130 CLU_3098 20262 
CLU_3130 CLU_3108 16952 
CLU_3130 CLU_3114 16548 
CLU_3130 CLU_3121 2918 
CLU_3130 CLU_3128 297 
CLU_3130 CLU_3141 2681 
CLU_3130 CLU_3143 2764 
CLU_3130 CLU_3160 3291 
CLU_3130 CLU_3166 4993 
CLU_3130 CLU_3176 4020 
CLU_3130 CLU_3200 4156 
CLU_3130 CLU_3214 4923 
CLU_3130 CLU_7923 14532 
CLU_3131 3118602190990 5893 
CLU_3131 3118602191229 5778 
CLU_3131 3118602190591 6611 
CLU_3131 3118602190567 8535 
CLU_3131 3118602190532 9463 
CLU_3131 3118602190494 9927 
CLU_3131 3118602190869 9377 
CLU_3131 3118602190605 10092 
CLU_3131 3118602190109 9389 
CLU_3131 3118607116306 12030 
CLU_3131 3118602190931 11719 
CLU_3131 3118602190923 12997 
CLU_3131 3118602190893 14038 
CLU_3131 3118602190486 12146 
CLU_3131 3118602190915 14438 
CLU_3131 3118602190222 13244 
CLU_3131 3118604696077 8660 
CLU_3131 3118602191024 8337 
CLU_3131 3118602190478 8501 
CLU_3131 3118602190389 9059 
CLU_3131 3118607110316 10958 
CLU_3131 3118602220261 8036 
CLU_3131 3118602190397 9511 
CLU_3131 3118602190176 9107 
CLU_3131 3118602191059 7531 
CLU_3131 3118602191040 6676 
CLU_3131 3118602190451 10038 
CLU_3131 3118602190206 10542 
CLU_3131 3118602190524 11613 
CLU_3131 3118602190400 10099 
CLU_3131 3118602190966 12021 
CLU_3131 3118602190877 10542 
CLU_3131 3118602190826 17416 
CLU_3131 3118602190729 20492 
CLU_3131 3118602190656 20492 
CLU_3131 3118602190834 20174 
CLU_3131 3118602190710 20458 
CLU_3131 3118602190796 20612 
CLU_3131 3118602190648 20867 
CLU_3131 3118602190818 17035 
CLU_3131 3118602190885 12479 
CLU_3131 3118607053355 12021 
CLU_3131 3118602190192 318 
CLU_3131 3118602190214 829 
CLU_3131 3118602190680 2421 
CLU_3131 3118602190753 5217 
CLU_3131 3118602190141 3839 
CLU_3131 3118602220245 3376 
CLU_3131 3118602190788 5893 
CLU_3131 CLU_2943 7028 
CLU_3131 CLU_2961 9213 
CLU_3131 CLU_2970 10264 
CLU_3131 CLU_2971 10287 
CLU_3131 CLU_3051 8337 
CLU_3131 CLU_3055 9841 
CLU_3131 CLU_3060 10381 
CLU_3131 CLU_3084 11132 
CLU_3131 CLU_3086 19004 
CLU_3131 CLU_3087 19720 
CLU_3131 CLU_3098 19553 
CLU_3131 CLU_3108 16461 
CLU_3131 CLU_3114 15693 
CLU_3131 CLU_3121 2676 
CLU_3131 CLU_3128 968 
CLU_3131 CLU_3141 1671 
CLU_3131 CLU_3143 1710 
CLU_3131 CLU_3160 2221 
CLU_3131 CLU_3166 4004 
CLU_3131 CLU_3176 3021 
CLU_3131 CLU_3200 3618 
CLU_3131 CLU_3214 4798 
CLU_3131 CLU_7923 13998 
CLU_3132 3118602190990 6173 
CLU_3132 3118602191229 6069 
CLU_3132 3118602190591 6907 
CLU_3132 3118602190567 8842 
CLU_3132 3118602190532 9773 
CLU_3132 3118602190494 10243 
CLU_3132 3118602190869 9669 
CLU_3132 3118602190605 10372 
CLU_3132 3118602190109 9658 
CLU_3132 3118607116306 12341 
CLU_3132 3118602190931 12028 
CLU_3132 3118602190923 13297 
CLU_3132 3118602190893 14346 
CLU_3132 3118602190486 12442 
CLU_3132 3118602190915 14742 
CLU_3132 3118602190222 13552 
CLU_3132 3118604696077 8845 
CLU_3132 3118602191024 8479 
CLU_3132 3118602190478 8625 
CLU_3132 3118602190389 9176 
CLU_3132 3118607110316 11102 
CLU_3132 3118602220261 8212 
CLU_3132 3118602190397 9652 
CLU_3132 3118602190176 9322 
CLU_3132 3118602191059 7717 
CLU_3132 3118602191040 6803 
CLU_3132 3118602190451 10102 
CLU_3132 3118602190206 10605 
CLU_3132 3118602190524 11670 
CLU_3132 3118602190400 10187 
CLU_3132 3118602190966 12106 
CLU_3132 3118602190877 10605 
CLU_3132 3118602190826 17575 
CLU_3132 3118602190729 20672 
CLU_3132 3118602190656 20672 
CLU_3132 3118602190834 20350 
CLU_3132 3118602190710 20658 
CLU_3132 3118602190796 20803 
CLU_3132 3118602190648 21053 
CLU_3132 3118602190818 17203 
CLU_3132 3118602190885 12707 
CLU_3132 3118607053355 12106 
CLU_3132 3118602190192 0 
CLU_3132 3118602190214 868 
CLU_3132 3118602190680 2340 
CLU_3132 3118602190753 5305 
CLU_3132 3118602190141 3743 
CLU_3132 3118602220245 3586 
CLU_3132 3118602190788 6173 
CLU_3132 CLU_2943 7333 
CLU_3132 CLU_2961 9515 
CLU_3132 CLU_2970 10570 
CLU_3132 CLU_2971 10597 
CLU_3132 CLU_3051 8479 
CLU_3132 CLU_3055 10037 
CLU_3132 CLU_3060 10583 
CLU_3132 CLU_3084 11213 
CLU_3132 CLU_3086 19171 
CLU_3132 CLU_3087 19892 
CLU_3132 CLU_3098 19741 
CLU_3132 CLU_3108 16708 
CLU_3132 CLU_3114 15827 
CLU_3132 CLU_3121 2983 
CLU_3132 CLU_3128 1160 
CLU_3132 CLU_3141 1488 
CLU_3132 CLU_3143 1739 
CLU_3132 CLU_3160 2201 
CLU_3132 CLU_3166 4081 
CLU_3132 CLU_3176 3097 
CLU_3132 CLU_3200 3878 
CLU_3132 CLU_3214 5107 
CLU_3132 CLU_7923 14237 
CLU_3133 3118602190990 5599 
CLU_3133 3118602191229 5513 
CLU_3133 3118602190591 6359 
CLU_3133 3118602190567 8322 
CLU_3133 3118602190532 9260 
CLU_3133 3118602190494 9760 
CLU_3133 3118602190869 9112 
CLU_3133 3118602190605 9798 
CLU_3133 3118602190109 9073 
CLU_3133 3118607116306 11833 
CLU_3133 3118602190931 11517 
CLU_3133 3118602190923 12755 
CLU_3133 3118602190893 13822 
CLU_3133 3118602190486 11891 
CLU_3133 3118602190915 14208 
CLU_3133 3118602190222 13033 
CLU_3133 3118604696077 8257 
CLU_3133 3118602191024 7916 
CLU_3133 3118602190478 8076 
CLU_3133 3118602190389 8634 
CLU_3133 3118607110316 10538 
CLU_3133 3118602220261 7629 
CLU_3133 3118602190397 9090 
CLU_3133 3118602190176 8726 
CLU_3133 3118602191059 7129 
CLU_3133 3118602191040 6252 
CLU_3133 3118602190451 9612 
CLU_3133 3118602190206 10116 
CLU_3133 3118602190524 11188 
CLU_3133 3118602190400 9672 
CLU_3133 3118602190966 11594 
CLU_3133 3118602190877 10116 
CLU_3133 3118602190826 17001 
CLU_3133 3118602190729 20087 
CLU_3133 3118602190656 20087 
CLU_3133 3118602190834 19767 
CLU_3133 3118602190710 20065 
CLU_3133 3118602190796 20213 
CLU_3133 3118602190648 20465 
CLU_3133 3118602190818 16624 
CLU_3133 3118602190885 12110 
CLU_3133 3118607053355 11594 
CLU_3133 3118602190192 597 
CLU_3133 3118602190214 449 
CLU_3133 3118602190680 2079 
CLU_3133 3118602190753 4790 
CLU_3133 3118602190141 3499 
CLU_3133 3118602220245 2990 
CLU_3133 3118602190788 5599 
CLU_3133 CLU_2943 6804 
CLU_3133 CLU_2961 8977 
CLU_3133 CLU_2970 10044 
CLU_3133 CLU_2971 10086 
CLU_3133 CLU_3051 7916 
CLU_3133 CLU_3055 9445 
CLU_3133 CLU_3060 9990 
CLU_3133 CLU_3084 10705 
CLU_3133 CLU_3086 18593 
CLU_3133 CLU_3087 19311 
CLU_3133 CLU_3098 19153 
CLU_3133 CLU_3108 16113 
CLU_3133 CLU_3114 15271 
CLU_3133 CLU_3121 2479 
CLU_3133 CLU_3128 1305 
CLU_3133 CLU_3141 1469 
CLU_3133 CLU_3143 1303 
CLU_3133 CLU_3160 1835 
CLU_3133 CLU_3166 3577 
CLU_3133 CLU_3176 2595 
CLU_3133 CLU_3200 3290 
CLU_3133 CLU_3214 4600 
CLU_3133 CLU_7923 13640 
CLU_3134 3118602190990 5067 
CLU_3134 3118602191229 5012 
CLU_3134 3118602190591 5871 
CLU_3134 3118602190567 7871 
CLU_3134 3118602190532 8817 
CLU_3134 3118602190494 9360 
CLU_3134 3118602190869 8603 
CLU_3134 3118602190605 9260 
CLU_3134 3118602190109 8515 
CLU_3134 3118607116306 11393 
CLU_3134 3118602190931 11073 
CLU_3134 3118602190923 12266 
CLU_3134 3118602190893 13361 
CLU_3134 3118602190486 11389 
CLU_3134 3118602190915 13730 
CLU_3134 3118602190222 12578 
CLU_3134 3118604696077 7650 
CLU_3134 3118602191024 7319 
CLU_3134 3118602190478 7488 
CLU_3134 3118602190389 8049 
CLU_3134 3118607110316 9940 
CLU_3134 3118602220261 7022 
CLU_3134 3118602190397 8493 
CLU_3134 3118602190176 8122 
CLU_3134 3118602191059 6521 
CLU_3134 3118602191040 5663 
CLU_3134 3118602190451 9069 
CLU_3134 3118602190206 9572 
CLU_3134 3118602190524 10649 
CLU_3134 3118602190400 9108 
CLU_3134 3118602190966 11030 
CLU_3134 3118602190877 9572 
CLU_3134 3118602190826 16397 
CLU_3134 3118602190729 19480 
CLU_3134 3118602190656 19480 
CLU_3134 3118602190834 19160 
CLU_3134 3118602190710 19458 
CLU_3134 3118602190796 19606 
CLU_3134 3118602190648 19858 
CLU_3134 3118602190818 16018 
CLU_3134 3118602190885 11512 
CLU_3134 3118607053355 11030 
CLU_3134 3118602190192 1200 
CLU_3134 3118602190214 534 
CLU_3134 3118602190680 1862 
CLU_3134 3118602190753 4232 
CLU_3134 3118602190141 3238 
CLU_3134 3118602220245 2387 
CLU_3134 3118602190788 5067 
CLU_3134 CLU_2943 6344 
CLU_3134 CLU_2961 8499 
CLU_3134 CLU_2970 9582 
CLU_3134 CLU_2971 9645 
CLU_3134 CLU_3051 7319 
CLU_3134 CLU_3055 8838 
CLU_3134 CLU_3060 9383 
CLU_3134 CLU_3084 10145 
CLU_3134 CLU_3086 17987 
CLU_3134 CLU_3087 18704 
CLU_3134 CLU_3098 18545 
CLU_3134 CLU_3108 15527 
CLU_3134 CLU_3114 14676 
CLU_3134 CLU_3121 2105 
CLU_3134 CLU_3128 1743 
CLU_3134 CLU_3141 1585 
CLU_3134 CLU_3143 934 
CLU_3134 CLU_3160 1509 
CLU_3134 CLU_3166 3036 
CLU_3134 CLU_3176 2065 
CLU_3134 CLU_3200 2733 
CLU_3134 CLU_3214 4184 
CLU_3134 CLU_7923 13048 
CLU_3135 3118602190990 5585 
CLU_3135 3118602191229 5540 
CLU_3135 3118602190591 6401 
CLU_3135 3118602190567 8405 
CLU_3135 3118602190532 9352 
CLU_3135 3118602190494 9893 
CLU_3135 3118602190869 9127 
CLU_3135 3118602190605 9771 
CLU_3135 3118602190109 9013 
CLU_3135 3118607116306 11928 
CLU_3135 3118602190931 11608 
CLU_3135 3118602190923 12795 
CLU_3135 3118602190893 13894 
CLU_3135 3118602190486 11915 
CLU_3135 3118602190915 14261 
CLU_3135 3118602190222 13111 
CLU_3135 3118604696077 8028 
CLU_3135 3118602191024 7625 
CLU_3135 3118602190478 7763 
CLU_3135 3118602190389 8311 
CLU_3135 3118607110316 10248 
CLU_3135 3118602220261 7385 
CLU_3135 3118602190397 8797 
CLU_3135 3118602190176 8547 
CLU_3135 3118602191059 6902 
CLU_3135 3118602191040 5942 
CLU_3135 3118602190451 9237 
CLU_3135 3118602190206 9741 
CLU_3135 3118602190524 10808 
CLU_3135 3118602190400 9319 
CLU_3135 3118602190966 11238 
CLU_3135 3118602190877 9741 
CLU_3135 3118602190826 16730 
CLU_3135 3118602190729 19845 
CLU_3135 3118602190656 19845 
CLU_3135 3118602190834 19518 
CLU_3135 3118602190710 19853 
CLU_3135 3118602190796 19988 
CLU_3135 3118602190648 20232 
CLU_3135 3118602190818 16365 
CLU_3135 3118602190885 11953 
CLU_3135 3118607053355 11238 
CLU_3135 3118602190192 868 
CLU_3135 3118602190214 0 
CLU_3135 3118602190680 1630 
CLU_3135 3118602190753 4437 
CLU_3135 3118602190141 3049 
CLU_3135 3118602220245 2829 
CLU_3135 3118602190788 5585 
CLU_3135 CLU_2943 6878 
CLU_3135 CLU_2961 9030 
CLU_3135 CLU_2970 10115 
CLU_3135 CLU_2971 10179 
CLU_3135 CLU_3051 7625 
CLU_3135 CLU_3055 9231 
CLU_3135 CLU_3060 9788 
CLU_3135 CLU_3084 10345 
CLU_3135 CLU_3086 18332 
CLU_3135 CLU_3087 19056 
CLU_3135 CLU_3098 18922 
CLU_3135 CLU_3108 15991 
CLU_3135 CLU_3114 14967 
CLU_3135 CLU_3121 2630 
CLU_3135 CLU_3128 1753 
CLU_3135 CLU_3141 1109 
CLU_3135 CLU_3143 884 
CLU_3135 CLU_3160 1394 
CLU_3135 CLU_3166 3213 
CLU_3135 CLU_3176 2229 
CLU_3135 CLU_3200 3241 
CLU_3135 CLU_3214 4718 
CLU_3135 CLU_7923 13503 
CLU_3136 3118602190990 6106 
CLU_3136 3118602191229 6038 
CLU_3136 3118602190591 6892 
CLU_3136 3118602190567 8868 
CLU_3136 3118602190532 9809 
CLU_3136 3118602190494 10318 
CLU_3136 3118602190869 9634 
CLU_3136 3118602190605 10300 
CLU_3136 3118602190109 9555 
CLU_3136 3118607116306 12383 
CLU_3136 3118602190931 12066 
CLU_3136 3118602190923 13288 
CLU_3136 3118602190893 14367 
CLU_3136 3118602190486 12418 
CLU_3136 3118602190915 14746 
CLU_3136 3118602190222 13580 
CLU_3136 3118604696077 8594 
CLU_3136 3118602191024 8175 
CLU_3136 3118602190478 8303 
CLU_3136 3118602190389 8846 
CLU_3136 3118607110316 10798 
CLU_3136 3118602220261 7949 
CLU_3136 3118602190397 9346 
CLU_3136 3118602190176 9115 
CLU_3136 3118602191059 7469 
CLU_3136 3118602191040 6486 
CLU_3136 3118602190451 9726 
CLU_3136 3118602190206 10230 
CLU_3136 3118602190524 11290 
CLU_3136 3118602190400 9830 
CLU_3136 3118602190966 11747 
CLU_3136 3118602190877 10230 
CLU_3136 3118602190826 17286 
CLU_3136 3118602190729 20409 
CLU_3136 3118602190656 20409 
CLU_3136 3118602190834 20080 
CLU_3136 3118602190710 20421 
CLU_3136 3118602190796 20554 
CLU_3136 3118602190648 20797 
CLU_3136 3118602190818 16925 
CLU_3136 3118602190885 12520 
CLU_3136 3118607053355 11747 
CLU_3136 3118602190192 434 
CLU_3136 3118602190214 568 
CLU_3136 3118602190680 1909 
CLU_3136 3118602190753 4956 
CLU_3136 3118602190141 3309 
CLU_3136 3118602220245 3393 
CLU_3136 3118602190788 6106 
CLU_3136 CLU_2943 7347 
CLU_3136 CLU_2961 9514 
CLU_3136 CLU_2970 10588 
CLU_3136 CLU_2971 10636 
CLU_3136 CLU_3051 8175 
CLU_3136 CLU_3055 9799 
CLU_3136 CLU_3060 10356 
CLU_3136 CLU_3084 10850 
CLU_3136 CLU_3086 18891 
CLU_3136 CLU_3087 19617 
CLU_3136 CLU_3098 19488 
CLU_3136 CLU_3108 16552 
CLU_3136 CLU_3114 15510 
CLU_3136 CLU_3121 3036 
CLU_3136 CLU_3128 1561 
CLU_3136 CLU_3141 1069 
CLU_3136 CLU_3143 1370 
CLU_3136 CLU_3160 1792 
CLU_3136 CLU_3166 3726 
CLU_3136 CLU_3176 2748 
CLU_3136 CLU_3200 3774 
CLU_3136 CLU_3214 5153 
CLU_3136 CLU_7923 14066 
CLU_3137 3118602190990 6125 
CLU_3137 3118602191229 6097 
CLU_3137 3118602190591 6962 
CLU_3137 3118602190567 8976 
CLU_3137 3118602190532 9924 
CLU_3137 3118602190494 10472 
CLU_3137 3118602190869 9676 
CLU_3137 3118602190605 10300 
CLU_3137 3118602190109 9524 
CLU_3137 3118607116306 12500 
CLU_3137 3118602190931 12179 
CLU_3137 3118602190923 13351 
CLU_3137 3118602190893 14460 
CLU_3137 3118602190486 12465 
CLU_3137 3118602190915 14822 
CLU_3137 3118602190222 13680 
CLU_3137 3118604696077 8394 
CLU_3137 3118602191024 7911 
CLU_3137 3118602190478 8015 
CLU_3137 3118602190389 8546 
CLU_3137 3118607110316 10528 
CLU_3137 3118602220261 7737 
CLU_3137 3118602190397 9076 
CLU_3137 3118602190176 8966 
CLU_3137 3118602191059 7274 
CLU_3137 3118602191040 6208 
CLU_3137 3118602190451 9366 
CLU_3137 3118602190206 9869 
CLU_3137 3118602190524 10922 
CLU_3137 3118602190400 9494 
CLU_3137 3118602190966 11405 
CLU_3137 3118602190877 9869 
CLU_3137 3118602190826 17031 
CLU_3137 3118602190729 20183 
CLU_3137 3118602190656 20183 
CLU_3137 3118602190834 19846 
CLU_3137 3118602190710 20226 
CLU_3137 3118602190796 20346 
CLU_3137 3118602190648 20579 
CLU_3137 3118602190818 16682 
CLU_3137 3118602190885 12387 
CLU_3137 3118607053355 11405 
CLU_3137 3118602190192 895 
CLU_3137 3118602190214 580 
CLU_3137 3118602190680 1466 
CLU_3137 3118602190753 4639 
CLU_3137 3118602190141 2853 
CLU_3137 3118602220245 3295 
CLU_3137 3118602190788 6125 
CLU_3137 CLU_2943 7447 
CLU_3137 CLU_2961 9593 
CLU_3137 CLU_2970 10682 
CLU_3137 CLU_2971 10752 
CLU_3137 CLU_3051 7911 
CLU_3137 CLU_3055 9612 
CLU_3137 CLU_3060 10180 
CLU_3137 CLU_3084 10506 
CLU_3137 CLU_3086 18645 
CLU_3137 CLU_3087 19378 
CLU_3137 CLU_3098 19274 
CLU_3137 CLU_3108 16453 
CLU_3137 CLU_3114 15222 
CLU_3137 CLU_3121 3210 
CLU_3137 CLU_3128 2016 
CLU_3137 CLU_3141 621 
CLU_3137 CLU_3143 1082 
CLU_3137 CLU_3160 1406 
CLU_3137 CLU_3166 3409 
CLU_3137 CLU_3176 2450 
CLU_3137 CLU_3200 3774 
CLU_3137 CLU_3214 5296 
CLU_3137 CLU_7923 13952 
CLU_3138 3118602190990 6470 
CLU_3138 3118602191229 6398 
CLU_3138 3118602190591 7248 
CLU_3138 3118602190567 9216 
CLU_3138 3118602190532 10154 
CLU_3138 3118602190494 10650 
CLU_3138 3118602190869 9995 
CLU_3138 3118602190605 10665 
CLU_3138 3118602190109 9923 
CLU_3138 3118607116306 12727 
CLU_3138 3118602190931 12411 
CLU_3138 3118602190923 13645 
CLU_3138 3118602190893 14716 
CLU_3138 3118602190486 12777 
CLU_3138 3118602190915 15100 
CLU_3138 3118602190222 13927 
CLU_3138 3118604696077 8942 
CLU_3138 3118602191024 8500 
CLU_3138 3118602190478 8617 
CLU_3138 3118602190389 9153 
CLU_3138 3118607110316 11121 
CLU_3138 3118602220261 8293 
CLU_3138 3118602190397 9669 
CLU_3138 3118602190176 9475 
CLU_3138 3118602191059 7818 
CLU_3138 3118602191040 6804 
CLU_3138 3118602190451 9993 
CLU_3138 3118602190206 10496 
CLU_3138 3118602190524 11550 
CLU_3138 3118602190400 10115 
CLU_3138 3118602190966 12028 
CLU_3138 3118602190877 10496 
CLU_3138 3118602190826 17616 
CLU_3138 3118602190729 20750 
CLU_3138 3118602190656 20750 
CLU_3138 3118602190834 20418 
CLU_3138 3118602190710 20771 
CLU_3138 3118602190796 20901 
CLU_3138 3118602190648 21141 
CLU_3138 3118602190818 17260 
CLU_3138 3118602190885 12882 
CLU_3138 3118607053355 12028 
CLU_3138 3118602190192 492 
CLU_3138 3118602190214 928 
CLU_3138 3118602190680 2077 
CLU_3138 3118602190753 5252 
CLU_3138 3118602190141 3435 
CLU_3138 3118602220245 3758 
CLU_3138 3118602190788 6470 
CLU_3138 CLU_2943 7697 
CLU_3138 CLU_2961 9868 
CLU_3138 CLU_2970 10938 
CLU_3138 CLU_2971 10980 
CLU_3138 CLU_3051 8500 
CLU_3138 CLU_3055 10151 
CLU_3138 CLU_3060 10710 
CLU_3138 CLU_3084 11129 
CLU_3138 CLU_3086 19225 
CLU_3138 CLU_3087 19953 
CLU_3138 CLU_3098 19833 
CLU_3138 CLU_3108 16919 
CLU_3138 CLU_3114 15825 
CLU_3138 CLU_3121 3371 
CLU_3138 CLU_3128 1632 
CLU_3138 CLU_3141 1110 
CLU_3138 CLU_3143 1673 
CLU_3138 CLU_3160 2034 
CLU_3138 CLU_3166 4021 
CLU_3138 CLU_3176 3052 
CLU_3138 CLU_3200 4141 
CLU_3138 CLU_3214 5493 
CLU_3138 CLU_7923 14431 
CLU_3139 3118602190990 6925 
CLU_3139 3118602191229 6888 
CLU_3139 3118602190591 7750 
CLU_3139 3118602190567 9750 
CLU_3139 3118602190532 10695 
CLU_3139 3118602190494 11220 
CLU_3139 3118602190869 10473 
CLU_3139 3118602190605 11103 
CLU_3139 3118602190109 10328 
CLU_3139 3118607116306 13270 
CLU_3139 3118602190931 12951 
CLU_3139 3118602190923 14143 
CLU_3139 3118602190893 15241 
CLU_3139 3118602190486 13261 
CLU_3139 3118602190915 15610 
CLU_3139 3118602190222 14458 
CLU_3139 3118604696077 9143 
CLU_3139 3118602191024 8606 
CLU_3139 3118602190478 8682 
CLU_3139 3118602190389 9197 
CLU_3139 3118607110316 11213 
CLU_3139 3118602220261 8477 
CLU_3139 3118602190397 9762 
CLU_3139 3118602190176 9743 
CLU_3139 3118602191059 8028 
CLU_3139 3118602191040 6894 
CLU_3139 3118602190451 9916 
CLU_3139 3118602190206 10416 
CLU_3139 3118602190524 11452 
CLU_3139 3118602190400 10089 
CLU_3139 3118602190966 11987 
CLU_3139 3118602190877 10416 
CLU_3139 3118602190826 17724 
CLU_3139 3118602190729 20903 
CLU_3139 3118602190656 20903 
CLU_3139 3118602190834 20559 
CLU_3139 3118602190710 20970 
CLU_3139 3118602190796 21080 
CLU_3139 3118602190648 21307 
CLU_3139 3118602190818 17389 
CLU_3139 3118602190885 13170 
CLU_3139 3118607053355 11987 
CLU_3139 3118602190192 1149 
CLU_3139 3118602190214 1348 
CLU_3139 3118602190680 1909 
CLU_3139 3118602190753 5285 
CLU_3139 3118602190141 3128 
CLU_3139 3118602220245 4096 
CLU_3139 3118602190788 6925 
CLU_3139 CLU_2943 8224 
CLU_3139 CLU_2961 10379 
CLU_3139 CLU_2970 11462 
CLU_3139 CLU_2971 11522 
CLU_3139 CLU_3051 8606 
CLU_3139 CLU_3055 10368 
CLU_3139 CLU_3060 10942 
CLU_3139 CLU_3084 11083 
CLU_3139 CLU_3086 19347 
CLU_3139 CLU_3087 20086 
CLU_3139 CLU_3098 20005 
CLU_3139 CLU_3108 17246 
CLU_3139 CLU_3114 15879 
CLU_3139 CLU_3121 3940 
CLU_3139 CLU_3128 2268 
CLU_3139 CLU_3141 855 
CLU_3139 CLU_3143 1832 
CLU_3139 CLU_3160 2019 
CLU_3139 CLU_3166 4067 
CLU_3139 CLU_3176 3147 
CLU_3139 CLU_3200 4576 
CLU_3139 CLU_3214 6049 
CLU_3139 CLU_7923 14741 
CLU_3140 3118602190990 6925 
CLU_3140 3118602191229 6869 
CLU_3140 3118602190591 7726 
CLU_3140 3118602190567 9707 
CLU_3140 3118602190532 10648 
CLU_3140 3118602190494 11154 
CLU_3140 3118602190869 10462 
CLU_3140 3118602190605 11113 
CLU_3140 3118602190109 10353 
CLU_3140 3118607116306 13222 
CLU_3140 3118602190931 12905 
CLU_3140 3118602190923 14122 
CLU_3140 3118602190893 15205 
CLU_3140 3118602190486 13248 
CLU_3140 3118602190915 15582 
CLU_3140 3118602190222 14418 
CLU_3140 3118604696077 9248 
CLU_3140 3118602191024 8742 
CLU_3140 3118602190478 8830 
CLU_3140 3118602190389 9352 
CLU_3140 3118607110316 11354 
CLU_3140 3118602220261 8588 
CLU_3140 3118602190397 9903 
CLU_3140 3118602190176 9825 
CLU_3140 3118602191059 8130 
CLU_3140 3118602191040 7034 
CLU_3140 3118602190451 10103 
CLU_3140 3118602190206 10604 
CLU_3140 3118602190524 11644 
CLU_3140 3118602190400 10263 
CLU_3140 3118602190966 12166 
CLU_3140 3118602190877 10604 
CLU_3140 3118602190826 17862 
CLU_3140 3118602190729 21027 
CLU_3140 3118602190656 21027 
CLU_3140 3118602190834 20688 
CLU_3140 3118602190710 21079 
CLU_3140 3118602190796 21196 
CLU_3140 3118602190648 21427 
CLU_3140 3118602190818 17521 
CLU_3140 3118602190885 13245 
CLU_3140 3118607053355 12166 
CLU_3140 3118602190192 987 
CLU_3140 3118602190214 1341 
CLU_3140 3118602190680 2102 
CLU_3140 3118602190753 5440 
CLU_3140 3118602190141 3354 
CLU_3140 3118602220245 4144 
CLU_3140 3118602190788 6925 
CLU_3140 CLU_2943 8186 
CLU_3140 CLU_2961 10350 
CLU_3140 CLU_2970 11426 
CLU_3140 CLU_2971 11475 
CLU_3140 CLU_3051 8742 
CLU_3140 CLU_3055 10468 
CLU_3140 CLU_3060 11037 
CLU_3140 CLU_3084 11263 
CLU_3140 CLU_3086 19481 
CLU_3140 CLU_3087 20217 
CLU_3140 CLU_3098 20123 
CLU_3140 CLU_3108 17306 
CLU_3140 CLU_3114 16033 
CLU_3140 CLU_3121 3873 
CLU_3140 CLU_3128 2068 
CLU_3140 CLU_3141 1049 
CLU_3140 CLU_3143 1931 
CLU_3140 CLU_3160 2174 
CLU_3140 CLU_3166 4215 
CLU_3140 CLU_3176 3277 
CLU_3140 CLU_3200 4583 
CLU_3140 CLU_3214 5992 
CLU_3140 CLU_7923 14808 
CLU_3141 3118602190990 6401 
CLU_3141 3118602191229 6418 
CLU_3141 3118602190591 7292 
CLU_3141 3118602190567 9339 
CLU_3141 3118602190532 10294 
CLU_3141 3118602190494 10882 
CLU_3141 3118602190869 9962 
CLU_3141 3118602190605 10534 
CLU_3141 3118602190109 9721 
CLU_3141 3118607116306 12867 
CLU_3141 3118602190931 12542 
CLU_3141 3118602190923 13655 
CLU_3141 3118602190893 14797 
CLU_3141 3118602190486 12752 
CLU_3141 3118602190915 15139 
CLU_3141 3118602190222 14026 
CLU_3141 3118604696077 8364 
CLU_3141 3118602191024 7782 
CLU_3141 3118602190478 7845 
CLU_3141 3118602190389 8354 
CLU_3141 3118607110316 10382 
CLU_3141 3118602220261 7690 
CLU_3141 3118602190397 8933 
CLU_3141 3118602190176 9008 
CLU_3141 3118602191059 7258 
CLU_3141 3118602191040 6068 
CLU_3141 3118602190451 9061 
CLU_3141 3118602190206 9561 
CLU_3141 3118602190524 10598 
CLU_3141 3118602190400 9234 
CLU_3141 3118602190966 11132 
CLU_3141 3118602190877 9561 
CLU_3141 3118602190826 16895 
CLU_3141 3118602190729 20091 
CLU_3141 3118602190656 20091 
CLU_3141 3118602190834 19742 
CLU_3141 3118602190710 20180 
CLU_3141 3118602190796 20280 
CLU_3141 3118602190648 20500 
CLU_3141 3118602190818 16568 
CLU_3141 3118602190885 12442 
CLU_3141 3118607053355 11132 
CLU_3141 3118602190192 1488 
CLU_3141 3118602190214 1109 
CLU_3141 3118602190680 1055 
CLU_3141 3118602190753 4445 
CLU_3141 3118602190141 2336 
CLU_3141 3118602220245 3468 
CLU_3141 3118602190788 6401 
CLU_3141 CLU_2943 7807 
CLU_3141 CLU_2961 9921 
CLU_3141 CLU_2970 11027 
CLU_3141 CLU_2971 11120 
CLU_3141 CLU_3051 7782 
CLU_3141 CLU_3055 9597 
CLU_3141 CLU_3060 10179 
CLU_3141 CLU_3084 10228 
CLU_3141 CLU_3086 18524 
CLU_3141 CLU_3087 19266 
CLU_3141 CLU_3098 19201 
CLU_3141 CLU_3108 16547 
CLU_3141 CLU_3114 15035 
CLU_3141 CLU_3121 3678 
CLU_3141 CLU_3128 2631 
CLU_3141 CLU_3141 0 
CLU_3141 CLU_3143 1148 
CLU_3141 CLU_3160 1194 
CLU_3141 CLU_3166 3236 
CLU_3141 CLU_3176 2347 
CLU_3141 CLU_3200 4055 
CLU_3141 CLU_3214 5713 
CLU_3141 CLU_7923 14030 
CLU_3142 3118602190990 5993 
CLU_3142 3118602191229 5982 
CLU_3142 3118602190591 6852 
CLU_3142 3118602190567 8881 
CLU_3142 3118602190532 9833 
CLU_3142 3118602190494 10400 
CLU_3142 3118602190869 9550 
CLU_3142 3118602190605 10155 
CLU_3142 3118602190109 9367 
CLU_3142 3118607116306 12408 
CLU_3142 3118602190931 12085 
CLU_3142 3118602190923 13233 
CLU_3142 3118602190893 14355 
CLU_3142 3118602190486 12340 
CLU_3142 3118602190915 14709 
CLU_3142 3118602190222 13579 
CLU_3142 3118604696077 8181 
CLU_3142 3118602191024 7683 
CLU_3142 3118602190478 7782 
CLU_3142 3118602190389 8312 
CLU_3142 3118607110316 10299 
CLU_3142 3118602220261 7521 
CLU_3142 3118602190397 8847 
CLU_3142 3118602190176 8768 
CLU_3142 3118602191059 7063 
CLU_3142 3118602191040 5978 
CLU_3142 3118602190451 9126 
CLU_3142 3118602190206 9629 
CLU_3142 3118602190524 10682 
CLU_3142 3118602190400 9255 
CLU_3142 3118602190966 11166 
CLU_3142 3118602190877 9629 
CLU_3142 3118602190826 16803 
CLU_3142 3118602190729 19961 
CLU_3142 3118602190656 19961 
CLU_3142 3118602190834 19623 
CLU_3142 3118602190710 20012 
CLU_3142 3118602190796 20129 
CLU_3142 3118602190648 20360 
CLU_3142 3118602190818 16458 
CLU_3142 3118602190885 12193 
CLU_3142 3118607053355 11166 
CLU_3142 3118602190192 1099 
CLU_3142 3118602190214 573 
CLU_3142 3118602190680 1242 
CLU_3142 3118602190753 4403 
CLU_3142 3118602190141 2644 
CLU_3142 3118602220245 3124 
CLU_3142 3118602190788 5993 
CLU_3142 CLU_2943 7350 
CLU_3142 CLU_2961 9483 
CLU_3142 CLU_2970 10580 
CLU_3142 CLU_2971 10660 
CLU_3142 CLU_3051 7683 
CLU_3142 CLU_3055 9402 
CLU_3142 CLU_3060 9973 
CLU_3142 CLU_3084 10266 
CLU_3142 CLU_3086 18419 
CLU_3142 CLU_3087 19153 
CLU_3142 CLU_3098 19056 
CLU_3142 CLU_3108 16268 
CLU_3142 CLU_3114 14989 
CLU_3142 CLU_3121 3166 
CLU_3142 CLU_3128 2183 
CLU_3142 CLU_3141 535 
CLU_3142 CLU_3143 864 
CLU_3142 CLU_3160 1166 
CLU_3142 CLU_3166 3173 
CLU_3142 CLU_3176 2219 
CLU_3142 CLU_3200 3640 
CLU_3142 CLU_3214 5225 
CLU_3142 CLU_7923 13764 
CLU_3143 3118602190990 5263 
CLU_3143 3118602191229 5298 
CLU_3143 3118602190591 6174 
CLU_3143 3118602190567 8237 
CLU_3143 3118602190532 9194 
CLU_3143 3118602190494 9814 
CLU_3143 3118602190869 8824 
CLU_3143 3118602190605 9386 
CLU_3143 3118602190109 8573 
CLU_3143 3118607116306 11763 
CLU_3143 3118602190931 11436 
CLU_3143 3118602190923 12520 
CLU_3143 3118602190893 13675 
CLU_3143 3118602190486 11613 
CLU_3143 3118602190915 14008 
CLU_3143 3118602190222 12909 
CLU_3143 3118604696077 7317 
CLU_3143 3118602191024 6832 
CLU_3143 3118602190478 6944 
CLU_3143 3118602190389 7481 
CLU_3143 3118607110316 9451 
CLU_3143 3118602220261 6657 
CLU_3143 3118602190397 7998 
CLU_3143 3118602190176 7911 
CLU_3143 3118602191059 6200 
CLU_3143 3118602191040 5132 
CLU_3143 3118602190451 8363 
CLU_3143 3118602190206 8866 
CLU_3143 3118602190524 9931 
CLU_3143 3118602190400 8459 
CLU_3143 3118602190966 10376 
CLU_3143 3118602190877 8866 
CLU_3143 3118602190826 15950 
CLU_3143 3118602190729 19101 
CLU_3143 3118602190656 19101 
CLU_3143 3118602190834 18764 
CLU_3143 3118602190710 19148 
CLU_3143 3118602190796 19265 
CLU_3143 3118602190648 19498 
CLU_3143 3118602190818 15600 
CLU_3143 3118602190885 11340 
CLU_3143 3118607053355 10376 
CLU_3143 3118602190192 1739 
CLU_3143 3118602190214 884 
CLU_3143 3118602190680 963 
CLU_3143 3118602190753 3585 
CLU_3143 3118602190141 2305 
CLU_3143 3118602220245 2320 
CLU_3143 3118602190788 5263 
CLU_3143 CLU_2943 6707 
CLU_3143 CLU_2961 8799 
CLU_3143 CLU_2970 9911 
CLU_3143 CLU_2971 10019 
CLU_3143 CLU_3051 6832 
CLU_3143 CLU_3055 8539 
CLU_3143 CLU_3060 9110 
CLU_3143 CLU_3084 9481 
CLU_3143 CLU_3086 17563 
CLU_3143 CLU_3087 18295 
CLU_3143 CLU_3098 18193 
CLU_3143 CLU_3108 15426 
CLU_3143 CLU_3114 14152 
CLU_3143 CLU_3121 2746 
CLU_3143 CLU_3128 2595 
CLU_3143 CLU_3141 1148 
CLU_3143 CLU_3143 0 
CLU_3143 CLU_3160 574 
CLU_3143 CLU_3166 2355 
CLU_3143 CLU_3176 1380 
CLU_3143 CLU_3200 2926 
CLU_3143 CLU_3214 4673 
CLU_3143 CLU_7923 12916 
CLU_3144 3118602190990 5357 
CLU_3144 3118602191229 5252 
CLU_3144 3118602190591 6091 
CLU_3144 3118602190567 8036 
CLU_3144 3118602190532 8970 
CLU_3144 3118602190494 9459 
CLU_3144 3118602190869 8852 
CLU_3144 3118602190605 9556 
CLU_3144 3118602190109 8848 
CLU_3144 3118607116306 11542 
CLU_3144 3118602190931 11227 
CLU_3144 3118602190923 12483 
CLU_3144 3118602190893 13539 
CLU_3144 3118602190486 11626 
CLU_3144 3118602190915 13930 
CLU_3144 3118602190222 12747 
CLU_3144 3118604696077 8142 
CLU_3144 3118602191024 7853 
CLU_3144 3118602190478 8034 
CLU_3144 3118602190389 8600 
CLU_3144 3118607110316 10472 
CLU_3144 3118602220261 7526 
CLU_3144 3118602190397 9028 
CLU_3144 3118602190176 8573 
CLU_3144 3118602191059 7014 
CLU_3144 3118602191040 6210 
CLU_3144 3118602190451 9636 
CLU_3144 3118602190206 10138 
CLU_3144 3118602190524 11216 
CLU_3144 3118602190400 9669 
CLU_3144 3118602190966 11592 
CLU_3144 3118602190877 10138 
CLU_3144 3118602190826 16914 
CLU_3144 3118602190729 19974 
CLU_3144 3118602190656 19974 
CLU_3144 3118602190834 19660 
CLU_3144 3118602190710 19930 
CLU_3144 3118602190796 20088 
CLU_3144 3118602190648 20346 
CLU_3144 3118602190818 16526 
CLU_3144 3118602190885 11939 
CLU_3144 3118607053355 11592 
CLU_3144 3118602190192 817 
CLU_3144 3118602190214 689 
CLU_3144 3118602190680 2293 
CLU_3144 3118602190753 4797 
CLU_3144 3118602190141 3703 
CLU_3144 3118602220245 2848 
CLU_3144 3118602190788 5357 
CLU_3144 CLU_2943 6523 
CLU_3144 CLU_2961 8702 
CLU_3144 CLU_2970 9762 
CLU_3144 CLU_2971 9796 
CLU_3144 CLU_3051 7853 
CLU_3144 CLU_3055 9317 
CLU_3144 CLU_3060 9852 
CLU_3144 CLU_3084 10708 
CLU_3144 CLU_3086 18496 
CLU_3144 CLU_3087 19209 
CLU_3144 CLU_3098 19031 
CLU_3144 CLU_3108 15918 
CLU_3144 CLU_3114 15213 
CLU_3144 CLU_3121 2183 
CLU_3144 CLU_3128 1178 
CLU_3144 CLU_3141 1769 
CLU_3144 CLU_3143 1438 
CLU_3144 CLU_3160 2000 
CLU_3144 CLU_3166 3604 
CLU_3144 CLU_3176 2634 
CLU_3144 CLU_3200 3075 
CLU_3144 CLU_3214 4307 
CLU_3144 CLU_7923 13456 
CLU_3145 3118602190990 6141 
CLU_3145 3118602191229 6168 
CLU_3145 3118602190591 7042 
CLU_3145 3118602190567 9096 
CLU_3145 3118602190532 10052 
CLU_3145 3118602190494 10652 
CLU_3145 3118602190869 9703 
CLU_3145 3118602190605 10267 
CLU_3145 3118602190109 9450 
CLU_3145 3118607116306 12624 
CLU_3145 3118602190931 12298 
CLU_3145 3118602190923 13398 
CLU_3145 3118602190893 14546 
CLU_3145 3118602190486 12492 
CLU_3145 3118602190915 14884 
CLU_3145 3118602190222 13778 
CLU_3145 3118604696077 8091 
CLU_3145 3118602191024 7521 
CLU_3145 3118602190478 7590 
CLU_3145 3118602190389 8104 
CLU_3145 3118607110316 10124 
CLU_3145 3118602220261 7419 
CLU_3145 3118602190397 8675 
CLU_3145 3118602190176 8732 
CLU_3145 3118602191059 6985 
CLU_3145 3118602191040 5807 
CLU_3145 3118602190451 8841 
CLU_3145 3118602190206 9342 
CLU_3145 3118602190524 10384 
CLU_3145 3118602190400 9001 
CLU_3145 3118602190966 10903 
CLU_3145 3118602190877 9342 
CLU_3145 3118602190826 16636 
CLU_3145 3118602190729 19826 
CLU_3145 3118602190656 19826 
CLU_3145 3118602190834 19479 
CLU_3145 3118602190710 19910 
CLU_3145 3118602190796 20012 
CLU_3145 3118602190648 20233 
CLU_3145 3118602190818 16306 
CLU_3145 3118602190885 12166 
CLU_3145 3118607053355 10903 
CLU_3145 3118602190192 1535 
CLU_3145 3118602190214 995 
CLU_3145 3118602190680 856 
CLU_3145 3118602190753 4193 
CLU_3145 3118602190141 2216 
CLU_3145 3118602220245 3198 
CLU_3145 3118602190788 6141 
CLU_3145 CLU_2943 7565 
CLU_3145 CLU_2961 9670 
CLU_3145 CLU_2970 10779 
CLU_3145 CLU_2971 10878 
CLU_3145 CLU_3051 7521 
CLU_3145 CLU_3055 9323 
CLU_3145 CLU_3060 9904 
CLU_3145 CLU_3084 10000 
CLU_3145 CLU_3086 18263 
CLU_3145 CLU_3087 19003 
CLU_3145 CLU_3098 18934 
CLU_3145 CLU_3108 16270 
CLU_3145 CLU_3114 14786 
CLU_3145 CLU_3121 3482 
CLU_3145 CLU_3128 2638 
CLU_3145 CLU_3141 276 
CLU_3145 CLU_3143 881 
CLU_3145 CLU_3160 930 
CLU_3145 CLU_3166 2977 
CLU_3145 CLU_3176 2076 
CLU_3145 CLU_3200 3800 
CLU_3145 CLU_3214 5491 
CLU_3145 CLU_7923 13753 
CLU_3146 3118602190990 6847 
CLU_3146 3118602191229 6833 
CLU_3146 3118602190591 7701 
CLU_3146 3118602190567 9722 
CLU_3146 3118602190532 10671 
CLU_3146 3118602190494 11222 
CLU_3146 3118602190869 10404 
CLU_3146 3118602190605 11009 
CLU_3146 3118602190109 10216 
CLU_3146 3118607116306 13247 
CLU_3146 3118602190931 12926 
CLU_3146 3118602190923 14085 
CLU_3146 3118602190893 15202 
CLU_3146 3118602190486 13194 
CLU_3146 3118602190915 15560 
CLU_3146 3118602190222 14424 
CLU_3146 3118604696077 8941 
CLU_3146 3118602191024 8372 
CLU_3146 3118602190478 8436 
CLU_3146 3118602190389 8945 
CLU_3146 3118607110316 10972 
CLU_3146 3118602220261 8269 
CLU_3146 3118602190397 9524 
CLU_3146 3118602190176 9567 
CLU_3146 3118602191059 7831 
CLU_3146 3118602191040 6657 
CLU_3146 3118602190451 9635 
CLU_3146 3118602190206 10134 
CLU_3146 3118602190524 11166 
CLU_3146 3118602190400 9818 
CLU_3146 3118602190966 11712 
CLU_3146 3118602190877 10134 
CLU_3146 3118602190826 17486 
CLU_3146 3118602190729 20678 
CLU_3146 3118602190656 20678 
CLU_3146 3118602190834 20331 
CLU_3146 3118602190710 20761 
CLU_3146 3118602190796 20864 
CLU_3146 3118602190648 21086 
CLU_3146 3118602190818 17157 
CLU_3146 3118602190885 12999 
CLU_3146 3118607053355 11712 
CLU_3146 3118602190192 1328 
CLU_3146 3118602190214 1329 
CLU_3146 3118602190680 1631 
CLU_3146 3118602190753 5036 
CLU_3146 3118602190141 2823 
CLU_3146 3118602220245 3967 
CLU_3146 3118602190788 6847 
CLU_3146 CLU_2943 8192 
CLU_3146 CLU_2961 10332 
CLU_3146 CLU_2970 11425 
CLU_3146 CLU_2971 11498 
CLU_3146 CLU_3051 8372 
CLU_3146 CLU_3055 10171 
CLU_3146 CLU_3060 10750 
CLU_3146 CLU_3084 10808 
CLU_3146 CLU_3086 19113 
CLU_3146 CLU_3087 19855 
CLU_3146 CLU_3098 19787 
CLU_3146 CLU_3108 17090 
CLU_3146 CLU_3114 15626 
CLU_3146 CLU_3121 3958 
CLU_3146 CLU_3128 2479 
CLU_3146 CLU_3141 590 
CLU_3146 CLU_3143 1664 
CLU_3146 CLU_3160 1782 
CLU_3146 CLU_3166 3826 
CLU_3146 CLU_3176 2928 
CLU_3146 CLU_3200 4495 
CLU_3146 CLU_3214 6046 
CLU_3146 CLU_7923 14579 
CLU_3147 3118602190990 4624 
CLU_3147 3118602191229 4713 
CLU_3147 3118602190591 5588 
CLU_3147 3118602190567 7675 
CLU_3147 3118602190532 8635 
CLU_3147 3118602190494 9307 
CLU_3147 3118602190869 8171 
CLU_3147 3118602190605 8685 
CLU_3147 3118602190109 7847 
CLU_3147 3118607116306 11188 
CLU_3147 3118602190931 10857 
CLU_3147 3118602190923 11873 
CLU_3147 3118602190893 13061 
CLU_3147 3118602190486 10952 
CLU_3147 3118602190915 13371 
CLU_3147 3118602190222 12306 
CLU_3147 3118604696077 6513 
CLU_3147 3118602191024 6042 
CLU_3147 3118602190478 6170 
CLU_3147 3118602190389 6716 
CLU_3147 3118607110316 8664 
CLU_3147 3118602220261 5852 
CLU_3147 3118602190397 7212 
CLU_3147 3118602190176 7115 
CLU_3147 3118602191059 5395 
CLU_3147 3118602191040 4351 
CLU_3147 3118602190451 7672 
CLU_3147 3118602190206 8175 
CLU_3147 3118602190524 9249 
CLU_3147 3118602190400 7732 
CLU_3147 3118602190966 9653 
CLU_3147 3118602190877 8175 
CLU_3147 3118602190826 15157 
CLU_3147 3118602190729 18299 
CLU_3147 3118602190656 18299 
CLU_3147 3118602190834 17964 
CLU_3147 3118602190710 18343 
CLU_3147 3118602190796 18461 
CLU_3147 3118602190648 18695 
CLU_3147 3118602190818 14803 
CLU_3147 3118602190885 10546 
CLU_3147 3118607053355 9653 
CLU_3147 3118602190192 2461 
CLU_3147 3118602190214 1595 
CLU_3147 3118602190680 1304 
CLU_3147 3118602190753 2849 
CLU_3147 3118602190141 2258 
CLU_3147 3118602220245 1626 
CLU_3147 3118602190788 4624 
CLU_3147 CLU_2943 6155 
CLU_3147 CLU_2961 8191 
CLU_3147 CLU_2970 9317 
CLU_3147 CLU_2971 9453 
CLU_3147 CLU_3051 6042 
CLU_3147 CLU_3055 7735 
CLU_3147 CLU_3060 8307 
CLU_3147 CLU_3084 8763 
CLU_3147 CLU_3086 16767 
CLU_3147 CLU_3087 17497 
CLU_3147 CLU_3098 17389 
CLU_3147 CLU_3108 14644 
CLU_3147 CLU_3114 13376 
CLU_3147 CLU_3121 2563 
CLU_3147 CLU_3128 3148 
CLU_3147 CLU_3141 1903 
CLU_3147 CLU_3143 804 
CLU_3147 CLU_3160 845 
CLU_3147 CLU_3166 1636 
CLU_3147 CLU_3176 660 
CLU_3147 CLU_3200 2352 
CLU_3147 CLU_3214 4253 
CLU_3147 CLU_7923 12129 
CLU_3148 3118602190990 4741 
CLU_3148 3118602191229 4709 
CLU_3148 3118602190591 5575 
CLU_3148 3118602190567 7598 
CLU_3148 3118602190532 8549 
CLU_3148 3118602190494 9120 
CLU_3148 3118602190869 8289 
CLU_3148 3118602190605 8925 
CLU_3148 3118602190109 8166 
CLU_3148 3118607116306 11125 
CLU_3148 3118602190931 10802 
CLU_3148 3118602190923 11963 
CLU_3148 3118602190893 13076 
CLU_3148 3118602190486 11078 
CLU_3148 3118602190915 13435 
CLU_3148 3118602190222 12298 
CLU_3148 3118604696077 7266 
CLU_3148 3118602191024 6943 
CLU_3148 3118602190478 7118 
CLU_3148 3118602190389 7682 
CLU_3148 3118607110316 9563 
CLU_3148 3118602220261 6639 
CLU_3148 3118602190397 8117 
CLU_3148 3118602190176 7742 
CLU_3148 3118602191059 6138 
CLU_3148 3118602191040 5293 
CLU_3148 3118602190451 8730 
CLU_3148 3118602190206 9232 
CLU_3148 3118602190524 10312 
CLU_3148 3118602190400 8754 
CLU_3148 3118602190966 10677 
CLU_3148 3118602190877 9232 
CLU_3148 3118602190826 16016 
CLU_3148 3118602190729 19096 
CLU_3148 3118602190656 19096 
CLU_3148 3118602190834 18777 
CLU_3148 3118602190710 19076 
CLU_3148 3118602190796 19222 
CLU_3148 3118602190648 19474 
CLU_3148 3118602190818 15636 
CLU_3148 3118602190885 11136 
CLU_3148 3118607053355 10677 
CLU_3148 3118602190192 1582 
CLU_3148 3118602190214 847 
CLU_3148 3118602190680 1819 
CLU_3148 3118602190753 3887 
CLU_3148 3118602190141 3123 
CLU_3148 3118602220245 2008 
CLU_3148 3118602190788 4741 
CLU_3148 CLU_2943 6068 
CLU_3148 CLU_2961 8206 
CLU_3148 CLU_2970 9299 
CLU_3148 CLU_2971 9376 
CLU_3148 CLU_3051 6943 
CLU_3148 CLU_3055 8455 
CLU_3148 CLU_3060 9001 
CLU_3148 CLU_3084 9794 
CLU_3148 CLU_3086 17605 
CLU_3148 CLU_3087 18322 
CLU_3148 CLU_3098 18162 
CLU_3148 CLU_3108 15158 
CLU_3148 CLU_3114 14301 
CLU_3148 CLU_3121 1932 
CLU_3148 CLU_3128 2065 
CLU_3148 CLU_3141 1765 
CLU_3148 CLU_3143 856 
CLU_3148 CLU_3160 1402 
CLU_3148 CLU_3166 2709 
CLU_3148 CLU_3176 1757 
CLU_3148 CLU_3200 2395 
CLU_3148 CLU_3214 3948 
CLU_3148 CLU_7923 12676 
CLU_3149 3118602190990 3768 
CLU_3149 3118602191229 3816 
CLU_3149 3118602190591 4693 
CLU_3149 3118602190567 6768 
CLU_3149 3118602190532 7727 
CLU_3149 3118602190494 8380 
CLU_3149 3118602190869 7329 
CLU_3149 3118602190605 7901 
CLU_3149 3118602190109 7105 
CLU_3149 3118607116306 10289 
CLU_3149 3118602190931 9960 
CLU_3149 3118602190923 11026 
CLU_3149 3118602190893 12187 
CLU_3149 3118602190486 10118 
CLU_3149 3118602190915 12515 
CLU_3149 3118602190222 11425 
CLU_3149 3118604696077 6134 
CLU_3149 3118602191024 5862 
CLU_3149 3118602190478 6069 
CLU_3149 3118602190389 6645 
CLU_3149 3118607110316 8474 
CLU_3149 3118602220261 5514 
CLU_3149 3118602190397 7035 
CLU_3149 3118602190176 6604 
CLU_3149 3118602191059 5006 
CLU_3149 3118602191040 4252 
CLU_3149 3118602190451 7810 
CLU_3149 3118602190206 8308 
CLU_3149 3118602190524 9396 
CLU_3149 3118602190400 7775 
CLU_3149 3118602190966 9693 
CLU_3149 3118602190877 8308 
CLU_3149 3118602190826 14903 
CLU_3149 3118602190729 17966 
CLU_3149 3118602190656 17966 
CLU_3149 3118602190834 17650 
CLU_3149 3118602190710 17937 
CLU_3149 3118602190796 18087 
CLU_3149 3118602190648 18341 
CLU_3149 3118602190818 14515 
CLU_3149 3118602190885 10003 
CLU_3149 3118607053355 9693 
CLU_3149 3118602190192 2721 
CLU_3149 3118602190214 1952 
CLU_3149 3118602190680 2227 
CLU_3149 3118602190753 2992 
CLU_3149 3118602190141 3158 
CLU_3149 3118602220245 877 
CLU_3149 3118602190788 3768 
CLU_3149 CLU_2943 5242 
CLU_3149 CLU_2961 7312 
CLU_3149 CLU_2970 8429 
CLU_3149 CLU_2971 8549 
CLU_3149 CLU_3051 5862 
CLU_3149 CLU_3055 7317 
CLU_3149 CLU_3060 7862 
CLU_3149 CLU_3084 8824 
CLU_3149 CLU_3086 16484 
CLU_3149 CLU_3087 17198 
CLU_3149 CLU_3098 17027 
CLU_3149 CLU_3108 14040 
CLU_3149 CLU_3114 13220 
CLU_3149 CLU_3121 1734 
CLU_3149 CLU_3128 3065 
CLU_3149 CLU_3141 2636 
CLU_3149 CLU_3143 1494 
CLU_3149 CLU_3160 1755 
CLU_3149 CLU_3166 1960 
CLU_3149 CLU_3176 1257 
CLU_3149 CLU_3200 1442 
CLU_3149 CLU_3214 3310 
CLU_3149 CLU_7923 11550 
CLU_3150 3118602190990 3943 
CLU_3150 3118602191229 3962 
CLU_3150 3118602190591 4837 
CLU_3150 3118602190567 6899 
CLU_3150 3118602190532 7856 
CLU_3150 3118602190494 8485 
CLU_3150 3118602190869 7504 
CLU_3150 3118602190605 8100 
CLU_3150 3118602190109 7318 
CLU_3150 3118607116306 10425 
CLU_3150 3118602190931 10097 
CLU_3150 3118602190923 11195 
CLU_3150 3118602190893 12340 
CLU_3150 3118602190486 10295 
CLU_3150 3118602190915 12679 
CLU_3150 3118602190222 11572 
CLU_3150 3118604696077 6402 
CLU_3150 3118602191024 6132 
CLU_3150 3118602190478 6336 
CLU_3150 3118602190389 6912 
CLU_3150 3118607110316 8744 
CLU_3150 3118602220261 5784 
CLU_3150 3118602190397 7305 
CLU_3150 3118602190176 6862 
CLU_3150 3118602191059 5274 
CLU_3150 3118602191040 4518 
CLU_3150 3118602190451 8060 
CLU_3150 3118602190206 8559 
CLU_3150 3118602190524 9647 
CLU_3150 3118602190400 8035 
CLU_3150 3118602190966 9953 
CLU_3150 3118602190877 8559 
CLU_3150 3118602190826 15174 
CLU_3150 3118602190729 18234 
CLU_3150 3118602190656 18234 
CLU_3150 3118602190834 17919 
CLU_3150 3118602190710 18201 
CLU_3150 3118602190796 18353 
CLU_3150 3118602190648 18608 
CLU_3150 3118602190818 14785 
CLU_3150 3118602190885 10254 
CLU_3150 3118607053355 9953 
CLU_3150 3118602190192 2460 
CLU_3150 3118602190214 1710 
CLU_3150 3118602190680 2150 
CLU_3150 3118602190753 3232 
CLU_3150 3118602190141 3186 
CLU_3150 3118602220245 1127 
CLU_3150 3118602190788 3943 
CLU_3150 CLU_2943 5369 
CLU_3150 CLU_2961 7464 
CLU_3150 CLU_2970 8574 
CLU_3150 CLU_2971 8681 
CLU_3150 CLU_3051 6132 
CLU_3150 CLU_3055 7583 
CLU_3150 CLU_3060 8125 
CLU_3150 CLU_3084 9082 
CLU_3150 CLU_3086 16754 
CLU_3150 CLU_3087 17467 
CLU_3150 CLU_3098 17294 
CLU_3150 CLU_3108 14282 
CLU_3150 CLU_3114 13490 
CLU_3150 CLU_3121 1642 
CLU_3150 CLU_3128 2796 
CLU_3150 CLU_3141 2460 
CLU_3150 CLU_3143 1338 
CLU_3150 CLU_3160 1675 
CLU_3150 CLU_3166 2161 
CLU_3150 CLU_3176 1373 
CLU_3150 CLU_3200 1595 
CLU_3150 CLU_3214 3370 
CLU_3150 CLU_7923 11796 
CLU_3151 3118602190990 4019 
CLU_3151 3118602191229 4092 
CLU_3151 3118602190591 4968 
CLU_3151 3118602190567 7051 
CLU_3151 3118602190532 8011 
CLU_3151 3118602190494 8678 
CLU_3151 3118602190869 7574 
CLU_3151 3118602190605 8118 
CLU_3151 3118602190109 7301 
CLU_3151 3118607116306 10567 
CLU_3151 3118602190931 10237 
CLU_3151 3118602190923 11275 
CLU_3151 3118602190893 12451 
CLU_3151 3118602190486 10361 
CLU_3151 3118602190915 12769 
CLU_3151 3118602190222 11693 
CLU_3151 3118604696077 6176 
CLU_3151 3118602191024 5829 
CLU_3151 3118602190478 6008 
CLU_3151 3118602190389 6576 
CLU_3151 3118607110316 8449 
CLU_3151 3118602220261 5539 
CLU_3151 3118602190397 7003 
CLU_3151 3118602190176 6699 
CLU_3151 3118602191059 5049 
CLU_3151 3118602191040 4184 
CLU_3151 3118602190451 7674 
CLU_3151 3118602190206 8174 
CLU_3151 3118602190524 9259 
CLU_3151 3118602190400 7669 
CLU_3151 3118602190966 9591 
CLU_3151 3118602190877 8174 
CLU_3151 3118602190826 14907 
CLU_3151 3118602190729 18000 
CLU_3151 3118602190656 18000 
CLU_3151 3118602190834 17677 
CLU_3151 3118602190710 17999 
CLU_3151 3118602190796 18136 
CLU_3151 3118602190648 18383 
CLU_3151 3118602190818 14531 
CLU_3151 3118602190885 10115 
CLU_3151 3118607053355 9591 
CLU_3151 3118602190192 2673 
CLU_3151 3118602190214 1855 
CLU_3151 3118602190680 1929 
CLU_3151 3118602190753 2834 
CLU_3151 3118602190141 2830 
CLU_3151 3118602220245 1048 
CLU_3151 3118602190788 4019 
CLU_3151 CLU_2943 5529 
CLU_3151 CLU_2961 7578 
CLU_3151 CLU_2970 8700 
CLU_3151 CLU_2971 8831 
CLU_3151 CLU_3051 5829 
CLU_3151 CLU_3055 7376 
CLU_3151 CLU_3060 7933 
CLU_3151 CLU_3084 8714 
CLU_3151 CLU_3086 16499 
CLU_3151 CLU_3087 17219 
CLU_3151 CLU_3098 17072 
CLU_3151 CLU_3108 14179 
CLU_3151 CLU_3114 13188 
CLU_3151 CLU_3121 2042 
CLU_3151 CLU_3128 3139 
CLU_3151 CLU_3141 2420 
CLU_3151 CLU_3143 1272 
CLU_3151 CLU_3160 1462 
CLU_3151 CLU_3166 1732 
CLU_3151 CLU_3176 949 
CLU_3151 CLU_3200 1725 
CLU_3151 CLU_3214 3629 
CLU_3151 CLU_7923 11677 
CLU_3152 3118602190990 3800 
CLU_3152 3118602191229 3862 
CLU_3152 3118602190591 4738 
CLU_3152 3118602190567 6819 
CLU_3152 3118602190532 7778 
CLU_3152 3118602190494 8440 
CLU_3152 3118602190869 7359 
CLU_3152 3118602190605 7918 
CLU_3152 3118602190109 7113 
CLU_3152 3118607116306 10337 
CLU_3152 3118602190931 10007 
CLU_3152 3118602190923 11058 
CLU_3152 3118602190893 12227 
CLU_3152 3118602190486 10147 
CLU_3152 3118602190915 12550 
CLU_3152 3118602190222 11467 
CLU_3152 3118604696077 6087 
CLU_3152 3118602191024 5794 
CLU_3152 3118602190478 5993 
CLU_3152 3118602190389 6568 
CLU_3152 3118607110316 8408 
CLU_3152 3118602220261 5462 
CLU_3152 3118602190397 6967 
CLU_3152 3118602190176 6574 
CLU_3152 3118602191059 4958 
CLU_3152 3118602191040 4175 
CLU_3152 3118602190451 7718 
CLU_3152 3118602190206 8217 
CLU_3152 3118602190524 9305 
CLU_3152 3118602190400 7690 
CLU_3152 3118602190966 9608 
CLU_3152 3118602190877 8217 
CLU_3152 3118602190826 14846 
CLU_3152 3118602190729 17918 
CLU_3152 3118602190656 17918 
CLU_3152 3118602190834 17599 
CLU_3152 3118602190710 17897 
CLU_3152 3118602190796 18043 
CLU_3152 3118602190648 18295 
CLU_3152 3118602190818 14461 
CLU_3152 3118602190885 9979 
CLU_3152 3118607053355 9608 
CLU_3152 3118602190192 2760 
CLU_3152 3118602190214 1974 
CLU_3152 3118602190680 2166 
CLU_3152 3118602190753 2895 
CLU_3152 3118602190141 3065 
CLU_3152 3118602220245 866 
CLU_3152 3118602190788 3800 
CLU_3152 CLU_2943 5295 
CLU_3152 CLU_2961 7353 
CLU_3152 CLU_2970 8473 
CLU_3152 CLU_2971 8599 
CLU_3152 CLU_3051 5794 
CLU_3152 CLU_3055 7276 
CLU_3152 CLU_3060 7824 
CLU_3152 CLU_3084 8738 
CLU_3152 CLU_3086 16430 
CLU_3152 CLU_3087 17146 
CLU_3152 CLU_3098 16982 
CLU_3152 CLU_3108 14027 
CLU_3152 CLU_3114 13153 
CLU_3152 CLU_3121 1841 
CLU_3152 CLU_3128 3139 
CLU_3152 CLU_3141 2615 
CLU_3152 CLU_3143 1468 
CLU_3152 CLU_3160 1697 
CLU_3152 CLU_3166 1853 
CLU_3152 CLU_3176 1153 
CLU_3152 CLU_3200 1491 
CLU_3152 CLU_3214 3387 
CLU_3152 CLU_7923 11532 
CLU_3153 3118602190990 4531 
CLU_3153 3118602191229 4545 
CLU_3153 3118602190591 5419 
CLU_3153 3118602190567 7474 
CLU_3153 3118602190532 8431 
CLU_3153 3118602190494 9044 
CLU_3153 3118602190869 8091 
CLU_3153 3118602190605 8684 
CLU_3153 3118602190109 7896 
CLU_3153 3118607116306 11001 
CLU_3153 3118602190931 10675 
CLU_3153 3118602190923 11781 
CLU_3153 3118602190893 12924 
CLU_3153 3118602190486 10882 
CLU_3153 3118602190915 13264 
CLU_3153 3118602190222 12154 
CLU_3153 3118604696077 6864 
CLU_3153 3118602191024 6508 
CLU_3153 3118602190478 6675 
CLU_3153 3118602190389 7237 
CLU_3153 3118607110316 9129 
CLU_3153 3118602220261 6228 
CLU_3153 3118602190397 7682 
CLU_3153 3118602190176 7374 
CLU_3153 3118602191059 5736 
CLU_3153 3118602191040 4850 
CLU_3153 3118602190451 8278 
CLU_3153 3118602190206 8780 
CLU_3153 3118602190524 9860 
CLU_3153 3118602190400 8303 
CLU_3153 3118602190966 10226 
CLU_3153 3118602190877 8780 
CLU_3153 3118602190826 15593 
CLU_3153 3118602190729 18688 
CLU_3153 3118602190656 18688 
CLU_3153 3118602190834 18365 
CLU_3153 3118602190710 18685 
CLU_3153 3118602190796 18824 
CLU_3153 3118602190648 19071 
CLU_3153 3118602190818 15219 
CLU_3153 3118602190885 10783 
CLU_3153 3118607053355 10226 
CLU_3153 3118602190192 1984 
CLU_3153 3118602190214 1172 
CLU_3153 3118602190680 1661 
CLU_3153 3118602190753 3435 
CLU_3153 3118602190141 2847 
CLU_3153 3118602220245 1667 
CLU_3153 3118602190788 4531 
CLU_3153 CLU_2943 5943 
CLU_3153 CLU_2961 8048 
CLU_3153 CLU_2970 9155 
CLU_3153 CLU_2971 9256 
CLU_3153 CLU_3051 6508 
CLU_3153 CLU_3055 8062 
CLU_3153 CLU_3060 8616 
CLU_3153 CLU_3084 9343 
CLU_3153 CLU_3086 17187 
CLU_3153 CLU_3087 17907 
CLU_3153 CLU_3098 17760 
CLU_3153 CLU_3108 14831 
CLU_3153 CLU_3114 13864 
CLU_3153 CLU_3121 2021 
CLU_3153 CLU_3128 2516 
CLU_3153 CLU_3141 1874 
CLU_3153 CLU_3143 771 
CLU_3153 CLU_3160 1197 
CLU_3153 CLU_3166 2261 
CLU_3153 CLU_3176 1321 
CLU_3153 CLU_3200 2182 
CLU_3153 CLU_3214 3903 
CLU_3153 CLU_7923 12337 
CLU_3154 3118602190990 3760 
CLU_3154 3118602191229 3719 
CLU_3154 3118602190591 4585 
CLU_3154 3118602190567 6614 
CLU_3154 3118602190532 7567 
CLU_3154 3118602190494 8155 
CLU_3154 3118602190869 7302 
CLU_3154 3118602190605 7952 
CLU_3154 3118602190109 7212 
CLU_3154 3118607116306 10141 
CLU_3154 3118602190931 9818 
CLU_3154 3118602190923 10974 
CLU_3154 3118602190893 12087 
CLU_3154 3118602190486 10090 
CLU_3154 3118602190915 12445 
CLU_3154 3118602190222 11310 
CLU_3154 3118604696077 6543 
CLU_3154 3118602191024 6371 
CLU_3154 3118602190478 6608 
CLU_3154 3118602190389 7193 
CLU_3154 3118607110316 8965 
CLU_3154 3118602220261 5951 
CLU_3154 3118602190397 7538 
CLU_3154 3118602190176 6924 
CLU_3154 3118602191059 5420 
CLU_3154 3118602191040 4807 
CLU_3154 3118602190451 8415 
CLU_3154 3118602190206 8910 
CLU_3154 3118602190524 10000 
CLU_3154 3118602190400 8355 
CLU_3154 3118602190966 10267 
CLU_3154 3118602190877 8910 
CLU_3154 3118602190826 15350 
CLU_3154 3118602190729 18365 
CLU_3154 3118602190656 18365 
CLU_3154 3118602190834 18061 
CLU_3154 3118602190710 18293 
CLU_3154 3118602190796 18461 
CLU_3154 3118602190648 18728 
CLU_3154 3118602190818 14944 
CLU_3154 3118602190885 10279 
CLU_3154 3118607053355 10267 
CLU_3154 3118602190192 2453 
CLU_3154 3118602190214 1825 
CLU_3154 3118602190680 2563 
CLU_3154 3118602190753 3619 
CLU_3154 3118602190141 3662 
CLU_3154 3118602220245 1254 
CLU_3154 3118602190788 3760 
CLU_3154 CLU_2943 5083 
CLU_3154 CLU_2961 7217 
CLU_3154 CLU_2970 8311 
CLU_3154 CLU_2971 8393 
CLU_3154 CLU_3051 6371 
CLU_3154 CLU_3055 7694 
CLU_3154 CLU_3060 8218 
CLU_3154 CLU_3084 9406 
CLU_3154 CLU_3086 16914 
CLU_3154 CLU_3087 17617 
CLU_3154 CLU_3098 17411 
CLU_3154 CLU_3108 14257 
CLU_3154 CLU_3114 13715 
CLU_3154 CLU_3121 1158 
CLU_3154 CLU_3128 2579 
CLU_3154 CLU_3141 2729 
CLU_3154 CLU_3143 1676 
CLU_3154 CLU_3160 2093 
CLU_3154 CLU_3166 2606 
CLU_3154 CLU_3176 1861 
CLU_3154 CLU_3200 1428 
CLU_3154 CLU_3214 2999 
CLU_3154 CLU_7923 11793 
CLU_3155 3118602190990 5278 
CLU_3155 3118602191229 5289 
CLU_3155 3118602190591 6162 
CLU_3155 3118602190567 8211 
CLU_3155 3118602190532 9166 
CLU_3155 3118602190494 9765 
CLU_3155 3118602190869 8839 
CLU_3155 3118602190605 9427 
CLU_3155 3118602190109 8631 
CLU_3155 3118607116306 11739 
CLU_3155 3118602190931 11414 
CLU_3155 3118602190923 12529 
CLU_3155 3118602190893 13668 
CLU_3155 3118602190486 11629 
CLU_3155 3118602190915 14011 
CLU_3155 3118602190222 12896 
CLU_3155 3118604696077 7469 
CLU_3155 3118602191024 7017 
CLU_3155 3118602190478 7141 
CLU_3155 3118602190389 7684 
CLU_3155 3118607110316 9639 
CLU_3155 3118602220261 6815 
CLU_3155 3118602190397 8187 
CLU_3155 3118602190176 8035 
CLU_3155 3118602191059 6347 
CLU_3155 3118602191040 5325 
CLU_3155 3118602190451 8592 
CLU_3155 3118602190206 9095 
CLU_3155 3118602190524 10162 
CLU_3155 3118602190400 8678 
CLU_3155 3118602190966 10597 
CLU_3155 3118602190877 9095 
CLU_3155 3118602190826 16132 
CLU_3155 3118602190729 19268 
CLU_3155 3118602190656 19268 
CLU_3155 3118602190834 18935 
CLU_3155 3118602190710 19300 
CLU_3155 3118602190796 19424 
CLU_3155 3118602190648 19661 
CLU_3155 3118602190818 15775 
CLU_3155 3118602190885 11457 
CLU_3155 3118607053355 10597 
CLU_3155 3118602190192 1510 
CLU_3155 3118602190214 646 
CLU_3155 3118602190680 1162 
CLU_3155 3118602190753 3799 
CLU_3155 3118602190141 2536 
CLU_3155 3118602220245 2384 
CLU_3155 3118602190788 5278 
CLU_3155 CLU_2943 6680 
CLU_3155 CLU_2961 8792 
CLU_3155 CLU_2970 9897 
CLU_3155 CLU_2971 9992 
CLU_3155 CLU_3051 7017 
CLU_3155 CLU_3055 8684 
CLU_3155 CLU_3060 9250 
CLU_3155 CLU_3084 9703 
CLU_3155 CLU_3086 17740 
CLU_3155 CLU_3087 18469 
CLU_3155 CLU_3098 18354 
CLU_3155 CLU_3108 15528 
CLU_3155 CLU_3114 14349 
CLU_3155 CLU_3121 2624 
CLU_3155 CLU_3128 2346 
CLU_3155 CLU_3141 1129 
CLU_3155 CLU_3143 249 
CLU_3155 CLU_3160 813 
CLU_3155 CLU_3166 2571 
CLU_3155 CLU_3176 1590 
CLU_3155 CLU_3200 2929 
CLU_3155 CLU_3214 4605 
CLU_3155 CLU_7923 13025 
CLU_3156 3118602190990 5840 
CLU_3156 3118602191229 5973 
CLU_3156 3118602190591 6842 
CLU_3156 3118602190567 8937 
CLU_3156 3118602190532 9895 
CLU_3156 3118602190494 10594 
CLU_3156 3118602190869 9350 
CLU_3156 3118602190605 9794 
CLU_3156 3118602190109 8909 
CLU_3156 3118607116306 12433 
CLU_3156 3118602190931 12100 
CLU_3156 3118602190923 13050 
CLU_3156 3118602190893 14270 
CLU_3156 3118602190486 12114 
CLU_3156 3118602190915 14557 
CLU_3156 3118602190222 13528 
CLU_3156 3118604696077 7161 
CLU_3156 3118602191024 6457 
CLU_3156 3118602190478 6477 
CLU_3156 3118602190389 6965 
CLU_3156 3118607110316 9026 
CLU_3156 3118602220261 6471 
CLU_3156 3118602190397 7587 
CLU_3156 3118602190176 7911 
CLU_3156 3118602191059 6090 
CLU_3156 3118602191040 4746 
CLU_3156 3118602190451 7605 
CLU_3156 3118602190206 8104 
CLU_3156 3118602190524 9137 
CLU_3156 3118602190400 7796 
CLU_3156 3118602190966 9685 
CLU_3156 3118602190877 8104 
CLU_3156 3118602190826 15537 
CLU_3156 3118602190729 18773 
CLU_3156 3118602190656 18773 
CLU_3156 3118602190834 18412 
CLU_3156 3118602190710 18915 
CLU_3156 3118602190796 18991 
CLU_3156 3118602190648 19195 
CLU_3156 3118602190818 15231 
CLU_3156 3118602190885 11342 
CLU_3156 3118607053355 9685 
CLU_3156 3118602190192 2734 
CLU_3156 3118602190214 1988 
CLU_3156 3118602190680 411 
CLU_3156 3118602190753 3088 
CLU_3156 3118602190141 1081 
CLU_3156 3118602220245 2851 
CLU_3156 3118602190788 5840 
CLU_3156 CLU_2943 7427 
CLU_3156 CLU_2961 9418 
CLU_3156 CLU_2970 10551 
CLU_3156 CLU_2971 10708 
CLU_3156 CLU_3051 6457 
CLU_3156 CLU_3055 8405 
CLU_3156 CLU_3060 9004 
CLU_3156 CLU_3084 8780 
CLU_3156 CLU_3086 17177 
CLU_3156 CLU_3087 17928 
CLU_3156 CLU_3098 17906 
CLU_3156 CLU_3108 15493 
CLU_3156 CLU_3114 13636 
CLU_3156 CLU_3121 3825 
CLU_3156 CLU_3128 3741 
CLU_3156 CLU_3141 1462 
CLU_3156 CLU_3143 1224 
CLU_3156 CLU_3160 652 
CLU_3156 CLU_3166 1951 
CLU_3156 CLU_3176 1311 
CLU_3156 CLU_3200 3640 
CLU_3156 CLU_3214 5566 
CLU_3156 CLU_7923 12958 
CLU_3157 3118602190990 5602 
CLU_3157 3118602191229 5748 
CLU_3157 3118602190591 6614 
CLU_3157 3118602190567 8710 
CLU_3157 3118602190532 9668 
CLU_3157 3118602190494 10379 
CLU_3157 3118602190869 9100 
CLU_3157 3118602190605 9531 
CLU_3157 3118602190109 8642 
CLU_3157 3118607116306 12199 
CLU_3157 3118602190931 11865 
CLU_3157 3118602190923 12798 
CLU_3157 3118602190893 14025 
CLU_3157 3118602190486 11859 
CLU_3157 3118602190915 14306 
CLU_3157 3118602190222 13286 
CLU_3157 3118604696077 6882 
CLU_3157 3118602191024 6187 
CLU_3157 3118602190478 6214 
CLU_3157 3118602190389 6707 
CLU_3157 3118607110316 8761 
CLU_3157 3118602220261 6192 
CLU_3157 3118602190397 7321 
CLU_3157 3118602190176 7631 
CLU_3157 3118602191059 5810 
CLU_3157 3118602191040 4474 
CLU_3157 3118602190451 7383 
CLU_3157 3118602190206 7884 
CLU_3157 3118602190524 8924 
CLU_3157 3118602190400 7559 
CLU_3157 3118602190966 9454 
CLU_3157 3118602190877 7884 
CLU_3157 3118602190826 15275 
CLU_3157 3118602190729 18504 
CLU_3157 3118602190656 18504 
CLU_3157 3118602190834 18145 
CLU_3157 3118602190710 18641 
CLU_3157 3118602190796 18718 
CLU_3157 3118602190648 18925 
CLU_3157 3118602190818 14965 
CLU_3157 3118602190885 11062 
CLU_3157 3118607053355 9454 
CLU_3157 3118602190192 2863 
CLU_3157 3118602190214 2073 
CLU_3157 3118602190680 629 
CLU_3157 3118602190753 2821 
CLU_3157 3118602190141 1117 
CLU_3157 3118602220245 2627 
CLU_3157 3118602190788 5602 
CLU_3157 CLU_2943 7206 
CLU_3157 CLU_2961 9179 
CLU_3157 CLU_2970 10314 
CLU_3157 CLU_2971 10478 
CLU_3157 CLU_3051 6187 
CLU_3157 CLU_3055 8126 
CLU_3157 CLU_3060 8724 
CLU_3157 CLU_3084 8550 
CLU_3157 CLU_3086 16913 
CLU_3157 CLU_3087 17662 
CLU_3157 CLU_3098 17634 
CLU_3157 CLU_3108 15213 
CLU_3157 CLU_3114 13383 
CLU_3157 CLU_3121 3711 
CLU_3157 CLU_3128 3821 
CLU_3157 CLU_3141 1678 
CLU_3157 CLU_3143 1243 
CLU_3157 CLU_3160 681 
CLU_3157 CLU_3166 1672 
CLU_3157 CLU_3176 1055 
CLU_3157 CLU_3200 3435 
CLU_3157 CLU_3214 5386 
CLU_3157 CLU_7923 12678 
CLU_3158 3118602190990 5564 
CLU_3158 3118602191229 5658 
CLU_3158 3118602190591 6532 
CLU_3158 3118602190567 8619 
CLU_3158 3118602190532 9579 
CLU_3158 3118602190494 10246 
CLU_3158 3118602190869 9105 
CLU_3158 3118602190605 9598 
CLU_3158 3118602190109 8742 
CLU_3158 3118607116306 12132 
CLU_3158 3118602190931 11801 
CLU_3158 3118602190923 12808 
CLU_3158 3118602190893 14001 
CLU_3158 3118602190486 11883 
CLU_3158 3118602190915 14308 
CLU_3158 3118602190222 13249 
CLU_3158 3118604696077 7199 
CLU_3158 3118602191024 6589 
CLU_3158 3118602190478 6650 
CLU_3158 3118602190389 7161 
CLU_3158 3118607110316 9186 
CLU_3158 3118602220261 6519 
CLU_3158 3118602190397 7739 
CLU_3158 3118602190176 7884 
CLU_3158 3118602191059 6103 
CLU_3158 3118602191040 4874 
CLU_3158 3118602190451 7912 
CLU_3158 3118602190206 8414 
CLU_3158 3118602190524 9463 
CLU_3158 3118602190400 8061 
CLU_3158 3118602190966 9965 
CLU_3158 3118602190877 8414 
CLU_3158 3118602190826 15700 
CLU_3158 3118602190729 18900 
CLU_3158 3118602190656 18900 
CLU_3158 3118602190834 18550 
CLU_3158 3118602190710 19002 
CLU_3158 3118602190796 19095 
CLU_3158 3118602190648 19312 
CLU_3158 3118602190818 15375 
CLU_3158 3118602190885 11321 
CLU_3158 3118607053355 9965 
CLU_3158 3118602190192 2282 
CLU_3158 3118602190214 1494 
CLU_3158 3118602190680 360 
CLU_3158 3118602190753 3251 
CLU_3158 3118602190141 1605 
CLU_3158 3118602220245 2563 
CLU_3158 3118602190788 5564 
CLU_3158 CLU_2943 7098 
CLU_3158 CLU_2961 9134 
CLU_3158 CLU_2970 10260 
CLU_3158 CLU_2971 10397 
CLU_3158 CLU_3051 6589 
CLU_3158 CLU_3055 8437 
CLU_3158 CLU_3060 9025 
CLU_3158 CLU_3084 9063 
CLU_3158 CLU_3086 17329 
CLU_3158 CLU_3087 18072 
CLU_3158 CLU_3098 18015 
CLU_3158 CLU_3108 15449 
CLU_3158 CLU_3114 13843 
CLU_3158 CLU_3121 3349 
CLU_3158 CLU_3128 3244 
CLU_3158 CLU_3141 1195 
CLU_3158 CLU_3143 699 
CLU_3158 CLU_3160 132 
CLU_3158 CLU_3166 2042 
CLU_3158 CLU_3176 1192 
CLU_3158 CLU_3200 3294 
CLU_3158 CLU_3214 5164 
CLU_3158 CLU_7923 12922 
CLU_3159 3118602190990 5920 
CLU_3159 3118602191229 6017 
CLU_3159 3118602190591 6892 
CLU_3159 3118602190567 8979 
CLU_3159 3118602190532 9939 
CLU_3159 3118602190494 10606 
CLU_3159 3118602190869 9457 
CLU_3159 3118602190605 9941 
CLU_3159 3118602190109 9078 
CLU_3159 3118607116306 12491 
CLU_3159 3118602190931 12160 
CLU_3159 3118602190923 13160 
CLU_3159 3118602190893 14358 
CLU_3159 3118602190486 12233 
CLU_3159 3118602190915 14662 
CLU_3159 3118602190222 13606 
CLU_3159 3118604696077 7459 
CLU_3159 3118602191024 6800 
CLU_3159 3118602190478 6837 
CLU_3159 3118602190389 7334 
CLU_3159 3118607110316 9382 
CLU_3159 3118602220261 6774 
CLU_3159 3118602190397 7939 
CLU_3159 3118602190176 8172 
CLU_3159 3118602191059 6374 
CLU_3159 3118602191040 5085 
CLU_3159 3118602190451 8007 
CLU_3159 3118602190206 8507 
CLU_3159 3118602190524 9543 
CLU_3159 3118602190400 8188 
CLU_3159 3118602190966 10081 
CLU_3159 3118602190877 8507 
CLU_3159 3118602190826 15896 
CLU_3159 3118602190729 19117 
CLU_3159 3118602190656 19117 
CLU_3159 3118602190834 18761 
CLU_3159 3118602190710 19241 
CLU_3159 3118602190796 19324 
CLU_3159 3118602190648 19535 
CLU_3159 3118602190818 15582 
CLU_3159 3118602190885 11608 
CLU_3159 3118607053355 10081 
CLU_3159 3118602190192 2340 
CLU_3159 3118602190214 1630 
CLU_3159 3118602190680 0 
CLU_3159 3118602190753 3439 
CLU_3159 3118602190141 1420 
CLU_3159 3118602220245 2918 
CLU_3159 3118602190788 5920 
CLU_3159 CLU_2943 7459 
CLU_3159 CLU_2961 9492 
CLU_3159 CLU_2970 10619 
CLU_3159 CLU_2971 10757 
CLU_3159 CLU_3051 6800 
CLU_3159 CLU_3055 8700 
CLU_3159 CLU_3060 9294 
CLU_3159 CLU_3084 9177 
CLU_3159 CLU_3086 17532 
CLU_3159 CLU_3087 18279 
CLU_3159 CLU_3098 18242 
CLU_3159 CLU_3108 15746 
CLU_3159 CLU_3114 14011 
CLU_3159 CLU_3121 3679 
CLU_3159 CLU_3128 3376 
CLU_3159 CLU_3141 1055 
CLU_3159 CLU_3143 963 
CLU_3159 CLU_3160 475 
CLU_3159 CLU_3166 2263 
CLU_3159 CLU_3176 1494 
CLU_3159 CLU_3200 3655 
CLU_3159 CLU_3214 5520 
CLU_3159 CLU_7923 13216 
CLU_3160 3118602190990 5469 
CLU_3160 3118602191229 5555 
CLU_3160 3118602190591 6430 
CLU_3160 3118602190567 8514 
CLU_3160 3118602190532 9474 
CLU_3160 3118602190494 10135 
CLU_3160 3118602190869 9015 
CLU_3160 3118602190605 9519 
CLU_3160 3118602190109 8669 
CLU_3160 3118607116306 12030 
CLU_3160 3118602190931 11699 
CLU_3160 3118602190923 12717 
CLU_3160 3118602190893 13906 
CLU_3160 3118602190486 11795 
CLU_3160 3118602190915 14216 
CLU_3160 3118602190222 13151 
CLU_3160 3118604696077 7176 
CLU_3160 3118602191024 6590 
CLU_3160 3118602190478 6662 
CLU_3160 3118602190389 7179 
CLU_3160 3118607110316 9194 
CLU_3160 3118602220261 6500 
CLU_3160 3118602190397 7744 
CLU_3160 3118602190176 7844 
CLU_3160 3118602191059 6075 
CLU_3160 3118602191040 4876 
CLU_3160 3118602190451 7960 
CLU_3160 3118602190206 8462 
CLU_3160 3118602190524 9515 
CLU_3160 3118602190400 8096 
CLU_3160 3118602190966 10005 
CLU_3160 3118602190877 8462 
CLU_3160 3118602190826 15706 
CLU_3160 3118602190729 18896 
CLU_3160 3118602190656 18896 
CLU_3160 3118602190834 18549 
CLU_3160 3118602190710 18987 
CLU_3160 3118602190796 19085 
CLU_3160 3118602190648 19305 
CLU_3160 3118602190818 15376 
CLU_3160 3118602190885 11281 
CLU_3160 3118607053355 10005 
CLU_3160 3118602190192 2201 
CLU_3160 3118602190214 1394 
CLU_3160 3118602190680 475 
CLU_3160 3118602190753 3267 
CLU_3160 3118602190141 1731 
CLU_3160 3118602220245 2470 
CLU_3160 3118602190788 5469 
CLU_3160 CLU_2943 6992 
CLU_3160 CLU_2961 9036 
CLU_3160 CLU_2970 10161 
CLU_3160 CLU_2971 10294 
CLU_3160 CLU_3051 6590 
CLU_3160 CLU_3055 8412 
CLU_3160 CLU_3060 8997 
CLU_3160 CLU_3084 9104 
CLU_3160 CLU_3086 17332 
CLU_3160 CLU_3087 18073 
CLU_3160 CLU_3098 18007 
CLU_3160 CLU_3108 15402 
CLU_3160 CLU_3114 13860 
CLU_3160 CLU_3121 3219 
CLU_3160 CLU_3128 3140 
CLU_3160 CLU_3141 1194 
CLU_3160 CLU_3143 574 
CLU_3160 CLU_3160 0 
CLU_3160 CLU_3166 2047 
CLU_3160 CLU_3176 1159 
CLU_3160 CLU_3200 3187 
CLU_3160 CLU_3214 5045 
CLU_3160 CLU_7923 12878 
CLU_3161 3118602190990 5895 
CLU_3161 3118602191229 5952 
CLU_3161 3118602190591 6828 
CLU_3161 3118602190567 8900 
CLU_3161 3118602190532 9859 
CLU_3161 3118602190494 10490 
CLU_3161 3118602190869 9452 
CLU_3161 3118602190605 9983 
CLU_3161 3118602190109 9148 
CLU_3161 3118607116306 12423 
CLU_3161 3118602190931 12095 
CLU_3161 3118602190923 13152 
CLU_3161 3118602190893 14322 
CLU_3161 3118602190486 12237 
CLU_3161 3118602190915 14645 
CLU_3161 3118602190222 13561 
CLU_3161 3118604696077 7700 
CLU_3161 3118602191024 7107 
CLU_3161 3118602190478 7171 
CLU_3161 3118602190389 7683 
CLU_3161 3118607110316 9707 
CLU_3161 3118602220261 7023 
CLU_3161 3118602190397 8259 
CLU_3161 3118602190176 8363 
CLU_3161 3118602191059 6598 
CLU_3161 3118602191040 5393 
CLU_3161 3118602190451 8418 
CLU_3161 3118602190206 8920 
CLU_3161 3118602190524 9964 
CLU_3161 3118602190400 8576 
CLU_3161 3118602190966 10479 
CLU_3161 3118602190877 8920 
CLU_3161 3118602190826 16220 
CLU_3161 3118602190729 19417 
CLU_3161 3118602190656 19417 
CLU_3161 3118602190834 19068 
CLU_3161 3118602190710 19511 
CLU_3161 3118602190796 19608 
CLU_3161 3118602190648 19827 
CLU_3161 3118602190818 15893 
CLU_3161 3118602190885 11799 
CLU_3161 3118607053355 10479 
CLU_3161 3118602190192 1867 
CLU_3161 3118602190214 1178 
CLU_3161 3118602190680 472 
CLU_3161 3118602190753 3772 
CLU_3161 3118602190141 1886 
CLU_3161 3118602220245 2915 
CLU_3161 3118602190788 5895 
CLU_3161 CLU_2943 7372 
CLU_3161 CLU_2961 9448 
CLU_3161 CLU_2970 10565 
CLU_3161 CLU_2971 10682 
CLU_3161 CLU_3051 7107 
CLU_3161 CLU_3055 8935 
CLU_3161 CLU_3060 9520 
CLU_3161 CLU_3084 9576 
CLU_3161 CLU_3086 17849 
CLU_3161 CLU_3087 18591 
CLU_3161 CLU_3098 18529 
CLU_3161 CLU_3108 15915 
CLU_3161 CLU_3114 14364 
CLU_3161 CLU_3121 3421 
CLU_3161 CLU_3128 2912 
CLU_3161 CLU_3141 674 
CLU_3161 CLU_3143 683 
CLU_3161 CLU_3160 523 
CLU_3161 CLU_3166 2561 
CLU_3161 CLU_3176 1682 
CLU_3161 CLU_3200 3577 
CLU_3161 CLU_3214 5355 
CLU_3161 CLU_7923 13393 
CLU_3162 3118602190990 4043 
CLU_3162 3118602191229 4333 
CLU_3162 3118602190591 5125 
CLU_3162 3118602190567 7182 
CLU_3162 3118602190532 8115 
CLU_3162 3118602190494 8938 
CLU_3162 3118602190869 7328 
CLU_3162 3118602190605 7630 
CLU_3162 3118602190109 6693 
CLU_3162 3118607116306 10557 
CLU_3162 3118602190931 10220 
CLU_3162 3118602190923 10980 
CLU_3162 3118602190893 12268 
CLU_3162 3118602190486 10020 
CLU_3162 3118602190915 12496 
CLU_3162 3118602190222 11564 
CLU_3162 3118604696077 4776 
CLU_3162 3118602191024 4170 
CLU_3162 3118602190478 4273 
CLU_3162 3118602190389 4816 
CLU_3162 3118607110316 6784 
CLU_3162 3118602220261 4090 
CLU_3162 3118602190397 5332 
CLU_3162 3118602190176 5526 
CLU_3162 3118602191059 3699 
CLU_3162 3118602191040 2463 
CLU_3162 3118602190451 5827 
CLU_3162 3118602190206 6329 
CLU_3162 3118602190524 7412 
CLU_3162 3118602190400 5846 
CLU_3162 3118602190966 7769 
CLU_3162 3118602190877 6329 
CLU_3162 3118602190826 13290 
CLU_3162 3118602190729 16469 
CLU_3162 3118602190656 16469 
CLU_3162 3118602190834 16123 
CLU_3162 3118602190710 16565 
CLU_3162 3118602190796 16659 
CLU_3162 3118602190648 16878 
CLU_3162 3118602190818 12952 
CLU_3162 3118602190885 8953 
CLU_3162 3118607053355 7769 
CLU_3162 3118602190192 4362 
CLU_3162 3118602190214 3496 
CLU_3162 3118602190680 2683 
CLU_3162 3118602190753 986 
CLU_3162 3118602190141 2594 
CLU_3162 3118602220245 1705 
CLU_3162 3118602190788 4043 
CLU_3162 CLU_2943 5772 
CLU_3162 CLU_2961 7520 
CLU_3162 CLU_2970 8659 
CLU_3162 CLU_2971 8891 
CLU_3162 CLU_3051 4170 
CLU_3162 CLU_3055 6018 
CLU_3162 CLU_3060 6614 
CLU_3162 CLU_3084 6885 
CLU_3162 CLU_3086 14911 
CLU_3162 CLU_3087 15649 
CLU_3162 CLU_3098 15579 
CLU_3162 CLU_3108 13111 
CLU_3162 CLU_3114 11482 
CLU_3162 CLU_3121 3579 
CLU_3162 CLU_3128 4970 
CLU_3162 CLU_3141 3622 
CLU_3162 CLU_3143 2670 
CLU_3162 CLU_3160 2427 
CLU_3162 CLU_3166 462 
CLU_3162 CLU_3176 1295 
CLU_3162 CLU_3200 2502 
CLU_3162 CLU_3214 4446 
CLU_3162 CLU_7923 10574 
CLU_3163 3118602190990 4120 
CLU_3163 3118602191229 4453 
CLU_3163 3118602190591 5208 
CLU_3163 3118602190567 7231 
CLU_3163 3118602190532 8149 
CLU_3163 3118602190494 9003 
CLU_3163 3118602190869 7285 
CLU_3163 3118602190605 7524 
CLU_3163 3118602190109 6565 
CLU_3163 3118607116306 10550 
CLU_3163 3118602190931 10212 
CLU_3163 3118602190923 10903 
CLU_3163 3118602190893 12213 
CLU_3163 3118602190486 9936 
CLU_3163 3118602190915 12419 
CLU_3163 3118602190222 11525 
CLU_3163 3118604696077 4453 
CLU_3163 3118602191024 3776 
CLU_3163 3118602190478 3857 
CLU_3163 3118602190389 4392 
CLU_3163 3118607110316 6380 
CLU_3163 3118602220261 3760 
CLU_3163 3118602190397 4929 
CLU_3163 3118602190176 5261 
CLU_3163 3118602191059 3405 
CLU_3163 3118602191040 2061 
CLU_3163 3118602190451 5390 
CLU_3163 3118602190206 5891 
CLU_3163 3118602190524 6976 
CLU_3163 3118602190400 5409 
CLU_3163 3118602190966 7332 
CLU_3163 3118602190877 5891 
CLU_3163 3118602190826 12891 
CLU_3163 3118602190729 16087 
CLU_3163 3118602190656 16087 
CLU_3163 3118602190834 15736 
CLU_3163 3118602190710 16205 
CLU_3163 3118602190796 16289 
CLU_3163 3118602190648 16501 
CLU_3163 3118602190818 12562 
CLU_3163 3118602190885 8670 
CLU_3163 3118607053355 7332 
CLU_3163 3118602190192 4792 
CLU_3163 3118602190214 3925 
CLU_3163 3118602190680 3036 
CLU_3163 3118602190753 554 
CLU_3163 3118602190141 2773 
CLU_3163 3118602220245 2057 
CLU_3163 3118602190788 4120 
CLU_3163 CLU_2943 5864 
CLU_3163 CLU_2961 7521 
CLU_3163 CLU_2970 8655 
CLU_3163 CLU_2971 8910 
CLU_3163 CLU_3051 3776 
CLU_3163 CLU_3055 5698 
CLU_3163 CLU_3060 6301 
CLU_3163 CLU_3084 6447 
CLU_3163 CLU_3086 14517 
CLU_3163 CLU_3087 15259 
CLU_3163 CLU_3098 15207 
CLU_3163 CLU_3108 12840 
CLU_3163 CLU_3114 11064 
CLU_3163 CLU_3121 3961 
CLU_3163 CLU_3128 5408 
CLU_3163 CLU_3141 4006 
CLU_3163 CLU_3143 3089 
CLU_3163 CLU_3160 2815 
CLU_3163 CLU_3166 773 
CLU_3163 CLU_3176 1709 
CLU_3163 CLU_3200 2801 
CLU_3163 CLU_3214 4685 
CLU_3163 CLU_7923 10300 
CLU_3164 3118602190990 3699 
CLU_3164 3118602191229 4008 
CLU_3164 3118602190591 4785 
CLU_3164 3118602190567 6831 
CLU_3164 3118602190532 7759 
CLU_3164 3118602190494 8593 
CLU_3164 3118602190869 6955 
CLU_3164 3118602190605 7252 
CLU_3164 3118602190109 6316 
CLU_3164 3118607116306 10191 
CLU_3164 3118602190931 9854 
CLU_3164 3118602190923 10604 
CLU_3164 3118602190893 11894 
CLU_3164 3118602190486 9643 
CLU_3164 3118602190915 12120 
CLU_3164 3118602190222 11192 
CLU_3164 3118604696077 4464 
CLU_3164 3118602191024 3934 
CLU_3164 3118602190478 4077 
CLU_3164 3118602190389 4637 
CLU_3164 3118607110316 6556 
CLU_3164 3118602220261 3786 
CLU_3164 3118602190397 5105 
CLU_3164 3118602190176 5180 
CLU_3164 3118602191059 3372 
CLU_3164 3118602191040 2253 
CLU_3164 3118602190451 5757 
CLU_3164 3118602190206 6254 
CLU_3164 3118602190524 7343 
CLU_3164 3118602190400 5726 
CLU_3164 3118602190966 7646 
CLU_3164 3118602190877 6254 
CLU_3164 3118602190826 13049 
CLU_3164 3118602190729 16203 
CLU_3164 3118602190656 16203 
CLU_3164 3118602190834 15863 
CLU_3164 3118602190710 16275 
CLU_3164 3118602190796 16379 
CLU_3164 3118602190648 16605 
CLU_3164 3118602190818 12698 
CLU_3164 3118602190885 8613 
CLU_3164 3118607053355 7646 
CLU_3164 3118602190192 4551 
CLU_3164 3118602190214 3692 
CLU_3164 3118602190680 3002 
CLU_3164 3118602190753 998 
CLU_3164 3118602190141 2971 
CLU_3164 3118602220245 1586 
CLU_3164 3118602190788 3699 
CLU_3164 CLU_2943 5436 
CLU_3164 CLU_2961 7156 
CLU_3164 CLU_2970 8294 
CLU_3164 CLU_2971 8531 
CLU_3164 CLU_3051 3934 
CLU_3164 CLU_3055 5702 
CLU_3164 CLU_3060 6293 
CLU_3164 CLU_3084 6773 
CLU_3164 CLU_3086 14661 
CLU_3164 CLU_3087 15394 
CLU_3164 CLU_3098 15303 
CLU_3164 CLU_3108 12763 
CLU_3164 CLU_3114 11276 
CLU_3164 CLU_3121 3502 
CLU_3164 CLU_3128 5085 
CLU_3164 CLU_3141 3904 
CLU_3164 CLU_3143 2902 
CLU_3164 CLU_3160 2713 
CLU_3164 CLU_3166 834 
CLU_3164 CLU_3176 1558 
CLU_3164 CLU_3200 2311 
CLU_3164 CLU_3214 4198 
CLU_3164 CLU_7923 10228 
CLU_3165 3118602190990 4161 
CLU_3165 3118602191229 4438 
CLU_3165 3118602190591 5240 
CLU_3165 3118602190567 7306 
CLU_3165 3118602190532 8242 
CLU_3165 3118602190494 9055 
CLU_3165 3118602190869 7475 
CLU_3165 3118602190605 7790 
CLU_3165 3118602190109 6857 
CLU_3165 3118607116306 10694 
CLU_3165 3118602190931 10357 
CLU_3165 3118602190923 11133 
CLU_3165 3118602190893 12416 
CLU_3165 3118602190486 10175 
CLU_3165 3118602190915 12649 
CLU_3165 3118602190222 11709 
CLU_3165 3118604696077 4953 
CLU_3165 3118602191024 4334 
CLU_3165 3118602190478 4427 
CLU_3165 3118602190389 4964 
CLU_3165 3118607110316 6944 
CLU_3165 3118602220261 4266 
CLU_3165 3118602190397 5493 
CLU_3165 3118602190176 5704 
CLU_3165 3118602191059 3877 
CLU_3165 3118602191040 2624 
CLU_3165 3118602190451 5940 
CLU_3165 3118602190206 6442 
CLU_3165 3118602190524 7523 
CLU_3165 3118602190400 5976 
CLU_3165 3118602190966 7898 
CLU_3165 3118602190877 6442 
CLU_3165 3118602190826 13453 
CLU_3165 3118602190729 16638 
CLU_3165 3118602190656 16638 
CLU_3165 3118602190834 16290 
CLU_3165 3118602190710 16738 
CLU_3165 3118602190796 16830 
CLU_3165 3118602190648 17048 
CLU_3165 3118602190818 13118 
CLU_3165 3118602190885 9131 
CLU_3165 3118607053355 7898 
CLU_3165 3118602190192 4220 
CLU_3165 3118602190214 3352 
CLU_3165 3118602190680 2507 
CLU_3165 3118602190753 1097 
CLU_3165 3118602190141 2430 
CLU_3165 3118602220245 1710 
CLU_3165 3118602190788 4161 
CLU_3165 CLU_2943 5884 
CLU_3165 CLU_2961 7657 
CLU_3165 CLU_2970 8796 
CLU_3165 CLU_2971 9022 
CLU_3165 CLU_3051 4334 
CLU_3165 CLU_3055 6195 
CLU_3165 CLU_3060 6792 
CLU_3165 CLU_3084 7011 
CLU_3165 CLU_3086 15076 
CLU_3165 CLU_3087 15815 
CLU_3165 CLU_3098 15750 
CLU_3165 CLU_3108 13289 
CLU_3165 CLU_3114 11635 
CLU_3165 CLU_3121 3550 
CLU_3165 CLU_3128 4854 
CLU_3165 CLU_3141 3452 
CLU_3165 CLU_3143 2517 
CLU_3165 CLU_3160 2258 
CLU_3165 CLU_3166 291 
CLU_3165 CLU_3176 1137 
CLU_3165 CLU_3200 2534 
CLU_3165 CLU_3214 4502 
CLU_3165 CLU_7923 10752 
CLU_3166 3118602190990 4427 
CLU_3166 3118602191229 4690 
CLU_3166 3118602190591 5502 
CLU_3166 3118602190567 7574 
CLU_3166 3118602190532 8513 
CLU_3166 3118602190494 9318 
CLU_3166 3118602190869 7761 
CLU_3166 3118602190605 8081 
CLU_3166 3118602190109 7149 
CLU_3166 3118607116306 10973 
CLU_3166 3118602190931 10636 
CLU_3166 3118602190923 11422 
CLU_3166 3118602190893 12702 
CLU_3166 3118602190486 10464 
CLU_3166 3118602190915 12938 
CLU_3166 3118602190222 11993 
CLU_3166 3118604696077 5210 
CLU_3166 3118602191024 4547 
CLU_3166 3118602190478 4615 
CLU_3166 3118602190389 5138 
CLU_3166 3118607110316 7146 
CLU_3166 3118602220261 4520 
CLU_3166 3118602190397 5697 
CLU_3166 3118602190176 5981 
CLU_3166 3118602191059 4145 
CLU_3166 3118602191040 2832 
CLU_3166 3118602190451 6035 
CLU_3166 3118602190206 6539 
CLU_3166 3118602190524 7613 
CLU_3166 3118602190400 6106 
CLU_3166 3118602190966 8025 
CLU_3166 3118602190877 6539 
CLU_3166 3118602190826 13659 
CLU_3166 3118602190729 16860 
CLU_3166 3118602190656 16860 
CLU_3166 3118602190834 16509 
CLU_3166 3118602190710 16977 
CLU_3166 3118602190796 17062 
CLU_3166 3118602190648 17275 
CLU_3166 3118602190818 13333 
CLU_3166 3118602190885 9404 
CLU_3166 3118607053355 8025 
CLU_3166 3118602190192 4081 
CLU_3166 3118602190214 3213 
CLU_3166 3118602190680 2263 
CLU_3166 3118602190753 1231 
CLU_3166 3118602190141 2139 
CLU_3166 3118602220245 1860 
CLU_3166 3118602190788 4427 
CLU_3166 CLU_2943 6142 
CLU_3166 CLU_2961 7935 
CLU_3166 CLU_2970 9075 
CLU_3166 CLU_2971 9296 
CLU_3166 CLU_3051 4547 
CLU_3166 CLU_3055 6454 
CLU_3166 CLU_3060 7054 
CLU_3166 CLU_3084 7132 
CLU_3166 CLU_3086 15287 
CLU_3166 CLU_3087 16030 
CLU_3166 CLU_3098 15980 
CLU_3166 CLU_3108 13565 
CLU_3166 CLU_3114 11818 
CLU_3166 CLU_3121 3631 
CLU_3166 CLU_3128 4772 
CLU_3166 CLU_3141 3236 
CLU_3166 CLU_3143 2355 
CLU_3166 CLU_3160 2047 
CLU_3166 CLU_3166 0 
CLU_3166 CLU_3176 984 
CLU_3166 CLU_3200 2709 
CLU_3166 CLU_3214 4700 
CLU_3166 CLU_7923 11027 
CLU_3167 3118602190990 4667 
CLU_3167 3118602191229 4910 
CLU_3167 3118602190591 5735 
CLU_3167 3118602190567 7815 
CLU_3167 3118602190532 8758 
CLU_3167 3118602190494 9549 
CLU_3167 3118602190869 8034 
CLU_3167 3118602190605 8370 
CLU_3167 3118602190109 7443 
CLU_3167 3118607116306 11232 
CLU_3167 3118602190931 10895 
CLU_3167 3118602190923 11703 
CLU_3167 3118602190893 12976 
CLU_3167 3118602190486 10747 
CLU_3167 3118602190915 13218 
CLU_3167 3118602190222 12262 
CLU_3167 3118604696077 5511 
CLU_3167 3118602191024 4824 
CLU_3167 3118602190478 4876 
CLU_3167 3118602190389 5389 
CLU_3167 3118607110316 7414 
CLU_3167 3118602220261 4819 
CLU_3167 3118602190397 5968 
CLU_3167 3118602190176 6287 
CLU_3167 3118602191059 4449 
CLU_3167 3118602191040 3109 
CLU_3167 3118602190451 6222 
CLU_3167 3118602190206 6725 
CLU_3167 3118602190524 7793 
CLU_3167 3118602190400 6322 
CLU_3167 3118602190966 8237 
CLU_3167 3118602190877 6725 
CLU_3167 3118602190826 13928 
CLU_3167 3118602190729 17140 
CLU_3167 3118602190656 17140 
CLU_3167 3118602190834 16786 
CLU_3167 3118602190710 17267 
CLU_3167 3118602190796 17348 
CLU_3167 3118602190648 17558 
CLU_3167 3118602190818 13608 
CLU_3167 3118602190885 9710 
CLU_3167 3118607053355 8237 
CLU_3167 3118602190192 3880 
CLU_3167 3118602190214 3015 
CLU_3167 3118602190680 1977 
CLU_3167 3118602190753 1477 
CLU_3167 3118602190141 1850 
CLU_3167 3118602220245 1980 
CLU_3167 3118602190788 4667 
CLU_3167 CLU_2943 6368 
CLU_3167 CLU_2961 8194 
CLU_3167 CLU_2970 9334 
CLU_3167 CLU_2971 9547 
CLU_3167 CLU_3051 4824 
CLU_3167 CLU_3055 6755 
CLU_3167 CLU_3060 7356 
CLU_3167 CLU_3084 7339 
CLU_3167 CLU_3086 15560 
CLU_3167 CLU_3087 16306 
CLU_3167 CLU_3098 16265 
CLU_3167 CLU_3108 13872 
CLU_3167 CLU_3114 12070 
CLU_3167 CLU_3121 3657 
CLU_3167 CLU_3128 4624 
CLU_3167 CLU_3141 2969 
CLU_3167 CLU_3143 2142 
CLU_3167 CLU_3160 1790 
CLU_3167 CLU_3166 306 
CLU_3167 CLU_3176 817 
CLU_3167 CLU_3200 2845 
CLU_3167 CLU_3214 4852 
CLU_3167 CLU_7923 11333 
CLU_3168 3118602190990 4262 
CLU_3168 3118602191229 4404 
CLU_3168 3118602190591 5269 
CLU_3168 3118602190567 7365 
CLU_3168 3118602190532 8323 
CLU_3168 3118602190494 9038 
CLU_3168 3118602190869 7777 
CLU_3168 3118602190605 8246 
CLU_3168 3118602190109 7383 
CLU_3168 3118607116306 10856 
CLU_3168 3118602190931 10523 
CLU_3168 3118602190923 11479 
CLU_3168 3118602190893 12693 
CLU_3168 3118602190486 10547 
CLU_3168 3118602190915 12984 
CLU_3168 3118602190222 11949 
CLU_3168 3118604696077 5950 
CLU_3168 3118602191024 5477 
CLU_3168 3118602190478 5611 
CLU_3168 3118602190389 6161 
CLU_3168 3118607110316 8099 
CLU_3168 3118602220261 5288 
CLU_3168 3118602190397 6647 
CLU_3168 3118602190176 6571 
CLU_3168 3118602191059 4835 
CLU_3168 3118602191040 3790 
CLU_3168 3118602190451 7162 
CLU_3168 3118602190206 7664 
CLU_3168 3118602190524 8744 
CLU_3168 3118602190400 7198 
CLU_3168 3118602190966 9121 
CLU_3168 3118602190877 7664 
CLU_3168 3118602190826 14590 
CLU_3168 3118602190729 17732 
CLU_3168 3118602190656 17732 
CLU_3168 3118602190834 17396 
CLU_3168 3118602190710 17780 
CLU_3168 3118602190796 17896 
CLU_3168 3118602190648 18128 
CLU_3168 3118602190818 14235 
CLU_3168 3118602190885 10006 
CLU_3168 3118607053355 9121 
CLU_3168 3118602190192 3014 
CLU_3168 3118602190214 2152 
CLU_3168 3118602190680 1696 
CLU_3168 3118602190753 2322 
CLU_3168 3118602190141 2323 
CLU_3168 3118602220245 1283 
CLU_3168 3118602190788 4262 
CLU_3168 CLU_2943 5863 
CLU_3168 CLU_2961 7839 
CLU_3168 CLU_2970 8973 
CLU_3168 CLU_2971 9134 
CLU_3168 CLU_3051 5477 
CLU_3168 CLU_3055 7175 
CLU_3168 CLU_3060 7751 
CLU_3168 CLU_3084 8234 
CLU_3168 CLU_3086 16199 
CLU_3168 CLU_3087 16929 
CLU_3168 CLU_3098 16823 
CLU_3168 CLU_3108 14116 
CLU_3168 CLU_3114 12815 
CLU_3168 CLU_3121 2652 
CLU_3168 CLU_3128 3633 
CLU_3168 CLU_3141 2436 
CLU_3168 CLU_3143 1369 
CLU_3168 CLU_3160 1295 
CLU_3168 CLU_3166 1148 
CLU_3168 CLU_3176 350 
CLU_3168 CLU_3200 2110 
CLU_3168 CLU_3214 4096 
CLU_3168 CLU_7923 11595 
CLU_3169 3118602190990 4054 
CLU_3169 3118602191229 4175 
CLU_3169 3118602190591 5045 
CLU_3169 3118602190567 7139 
CLU_3169 3118602190532 8098 
CLU_3169 3118602190494 8799 
CLU_3169 3118602190869 7587 
CLU_3169 3118602190605 8083 
CLU_3169 3118602190109 7237 
CLU_3169 3118607116306 10639 
CLU_3169 3118602190931 10307 
CLU_3169 3118602190923 11290 
CLU_3169 3118602190893 12491 
CLU_3169 3118602190486 10364 
CLU_3169 3118602190915 12792 
CLU_3169 3118602190222 11743 
CLU_3169 3118604696077 5938 
CLU_3169 3118602191024 5529 
CLU_3169 3118602190478 5689 
CLU_3169 3118602190389 6250 
CLU_3169 3118607110316 8152 
CLU_3169 3118602220261 5287 
CLU_3169 3118602190397 6703 
CLU_3169 3118602190176 6513 
CLU_3169 3118602191059 4815 
CLU_3169 3118602191040 3864 
CLU_3169 3118602190451 7311 
CLU_3169 3118602190206 7812 
CLU_3169 3118602190524 8896 
CLU_3169 3118602190400 7321 
CLU_3169 3118602190966 9243 
CLU_3169 3118602190877 7812 
CLU_3169 3118602190826 14627 
CLU_3169 3118602190729 17745 
CLU_3169 3118602190656 17745 
CLU_3169 3118602190834 17415 
CLU_3169 3118602190710 17769 
CLU_3169 3118602190796 17895 
CLU_3169 3118602190648 18134 
CLU_3169 3118602190818 14261 
CLU_3169 3118602190885 9942 
CLU_3169 3118607053355 9243 
CLU_3169 3118602190192 2950 
CLU_3169 3118602190214 2103 
CLU_3169 3118602190680 1869 
CLU_3169 3118602190753 2468 
CLU_3169 3118602190141 2592 
CLU_3169 3118602220245 1055 
CLU_3169 3118602190788 4054 
CLU_3169 CLU_2943 5629 
CLU_3169 CLU_2961 7630 
CLU_3169 CLU_2970 8760 
CLU_3169 CLU_2971 8912 
CLU_3169 CLU_3051 5529 
CLU_3169 CLU_3055 7152 
CLU_3169 CLU_3060 7719 
CLU_3169 CLU_3084 8363 
CLU_3169 CLU_3086 16228 
CLU_3169 CLU_3087 16953 
CLU_3169 CLU_3098 16826 
CLU_3169 CLU_3108 14033 
CLU_3169 CLU_3114 12882 
CLU_3169 CLU_3121 2377 
CLU_3169 CLU_3128 3489 
CLU_3169 CLU_3141 2516 
CLU_3169 CLU_3143 1398 
CLU_3169 CLU_3160 1435 
CLU_3169 CLU_3166 1351 
CLU_3169 CLU_3176 629 
CLU_3169 CLU_3200 1854 
CLU_3169 CLU_3214 3828 
CLU_3169 CLU_7923 11520 
CLU_3170 3118602190990 3775 
CLU_3170 3118602191229 3913 
CLU_3170 3118602190591 4779 
CLU_3170 3118602190567 6875 
CLU_3170 3118602190532 7833 
CLU_3170 3118602190494 8549 
CLU_3170 3118602190869 7298 
CLU_3170 3118602190605 7784 
CLU_3170 3118602190109 6935 
CLU_3170 3118607116306 10367 
CLU_3170 3118602190931 10034 
CLU_3170 3118602190923 11001 
CLU_3170 3118602190893 12209 
CLU_3170 3118602190486 10072 
CLU_3170 3118602190915 12504 
CLU_3170 3118602190222 11464 
CLU_3170 3118604696077 5658 
CLU_3170 3118602191024 5286 
CLU_3170 3118602190478 5463 
CLU_3170 3118602190389 6032 
CLU_3170 3118607110316 7907 
CLU_3170 3118602220261 5013 
CLU_3170 3118602190397 6460 
CLU_3170 3118602190176 6217 
CLU_3170 3118602191059 4533 
CLU_3170 3118602191040 3640 
CLU_3170 3118602190451 7149 
CLU_3170 3118602190206 7648 
CLU_3170 3118602190524 8735 
CLU_3170 3118602190400 7132 
CLU_3170 3118602190966 9053 
CLU_3170 3118602190877 7648 
CLU_3170 3118602190826 14370 
CLU_3170 3118602190729 17474 
CLU_3170 3118602190656 17474 
CLU_3170 3118602190834 17147 
CLU_3170 3118602190710 17486 
CLU_3170 3118602190796 17617 
CLU_3170 3118602190648 17860 
CLU_3170 3118602190818 13998 
CLU_3170 3118602190885 9643 
CLU_3170 3118607053355 9053 
CLU_3170 3118602190192 3205 
CLU_3170 3118602190214 2372 
CLU_3170 3118602190680 2161 
CLU_3170 3118602190753 2320 
CLU_3170 3118602190141 2796 
CLU_3170 3118602220245 794 
CLU_3170 3118602190788 3775 
CLU_3170 CLU_2943 5373 
CLU_3170 CLU_2961 7352 
CLU_3170 CLU_2970 8485 
CLU_3170 CLU_2971 8644 
CLU_3170 CLU_3051 5286 
CLU_3170 CLU_3055 6867 
CLU_3170 CLU_3060 7430 
CLU_3170 CLU_3084 8178 
CLU_3170 CLU_3086 15965 
CLU_3170 CLU_3087 16687 
CLU_3170 CLU_3098 16550 
CLU_3170 CLU_3108 13731 
CLU_3170 CLU_3114 12644 
CLU_3170 CLU_3121 2335 
CLU_3170 CLU_3128 3680 
CLU_3170 CLU_3141 2820 
CLU_3170 CLU_3143 1697 
CLU_3170 CLU_3160 1735 
CLU_3170 CLU_3166 1302 
CLU_3170 CLU_3176 814 
CLU_3170 CLU_3200 1633 
CLU_3170 CLU_3214 3634 
CLU_3170 CLU_7923 11219 
CLU_3171 3118602190990 4174 
CLU_3171 3118602191229 4387 
CLU_3171 3118602190591 5227 
CLU_3171 3118602190567 7317 
CLU_3171 3118602190532 8267 
CLU_3171 3118602190494 9035 
CLU_3171 3118602190869 7605 
CLU_3171 3118602190605 7996 
CLU_3171 3118602190109 7095 
CLU_3171 3118607116306 10763 
CLU_3171 3118602190931 10427 
CLU_3171 3118602190923 11292 
CLU_3171 3118602190893 12543 
CLU_3171 3118602190486 10345 
CLU_3171 3118602190915 12804 
CLU_3171 3118602190222 11817 
CLU_3171 3118604696077 5425 
CLU_3171 3118602191024 4880 
CLU_3171 3118602190478 4995 
CLU_3171 3118602190389 5539 
CLU_3171 3118607110316 7498 
CLU_3171 3118602220261 4749 
CLU_3171 3118602190397 6046 
CLU_3171 3118602190176 6111 
CLU_3171 3118602191059 4325 
CLU_3171 3118602191040 3180 
CLU_3171 3118602190451 6525 
CLU_3171 3118602190206 7027 
CLU_3171 3118602190524 8108 
CLU_3171 3118602190400 6562 
CLU_3171 3118602190966 8485 
CLU_3171 3118602190877 7027 
CLU_3171 3118602190826 14000 
CLU_3171 3118602190729 17164 
CLU_3171 3118602190656 17164 
CLU_3171 3118602190834 16822 
CLU_3171 3118602190710 17239 
CLU_3171 3118602190796 17343 
CLU_3171 3118602190648 17568 
CLU_3171 3118602190818 13655 
CLU_3171 3118602190885 9547 
CLU_3171 3118607053355 8485 
CLU_3171 3118602190192 3639 
CLU_3171 3118602190214 2772 
CLU_3171 3118602190680 2062 
CLU_3171 3118602190753 1684 
CLU_3171 3118602190141 2291 
CLU_3171 3118602220245 1400 
CLU_3171 3118602190788 4174 
CLU_3171 CLU_2943 5850 
CLU_3171 CLU_2961 7729 
CLU_3171 CLU_2970 8869 
CLU_3171 CLU_2971 9064 
CLU_3171 CLU_3051 4880 
CLU_3171 CLU_3055 6660 
CLU_3171 CLU_3060 7247 
CLU_3171 CLU_3084 7598 
CLU_3171 CLU_3086 15616 
CLU_3171 CLU_3087 16351 
CLU_3171 CLU_3098 16266 
CLU_3171 CLU_3108 13684 
CLU_3171 CLU_3114 12202 
CLU_3171 CLU_3121 3097 
CLU_3171 CLU_3128 4269 
CLU_3171 CLU_3141 2941 
CLU_3171 CLU_3143 1952 
CLU_3171 CLU_3160 1751 
CLU_3171 CLU_3166 546 
CLU_3171 CLU_3176 594 
CLU_3171 CLU_3200 2267 
CLU_3171 CLU_3214 4277 
CLU_3171 CLU_7923 11154 
CLU_3172 3118602190990 3482 
CLU_3172 3118602191229 3725 
CLU_3172 3118602190591 4548 
CLU_3172 3118602190567 6631 
CLU_3172 3118602190532 7576 
CLU_3172 3118602190494 8363 
CLU_3172 3118602190869 6889 
CLU_3172 3118602190605 7278 
CLU_3172 3118602190109 6381 
CLU_3172 3118607116306 10060 
CLU_3172 3118602190931 9723 
CLU_3172 3118602190923 10574 
CLU_3172 3118602190893 11828 
CLU_3172 3118602190486 9626 
CLU_3172 3118602190915 12086 
CLU_3172 3118602190222 11105 
CLU_3172 3118604696077 4857 
CLU_3172 3118602191024 4451 
CLU_3172 3118602190478 4631 
CLU_3172 3118602190389 5202 
CLU_3172 3118607110316 7072 
CLU_3172 3118602220261 4201 
CLU_3172 3118602190397 5625 
CLU_3172 3118602190176 5473 
CLU_3172 3118602191059 3738 
CLU_3172 3118602191040 2809 
CLU_3172 3118602190451 6370 
CLU_3172 3118602190206 6866 
CLU_3172 3118602190524 7956 
CLU_3172 3118602190400 6324 
CLU_3172 3118602190966 8241 
CLU_3172 3118602190877 6866 
CLU_3172 3118602190826 13540 
CLU_3172 3118602190729 16656 
CLU_3172 3118602190656 16656 
CLU_3172 3118602190834 16326 
CLU_3172 3118602190710 16688 
CLU_3172 3118602190796 16810 
CLU_3172 3118602190648 17047 
CLU_3172 3118602190818 13173 
CLU_3172 3118602190885 8909 
CLU_3172 3118607053355 8241 
CLU_3172 3118602190192 4035 
CLU_3172 3118602190214 3192 
CLU_3172 3118602190680 2733 
CLU_3172 3118602190753 1607 
CLU_3172 3118602190141 2996 
CLU_3172 3118602220245 991 
CLU_3172 3118602190788 3482 
CLU_3172 CLU_2943 5182 
CLU_3172 CLU_2961 7023 
CLU_3172 CLU_2970 8164 
CLU_3172 CLU_2971 8368 
CLU_3172 CLU_3051 4451 
CLU_3172 CLU_3055 6078 
CLU_3172 CLU_3060 6652 
CLU_3172 CLU_3084 7373 
CLU_3172 CLU_3086 15139 
CLU_3172 CLU_3087 15864 
CLU_3172 CLU_3098 15740 
CLU_3172 CLU_3108 13027 
CLU_3172 CLU_3114 11809 
CLU_3172 CLU_3121 2893 
CLU_3172 CLU_3128 4504 
CLU_3172 CLU_3141 3535 
CLU_3172 CLU_3143 2461 
CLU_3172 CLU_3160 2375 
CLU_3172 CLU_3166 973 
CLU_3172 CLU_3176 1239 
CLU_3172 CLU_3200 1782 
CLU_3172 CLU_3214 3744 
CLU_3172 CLU_7923 10503 
CLU_3173 3118602190990 3735 
CLU_3173 3118602191229 3935 
CLU_3173 3118602190591 4780 
CLU_3173 3118602190567 6873 
CLU_3173 3118602190532 7825 
CLU_3173 3118602190494 8584 
CLU_3173 3118602190869 7196 
CLU_3173 3118602190605 7619 
CLU_3173 3118602190109 6737 
CLU_3173 3118607116306 10332 
CLU_3173 3118602190931 9996 
CLU_3173 3118602190923 10890 
CLU_3173 3118602190893 12128 
CLU_3173 3118602190486 9949 
CLU_3173 3118602190915 12400 
CLU_3173 3118602190222 11397 
CLU_3173 3118604696077 5261 
CLU_3173 3118602191024 4833 
CLU_3173 3118602190478 4996 
CLU_3173 3118602190389 5560 
CLU_3173 3118607110316 7456 
CLU_3173 3118602220261 4604 
CLU_3173 3118602190397 6006 
CLU_3173 3118602190176 5876 
CLU_3173 3118602191059 4144 
CLU_3173 3118602191040 3171 
CLU_3173 3118602190451 6667 
CLU_3173 3118602190206 7166 
CLU_3173 3118602190524 8253 
CLU_3173 3118602190400 6651 
CLU_3173 3118602190966 8572 
CLU_3173 3118602190877 7166 
CLU_3173 3118602190826 13932 
CLU_3173 3118602190729 17056 
CLU_3173 3118602190656 17056 
CLU_3173 3118602190834 16725 
CLU_3173 3118602190710 17092 
CLU_3173 3118602190796 17213 
CLU_3173 3118602190648 17449 
CLU_3173 3118602190818 13569 
CLU_3173 3118602190885 9311 
CLU_3173 3118607053355 8572 
CLU_3173 3118602190192 3646 
CLU_3173 3118602190214 2797 
CLU_3173 3118602190680 2351 
CLU_3173 3118602190753 1843 
CLU_3173 3118602190141 2732 
CLU_3173 3118602220245 951 
CLU_3173 3118602190788 3735 
CLU_3173 CLU_2943 5399 
CLU_3173 CLU_2961 7300 
CLU_3173 CLU_2970 8439 
CLU_3173 CLU_2971 8626 
CLU_3173 CLU_3051 4833 
CLU_3173 CLU_3055 6483 
CLU_3173 CLU_3060 7057 
CLU_3173 CLU_3084 7697 
CLU_3173 CLU_3086 15535 
CLU_3173 CLU_3087 16261 
CLU_3173 CLU_3098 16142 
CLU_3173 CLU_3108 13424 
CLU_3173 CLU_3114 12186 
CLU_3173 CLU_3121 2735 
CLU_3173 CLU_3128 4159 
CLU_3173 CLU_3141 3132 
CLU_3173 CLU_3143 2056 
CLU_3173 CLU_3160 1979 
CLU_3173 CLU_3166 917 
CLU_3173 CLU_3176 865 
CLU_3173 CLU_3200 1813 
CLU_3173 CLU_3214 3820 
CLU_3173 CLU_7923 10902 
CLU_3174 3118602190990 3433 
CLU_3174 3118602191229 3586 
CLU_3174 3118602190591 4447 
CLU_3174 3118602190567 6544 
CLU_3174 3118602190532 7501 
CLU_3174 3118602190494 8229 
CLU_3174 3118602190869 6949 
CLU_3174 3118602190605 7431 
CLU_3174 3118602190109 6582 
CLU_3174 3118607116306 10029 
CLU_3174 3118602190931 9695 
CLU_3174 3118602190923 10651 
CLU_3174 3118602190893 11862 
CLU_3174 3118602190486 9720 
CLU_3174 3118602190915 12155 
CLU_3174 3118602190222 11119 
CLU_3174 3118604696077 5369 
CLU_3174 3118602191024 5059 
CLU_3174 3118602190478 5263 
CLU_3174 3118602190389 5841 
CLU_3174 3118607110316 7673 
CLU_3174 3118602220261 4736 
CLU_3174 3118602190397 6232 
CLU_3174 3118602190176 5896 
CLU_3174 3118602191059 4242 
CLU_3174 3118602191040 3448 
CLU_3174 3118602190451 7033 
CLU_3174 3118602190206 7529 
CLU_3174 3118602190524 8619 
CLU_3174 3118602190400 6980 
CLU_3174 3118602190966 8895 
CLU_3174 3118602190877 7529 
CLU_3174 3118602190826 14114 
CLU_3174 3118602190729 17196 
CLU_3174 3118602190656 17196 
CLU_3174 3118602190834 16875 
CLU_3174 3118602190710 17191 
CLU_3174 3118602190796 17329 
CLU_3174 3118602190648 17577 
CLU_3174 3118602190818 13733 
CLU_3174 3118602190885 9317 
CLU_3174 3118607053355 8895 
CLU_3174 3118602190192 3476 
CLU_3174 3118602190214 2663 
CLU_3174 3118602190680 2514 
CLU_3174 3118602190753 2255 
CLU_3174 3118602190141 3093 
CLU_3174 3118602220245 498 
CLU_3174 3118602190788 3433 
CLU_3174 CLU_2943 5049 
CLU_3174 CLU_2961 7010 
CLU_3174 CLU_2970 8144 
CLU_3174 CLU_2971 8309 
CLU_3174 CLU_3051 5059 
CLU_3174 CLU_3055 6568 
CLU_3174 CLU_3060 7125 
CLU_3174 CLU_3084 8030 
CLU_3174 CLU_3086 15701 
CLU_3174 CLU_3087 16419 
CLU_3174 CLU_3098 16266 
CLU_3174 CLU_3108 13395 
CLU_3174 CLU_3114 12417 
CLU_3174 CLU_3121 2270 
CLU_3174 CLU_3128 3870 
CLU_3174 CLU_3141 3164 
CLU_3174 CLU_3143 2031 
CLU_3174 CLU_3160 2089 
CLU_3174 CLU_3166 1395 
CLU_3174 CLU_3176 1127 
CLU_3174 CLU_3200 1365 
CLU_3174 CLU_3214 3377 
CLU_3174 CLU_7923 10887 
CLU_3175 3118602190990 4475 
CLU_3175 3118602191229 4800 
CLU_3175 3118602190591 5562 
CLU_3175 3118602190567 7590 
CLU_3175 3118602190532 8509 
CLU_3175 3118602190494 9361 
CLU_3175 3118602190869 7644 
CLU_3175 3118602190605 7875 
CLU_3175 3118602190109 6911 
CLU_3175 3118607116306 10911 
CLU_3175 3118602190931 10573 
CLU_3175 3118602190923 11257 
CLU_3175 3118602190893 12570 
CLU_3175 3118602190486 10289 
CLU_3175 3118602190915 12773 
CLU_3175 3118602190222 11883 
CLU_3175 3118604696077 4705 
CLU_3175 3118602191024 3944 
CLU_3175 3118602190478 3979 
CLU_3175 3118602190389 4490 
CLU_3175 3118607110316 6522 
CLU_3175 3118602220261 4007 
CLU_3175 3118602190397 5078 
CLU_3175 3118602190176 5552 
CLU_3175 3118602191059 3684 
CLU_3175 3118602191040 2232 
CLU_3175 3118602190451 5366 
CLU_3175 3118602190206 5869 
CLU_3175 3118602190524 6945 
CLU_3175 3118602190400 5437 
CLU_3175 3118602190966 7355 
CLU_3175 3118602190877 5869 
CLU_3175 3118602190826 13036 
CLU_3175 3118602190729 16259 
CLU_3175 3118602190656 16259 
CLU_3175 3118602190834 15901 
CLU_3175 3118602190710 16406 
CLU_3175 3118602190796 16477 
CLU_3175 3118602190648 16681 
CLU_3175 3118602190818 12722 
CLU_3175 3118602190885 8946 
CLU_3175 3118607053355 7355 
CLU_3175 3118602190192 4751 
CLU_3175 3118602190214 3883 
CLU_3175 3118602190680 2861 
CLU_3175 3118602190753 579 
CLU_3175 3118602190141 2467 
CLU_3175 3118602220245 2281 
CLU_3175 3118602190788 4475 
CLU_3175 CLU_2943 6217 
CLU_3175 CLU_2961 7882 
CLU_3175 CLU_2970 9016 
CLU_3175 CLU_2971 9270 
CLU_3175 CLU_3051 3944 
CLU_3175 CLU_3055 5948 
CLU_3175 CLU_3060 6557 
CLU_3175 CLU_3084 6461 
CLU_3175 CLU_3086 14671 
CLU_3175 CLU_3087 15419 
CLU_3175 CLU_3098 15392 
CLU_3175 CLU_3108 13122 
CLU_3175 CLU_3114 11171 
CLU_3175 CLU_3121 4152 
CLU_3175 CLU_3128 5436 
CLU_3175 CLU_3141 3866 
CLU_3175 CLU_3143 3022 
CLU_3175 CLU_3160 2689 
CLU_3175 CLU_3166 671 
CLU_3175 CLU_3176 1655 
CLU_3175 CLU_3200 3069 
CLU_3175 CLU_3214 4990 
CLU_3175 CLU_7923 10581 
CLU_3176 3118602190990 4552 
CLU_3176 3118602191229 4714 
CLU_3176 3118602190591 5574 
CLU_3176 3118602190567 7671 
CLU_3176 3118602190532 8627 
CLU_3176 3118602190494 9355 
CLU_3176 3118602190869 8044 
CLU_3176 3118602190605 8483 
CLU_3176 3118602190109 7603 
CLU_3176 3118607116306 11151 
CLU_3176 3118602190931 10817 
CLU_3176 3118602190923 11742 
CLU_3176 3118602190893 12970 
CLU_3176 3118602190486 10804 
CLU_3176 3118602190915 13250 
CLU_3176 3118602190222 12232 
CLU_3176 3118604696077 6018 
CLU_3176 3118602191024 5465 
CLU_3176 3118602190478 5565 
CLU_3176 3118602190389 6101 
CLU_3176 3118607110316 8079 
CLU_3176 3118602220261 5343 
CLU_3176 3118602190397 6627 
CLU_3176 3118602190176 6691 
CLU_3176 3118602191059 4916 
CLU_3176 3118602191040 3759 
CLU_3176 3118602190451 7017 
CLU_3176 3118602190206 7520 
CLU_3176 3118602190524 8593 
CLU_3176 3118602190400 7089 
CLU_3176 3118602190966 9009 
CLU_3176 3118602190877 7520 
CLU_3176 3118602190826 14585 
CLU_3176 3118602190729 17756 
CLU_3176 3118602190656 17756 
CLU_3176 3118602190834 17413 
CLU_3176 3118602190710 17833 
CLU_3176 3118602190796 17936 
CLU_3176 3118602190648 18160 
CLU_3176 3118602190818 14244 
CLU_3176 3118602190885 10128 
CLU_3176 3118607053355 9009 
CLU_3176 3118602190192 3097 
CLU_3176 3118602190214 2229 
CLU_3176 3118602190680 1494 
CLU_3176 3118602190753 2209 
CLU_3176 3118602190141 1983 
CLU_3176 3118602220245 1604 
CLU_3176 3118602190788 4552 
CLU_3176 CLU_2943 6176 
CLU_3176 CLU_2961 8127 
CLU_3176 CLU_2970 9263 
CLU_3176 CLU_2971 9434 
CLU_3176 CLU_3051 5465 
CLU_3176 CLU_3055 7252 
CLU_3176 CLU_3060 7838 
CLU_3176 CLU_3084 8116 
CLU_3176 CLU_3086 16204 
CLU_3176 CLU_3087 16940 
CLU_3176 CLU_3098 16859 
CLU_3176 CLU_3108 14258 
CLU_3176 CLU_3114 12773 
CLU_3176 CLU_3121 2990 
CLU_3176 CLU_3128 3808 
CLU_3176 CLU_3141 2347 
CLU_3176 CLU_3143 1380 
CLU_3176 CLU_3160 1159 
CLU_3176 CLU_3166 984 
CLU_3176 CLU_3176 0 
CLU_3176 CLU_3200 2447 
CLU_3176 CLU_3214 4441 
CLU_3176 CLU_7923 11730 
CLU_3177 3118602190990 3889 
CLU_3177 3118602191229 4030 
CLU_3177 3118602190591 4895 
CLU_3177 3118602190567 6991 
CLU_3177 3118602190532 7949 
CLU_3177 3118602190494 8666 
CLU_3177 3118602190869 7410 
CLU_3177 3118602190605 7890 
CLU_3177 3118602190109 7036 
CLU_3177 3118607116306 10483 
CLU_3177 3118602190931 10149 
CLU_3177 3118602190923 11112 
CLU_3177 3118602190893 12322 
CLU_3177 3118602190486 10182 
CLU_3177 3118602190915 12616 
CLU_3177 3118602190222 11577 
CLU_3177 3118604696077 5716 
CLU_3177 3118602191024 5318 
CLU_3177 3118602190478 5485 
CLU_3177 3118602190389 6049 
CLU_3177 3118607110316 7941 
CLU_3177 3118602220261 5067 
CLU_3177 3118602190397 6492 
CLU_3177 3118602190176 6292 
CLU_3177 3118602191059 4594 
CLU_3177 3118602191040 3660 
CLU_3177 3118602190451 7139 
CLU_3177 3118602190206 7639 
CLU_3177 3118602190524 8725 
CLU_3177 3118602190400 7135 
CLU_3177 3118602190966 9056 
CLU_3177 3118602190877 7639 
CLU_3177 3118602190826 14412 
CLU_3177 3118602190729 17525 
CLU_3177 3118602190656 17525 
CLU_3177 3118602190834 17197 
CLU_3177 3118602190710 17547 
CLU_3177 3118602190796 17674 
CLU_3177 3118602190648 17914 
CLU_3177 3118602190818 14044 
CLU_3177 3118602190885 9721 
CLU_3177 3118607053355 9056 
CLU_3177 3118602190192 3163 
CLU_3177 3118602190214 2321 
CLU_3177 3118602190680 2053 
CLU_3177 3118602190753 2301 
CLU_3177 3118602190141 2681 
CLU_3177 3118602220245 910 
CLU_3177 3118602190788 3889 
CLU_3177 CLU_2943 5489 
CLU_3177 CLU_2961 7467 
CLU_3177 CLU_2970 8600 
CLU_3177 CLU_2971 8760 
CLU_3177 CLU_3051 5318 
CLU_3177 CLU_3055 6930 
CLU_3177 CLU_3060 7497 
CLU_3177 CLU_3084 8179 
CLU_3177 CLU_3086 16011 
CLU_3177 CLU_3087 16735 
CLU_3177 CLU_3098 16606 
CLU_3177 CLU_3108 13815 
CLU_3177 CLU_3114 12673 
CLU_3177 CLU_3121 2413 
CLU_3177 CLU_3128 3673 
CLU_3177 CLU_3141 2732 
CLU_3177 CLU_3143 1618 
CLU_3177 CLU_3160 1632 
CLU_3177 CLU_3166 1241 
CLU_3177 CLU_3176 698 
CLU_3177 CLU_3200 1748 
CLU_3177 CLU_3214 3746 
CLU_3177 CLU_7923 11301 
CLU_3178 3118602190990 6909 
CLU_3178 3118602191229 7097 
CLU_3178 3118602190591 7950 
CLU_3178 3118602190567 10045 
CLU_3178 3118602190532 10998 
CLU_3178 3118602190494 11744 
CLU_3178 3118602190869 10336 
CLU_3178 3118602190605 10684 
CLU_3178 3118602190109 9753 
CLU_3178 3118607116306 13503 
CLU_3178 3118602190931 13167 
CLU_3178 3118602190923 14013 
CLU_3178 3118602190893 15276 
CLU_3178 3118602190486 13059 
CLU_3178 3118602190915 15527 
CLU_3178 3118602190222 14555 
CLU_3178 3118604696077 7595 
CLU_3178 3118602191024 6681 
CLU_3178 3118602190478 6593 
CLU_3178 3118602190389 7003 
CLU_3178 3118607110316 9122 
CLU_3178 3118602220261 6896 
CLU_3178 3118602190397 7733 
CLU_3178 3118602190176 8477 
CLU_3178 3118602191059 6605 
CLU_3178 3118602191040 5040 
CLU_3178 3118602190451 7305 
CLU_3178 3118602190206 7786 
CLU_3178 3118602190524 8755 
CLU_3178 3118602190400 7623 
CLU_3178 3118602190966 9436 
CLU_3178 3118602190877 7786 
CLU_3178 3118602190826 15573 
CLU_3178 3118602190729 18887 
CLU_3178 3118602190656 18887 
CLU_3178 3118602190834 18502 
CLU_3178 3118602190710 19134 
CLU_3178 3118602190796 19163 
CLU_3178 3118602190648 19336 
CLU_3178 3118602190818 15320 
CLU_3178 3118602190885 11857 
CLU_3178 3118607053355 9436 
CLU_3178 3118602190192 3796 
CLU_3178 3118602190214 3178 
CLU_3178 3118602190680 1570 
CLU_3178 3118602190753 3418 
CLU_3178 3118602190141 466 
CLU_3178 3118602220245 3998 
CLU_3178 3118602190788 6909 
CLU_3178 CLU_2943 8561 
CLU_3178 CLU_2961 10469 
CLU_3178 CLU_2970 11608 
CLU_3178 CLU_2971 11799 
CLU_3178 CLU_3051 6681 
CLU_3178 CLU_3055 8831 
CLU_3178 CLU_3060 9445 
CLU_3178 CLU_3084 8535 
CLU_3178 CLU_3086 17234 
CLU_3178 CLU_3087 18002 
CLU_3178 CLU_3098 18070 
CLU_3178 CLU_3108 16037 
CLU_3178 CLU_3114 13564 
CLU_3178 CLU_3121 5139 
CLU_3178 CLU_3128 4895 
CLU_3178 CLU_3141 2330 
CLU_3178 CLU_3143 2518 
CLU_3178 CLU_3160 1962 
CLU_3178 CLU_3166 2604 
CLU_3178 CLU_3176 2393 
CLU_3178 CLU_3200 4835 
CLU_3178 CLU_3214 6809 
CLU_3178 CLU_7923 13496 
CLU_3179 3118602190990 6465 
CLU_3179 3118602191229 6665 
CLU_3179 3118602190591 7513 
CLU_3179 3118602190567 9606 
CLU_3179 3118602190532 10557 
CLU_3179 3118602190494 11314 
CLU_3179 3118602190869 9879 
CLU_3179 3118602190605 10219 
CLU_3179 3118602190109 9287 
CLU_3179 3118607116306 13054 
CLU_3179 3118602190931 12718 
CLU_3179 3118602190923 13552 
CLU_3179 3118602190893 14820 
CLU_3179 3118602190486 12597 
CLU_3179 3118602190915 15067 
CLU_3179 3118602190222 14101 
CLU_3179 3118604696077 7148 
CLU_3179 3118602191024 6260 
CLU_3179 3118602190478 6190 
CLU_3179 3118602190389 6617 
CLU_3179 3118607110316 8728 
CLU_3179 3118602220261 6449 
CLU_3179 3118602190397 7328 
CLU_3179 3118602190176 8019 
CLU_3179 3118602191059 6149 
CLU_3179 3118602191040 4604 
CLU_3179 3118602190451 7002 
CLU_3179 3118602190206 7490 
CLU_3179 3118602190524 8481 
CLU_3179 3118602190400 7287 
CLU_3179 3118602190966 9124 
CLU_3179 3118602190877 7490 
CLU_3179 3118602190826 15199 
CLU_3179 3118602190729 18498 
CLU_3179 3118602190656 18498 
CLU_3179 3118602190834 18118 
CLU_3179 3118602190710 18726 
CLU_3179 3118602190796 18763 
CLU_3179 3118602190648 18942 
CLU_3179 3118602190818 14934 
CLU_3179 3118602190885 11406 
CLU_3179 3118607053355 9124 
CLU_3179 3118602190192 3743 
CLU_3179 3118602190214 3049 
CLU_3179 3118602190680 1420 
CLU_3179 3118602190753 2969 
CLU_3179 3118602190141 0 
CLU_3179 3118602220245 3582 
CLU_3179 3118602190788 6465 
CLU_3179 CLU_2943 8129 
CLU_3179 CLU_2961 10019 
CLU_3179 CLU_2970 11159 
CLU_3179 CLU_2971 11355 
CLU_3179 CLU_3051 6260 
CLU_3179 CLU_3055 8386 
CLU_3179 CLU_3060 8999 
CLU_3179 CLU_3084 8220 
CLU_3179 CLU_3086 16856 
CLU_3179 CLU_3087 17621 
CLU_3179 CLU_3098 17671 
CLU_3179 CLU_3108 15585 
CLU_3179 CLU_3114 13213 
CLU_3179 CLU_3121 4820 
CLU_3179 CLU_3128 4796 
CLU_3179 CLU_3141 2336 
CLU_3179 CLU_3143 2305 
CLU_3179 CLU_3160 1731 
CLU_3179 CLU_3166 2139 
CLU_3179 CLU_3176 1983 
CLU_3179 CLU_3200 4430 
CLU_3179 CLU_3214 6420 
CLU_3179 CLU_7923 13044 
CLU_3180 3118602190990 5167 
CLU_3180 3118602191229 5359 
CLU_3180 3118602190591 6209 
CLU_3180 3118602190567 8304 
CLU_3180 3118602190532 9256 
CLU_3180 3118602190494 10007 
CLU_3180 3118602190869 8613 
CLU_3180 3118602190605 8999 
CLU_3180 3118602190109 8090 
CLU_3180 3118607116306 11763 
CLU_3180 3118602190931 11428 
CLU_3180 3118602190923 12300 
CLU_3180 3118602190893 13550 
CLU_3180 3118602190486 11352 
CLU_3180 3118602190915 13813 
CLU_3180 3118602190222 12823 
CLU_3180 3118604696077 6238 
CLU_3180 3118602191024 5538 
CLU_3180 3118602190478 5571 
CLU_3180 3118602190389 6070 
CLU_3180 3118607110316 8116 
CLU_3180 3118602220261 5547 
CLU_3180 3118602190397 6674 
CLU_3180 3118602190176 7004 
CLU_3180 3118602191059 5173 
CLU_3180 3118602191040 3824 
CLU_3180 3118602190451 6803 
CLU_3180 3118602190206 7305 
CLU_3180 3118602190524 8357 
CLU_3180 3118602190400 6950 
CLU_3180 3118602190966 8854 
CLU_3180 3118602190877 7305 
CLU_3180 3118602190826 14630 
CLU_3180 3118602190729 17855 
CLU_3180 3118602190656 17855 
CLU_3180 3118602190834 17497 
CLU_3180 3118602190710 17991 
CLU_3180 3118602190796 18068 
CLU_3180 3118602190648 18275 
CLU_3180 3118602190818 14317 
CLU_3180 3118602190885 10431 
CLU_3180 3118607053355 8854 
CLU_3180 3118602190192 3339 
CLU_3180 3118602190214 2499 
CLU_3180 3118602190680 1266 
CLU_3180 3118602190753 2174 
CLU_3180 3118602190141 1307 
CLU_3180 3118602220245 2278 
CLU_3180 3118602190788 5167 
CLU_3180 CLU_2943 6823 
CLU_3180 CLU_2961 8731 
CLU_3180 CLU_2970 9870 
CLU_3180 CLU_2971 10058 
CLU_3180 CLU_3051 5538 
CLU_3180 CLU_3055 7483 
CLU_3180 CLU_3060 8083 
CLU_3180 CLU_3084 7952 
CLU_3180 CLU_3086 16266 
CLU_3180 CLU_3087 17014 
CLU_3180 CLU_3098 16984 
CLU_3180 CLU_3108 14589 
CLU_3180 CLU_3114 12749 
CLU_3180 CLU_3121 3664 
CLU_3180 CLU_3128 4198 
CLU_3180 CLU_3141 2289 
CLU_3180 CLU_3143 1616 
CLU_3180 CLU_3160 1157 
CLU_3180 CLU_3166 1029 
CLU_3180 CLU_3176 698 
CLU_3180 CLU_3200 3133 
CLU_3180 CLU_3214 5134 
CLU_3180 CLU_7923 12052 
CLU_3181 3118602190990 5985 
CLU_3181 3118602191229 6176 
CLU_3181 3118602190591 7027 
CLU_3181 3118602190567 9122 
CLU_3181 3118602190532 10074 
CLU_3181 3118602190494 10823 
CLU_3181 3118602190869 9420 
CLU_3181 3118602190605 9785 
CLU_3181 3118602190109 8864 
CLU_3181 3118607116306 12579 
CLU_3181 3118602190931 12244 
CLU_3181 3118602190923 13101 
CLU_3181 3118602190893 14359 
CLU_3181 3118602190486 12150 
CLU_3181 3118602190915 14615 
CLU_3181 3118602190222 13635 
CLU_3181 3118604696077 6847 
CLU_3181 3118602191024 6030 
CLU_3181 3118602190478 6000 
CLU_3181 3118602190389 6457 
CLU_3181 3118607110316 8549 
CLU_3181 3118602220261 6149 
CLU_3181 3118602190397 7129 
CLU_3181 3118602190176 7676 
CLU_3181 3118602191059 5818 
CLU_3181 3118602191040 4342 
CLU_3181 3118602190451 6978 
CLU_3181 3118602190206 7473 
CLU_3181 3118602190524 8491 
CLU_3181 3118602190400 7211 
CLU_3181 3118602190966 9079 
CLU_3181 3118602190877 7473 
CLU_3181 3118602190826 15046 
CLU_3181 3118602190729 18317 
CLU_3181 3118602190656 18317 
CLU_3181 3118602190834 17946 
CLU_3181 3118602190710 18507 
CLU_3181 3118602190796 18561 
CLU_3181 3118602190648 18751 
CLU_3181 3118602190818 14761 
CLU_3181 3118602190885 11083 
CLU_3181 3118607053355 9079 
CLU_3181 3118602190192 3465 
CLU_3181 3118602190214 2712 
CLU_3181 3118602190680 1130 
CLU_3181 3118602190753 2682 
CLU_3181 3118602190141 500 
CLU_3181 3118602220245 3085 
CLU_3181 3118602190788 5985 
CLU_3181 CLU_2943 7640 
CLU_3181 CLU_2961 9546 
CLU_3181 CLU_2970 10685 
CLU_3181 CLU_2971 10875 
CLU_3181 CLU_3051 6030 
CLU_3181 CLU_3055 8090 
CLU_3181 CLU_3060 8698 
CLU_3181 CLU_3084 8174 
CLU_3181 CLU_3086 16696 
CLU_3181 CLU_3087 17454 
CLU_3181 CLU_3098 17471 
CLU_3181 CLU_3108 15255 
CLU_3181 CLU_3114 13099 
CLU_3181 CLU_3121 4338 
CLU_3181 CLU_3128 4465 
CLU_3181 CLU_3141 2151 
CLU_3181 CLU_3143 1909 
CLU_3181 CLU_3160 1338 
CLU_3181 CLU_3166 1725 
CLU_3181 CLU_3176 1483 
CLU_3181 CLU_3200 3931 
CLU_3181 CLU_3214 5919 
CLU_3181 CLU_7923 12715 
CLU_3182 3118602190990 6139 
CLU_3182 3118602191229 6297 
CLU_3182 3118602190591 7160 
CLU_3182 3118602190567 9257 
CLU_3182 3118602190532 10213 
CLU_3182 3118602190494 10933 
CLU_3182 3118602190869 9619 
CLU_3182 3118602190605 10024 
CLU_3182 3118602190109 9120 
CLU_3182 3118607116306 12738 
CLU_3182 3118602190931 12404 
CLU_3182 3118602190923 13312 
CLU_3182 3118602190893 14550 
CLU_3182 3118602190486 12368 
CLU_3182 3118602190915 14822 
CLU_3182 3118602190222 13816 
CLU_3182 3118604696077 7213 
CLU_3182 3118602191024 6432 
CLU_3182 3118602190478 6415 
CLU_3182 3118602190389 6879 
CLU_3182 3118607110316 8965 
CLU_3182 3118602220261 6517 
CLU_3182 3118602190397 7540 
CLU_3182 3118602190176 8013 
CLU_3182 3118602191059 6168 
CLU_3182 3118602191040 4735 
CLU_3182 3118602190451 7413 
CLU_3182 3118602190206 7908 
CLU_3182 3118602190524 8924 
CLU_3182 3118602190400 7645 
CLU_3182 3118602190966 9514 
CLU_3182 3118602190877 7908 
CLU_3182 3118602190826 15466 
CLU_3182 3118602190729 18730 
CLU_3182 3118602190656 18730 
CLU_3182 3118602190834 18361 
CLU_3182 3118602190710 18908 
CLU_3182 3118602190796 18967 
CLU_3182 3118602190648 19161 
CLU_3182 3118602190818 15177 
CLU_3182 3118602190885 11432 
CLU_3182 3118607053355 9514 
CLU_3182 3118602190192 3106 
CLU_3182 3118602190214 2398 
CLU_3182 3118602190680 771 
CLU_3182 3118602190753 3070 
CLU_3182 3118602190141 651 
CLU_3182 3118602220245 3178 
CLU_3182 3118602190788 6139 
CLU_3182 CLU_2943 7758 
CLU_3182 CLU_2961 9713 
CLU_3182 CLU_2970 10850 
CLU_3182 CLU_2971 11022 
CLU_3182 CLU_3051 6432 
CLU_3182 CLU_3055 8458 
CLU_3182 CLU_3060 9063 
CLU_3182 CLU_3084 8609 
CLU_3182 CLU_3086 17114 
CLU_3182 CLU_3087 17871 
CLU_3182 CLU_3098 17879 
CLU_3182 CLU_3108 15598 
CLU_3182 CLU_3114 13528 
CLU_3182 CLU_3121 4251 
CLU_3182 CLU_3128 4147 
CLU_3182 CLU_3141 1741 
CLU_3182 CLU_3143 1662 
CLU_3182 CLU_3160 1093 
CLU_3182 CLU_3166 2034 
CLU_3182 CLU_3176 1587 
CLU_3182 CLU_3200 3994 
CLU_3182 CLU_3214 5948 
CLU_3182 CLU_7923 13059 
CLU_3183 3118602190990 6351 
CLU_3183 3118602191229 6499 
CLU_3183 3118602190591 7365 
CLU_3183 3118602190567 9461 
CLU_3183 3118602190532 10419 
CLU_3183 3118602190494 11130 
CLU_3183 3118602190869 9840 
CLU_3183 3118602190605 10252 
CLU_3183 3118602190109 9351 
CLU_3183 3118607116306 12949 
CLU_3183 3118602190931 12615 
CLU_3183 3118602190923 13534 
CLU_3183 3118602190893 14768 
CLU_3183 3118602190486 12592 
CLU_3183 3118602190915 15044 
CLU_3183 3118602190222 14032 
CLU_3183 3118604696077 7449 
CLU_3183 3118602191024 6659 
CLU_3183 3118602190478 6635 
CLU_3183 3118602190389 7094 
CLU_3183 3118607110316 9185 
CLU_3183 3118602220261 6753 
CLU_3183 3118602190397 7762 
CLU_3183 3118602190176 8251 
CLU_3183 3118602191059 6405 
CLU_3183 3118602191040 4965 
CLU_3183 3118602190451 7595 
CLU_3183 3118602190206 8088 
CLU_3183 3118602190524 9097 
CLU_3183 3118602190400 7841 
CLU_3183 3118602190966 9703 
CLU_3183 3118602190877 8088 
CLU_3183 3118602190826 15682 
CLU_3183 3118602190729 18951 
CLU_3183 3118602190656 18951 
CLU_3183 3118602190834 18581 
CLU_3183 3118602190710 19136 
CLU_3183 3118602190796 19193 
CLU_3183 3118602190648 19385 
CLU_3183 3118602190818 15397 
CLU_3183 3118602190885 11669 
CLU_3183 3118607053355 9703 
CLU_3183 3118602190192 3058 
CLU_3183 3118602190214 2397 
CLU_3183 3118602190680 776 
CLU_3183 3118602190753 3301 
CLU_3183 3118602190141 695 
CLU_3183 3118602220245 3378 
CLU_3183 3118602190788 6351 
CLU_3183 CLU_2943 7958 
CLU_3183 CLU_2961 9927 
CLU_3183 CLU_2970 11062 
CLU_3183 CLU_2971 11229 
CLU_3183 CLU_3051 6659 
CLU_3183 CLU_3055 8693 
CLU_3183 CLU_3060 9299 
CLU_3183 CLU_3084 8797 
CLU_3183 CLU_3086 17332 
CLU_3183 CLU_3087 18090 
CLU_3183 CLU_3098 18104 
CLU_3183 CLU_3108 15835 
CLU_3183 CLU_3114 13735 
CLU_3183 CLU_3121 4378 
CLU_3183 CLU_3128 4130 
CLU_3183 CLU_3141 1641 
CLU_3183 CLU_3143 1723 
CLU_3183 CLU_3160 1174 
CLU_3183 CLU_3166 2272 
CLU_3183 CLU_3176 1799 
CLU_3183 CLU_3200 4182 
CLU_3183 CLU_3214 6120 
CLU_3183 CLU_7923 13296 
CLU_3184 3118602190990 5768 
CLU_3184 3118602191229 5943 
CLU_3184 3118602190591 6800 
CLU_3184 3118602190567 8896 
CLU_3184 3118602190532 9851 
CLU_3184 3118602190494 10587 
CLU_3184 3118602190869 9229 
CLU_3184 3118602190605 9620 
CLU_3184 3118602190109 8711 
CLU_3184 3118607116306 12367 
CLU_3184 3118602190931 12032 
CLU_3184 3118602190923 12918 
CLU_3184 3118602190893 14164 
CLU_3184 3118602190486 11972 
CLU_3184 3118602190915 14430 
CLU_3184 3118602190222 13434 
CLU_3184 3118604696077 6801 
CLU_3184 3118602191024 6039 
CLU_3184 3118602190478 6035 
CLU_3184 3118602190389 6510 
CLU_3184 3118607110316 8586 
CLU_3184 3118602220261 6106 
CLU_3184 3118602190397 7155 
CLU_3184 3118602190176 7596 
CLU_3184 3118602191059 5752 
CLU_3184 3118602191040 4336 
CLU_3184 3118602190451 7108 
CLU_3184 3118602190206 7607 
CLU_3184 3118602190524 8636 
CLU_3184 3118602190400 7312 
CLU_3184 3118602190966 9195 
CLU_3184 3118602190877 7607 
CLU_3184 3118602190826 15093 
CLU_3184 3118602190729 18345 
CLU_3184 3118602190656 18345 
CLU_3184 3118602190834 17980 
CLU_3184 3118602190710 18511 
CLU_3184 3118602190796 18576 
CLU_3184 3118602190648 18773 
CLU_3184 3118602190818 14797 
CLU_3184 3118602190885 11016 
CLU_3184 3118607053355 9195 
CLU_3184 3118602190192 3221 
CLU_3184 3118602190214 2447 
CLU_3184 3118602190680 917 
CLU_3184 3118602190753 2671 
CLU_3184 3118602190141 780 
CLU_3184 3118602220245 2836 
CLU_3184 3118602190788 5768 
CLU_3184 CLU_2943 7406 
CLU_3184 CLU_2961 9337 
CLU_3184 CLU_2970 10475 
CLU_3184 CLU_2971 10656 
CLU_3184 CLU_3051 6039 
CLU_3184 CLU_3055 8046 
CLU_3184 CLU_3060 8650 
CLU_3184 CLU_3084 8290 
CLU_3184 CLU_3086 16738 
CLU_3184 CLU_3087 17492 
CLU_3184 CLU_3098 17488 
CLU_3184 CLU_3108 15180 
CLU_3184 CLU_3114 13172 
CLU_3184 CLU_3121 4044 
CLU_3184 CLU_3128 4198 
CLU_3184 CLU_3141 1966 
CLU_3184 CLU_3143 1625 
CLU_3184 CLU_3160 1059 
CLU_3184 CLU_3166 1616 
CLU_3184 CLU_3176 1232 
CLU_3184 CLU_3200 3672 
CLU_3184 CLU_3214 5651 
CLU_3184 CLU_7923 12642 
CLU_3185 3118602190990 6192 
CLU_3185 3118602191229 6371 
CLU_3185 3118602190591 7228 
CLU_3185 3118602190567 9324 
CLU_3185 3118602190532 10278 
CLU_3185 3118602190494 11016 
CLU_3185 3118602190869 9643 
CLU_3185 3118602190605 10019 
CLU_3185 3118602190109 9102 
CLU_3185 3118607116306 12790 
CLU_3185 3118602190931 12455 
CLU_3185 3118602190923 13328 
CLU_3185 3118602190893 14580 
CLU_3185 3118602190486 12379 
CLU_3185 3118602190915 14841 
CLU_3185 3118602190222 13853 
CLU_3185 3118604696077 7098 
CLU_3185 3118602191024 6276 
CLU_3185 3118602190478 6240 
CLU_3185 3118602190389 6691 
CLU_3185 3118607110316 8788 
CLU_3185 3118602220261 6400 
CLU_3185 3118602190397 7370 
CLU_3185 3118602190176 7927 
CLU_3185 3118602191059 6069 
CLU_3185 3118602191040 4591 
CLU_3185 3118602190451 7180 
CLU_3185 3118602190206 7673 
CLU_3185 3118602190524 8682 
CLU_3185 3118602190400 7427 
CLU_3185 3118602190966 9288 
CLU_3185 3118602190877 7673 
CLU_3185 3118602190826 15280 
CLU_3185 3118602190729 18557 
CLU_3185 3118602190656 18557 
CLU_3185 3118602190834 18184 
CLU_3185 3118602190710 18753 
CLU_3185 3118602190796 18804 
CLU_3185 3118602190648 18993 
CLU_3185 3118602190818 15000 
CLU_3185 3118602190885 11334 
CLU_3185 3118607053355 9288 
CLU_3185 3118602190192 3381 
CLU_3185 3118602190214 2665 
CLU_3185 3118602190680 1043 
CLU_3185 3118602190753 2931 
CLU_3185 3118602190141 398 
CLU_3185 3118602220245 3266 
CLU_3185 3118602190788 6192 
CLU_3185 CLU_2943 7835 
CLU_3185 CLU_2961 9759 
CLU_3185 CLU_2970 10898 
CLU_3185 CLU_2971 11081 
CLU_3185 CLU_3051 6276 
CLU_3185 CLU_3055 8341 
CLU_3185 CLU_3060 8950 
CLU_3185 CLU_3084 8382 
CLU_3185 CLU_3086 16932 
CLU_3185 CLU_3087 17691 
CLU_3185 CLU_3098 17714 
CLU_3185 CLU_3108 15506 
CLU_3185 CLU_3114 13326 
CLU_3185 CLU_3121 4438 
CLU_3185 CLU_3128 4416 
CLU_3185 CLU_3141 2012 
CLU_3185 CLU_3143 1908 
CLU_3185 CLU_3160 1334 
CLU_3185 CLU_3166 1970 
CLU_3185 CLU_3176 1662 
CLU_3185 CLU_3200 4101 
CLU_3185 CLU_3214 6077 
CLU_3185 CLU_7923 12966 
CLU_3186 3118602190990 3082 
CLU_3186 3118602191229 3384 
CLU_3186 3118602190591 4166 
CLU_3186 3118602190567 6221 
CLU_3186 3118602190532 7154 
CLU_3186 3118602190494 7977 
CLU_3186 3118602190869 6392 
CLU_3186 3118602190605 6738 
CLU_3186 3118602190109 5825 
CLU_3186 3118607116306 9604 
CLU_3186 3118602190931 9266 
CLU_3186 3118602190923 10061 
CLU_3186 3118602190893 11334 
CLU_3186 3118602190486 9106 
CLU_3186 3118602190915 11576 
CLU_3186 3118602190222 10623 
CLU_3186 3118604696077 4287 
CLU_3186 3118602191024 3956 
CLU_3186 3118602190478 4177 
CLU_3186 3118602190389 4762 
CLU_3186 3118607110316 6568 
CLU_3186 3118602220261 3642 
CLU_3186 3118602190397 5129 
CLU_3186 3118602190176 4883 
CLU_3186 3118602191059 3164 
CLU_3186 3118602191040 2380 
CLU_3186 3118602190451 6049 
CLU_3186 3118602190206 6536 
CLU_3186 3118602190524 7627 
CLU_3186 3118602190400 5942 
CLU_3186 3118602190966 7847 
CLU_3186 3118602190877 6536 
CLU_3186 3118602190826 13009 
CLU_3186 3118602190729 16103 
CLU_3186 3118602190656 16103 
CLU_3186 3118602190834 15778 
CLU_3186 3118602190710 16117 
CLU_3186 3118602190796 16246 
CLU_3186 3118602190648 16488 
CLU_3186 3118602190818 12631 
CLU_3186 3118602190885 8319 
CLU_3186 3118607053355 7847 
CLU_3186 3118602190192 4572 
CLU_3186 3118602190214 3743 
CLU_3186 3118602190680 3319 
CLU_3186 3118602190753 1516 
CLU_3186 3118602190141 3491 
CLU_3186 3118602220245 1215 
CLU_3186 3118602190788 3082 
CLU_3186 CLU_2943 4815 
CLU_3186 CLU_2961 6566 
CLU_3186 CLU_2970 7706 
CLU_3186 CLU_2971 7932 
CLU_3186 CLU_3051 3956 
CLU_3186 CLU_3055 5501 
CLU_3186 CLU_3060 6070 
CLU_3186 CLU_3084 6995 
CLU_3186 CLU_3086 14600 
CLU_3186 CLU_3087 15319 
CLU_3186 CLU_3098 15179 
CLU_3186 CLU_3108 12437 
CLU_3186 CLU_3114 11313 
CLU_3186 CLU_3121 3109 
CLU_3186 CLU_3128 4968 
CLU_3186 CLU_3141 4124 
CLU_3186 CLU_3143 3040 
CLU_3186 CLU_3160 2966 
CLU_3186 CLU_3166 1371 
CLU_3186 CLU_3176 1825 
CLU_3186 CLU_3200 1794 
CLU_3186 CLU_3214 3604 
CLU_3186 CLU_7923 9912 
CLU_3187 3118602190990 3386 
CLU_3187 3118602191229 3611 
CLU_3187 3118602190591 4444 
CLU_3187 3118602190567 6532 
CLU_3187 3118602190532 7480 
CLU_3187 3118602190494 8255 
CLU_3187 3118602190869 6824 
CLU_3187 3118602190605 7236 
CLU_3187 3118602190109 6352 
CLU_3187 3118607116306 9975 
CLU_3187 3118602190931 9639 
CLU_3187 3118602190923 10515 
CLU_3187 3118602190893 11759 
CLU_3187 3118602190486 9571 
CLU_3187 3118602190915 12026 
CLU_3187 3118602190222 11031 
CLU_3187 3118604696077 4926 
CLU_3187 3118602191024 4561 
CLU_3187 3118602190478 4756 
CLU_3187 3118602190389 5331 
CLU_3187 3118607110316 7180 
CLU_3187 3118602220261 4278 
CLU_3187 3118602190397 5736 
CLU_3187 3118602190176 5510 
CLU_3187 3118602191059 3802 
CLU_3187 3118602191040 2938 
CLU_3187 3118602190451 6524 
CLU_3187 3118602190206 7019 
CLU_3187 3118602190524 8109 
CLU_3187 3118602190400 6467 
CLU_3187 3118602190966 8382 
CLU_3187 3118602190877 7019 
CLU_3187 3118602190826 13636 
CLU_3187 3118602190729 16739 
CLU_3187 3118602190656 16739 
CLU_3187 3118602190834 16412 
CLU_3187 3118602190710 16756 
CLU_3187 3118602190796 16884 
CLU_3187 3118602190648 17126 
CLU_3187 3118602190818 13263 
CLU_3187 3118602190885 8943 
CLU_3187 3118607053355 8382 
CLU_3187 3118602190192 3940 
CLU_3187 3118602190214 3106 
CLU_3187 3118602190680 2737 
CLU_3187 3118602190753 1775 
CLU_3187 3118602190141 3079 
CLU_3187 3118602220245 820 
CLU_3187 3118602190788 3386 
CLU_3187 CLU_2943 5072 
CLU_3187 CLU_2961 6941 
CLU_3187 CLU_2970 8081 
CLU_3187 CLU_2971 8276 
CLU_3187 CLU_3051 4561 
CLU_3187 CLU_3055 6139 
CLU_3187 CLU_3060 6707 
CLU_3187 CLU_3084 7517 
CLU_3187 CLU_3086 15231 
CLU_3187 CLU_3087 15952 
CLU_3187 CLU_3098 15817 
CLU_3187 CLU_3108 13049 
CLU_3187 CLU_3114 11921 
CLU_3187 CLU_3121 2723 
CLU_3187 CLU_3128 4377 
CLU_3187 CLU_3141 3500 
CLU_3187 CLU_3143 2404 
CLU_3187 CLU_3160 2358 
CLU_3187 CLU_3166 1112 
CLU_3187 CLU_3176 1251 
CLU_3187 CLU_3200 1618 
CLU_3187 CLU_3214 3592 
CLU_3187 CLU_7923 10530 
CLU_3188 3118602190990 3360 
CLU_3188 3118602191229 3649 
CLU_3188 3118602190591 4442 
CLU_3188 3118602190567 6503 
CLU_3188 3118602190532 7439 
CLU_3188 3118602190494 8255 
CLU_3188 3118602190869 6685 
CLU_3188 3118602190605 7028 
CLU_3188 3118602190109 6113 
CLU_3188 3118607116306 9894 
CLU_3188 3118602190931 9557 
CLU_3188 3118602190923 10353 
CLU_3188 3118602190893 11627 
CLU_3188 3118602190486 9399 
CLU_3188 3118602190915 11869 
CLU_3188 3118602190222 10915 
CLU_3188 3118604696077 4485 
CLU_3188 3118602191024 4076 
CLU_3188 3118602190478 4264 
CLU_3188 3118602190389 4838 
CLU_3188 3118607110316 6696 
CLU_3188 3118602220261 3826 
CLU_3188 3118602190397 5250 
CLU_3188 3118602190176 5123 
CLU_3188 3118602191059 3370 
CLU_3188 3118602191040 2445 
CLU_3188 3118602190451 6047 
CLU_3188 3118602190206 6540 
CLU_3188 3118602190524 7630 
CLU_3188 3118602190400 5978 
CLU_3188 3118602190966 7892 
CLU_3188 3118602190877 6540 
CLU_3188 3118602190826 13162 
CLU_3188 3118602190729 16280 
CLU_3188 3118602190656 16280 
CLU_3188 3118602190834 15949 
CLU_3188 3118602190710 16316 
CLU_3188 3118602190796 16436 
CLU_3188 3118602190648 16672 
CLU_3188 3118602190818 12795 
CLU_3188 3118602190885 8560 
CLU_3188 3118607053355 7892 
CLU_3188 3118602190192 4412 
CLU_3188 3118602190214 3570 
CLU_3188 3118602190680 3059 
CLU_3188 3118602190753 1371 
CLU_3188 3118602190141 3198 
CLU_3188 3118602220245 1232 
CLU_3188 3118602190788 3360 
CLU_3188 CLU_2943 5088 
CLU_3188 CLU_2961 6856 
CLU_3188 CLU_2970 7996 
CLU_3188 CLU_2971 8219 
CLU_3188 CLU_3051 4076 
CLU_3188 CLU_3055 5710 
CLU_3188 CLU_3060 6287 
CLU_3188 CLU_3084 7029 
CLU_3188 CLU_3086 14762 
CLU_3188 CLU_3087 15487 
CLU_3188 CLU_3098 15365 
CLU_3188 CLU_3108 12688 
CLU_3188 CLU_3114 11434 
CLU_3188 CLU_3121 3152 
CLU_3188 CLU_3128 4869 
CLU_3188 CLU_3141 3893 
CLU_3188 CLU_3143 2832 
CLU_3188 CLU_3160 2721 
CLU_3188 CLU_3166 1079 
CLU_3188 CLU_3176 1569 
CLU_3188 CLU_3200 1922 
CLU_3188 CLU_3214 3805 
CLU_3188 CLU_7923 10161 
CLU_3189 3118602190990 2948 
CLU_3189 3118602191229 3189 
CLU_3189 3118602190591 4012 
CLU_3189 3118602190567 6096 
CLU_3189 3118602190532 7042 
CLU_3189 3118602190494 7827 
CLU_3189 3118602190869 6377 
CLU_3189 3118602190605 6796 
CLU_3189 3118602190109 5918 
CLU_3189 3118607116306 9532 
CLU_3189 3118602190931 9196 
CLU_3189 3118602190923 10069 
CLU_3189 3118602190893 11313 
CLU_3189 3118602190486 9126 
CLU_3189 3118602190915 11580 
CLU_3189 3118602190222 10585 
CLU_3189 3118604696077 4634 
CLU_3189 3118602191024 4381 
CLU_3189 3118602190478 4620 
CLU_3189 3118602190389 5208 
CLU_3189 3118607110316 6982 
CLU_3189 3118602220261 4009 
CLU_3189 3118602190397 5550 
CLU_3189 3118602190176 5155 
CLU_3189 3118602191059 3505 
CLU_3189 3118602191040 2834 
CLU_3189 3118602190451 6510 
CLU_3189 3118602190206 6998 
CLU_3189 3118602190524 8089 
CLU_3189 3118602190400 6400 
CLU_3189 3118602190966 8302 
CLU_3189 3118602190877 6998 
CLU_3189 3118602190826 13398 
CLU_3189 3118602190729 16464 
CLU_3189 3118602190656 16464 
CLU_3189 3118602190834 16146 
CLU_3189 3118602190710 16450 
CLU_3189 3118602190796 16592 
CLU_3189 3118602190648 16842 
CLU_3189 3118602190818 13009 
CLU_3189 3118602190885 8579 
CLU_3189 3118607053355 8302 
CLU_3189 3118602190192 4211 
CLU_3189 3118602190214 3404 
CLU_3189 3118602190680 3161 
CLU_3189 3118602190753 1922 
CLU_3189 3118602190141 3522 
CLU_3189 3118602220245 757 
CLU_3189 3118602190788 2948 
CLU_3189 CLU_2943 4646 
CLU_3189 CLU_2961 6497 
CLU_3189 CLU_2970 7637 
CLU_3189 CLU_2971 7836 
CLU_3189 CLU_3051 4381 
CLU_3189 CLU_3055 5828 
CLU_3189 CLU_3060 6383 
CLU_3189 CLU_3084 7453 
CLU_3189 CLU_3086 14979 
CLU_3189 CLU_3087 15692 
CLU_3189 CLU_3098 15530 
CLU_3189 CLU_3108 12666 
CLU_3189 CLU_3114 11731 
CLU_3189 CLU_3121 2649 
CLU_3189 CLU_3128 4549 
CLU_3189 CLU_3141 3882 
CLU_3189 CLU_3143 2762 
CLU_3189 CLU_3160 2767 
CLU_3189 CLU_3166 1502 
CLU_3189 CLU_3176 1687 
CLU_3189 CLU_3200 1368 
CLU_3189 CLU_3214 3260 
CLU_3189 CLU_7923 10153 
CLU_3190 3118602190990 2902 
CLU_3190 3118602191229 3071 
CLU_3190 3118602190591 3926 
CLU_3190 3118602190567 6022 
CLU_3190 3118602190532 6977 
CLU_3190 3118602190494 7719 
CLU_3190 3118602190869 6413 
CLU_3190 3118602190605 6901 
CLU_3190 3118602190109 6061 
CLU_3190 3118607116306 9500 
CLU_3190 3118602190931 9166 
CLU_3190 3118602190923 10115 
CLU_3190 3118602190893 11328 
CLU_3190 3118602190486 9186 
CLU_3190 3118602190915 11619 
CLU_3190 3118602190222 10586 
CLU_3190 3118604696077 5008 
CLU_3190 3118602191024 4817 
CLU_3190 3118602190478 5069 
CLU_3190 3118602190389 5659 
CLU_3190 3118607110316 7407 
CLU_3190 3118602220261 4401 
CLU_3190 3118602190397 5982 
CLU_3190 3118602190176 5464 
CLU_3190 3118602191059 3880 
CLU_3190 3118602191040 3290 
CLU_3190 3118602190451 6970 
CLU_3190 3118602190206 7458 
CLU_3190 3118602190524 8549 
CLU_3190 3118602190400 6859 
CLU_3190 3118602190966 8758 
CLU_3190 3118602190877 7458 
CLU_3190 3118602190826 13799 
CLU_3190 3118602190729 16839 
CLU_3190 3118602190656 16839 
CLU_3190 3118602190834 16527 
CLU_3190 3118602190710 16799 
CLU_3190 3118602190796 16952 
CLU_3190 3118602190648 17210 
CLU_3190 3118602190818 13401 
CLU_3190 3118602190885 8868 
CLU_3190 3118607053355 8758 
CLU_3190 3118602190192 3861 
CLU_3190 3118602190214 3085 
CLU_3190 3118602190680 3048 
CLU_3190 3118602190753 2341 
CLU_3190 3118602190141 3595 
CLU_3190 3118602220245 306 
CLU_3190 3118602190788 2902 
CLU_3190 CLU_2943 4535 
CLU_3190 CLU_2961 6478 
CLU_3190 CLU_2970 7613 
CLU_3190 CLU_2971 7784 
CLU_3190 CLU_3051 4817 
CLU_3190 CLU_3055 6182 
CLU_3190 CLU_3060 6723 
CLU_3190 CLU_3084 7912 
CLU_3190 CLU_3086 15371 
CLU_3190 CLU_3087 16079 
CLU_3190 CLU_3098 15895 
CLU_3190 CLU_3108 12921 
CLU_3190 CLU_3114 12156 
CLU_3190 CLU_3121 2192 
CLU_3190 CLU_3128 4132 
CLU_3190 CLU_3141 3667 
CLU_3190 CLU_3143 2524 
CLU_3190 CLU_3160 2617 
CLU_3190 CLU_3166 1735 
CLU_3190 CLU_3176 1651 
CLU_3190 CLU_3200 987 
CLU_3190 CLU_3214 2965 
CLU_3190 CLU_7923 10423 
CLU_3191 3118602190990 3001 
CLU_3191 3118602191229 3122 
CLU_3191 3118602190591 3990 
CLU_3191 3118602190567 6085 
CLU_3191 3118602190532 7043 
CLU_3191 3118602190494 7755 
CLU_3191 3118602190869 6544 
CLU_3191 3118602190605 7071 
CLU_3191 3118602190109 6253 
CLU_3191 3118607116306 9583 
CLU_3191 3118602190931 9251 
CLU_3191 3118602190923 10247 
CLU_3191 3118602190893 11439 
CLU_3191 3118602190486 9326 
CLU_3191 3118602190915 11745 
CLU_3191 3118602190222 10689 
CLU_3191 3118604696077 5302 
CLU_3191 3118602191024 5123 
CLU_3191 3118602190478 5374 
CLU_3191 3118602190389 5963 
CLU_3191 3118607110316 7712 
CLU_3191 3118602220261 4701 
CLU_3191 3118602190397 6287 
CLU_3191 3118602190176 5735 
CLU_3191 3118602191059 4175 
CLU_3191 3118602191040 3591 
CLU_3191 3118602190451 7260 
CLU_3191 3118602190206 7749 
CLU_3191 3118602190524 8840 
CLU_3191 3118602190400 7157 
CLU_3191 3118602190966 9059 
CLU_3191 3118602190877 7749 
CLU_3191 3118602190826 14099 
CLU_3191 3118602190729 17131 
CLU_3191 3118602190656 17131 
CLU_3191 3118602190834 16822 
CLU_3191 3118602190710 17082 
CLU_3191 3118602190796 17240 
CLU_3191 3118602190648 17500 
CLU_3191 3118602190818 13698 
CLU_3191 3118602190885 9128 
CLU_3191 3118607053355 9059 
CLU_3191 3118602190192 3586 
CLU_3191 3118602190214 2829 
CLU_3191 3118602190680 2918 
CLU_3191 3118602190753 2584 
CLU_3191 3118602190141 3582 
CLU_3191 3118602220245 0 
CLU_3191 3118602190788 3001 
CLU_3191 CLU_2943 4579 
CLU_3191 CLU_2961 6575 
CLU_3191 CLU_2970 7705 
CLU_3191 CLU_2971 7856 
CLU_3191 CLU_3051 5123 
CLU_3191 CLU_3055 6469 
CLU_3191 CLU_3060 7005 
CLU_3191 CLU_3084 8210 
CLU_3191 CLU_3086 15668 
CLU_3191 CLU_3087 16375 
CLU_3191 CLU_3098 16184 
CLU_3191 CLU_3108 13164 
CLU_3191 CLU_3114 12461 
CLU_3191 CLU_3121 1920 
CLU_3191 CLU_3128 3830 
CLU_3191 CLU_3141 3468 
CLU_3191 CLU_3143 2320 
CLU_3191 CLU_3160 2470 
CLU_3191 CLU_3166 1860 
CLU_3191 CLU_3176 1604 
CLU_3191 CLU_3200 868 
CLU_3191 CLU_3214 2880 
CLU_3191 CLU_7923 10673 
CLU_3192 3118602190990 3303 
CLU_3192 3118602191229 3367 
CLU_3192 3118602190591 4243 
CLU_3192 3118602190567 6327 
CLU_3192 3118602190532 7286 
CLU_3192 3118602190494 7958 
CLU_3192 3118602190869 6862 
CLU_3192 3118602190605 7429 
CLU_3192 3118602190109 6633 
CLU_3192 3118607116306 9843 
CLU_3192 3118602190931 9513 
CLU_3192 3118602190923 10561 
CLU_3192 3118602190893 11729 
CLU_3192 3118602190486 9651 
CLU_3192 3118602190915 12052 
CLU_3192 3118602190222 10970 
CLU_3192 3118604696077 5745 
CLU_3192 3118602191024 5547 
CLU_3192 3118602190478 5785 
CLU_3192 3118602190389 6371 
CLU_3192 3118607110316 8144 
CLU_3192 3118602220261 5142 
CLU_3192 3118602190397 6715 
CLU_3192 3118602190176 6174 
CLU_3192 3118602191059 4619 
CLU_3192 3118602191040 3988 
CLU_3192 3118602190451 7622 
CLU_3192 3118602190206 8115 
CLU_3192 3118602190524 9206 
CLU_3192 3118602190400 7544 
CLU_3192 3118602190966 9453 
CLU_3192 3118602190877 8115 
CLU_3192 3118602190826 14540 
CLU_3192 3118602190729 17575 
CLU_3192 3118602190656 17575 
CLU_3192 3118602190834 17265 
CLU_3192 3118602190710 17525 
CLU_3192 3118602190796 17683 
CLU_3192 3118602190648 17944 
CLU_3192 3118602190818 14141 
CLU_3192 3118602190885 9560 
CLU_3192 3118607053355 9453 
CLU_3192 3118602190192 3149 
CLU_3192 3118602190214 2407 
CLU_3192 3118602190680 2653 
CLU_3192 3118602190753 2872 
CLU_3192 3118602190141 3471 
CLU_3192 3118602220245 444 
CLU_3192 3118602190788 3303 
CLU_3192 CLU_2943 4805 
CLU_3192 CLU_2961 6856 
CLU_3192 CLU_2970 7976 
CLU_3192 CLU_2971 8106 
CLU_3192 CLU_3051 5547 
CLU_3192 CLU_3055 6912 
CLU_3192 CLU_3060 7448 
CLU_3192 CLU_3084 8596 
CLU_3192 CLU_3086 16111 
CLU_3192 CLU_3087 16818 
CLU_3192 CLU_3098 16628 
CLU_3192 CLU_3108 13584 
CLU_3192 CLU_3114 12893 
CLU_3192 CLU_3121 1650 
CLU_3192 CLU_3128 3392 
CLU_3192 CLU_3141 3107 
CLU_3192 CLU_3143 1962 
CLU_3192 CLU_3160 2187 
CLU_3192 CLU_3166 1990 
CLU_3192 CLU_3176 1501 
CLU_3192 CLU_3200 1002 
CLU_3192 CLU_3214 2949 
CLU_3192 CLU_7923 11099 
CLU_3193 3118602190990 2980 
CLU_3193 3118602191229 3052 
CLU_3193 3118602190591 3927 
CLU_3193 3118602190567 6013 
CLU_3193 3118602190532 6973 
CLU_3193 3118602190494 7655 
CLU_3193 3118602190869 6539 
CLU_3193 3118602190605 7107 
CLU_3193 3118602190109 6317 
CLU_3193 3118607116306 9526 
CLU_3193 3118602190931 9196 
CLU_3193 3118602190923 10238 
CLU_3193 3118602190893 11409 
CLU_3193 3118602190486 9327 
CLU_3193 3118602190915 11730 
CLU_3193 3118602190222 10650 
CLU_3193 3118604696077 5515 
CLU_3193 3118602191024 5381 
CLU_3193 3118602190478 5643 
CLU_3193 3118602190389 6235 
CLU_3193 3118607110316 7960 
CLU_3193 3118602220261 4929 
CLU_3193 3118602190397 6542 
CLU_3193 3118602190176 5906 
CLU_3193 3118602191059 4393 
CLU_3193 3118602191040 3870 
CLU_3193 3118602190451 7549 
CLU_3193 3118602190206 8037 
CLU_3193 3118602190524 9128 
CLU_3193 3118602190400 7439 
CLU_3193 3118602190966 9338 
CLU_3193 3118602190877 8037 
CLU_3193 3118602190826 14326 
CLU_3193 3118602190729 17337 
CLU_3193 3118602190656 17337 
CLU_3193 3118602190834 17032 
CLU_3193 3118602190710 17269 
CLU_3193 3118602190796 17435 
CLU_3193 3118602190648 17700 
CLU_3193 3118602190818 13917 
CLU_3193 3118602190885 9277 
CLU_3193 3118607053355 9338 
CLU_3193 3118602190192 3430 
CLU_3193 3118602190214 2711 
CLU_3193 3118602190680 2965 
CLU_3193 3118602190753 2876 
CLU_3193 3118602190141 3732 
CLU_3193 3118602220245 293 
CLU_3193 3118602190788 2980 
CLU_3193 CLU_2943 4495 
CLU_3193 CLU_2961 6536 
CLU_3193 CLU_2970 7658 
CLU_3193 CLU_2971 7791 
CLU_3193 CLU_3051 5381 
CLU_3193 CLU_3055 6667 
CLU_3193 CLU_3060 7192 
CLU_3193 CLU_3084 8492 
CLU_3193 CLU_3086 15887 
CLU_3193 CLU_3087 16589 
CLU_3193 CLU_3098 16383 
CLU_3193 CLU_3108 13287 
CLU_3193 CLU_3114 12709 
CLU_3193 CLU_3121 1626 
CLU_3193 CLU_3128 3604 
CLU_3193 CLU_3141 3430 
CLU_3193 CLU_3143 2286 
CLU_3193 CLU_3160 2503 
CLU_3193 CLU_3166 2113 
CLU_3193 CLU_3176 1750 
CLU_3193 CLU_3200 703 
CLU_3193 CLU_3214 2692 
CLU_3193 CLU_7923 10808 
CLU_3194 3118602190990 3304 
CLU_3194 3118602191229 3255 
CLU_3194 3118602190591 4120 
CLU_3194 3118602190567 6150 
CLU_3194 3118602190532 7104 
CLU_3194 3118602190494 7700 
CLU_3194 3118602190869 6840 
CLU_3194 3118602190605 7500 
CLU_3194 3118602190109 6774 
CLU_3194 3118607116306 9678 
CLU_3194 3118602190931 9354 
CLU_3194 3118602190923 10510 
CLU_3194 3118602190893 11622 
CLU_3194 3118602190486 9628 
CLU_3194 3118602190915 11980 
CLU_3194 3118602190222 10845 
CLU_3194 3118604696077 6242 
CLU_3194 3118602191024 6155 
CLU_3194 3118602190478 6423 
CLU_3194 3118602190389 7015 
CLU_3194 3118607110316 8724 
CLU_3194 3118602220261 5673 
CLU_3194 3118602190397 7312 
CLU_3194 3118602190176 6567 
CLU_3194 3118602191059 5127 
CLU_3194 3118602191040 4650 
CLU_3194 3118602190451 8320 
CLU_3194 3118602190206 8810 
CLU_3194 3118602190524 9901 
CLU_3194 3118602190400 8219 
CLU_3194 3118602190966 10118 
CLU_3194 3118602190877 8810 
CLU_3194 3118602190826 15062 
CLU_3194 3118602190729 18043 
CLU_3194 3118602190656 18043 
CLU_3194 3118602190834 17746 
CLU_3194 3118602190710 17943 
CLU_3194 3118602190796 18123 
CLU_3194 3118602190648 18397 
CLU_3194 3118602190818 14644 
CLU_3194 3118602190885 9894 
CLU_3194 3118607053355 10118 
CLU_3194 3118602190192 2883 
CLU_3194 3118602190214 2287 
CLU_3194 3118602190680 2971 
CLU_3194 3118602190753 3598 
CLU_3194 3118602190141 3988 
CLU_3194 3118602220245 1062 
CLU_3194 3118602190788 3304 
CLU_3194 CLU_2943 4619 
CLU_3194 CLU_2961 6752 
CLU_3194 CLU_2970 7846 
CLU_3194 CLU_2971 7930 
CLU_3194 CLU_3051 6155 
CLU_3194 CLU_3055 7368 
CLU_3194 CLU_3060 7877 
CLU_3194 CLU_3084 9272 
CLU_3194 CLU_3086 16612 
CLU_3194 CLU_3087 17308 
CLU_3194 CLU_3098 17078 
CLU_3194 CLU_3108 13846 
CLU_3194 CLU_3114 13470 
CLU_3194 CLU_3121 929 
CLU_3194 CLU_3128 2895 
CLU_3194 CLU_3141 3190 
CLU_3194 CLU_3143 2117 
CLU_3194 CLU_3160 2496 
CLU_3194 CLU_3166 2701 
CLU_3194 CLU_3176 2091 
CLU_3194 CLU_3200 998 
CLU_3194 CLU_3214 2558 
CLU_3194 CLU_7923 11393 
CLU_3195 3118602190990 3161 
CLU_3195 3118602191229 3091 
CLU_3195 3118602190591 3952 
CLU_3195 3118602190567 5972 
CLU_3195 3118602190532 6924 
CLU_3195 3118602190494 7513 
CLU_3195 3118602190869 6683 
CLU_3195 3118602190605 7360 
CLU_3195 3118602190109 6648 
CLU_3195 3118607116306 9499 
CLU_3195 3118602190931 9176 
CLU_3195 3118602190923 10346 
CLU_3195 3118602190893 11450 
CLU_3195 3118602190486 9469 
CLU_3195 3118602190915 11813 
CLU_3195 3118602190222 10671 
CLU_3195 3118604696077 6214 
CLU_3195 3118602191024 6172 
CLU_3195 3118602190478 6454 
CLU_3195 3118602190389 7049 
CLU_3195 3118607110316 8725 
CLU_3195 3118602220261 5659 
CLU_3195 3118602190397 7322 
CLU_3195 3118602190176 6504 
CLU_3195 3118602191059 5106 
CLU_3195 3118602191040 4698 
CLU_3195 3118602190451 8388 
CLU_3195 3118602190206 8876 
CLU_3195 3118602190524 9967 
CLU_3195 3118602190400 8269 
CLU_3195 3118602190966 10162 
CLU_3195 3118602190877 8876 
CLU_3195 3118602190826 15037 
CLU_3195 3118602190729 17997 
CLU_3195 3118602190656 17997 
CLU_3195 3118602190834 17704 
CLU_3195 3118602190710 17881 
CLU_3195 3118602190796 18068 
CLU_3195 3118602190648 18346 
CLU_3195 3118602190818 14611 
CLU_3195 3118602190885 9811 
CLU_3195 3118607053355 10162 
CLU_3195 3118602190192 3013 
CLU_3195 3118602190214 2449 
CLU_3195 3118602190680 3168 
CLU_3195 3118602190753 3703 
CLU_3195 3118602190141 4180 
CLU_3195 3118602220245 1133 
CLU_3195 3118602190788 3161 
CLU_3195 CLU_2943 4441 
CLU_3195 CLU_2961 6582 
CLU_3195 CLU_2970 7672 
CLU_3195 CLU_2971 7751 
CLU_3195 CLU_3051 6172 
CLU_3195 CLU_3055 7325 
CLU_3195 CLU_3060 7825 
CLU_3195 CLU_3084 9322 
CLU_3195 CLU_3086 16579 
CLU_3195 CLU_3087 17270 
CLU_3195 CLU_3098 17027 
CLU_3195 CLU_3108 13742 
CLU_3195 CLU_3114 13468 
CLU_3195 CLU_3121 796 
CLU_3195 CLU_3128 2957 
CLU_3195 CLU_3141 3373 
CLU_3195 CLU_3143 2310 
CLU_3195 CLU_3160 2693 
CLU_3195 CLU_3166 2847 
CLU_3195 CLU_3176 2272 
CLU_3195 CLU_3200 905 
CLU_3195 CLU_3214 2364 
CLU_3195 CLU_7923 11299 
CLU_3196 3118602190990 2962 
CLU_3196 3118602191229 2954 
CLU_3196 3118602190591 3828 
CLU_3196 3118602190567 5886 
CLU_3196 3118602190532 6843 
CLU_3196 3118602190494 7477 
CLU_3196 3118602190869 6515 
CLU_3196 3118602190605 7146 
CLU_3196 3118602190109 6401 
CLU_3196 3118607116306 9412 
CLU_3196 3118602190931 9085 
CLU_3196 3118602190923 10198 
CLU_3196 3118602190893 11333 
CLU_3196 3118602190486 9305 
CLU_3196 3118602190915 11677 
CLU_3196 3118602190222 10562 
CLU_3196 3118604696077 5838 
CLU_3196 3118602191024 5776 
CLU_3196 3118602190478 6057 
CLU_3196 3118602190389 6652 
CLU_3196 3118607110316 8335 
CLU_3196 3118602220261 5275 
CLU_3196 3118602190397 6929 
CLU_3196 3118602190176 6159 
CLU_3196 3118602191059 4726 
CLU_3196 3118602191040 4302 
CLU_3196 3118602190451 7997 
CLU_3196 3118602190206 8484 
CLU_3196 3118602190524 9574 
CLU_3196 3118602190400 7873 
CLU_3196 3118602190966 9766 
CLU_3196 3118602190877 8484 
CLU_3196 3118602190826 14660 
CLU_3196 3118602190729 17636 
CLU_3196 3118602190656 17636 
CLU_3196 3118602190834 17340 
CLU_3196 3118602190710 17536 
CLU_3196 3118602190796 17716 
CLU_3196 3118602190648 17989 
CLU_3196 3118602190818 14240 
CLU_3196 3118602190885 9491 
CLU_3196 3118607053355 9766 
CLU_3196 3118602190192 3263 
CLU_3196 3118602190214 2625 
CLU_3196 3118602190680 3136 
CLU_3196 3118602190753 3340 
CLU_3196 3118602190141 4035 
CLU_3196 3118602220245 756 
CLU_3196 3118602190788 2962 
CLU_3196 CLU_2943 4356 
CLU_3196 CLU_2961 6457 
CLU_3196 CLU_2970 7564 
CLU_3196 CLU_2971 7668 
CLU_3196 CLU_3051 5776 
CLU_3196 CLU_3055 6962 
CLU_3196 CLU_3060 7470 
CLU_3196 CLU_3084 8926 
CLU_3196 CLU_3086 16208 
CLU_3196 CLU_3087 16903 
CLU_3196 CLU_3098 16671 
CLU_3196 CLU_3108 13452 
CLU_3196 CLU_3114 13079 
CLU_3196 CLU_3121 1165 
CLU_3196 CLU_3128 3302 
CLU_3196 CLU_3141 3464 
CLU_3196 CLU_3143 2351 
CLU_3196 CLU_3160 2662 
CLU_3196 CLU_3166 2546 
CLU_3196 CLU_3176 2076 
CLU_3196 CLU_3200 618 
CLU_3196 CLU_3214 2401 
CLU_3196 CLU_7923 10995 
CLU_3197 3118602190990 2687 
CLU_3197 3118602191229 2544 
CLU_3197 3118602190591 3383 
CLU_3197 3118602190567 5362 
CLU_3197 3118602190532 6309 
CLU_3197 3118602190494 6874 
CLU_3197 3118602190869 6143 
CLU_3197 3118602190605 6871 
CLU_3197 3118602190109 6211 
CLU_3197 3118607116306 8885 
CLU_3197 3118602190931 8565 
CLU_3197 3118602190923 9778 
CLU_3197 3118602190893 10855 
CLU_3197 3118602190486 8917 
CLU_3197 3118602190915 11233 
CLU_3197 3118602190222 10070 
CLU_3197 3118604696077 6110 
CLU_3197 3118602191024 6217 
CLU_3197 3118602190478 6546 
CLU_3197 3118602190389 7146 
CLU_3197 3118607110316 8707 
CLU_3197 3118602220261 5606 
CLU_3197 3118602190397 7340 
CLU_3197 3118602190176 6284 
CLU_3197 3118602191059 5036 
CLU_3197 3118602191040 4859 
CLU_3197 3118602190451 8593 
CLU_3197 3118602190206 9071 
CLU_3197 3118602190524 10157 
CLU_3197 3118602190400 8417 
CLU_3197 3118602190966 10282 
CLU_3197 3118602190877 9071 
CLU_3197 3118602190826 14916 
CLU_3197 3118602190729 17807 
CLU_3197 3118602190656 17807 
CLU_3197 3118602190834 17529 
CLU_3197 3118602190710 17638 
CLU_3197 3118602190796 17847 
CLU_3197 3118602190648 18139 
CLU_3197 3118602190818 14468 
CLU_3197 3118602190885 9510 
CLU_3197 3118607053355 10282 
CLU_3197 3118602190192 3526 
CLU_3197 3118602190214 3042 
CLU_3197 3118602190680 3825 
CLU_3197 3118602190753 4061 
CLU_3197 3118602190141 4811 
CLU_3197 3118602220245 1502 
CLU_3197 3118602190788 2687 
CLU_3197 CLU_2943 3837 
CLU_3197 CLU_2961 6001 
CLU_3197 CLU_2970 7076 
CLU_3197 CLU_2971 7137 
CLU_3197 CLU_3051 6217 
CLU_3197 CLU_3055 7162 
CLU_3197 CLU_3060 7630 
CLU_3197 CLU_3084 9466 
CLU_3197 CLU_3086 16431 
CLU_3197 CLU_3087 17107 
CLU_3197 CLU_3098 16819 
CLU_3197 CLU_3108 13365 
CLU_3197 CLU_3114 13426 
CLU_3197 CLU_3121 706 
CLU_3197 CLU_3128 3290 
CLU_3197 CLU_3141 4008 
CLU_3197 CLU_3143 2963 
CLU_3197 CLU_3160 3350 
CLU_3197 CLU_3166 3341 
CLU_3197 CLU_3176 2871 
CLU_3197 CLU_3200 836 
CLU_3197 CLU_3214 1711 
CLU_3197 CLU_7923 10956 
CLU_3198 3118602190990 2511 
CLU_3198 3118602191229 2391 
CLU_3198 3118602190591 3241 
CLU_3198 3118602190567 5244 
CLU_3198 3118602190532 6195 
CLU_3198 3118602190494 6782 
CLU_3198 3118602190869 5990 
CLU_3198 3118602190605 6703 
CLU_3198 3118602190109 6030 
CLU_3198 3118607116306 8771 
CLU_3198 3118602190931 8448 
CLU_3198 3118602190923 9637 
CLU_3198 3118602190893 10728 
CLU_3198 3118602190486 8769 
CLU_3198 3118602190915 11098 
CLU_3198 3118602190222 9947 
CLU_3198 3118604696077 5911 
CLU_3198 3118602191024 6029 
CLU_3198 3118602190478 6362 
CLU_3198 3118602190389 6963 
CLU_3198 3118607110316 8512 
CLU_3198 3118602220261 5409 
CLU_3198 3118602190397 7148 
CLU_3198 3118602190176 6083 
CLU_3198 3118602191059 4838 
CLU_3198 3118602191040 4688 
CLU_3198 3118602190451 8426 
CLU_3198 3118602190206 8901 
CLU_3198 3118602190524 9987 
CLU_3198 3118602190400 8240 
CLU_3198 3118602190966 10101 
CLU_3198 3118602190877 8901 
CLU_3198 3118602190826 14715 
CLU_3198 3118602190729 17605 
CLU_3198 3118602190656 17605 
CLU_3198 3118602190834 17327 
CLU_3198 3118602190710 17438 
CLU_3198 3118602190796 17646 
CLU_3198 3118602190648 17938 
CLU_3198 3118602190818 14267 
CLU_3198 3118602190885 9313 
CLU_3198 3118607053355 10101 
CLU_3198 3118602190192 3680 
CLU_3198 3118602190214 3165 
CLU_3198 3118602190680 3872 
CLU_3198 3118602190753 3935 
CLU_3198 3118602190141 4809 
CLU_3198 3118602220245 1407 
CLU_3198 3118602190788 2511 
CLU_3198 CLU_2943 3715 
CLU_3198 CLU_2961 5866 
CLU_3198 CLU_2970 6950 
CLU_3198 CLU_2971 7022 
CLU_3198 CLU_3051 6029 
CLU_3198 CLU_3055 6961 
CLU_3198 CLU_3060 7429 
CLU_3198 CLU_3084 9288 
CLU_3198 CLU_3086 16229 
CLU_3198 CLU_3087 16905 
CLU_3198 CLU_3098 16618 
CLU_3198 CLU_3108 13177 
CLU_3198 CLU_3114 13228 
CLU_3198 CLU_3121 907 
CLU_3198 CLU_3128 3477 
CLU_3198 CLU_3141 4104 
CLU_3198 CLU_3143 3035 
CLU_3198 CLU_3160 3397 
CLU_3198 CLU_3166 3263 
CLU_3198 CLU_3176 2849 
CLU_3198 CLU_3200 668 
CLU_3198 CLU_3214 1648 
CLU_3198 CLU_7923 10763 
CLU_3199 3118602190990 2334 
CLU_3199 3118602191229 2271 
CLU_3199 3118602190591 3138 
CLU_3199 3118602190567 5181 
CLU_3199 3118602190532 6138 
CLU_3199 3118602190494 6764 
CLU_3199 3118602190869 5857 
CLU_3199 3118602190605 6533 
CLU_3199 3118602190109 5832 
CLU_3199 3118607116306 8709 
CLU_3199 3118602190931 8383 
CLU_3199 3118602190923 9525 
CLU_3199 3118602190893 10642 
CLU_3199 3118602190486 8644 
CLU_3199 3118602190915 10997 
CLU_3199 3118602190222 9868 
CLU_3199 3118604696077 5615 
CLU_3199 3118602191024 5724 
CLU_3199 3118602190478 6058 
CLU_3199 3118602190389 6659 
CLU_3199 3118607110316 8209 
CLU_3199 3118602220261 5108 
CLU_3199 3118602190397 6844 
CLU_3199 3118602190176 5808 
CLU_3199 3118602191059 4538 
CLU_3199 3118602191040 4389 
CLU_3199 3118602190451 8130 
CLU_3199 3118602190206 8604 
CLU_3199 3118602190524 9688 
CLU_3199 3118602190400 7938 
CLU_3199 3118602190966 9797 
CLU_3199 3118602190877 8604 
CLU_3199 3118602190826 14424 
CLU_3199 3118602190729 17327 
CLU_3199 3118602190656 17327 
CLU_3199 3118602190834 17046 
CLU_3199 3118602190710 17172 
CLU_3199 3118602190796 17375 
CLU_3199 3118602190648 17663 
CLU_3199 3118602190818 13980 
CLU_3199 3118602190885 9061 
CLU_3199 3118607053355 9797 
CLU_3199 3118602190192 3839 
CLU_3199 3118602190214 3271 
CLU_3199 3118602190680 3849 
CLU_3199 3118602190753 3678 
CLU_3199 3118602190141 4710 
CLU_3199 3118602220245 1208 
CLU_3199 3118602190788 2334 
CLU_3199 CLU_2943 3650 
CLU_3199 CLU_2961 5770 
CLU_3199 CLU_2970 6869 
CLU_3199 CLU_2971 6963 
CLU_3199 CLU_3051 5724 
CLU_3199 CLU_3055 6675 
CLU_3199 CLU_3060 7149 
CLU_3199 CLU_3084 8986 
CLU_3199 CLU_3086 15943 
CLU_3199 CLU_3087 16622 
CLU_3199 CLU_3098 16343 
CLU_3199 CLU_3108 12952 
CLU_3199 CLU_3114 12928 
CLU_3199 CLU_3121 1189 
CLU_3199 CLU_3128 3709 
CLU_3199 CLU_3141 4159 
CLU_3199 CLU_3143 3058 
CLU_3199 CLU_3160 3375 
CLU_3199 CLU_3166 3067 
CLU_3199 CLU_3176 2732 
CLU_3199 CLU_3200 388 
CLU_3199 CLU_3214 1709 
CLU_3199 CLU_7923 10525 
CLU_3200 3118602190990 2352 
CLU_3200 3118602191229 2374 
CLU_3200 3118602190591 3251 
CLU_3200 3118602190567 5328 
CLU_3200 3118602190532 6287 
CLU_3200 3118602190494 6956 
CLU_3200 3118602190869 5910 
CLU_3200 3118602190605 6530 
CLU_3200 3118602190109 5784 
CLU_3200 3118607116306 8847 
CLU_3200 3118602190931 8518 
CLU_3200 3118602190923 9599 
CLU_3200 3118602190893 10749 
CLU_3200 3118602190486 8701 
CLU_3200 3118602190915 11083 
CLU_3200 3118602190222 9984 
CLU_3200 3118604696077 5347 
CLU_3200 3118602191024 5394 
CLU_3200 3118602190478 5714 
CLU_3200 3118602190389 6314 
CLU_3200 3118607110316 7906 
CLU_3200 3118602220261 4816 
CLU_3200 3118602190397 6526 
CLU_3200 3118602190176 5604 
CLU_3200 3118602191059 4253 
CLU_3200 3118602191040 4023 
CLU_3200 3118602190451 7759 
CLU_3200 3118602190206 8235 
CLU_3200 3118602190524 9321 
CLU_3200 3118602190400 7581 
CLU_3200 3118602190966 9448 
CLU_3200 3118602190877 8235 
CLU_3200 3118602190826 14168 
CLU_3200 3118602190729 17106 
CLU_3200 3118602190656 17106 
CLU_3200 3118602190834 16817 
CLU_3200 3118602190710 16980 
CLU_3200 3118602190796 17170 
CLU_3200 3118602190648 17451 
CLU_3200 3118602190818 13734 
CLU_3200 3118602190885 8906 
CLU_3200 3118607053355 9448 
CLU_3200 3118602190192 3878 
CLU_3200 3118602190214 3241 
CLU_3200 3118602190680 3655 
CLU_3200 3118602190753 3290 
CLU_3200 3118602190141 4430 
CLU_3200 3118602220245 868 
CLU_3200 3118602190788 2352 
CLU_3200 CLU_2943 3804 
CLU_3200 CLU_2961 5872 
CLU_3200 CLU_2970 6987 
CLU_3200 CLU_2971 7108 
CLU_3200 CLU_3051 5394 
CLU_3200 CLU_3055 6438 
CLU_3200 CLU_3060 6930 
CLU_3200 CLU_3084 8630 
CLU_3200 CLU_3086 15700 
CLU_3200 CLU_3087 16386 
CLU_3200 CLU_3098 16132 
CLU_3200 CLU_3108 12847 
CLU_3200 CLU_3114 12637 
CLU_3200 CLU_3121 1471 
CLU_3200 CLU_3128 3862 
CLU_3200 CLU_3141 4055 
CLU_3200 CLU_3143 2926 
CLU_3200 CLU_3160 3187 
CLU_3200 CLU_3166 2709 
CLU_3200 CLU_3176 2447 
CLU_3200 CLU_3200 0 
CLU_3200 CLU_3214 2012 
CLU_3200 CLU_7923 10398 
CLU_3201 3118602190990 2218 
CLU_3201 3118602191229 2249 
CLU_3201 3118602190591 3126 
CLU_3201 3118602190567 5207 
CLU_3201 3118602190532 6166 
CLU_3201 3118602190494 6844 
CLU_3201 3118602190869 5777 
CLU_3201 3118602190605 6394 
CLU_3201 3118602190109 5648 
CLU_3201 3118607116306 8724 
CLU_3201 3118602190931 8394 
CLU_3201 3118602190923 9468 
CLU_3201 3118602190893 10621 
CLU_3201 3118602190486 8568 
CLU_3201 3118602190915 10953 
CLU_3201 3118602190222 9857 
CLU_3201 3118604696077 5243 
CLU_3201 3118602191024 5316 
CLU_3201 3118602190478 5645 
CLU_3201 3118602190389 6245 
CLU_3201 3118607110316 7815 
CLU_3201 3118602220261 4721 
CLU_3201 3118602190397 6442 
CLU_3201 3118602190176 5483 
CLU_3201 3118602191059 4155 
CLU_3201 3118602191040 3972 
CLU_3201 3118602190451 7713 
CLU_3201 3118602190206 8186 
CLU_3201 3118602190524 9271 
CLU_3201 3118602190400 7522 
CLU_3201 3118602190966 9382 
CLU_3201 3118602190877 8186 
CLU_3201 3118602190826 14061 
CLU_3201 3118602190729 16990 
CLU_3201 3118602190656 16990 
CLU_3201 3118602190834 16703 
CLU_3201 3118602190710 16858 
CLU_3201 3118602190796 17051 
CLU_3201 3118602190648 17333 
CLU_3201 3118602190818 13624 
CLU_3201 3118602190885 8778 
CLU_3201 3118607053355 9382 
CLU_3201 3118602190192 4013 
CLU_3201 3118602190214 3377 
CLU_3201 3118602190680 3773 
CLU_3201 3118602190753 3295 
CLU_3201 3118602190141 4523 
CLU_3201 3118602220245 946 
CLU_3201 3118602190788 2218 
CLU_3201 CLU_2943 3685 
CLU_3201 CLU_2961 5745 
CLU_3201 CLU_2970 6862 
CLU_3201 CLU_2971 6986 
CLU_3201 CLU_3051 5316 
CLU_3201 CLU_3055 6325 
CLU_3201 CLU_3060 6813 
CLU_3201 CLU_3084 8569 
CLU_3201 CLU_3086 15590 
CLU_3201 CLU_3087 16274 
CLU_3201 CLU_3098 16014 
CLU_3201 CLU_3108 12714 
CLU_3201 CLU_3114 12541 
CLU_3201 CLU_3121 1563 
CLU_3201 CLU_3128 3987 
CLU_3201 CLU_3141 4186 
CLU_3201 CLU_3143 3055 
CLU_3201 CLU_3160 3307 
CLU_3201 CLU_3166 2762 
CLU_3201 CLU_3176 2541 
CLU_3201 CLU_3200 135 
CLU_3201 CLU_3214 1942 
CLU_3201 CLU_7923 10267 
CLU_3202 3118602190990 1826 
CLU_3202 3118602191229 1897 
CLU_3202 3118602190591 2769 
CLU_3202 3118602190567 4861 
CLU_3202 3118602190532 5820 
CLU_3202 3118602190494 6526 
CLU_3202 3118602190869 5387 
CLU_3202 3118602190605 5991 
CLU_3202 3118602190109 5242 
CLU_3202 3118607116306 8368 
CLU_3202 3118602190931 8037 
CLU_3202 3118602190923 9082 
CLU_3202 3118602190893 10247 
CLU_3202 3118602190486 8177 
CLU_3202 3118602190915 10572 
CLU_3202 3118602190222 9489 
CLU_3202 3118604696077 4927 
CLU_3202 3118602191024 5080 
CLU_3202 3118602190478 5435 
CLU_3202 3118602190389 6036 
CLU_3202 3118607110316 7537 
CLU_3202 3118602220261 4431 
CLU_3202 3118602190397 6185 
CLU_3202 3118602190176 5119 
CLU_3202 3118602191059 3858 
CLU_3202 3118602191040 3825 
CLU_3202 3118602190451 7567 
CLU_3202 3118602190206 8031 
CLU_3202 3118602190524 9110 
CLU_3202 3118602190400 7339 
CLU_3202 3118602190966 9177 
CLU_3202 3118602190877 8031 
CLU_3202 3118602190826 13732 
CLU_3202 3118602190729 16635 
CLU_3202 3118602190656 16635 
CLU_3202 3118602190834 16354 
CLU_3202 3118602190710 16487 
CLU_3202 3118602190796 16686 
CLU_3202 3118602190648 16973 
CLU_3202 3118602190818 13287 
CLU_3202 3118602190885 8391 
CLU_3202 3118607053355 9177 
CLU_3202 3118602190192 4418 
CLU_3202 3118602190214 3781 
CLU_3202 3118602190680 4123 
CLU_3202 3118602190753 3321 
CLU_3202 3118602190141 4801 
CLU_3202 3118602220245 1229 
CLU_3202 3118602190788 1826 
CLU_3202 CLU_2943 3351 
CLU_3202 CLU_2961 5374 
CLU_3202 CLU_2970 6497 
CLU_3202 CLU_2971 6636 
CLU_3202 CLU_3051 5080 
CLU_3202 CLU_3055 5982 
CLU_3202 CLU_3060 6457 
CLU_3202 CLU_3084 8381 
CLU_3202 CLU_3086 15250 
CLU_3202 CLU_3087 15929 
CLU_3202 CLU_3098 15653 
CLU_3202 CLU_3108 12314 
CLU_3202 CLU_3114 12247 
CLU_3202 CLU_3121 1882 
CLU_3202 CLU_3128 4372 
CLU_3202 CLU_3141 4574 
CLU_3202 CLU_3143 3437 
CLU_3202 CLU_3160 3663 
CLU_3202 CLU_3166 2935 
CLU_3202 CLU_3176 2831 
CLU_3202 CLU_3200 541 
CLU_3202 CLU_3214 1799 
CLU_3202 CLU_7923 9871 
CLU_3203 3118602190990 1839 
CLU_3203 3118602191229 1898 
CLU_3203 3118602190591 2772 
CLU_3203 3118602190567 4861 
CLU_3203 3118602190532 5821 
CLU_3203 3118602190494 6521 
CLU_3203 3118602190869 5400 
CLU_3203 3118602190605 6010 
CLU_3203 3118602190109 5265 
CLU_3203 3118607116306 8371 
CLU_3203 3118602190931 8040 
CLU_3203 3118602190923 9093 
CLU_3203 3118602190893 10255 
CLU_3203 3118602190486 8190 
CLU_3203 3118602190915 10581 
CLU_3203 3118602190222 9495 
CLU_3203 3118604696077 4967 
CLU_3203 3118602191024 5123 
CLU_3203 3118602190478 5478 
CLU_3203 3118602190389 6078 
CLU_3203 3118607110316 7579 
CLU_3203 3118602220261 4473 
CLU_3203 3118602190397 6227 
CLU_3203 3118602190176 5155 
CLU_3203 3118602191059 3899 
CLU_3203 3118602191040 3866 
CLU_3203 3118602190451 7608 
CLU_3203 3118602190206 8073 
CLU_3203 3118602190524 9151 
CLU_3203 3118602190400 7380 
CLU_3203 3118602190966 9219 
CLU_3203 3118602190877 8073 
CLU_3203 3118602190826 13772 
CLU_3203 3118602190729 16673 
CLU_3203 3118602190656 16673 
CLU_3203 3118602190834 16392 
CLU_3203 3118602190710 16523 
CLU_3203 3118602190796 16723 
CLU_3203 3118602190648 17010 
CLU_3203 3118602190818 13326 
CLU_3203 3118602190885 8424 
CLU_3203 3118607053355 9219 
CLU_3203 3118602190192 4394 
CLU_3203 3118602190214 3761 
CLU_3203 3118602190680 4120 
CLU_3203 3118602190753 3353 
CLU_3203 3118602190141 4810 
CLU_3203 3118602220245 1233 
CLU_3203 3118602190788 1839 
CLU_3203 CLU_2943 3349 
CLU_3203 CLU_2961 5381 
CLU_3203 CLU_2970 6502 
CLU_3203 CLU_2971 6637 
CLU_3203 CLU_3051 5123 
CLU_3203 CLU_3055 6021 
CLU_3203 CLU_3060 6495 
CLU_3203 CLU_3084 8423 
CLU_3203 CLU_3086 15289 
CLU_3203 CLU_3087 15967 
CLU_3203 CLU_3098 15691 
CLU_3203 CLU_3108 12343 
CLU_3203 CLU_3114 12288 
CLU_3203 CLU_3121 1843 
CLU_3203 CLU_3128 4339 
CLU_3203 CLU_3141 4562 
CLU_3203 CLU_3143 3426 
CLU_3203 CLU_3160 3659 
CLU_3203 CLU_3166 2955 
CLU_3203 CLU_3176 2837 
CLU_3203 CLU_3200 520 
CLU_3203 CLU_3214 1771 
CLU_3203 CLU_7923 9902 
CLU_3204 3118602190990 2305 
CLU_3204 3118602191229 2489 
CLU_3204 3118602190591 3336 
CLU_3204 3118602190567 5431 
CLU_3204 3118602190532 6385 
CLU_3204 3118602190494 7138 
CLU_3204 3118602190869 5820 
CLU_3204 3118602190605 6325 
CLU_3204 3118602190109 5502 
CLU_3204 3118607116306 8904 
CLU_3204 3118602190931 8570 
CLU_3204 3118602190923 9522 
CLU_3204 3118602190893 10732 
CLU_3204 3118602190486 8595 
CLU_3204 3118602190915 11025 
CLU_3204 3118602190222 9989 
CLU_3204 3118604696077 4693 
CLU_3204 3118602191024 4661 
CLU_3204 3118602190478 4969 
CLU_3204 3118602190389 5567 
CLU_3204 3118607110316 7199 
CLU_3204 3118602220261 4130 
CLU_3204 3118602190397 5803 
CLU_3204 3118602190176 5047 
CLU_3204 3118602191059 3580 
CLU_3204 3118602191040 3269 
CLU_3204 3118602190451 7006 
CLU_3204 3118602190206 7481 
CLU_3204 3118602190524 8567 
CLU_3204 3118602190400 6828 
CLU_3204 3118602190966 8699 
CLU_3204 3118602190877 7481 
CLU_3204 3118602190826 13514 
CLU_3204 3118602190729 16498 
CLU_3204 3118602190656 16498 
CLU_3204 3118602190834 16199 
CLU_3204 3118602190710 16415 
CLU_3204 3118602190796 16587 
CLU_3204 3118602190648 16856 
CLU_3204 3118602190818 13095 
CLU_3204 3118602190885 8415 
CLU_3204 3118607053355 8699 
CLU_3204 3118602190192 4292 
CLU_3204 3118602190214 3562 
CLU_3204 3118602190680 3638 
CLU_3204 3118602190753 2617 
CLU_3204 3118602190141 4177 
CLU_3204 3118602220245 751 
CLU_3204 3118602190788 2305 
CLU_3204 CLU_2943 3953 
CLU_3204 CLU_2961 5881 
CLU_3204 CLU_2970 7017 
CLU_3204 CLU_2971 7190 
CLU_3204 CLU_3051 4661 
CLU_3204 CLU_3055 5824 
CLU_3204 CLU_3060 6342 
CLU_3204 CLU_3084 7878 
CLU_3204 CLU_3086 15064 
CLU_3204 CLU_3087 15760 
CLU_3204 CLU_3098 15539 
CLU_3204 CLU_3108 12430 
CLU_3204 CLU_3114 11940 
CLU_3204 CLU_3121 2201 
CLU_3204 CLU_3128 4436 
CLU_3204 CLU_3141 4219 
CLU_3204 CLU_3143 3071 
CLU_3204 CLU_3160 3201 
CLU_3204 CLU_3166 2236 
CLU_3204 CLU_3176 2246 
CLU_3204 CLU_3200 754 
CLU_3204 CLU_3214 2517 
CLU_3204 CLU_7923 9947 
CLU_3205 3118602190990 1741 
CLU_3205 3118602191229 1949 
CLU_3205 3118602190591 2783 
CLU_3205 3118602190567 4875 
CLU_3205 3118602190532 5827 
CLU_3205 3118602190494 6592 
CLU_3205 3118602190869 5257 
CLU_3205 3118602190605 5780 
CLU_3205 3118602190109 4977 
CLU_3205 3118607116306 8341 
CLU_3205 3118602190931 8006 
CLU_3205 3118602190923 8960 
CLU_3205 3118602190893 10166 
CLU_3205 3118602190486 8035 
CLU_3205 3118602190915 10462 
CLU_3205 3118602190222 9424 
CLU_3205 3118604696077 4439 
CLU_3205 3118602191024 4572 
CLU_3205 3118602190478 4930 
CLU_3205 3118602190389 5530 
CLU_3205 3118607110316 7034 
CLU_3205 3118602220261 3931 
CLU_3205 3118602190397 5678 
CLU_3205 3118602190176 4680 
CLU_3205 3118602191059 3360 
CLU_3205 3118602191040 3339 
CLU_3205 3118602190451 7076 
CLU_3205 3118602190206 7538 
CLU_3205 3118602190524 8614 
CLU_3205 3118602190400 6837 
CLU_3205 3118602190966 8671 
CLU_3205 3118602190877 7538 
CLU_3205 3118602190826 13254 
CLU_3205 3118602190729 16182 
CLU_3205 3118602190656 16182 
CLU_3205 3118602190834 15894 
CLU_3205 3118602190710 16056 
CLU_3205 3118602190796 16245 
CLU_3205 3118602190648 16526 
CLU_3205 3118602190818 12815 
CLU_3205 3118602190885 7997 
CLU_3205 3118607053355 8671 
CLU_3205 3118602190192 4740 
CLU_3205 3118602190214 4048 
CLU_3205 3118602190680 4200 
CLU_3205 3118602190753 2960 
CLU_3205 3118602190141 4731 
CLU_3205 3118602220245 1293 
CLU_3205 3118602190788 1741 
CLU_3205 CLU_2943 3408 
CLU_3205 CLU_2961 5316 
CLU_3205 CLU_2970 6452 
CLU_3205 CLU_2971 6629 
CLU_3205 CLU_3051 4572 
CLU_3205 CLU_3055 5516 
CLU_3205 CLU_3060 6005 
CLU_3205 CLU_3084 7878 
CLU_3205 CLU_3086 14781 
CLU_3205 CLU_3087 15465 
CLU_3205 CLU_3098 15207 
CLU_3205 CLU_3108 11968 
CLU_3205 CLU_3114 11750 
CLU_3205 CLU_3121 2361 
CLU_3205 CLU_3128 4782 
CLU_3205 CLU_3141 4754 
CLU_3205 CLU_3143 3606 
CLU_3205 CLU_3160 3759 
CLU_3205 CLU_3166 2743 
CLU_3205 CLU_3176 2811 
CLU_3205 CLU_3200 924 
CLU_3205 CLU_3214 2167 
CLU_3205 CLU_7923 9503 
CLU_3206 3118602190990 2899 
CLU_3206 3118602191229 2782 
CLU_3206 3118602190591 3630 
CLU_3206 3118602190567 5623 
CLU_3206 3118602190532 6571 
CLU_3206 3118602190494 7141 
CLU_3206 3118602190869 6382 
CLU_3206 3118602190605 7093 
CLU_3206 3118602190109 6414 
CLU_3206 3118607116306 9147 
CLU_3206 3118602190931 8826 
CLU_3206 3118602190923 10026 
CLU_3206 3118602190893 11112 
CLU_3206 3118602190486 9160 
CLU_3206 3118602190915 11485 
CLU_3206 3118602190222 10329 
CLU_3206 3118604696077 6185 
CLU_3206 3118602191024 6232 
CLU_3206 3118602190478 6542 
CLU_3206 3118602190389 7141 
CLU_3206 3118607110316 8750 
CLU_3206 3118602220261 5660 
CLU_3206 3118602190397 7367 
CLU_3206 3118602190176 6405 
CLU_3206 3118602191059 5095 
CLU_3206 3118602191040 4824 
CLU_3206 3118602190451 8545 
CLU_3206 3118602190206 9026 
CLU_3206 3118602190524 10115 
CLU_3206 3118602190400 8392 
CLU_3206 3118602190966 10270 
CLU_3206 3118602190877 9026 
CLU_3206 3118602190826 15002 
CLU_3206 3118602190729 17920 
CLU_3206 3118602190656 17920 
CLU_3206 3118602190834 17637 
CLU_3206 3118602190710 17772 
CLU_3206 3118602190796 17973 
CLU_3206 3118602190648 18260 
CLU_3206 3118602190818 14563 
CLU_3206 3118602190885 9664 
CLU_3206 3118607053355 10270 
CLU_3206 3118602190192 3288 
CLU_3206 3118602190214 2782 
CLU_3206 3118602190680 3562 
CLU_3206 3118602190753 3942 
CLU_3206 3118602190141 4568 
CLU_3206 3118602220245 1360 
CLU_3206 3118602190788 2899 
CLU_3206 CLU_2943 4095 
CLU_3206 CLU_2961 6253 
CLU_3206 CLU_2970 7333 
CLU_3206 CLU_2971 7398 
CLU_3206 CLU_3051 6232 
CLU_3206 CLU_3055 7261 
CLU_3206 CLU_3060 7742 
CLU_3206 CLU_3084 9443 
CLU_3206 CLU_3086 16528 
CLU_3206 CLU_3087 17210 
CLU_3206 CLU_3098 16940 
CLU_3206 CLU_3108 13549 
CLU_3206 CLU_3114 13480 
CLU_3206 CLU_3121 628 
CLU_3206 CLU_3128 3108 
CLU_3206 CLU_3141 3741 
CLU_3206 CLU_3143 2695 
CLU_3206 CLU_3160 3087 
CLU_3206 CLU_3166 3162 
CLU_3206 CLU_3176 2643 
CLU_3206 CLU_3200 843 
CLU_3206 CLU_3214 1979 
CLU_3206 CLU_7923 11126 
CLU_3207 3118602190990 1774 
CLU_3207 3118602191229 1897 
CLU_3207 3118602190591 2759 
CLU_3207 3118602190567 4856 
CLU_3207 3118602190532 5813 
CLU_3207 3118602190494 6542 
CLU_3207 3118602190869 5329 
CLU_3207 3118602190605 5903 
CLU_3207 3118602190109 5134 
CLU_3207 3118607116306 8350 
CLU_3207 3118602190931 8018 
CLU_3207 3118602190923 9029 
CLU_3207 3118602190893 10210 
CLU_3207 3118602190486 8117 
CLU_3207 3118602190915 10524 
CLU_3207 3118602190222 9457 
CLU_3207 3118604696077 4741 
CLU_3207 3118602191024 4888 
CLU_3207 3118602190478 5244 
CLU_3207 3118602190389 5845 
CLU_3207 3118607110316 7346 
CLU_3207 3118602220261 4241 
CLU_3207 3118602190397 5993 
CLU_3207 3118602190176 4949 
CLU_3207 3118602191059 3669 
CLU_3207 3118602191040 3641 
CLU_3207 3118602190451 7382 
CLU_3207 3118602190206 7845 
CLU_3207 3118602190524 8923 
CLU_3207 3118602190400 7149 
CLU_3207 3118602190966 8986 
CLU_3207 3118602190877 7845 
CLU_3207 3118602190826 13550 
CLU_3207 3118602190729 16462 
CLU_3207 3118602190656 16462 
CLU_3207 3118602190834 16178 
CLU_3207 3118602190710 16322 
CLU_3207 3118602190796 16517 
CLU_3207 3118602190648 16802 
CLU_3207 3118602190818 13107 
CLU_3207 3118602190885 8238 
CLU_3207 3118607053355 8986 
CLU_3207 3118602190192 4539 
CLU_3207 3118602190214 3879 
CLU_3207 3118602190680 4149 
CLU_3207 3118602190753 3183 
CLU_3207 3118602190141 4772 
CLU_3207 3118602220245 1233 
CLU_3207 3118602190788 1774 
CLU_3207 CLU_2943 3360 
CLU_3207 CLU_2961 5343 
CLU_3207 CLU_2970 6471 
CLU_3207 CLU_2971 6625 
CLU_3207 CLU_3051 4888 
CLU_3207 CLU_3055 5803 
CLU_3207 CLU_3060 6283 
CLU_3207 CLU_3084 8191 
CLU_3207 CLU_3086 15071 
CLU_3207 CLU_3087 15751 
CLU_3207 CLU_3098 15482 
CLU_3207 CLU_3108 12179 
CLU_3207 CLU_3114 12058 
CLU_3207 CLU_3121 2063 
CLU_3207 CLU_3128 4527 
CLU_3207 CLU_3141 4640 
CLU_3207 CLU_3143 3497 
CLU_3207 CLU_3160 3695 
CLU_3207 CLU_3166 2857 
CLU_3207 CLU_3176 2816 
CLU_3207 CLU_3200 669 
CLU_3207 CLU_3214 1928 
CLU_3207 CLU_7923 9728 
CLU_3208 3118602190990 1191 
CLU_3208 3118602191229 1240 
CLU_3208 3118602190591 2111 
CLU_3208 3118602190567 4204 
CLU_3208 3118602190532 5162 
CLU_3208 3118602190494 5879 
CLU_3208 3118602190869 4746 
CLU_3208 3118602190605 5384 
CLU_3208 3118602190109 4674 
CLU_3208 3118607116306 7709 
CLU_3208 3118602190931 7378 
CLU_3208 3118602190923 8435 
CLU_3208 3118602190893 9592 
CLU_3208 3118602190486 7536 
CLU_3208 3118602190915 9921 
CLU_3208 3118602190222 8831 
CLU_3208 3118604696077 4734 
CLU_3208 3118602191024 5068 
CLU_3208 3118602190478 5472 
CLU_3208 3118602190389 6066 
CLU_3208 3118607110316 7414 
CLU_3208 3118602220261 4311 
CLU_3208 3118602190397 6119 
CLU_3208 3118602190176 4781 
CLU_3208 3118602191059 3731 
CLU_3208 3118602191040 3998 
CLU_3208 3118602190451 7701 
CLU_3208 3118602190206 8148 
CLU_3208 3118602190524 9211 
CLU_3208 3118602190400 7409 
CLU_3208 3118602190966 9196 
CLU_3208 3118602190877 8148 
CLU_3208 3118602190826 13471 
CLU_3208 3118602190729 16300 
CLU_3208 3118602190656 16300 
CLU_3208 3118602190834 16033 
CLU_3208 3118602190710 16101 
CLU_3208 3118602190796 16322 
CLU_3208 3118602190648 16622 
CLU_3208 3118602190818 13003 
CLU_3208 3118602190885 7955 
CLU_3208 3118607053355 9196 
CLU_3208 3118602190192 4992 
CLU_3208 3118602190214 4393 
CLU_3208 3118602190680 4782 
CLU_3208 3118602190753 3748 
CLU_3208 3118602190141 5436 
CLU_3208 3118602220245 1881 
CLU_3208 3118602190788 1191 
CLU_3208 CLU_2943 2699 
CLU_3208 CLU_2961 4717 
CLU_3208 CLU_2970 5839 
CLU_3208 CLU_2971 5978 
CLU_3208 CLU_3051 5068 
CLU_3208 CLU_3055 5705 
CLU_3208 CLU_3060 6140 
CLU_3208 CLU_3084 8435 
CLU_3208 CLU_3086 14959 
CLU_3208 CLU_3087 15621 
CLU_3208 CLU_3098 15302 
CLU_3208 CLU_3108 11806 
CLU_3208 CLU_3114 12072 
CLU_3208 CLU_3121 2257 
CLU_3208 CLU_3128 4847 
CLU_3208 CLU_3141 5219 
CLU_3208 CLU_3143 4087 
CLU_3208 CLU_3160 4322 
CLU_3208 CLU_3166 3510 
CLU_3208 CLU_3176 3476 
CLU_3208 CLU_3200 1164 
CLU_3208 CLU_3214 1427 
CLU_3208 CLU_7923 9394 
CLU_3209 3118602190990 1779 
CLU_3209 3118602191229 1620 
CLU_3209 3118602190591 2467 
CLU_3209 3118602190567 4482 
CLU_3209 3118602190532 5436 
CLU_3209 3118602190494 6051 
CLU_3209 3118602190869 5220 
CLU_3209 3118602190605 5949 
CLU_3209 3118602190109 5306 
CLU_3209 3118607116306 8010 
CLU_3209 3118602190931 7686 
CLU_3209 3118602190923 8864 
CLU_3209 3118602190893 9959 
CLU_3209 3118602190486 7997 
CLU_3209 3118602190915 10326 
CLU_3209 3118602190222 9180 
CLU_3209 3118604696077 5487 
CLU_3209 3118602191024 5771 
CLU_3209 3118602190478 6154 
CLU_3209 3118602190389 6752 
CLU_3209 3118607110316 8156 
CLU_3209 3118602220261 5049 
CLU_3209 3118602190397 6843 
CLU_3209 3118602190176 5537 
CLU_3209 3118602191059 4469 
CLU_3209 3118602191040 4598 
CLU_3209 3118602190451 8332 
CLU_3209 3118602190206 8790 
CLU_3209 3118602190524 9863 
CLU_3209 3118602190400 8076 
CLU_3209 3118602190966 9890 
CLU_3209 3118602190877 8790 
CLU_3209 3118602190826 14231 
CLU_3209 3118602190729 17052 
CLU_3209 3118602190656 17052 
CLU_3209 3118602190834 16788 
CLU_3209 3118602190710 16840 
CLU_3209 3118602190796 17067 
CLU_3209 3118602190648 17371 
CLU_3209 3118602190818 13762 
CLU_3209 3118602190885 8678 
CLU_3209 3118607053355 9890 
CLU_3209 3118602190192 4448 
CLU_3209 3118602190214 3936 
CLU_3209 3118602190680 4562 
CLU_3209 3118602190753 4121 
CLU_3209 3118602190141 5397 
CLU_3209 3118602220245 1839 
CLU_3209 3118602190788 1779 
CLU_3209 CLU_2943 2951 
CLU_3209 CLU_2961 5094 
CLU_3209 CLU_2970 6181 
CLU_3209 CLU_2971 6263 
CLU_3209 CLU_3051 5771 
CLU_3209 CLU_3055 6465 
CLU_3209 CLU_3060 6897 
CLU_3209 CLU_3084 9111 
CLU_3209 CLU_3086 15717 
CLU_3209 CLU_3087 16377 
CLU_3209 CLU_3098 16051 
CLU_3209 CLU_3108 12481 
CLU_3209 CLU_3114 12826 
CLU_3209 CLU_3121 1570 
CLU_3209 CLU_3128 4190 
CLU_3209 CLU_3141 4857 
CLU_3209 CLU_3143 3766 
CLU_3209 CLU_3160 4089 
CLU_3209 CLU_3166 3658 
CLU_3209 CLU_3176 3414 
CLU_3209 CLU_3200 972 
CLU_3209 CLU_3214 1043 
CLU_3209 CLU_7923 10094 
CLU_3210 3118602190990 1427 
CLU_3210 3118602191229 1155 
CLU_3210 3118602190591 1963 
CLU_3210 3118602190567 3947 
CLU_3210 3118602190532 4899 
CLU_3210 3118602190494 5508 
CLU_3210 3118602190869 4734 
CLU_3210 3118602190605 5505 
CLU_3210 3118602190109 4914 
CLU_3210 3118607116306 7474 
CLU_3210 3118602190931 7152 
CLU_3210 3118602190923 8354 
CLU_3210 3118602190893 9433 
CLU_3210 3118602190486 7498 
CLU_3210 3118602190915 9808 
CLU_3210 3118602190222 8650 
CLU_3210 3118604696077 5419 
CLU_3210 3118602191024 5835 
CLU_3210 3118602190478 6250 
CLU_3210 3118602190389 6842 
CLU_3210 3118607110316 8125 
CLU_3210 3118602220261 5040 
CLU_3210 3118602190397 6862 
CLU_3210 3118602190176 5356 
CLU_3210 3118602191059 4460 
CLU_3210 3118602191040 4793 
CLU_3210 3118602190451 8493 
CLU_3210 3118602190206 8938 
CLU_3210 3118602190524 9998 
CLU_3210 3118602190400 8192 
CLU_3210 3118602190966 9964 
CLU_3210 3118602190877 8938 
CLU_3210 3118602190826 14076 
CLU_3210 3118602190729 16831 
CLU_3210 3118602190656 16831 
CLU_3210 3118602190834 16580 
CLU_3210 3118602190710 16576 
CLU_3210 3118602190796 16821 
CLU_3210 3118602190648 17136 
CLU_3210 3118602190818 13590 
CLU_3210 3118602190885 8389 
CLU_3210 3118607053355 9964 
CLU_3210 3118602190192 4944 
CLU_3210 3118602190214 4461 
CLU_3210 3118602190680 5104 
CLU_3210 3118602190753 4483 
CLU_3210 3118602190141 5916 
CLU_3210 3118602220245 2341 
CLU_3210 3118602190788 1427 
CLU_3210 CLU_2943 2418 
CLU_3210 CLU_2961 4576 
CLU_3210 CLU_2970 5654 
CLU_3210 CLU_2971 5726 
CLU_3210 CLU_3051 5835 
CLU_3210 CLU_3055 6324 
CLU_3210 CLU_3060 6720 
CLU_3210 CLU_3084 9213 
CLU_3210 CLU_3086 15534 
CLU_3210 CLU_3087 16181 
CLU_3210 CLU_3098 15817 
CLU_3210 CLU_3108 12115 
CLU_3210 CLU_3114 12743 
CLU_3210 CLU_3121 2004 
CLU_3210 CLU_3128 4616 
CLU_3210 CLU_3141 5395 
CLU_3210 CLU_3143 4309 
CLU_3210 CLU_3160 4631 
CLU_3210 CLU_3166 4120 
CLU_3210 CLU_3176 3933 
CLU_3210 CLU_3200 1486 
CLU_3210 CLU_3214 637 
CLU_3210 CLU_7923 9762 
CLU_3211 3118602190990 1080 
CLU_3211 3118602191229 913 
CLU_3211 3118602190591 1779 
CLU_3211 3118602190567 3836 
CLU_3211 3118602190532 4795 
CLU_3211 3118602190494 5465 
CLU_3211 3118602190869 4511 
CLU_3211 3118602190605 5233 
CLU_3211 3118602190109 4599 
CLU_3211 3118607116306 7360 
CLU_3211 3118602190931 7033 
CLU_3211 3118602190923 8168 
CLU_3211 3118602190893 9283 
CLU_3211 3118602190486 7292 
CLU_3211 3118602190915 9637 
CLU_3211 3118602190222 8511 
CLU_3211 3118604696077 5028 
CLU_3211 3118602191024 5462 
CLU_3211 3118602190478 5886 
CLU_3211 3118602190389 6475 
CLU_3211 3118607110316 7736 
CLU_3211 3118602220261 4654 
CLU_3211 3118602190397 6480 
CLU_3211 3118602190176 4967 
CLU_3211 3118602191059 4076 
CLU_3211 3118602191040 4468 
CLU_3211 3118602190451 8148 
CLU_3211 3118602190206 8588 
CLU_3211 3118602190524 9642 
CLU_3211 3118602190400 7831 
CLU_3211 3118602190966 9592 
CLU_3211 3118602190877 8588 
CLU_3211 3118602190826 13686 
CLU_3211 3118602190729 16451 
CLU_3211 3118602190656 16451 
CLU_3211 3118602190834 16198 
CLU_3211 3118602190710 16206 
CLU_3211 3118602190796 16447 
CLU_3211 3118602190648 16759 
CLU_3211 3118602190818 13202 
CLU_3211 3118602190885 8026 
CLU_3211 3118607053355 9592 
CLU_3211 3118602190192 5160 
CLU_3211 3118602190214 4626 
CLU_3211 3118602190680 5150 
CLU_3211 3118602190753 4259 
CLU_3211 3118602190141 5877 
CLU_3211 3118602220245 2298 
CLU_3211 3118602190788 1080 
CLU_3211 CLU_2943 2310 
CLU_3211 CLU_2961 4410 
CLU_3211 CLU_2970 5512 
CLU_3211 CLU_2971 5618 
CLU_3211 CLU_3051 5462 
CLU_3211 CLU_3055 5932 
CLU_3211 CLU_3060 6332 
CLU_3211 CLU_3084 8847 
CLU_3211 CLU_3086 15147 
CLU_3211 CLU_3087 15796 
CLU_3211 CLU_3098 15440 
CLU_3211 CLU_3108 11787 
CLU_3211 CLU_3114 12350 
CLU_3211 CLU_3121 2279 
CLU_3211 CLU_3128 4901 
CLU_3211 CLU_3141 5514 
CLU_3211 CLU_3143 4402 
CLU_3211 CLU_3160 4682 
CLU_3211 CLU_3166 3995 
CLU_3211 CLU_3176 3903 
CLU_3211 CLU_3200 1495 
CLU_3211 CLU_3214 963 
CLU_3211 CLU_7923 9416 
CLU_3212 3118602190990 959 
CLU_3212 3118602191229 445 
CLU_3212 3118602190591 816 
CLU_3212 3118602190567 2771 
CLU_3212 3118602190532 3727 
CLU_3212 3118602190494 4382 
CLU_3212 3118602190869 3588 
CLU_3212 3118602190605 4425 
CLU_3212 3118602190109 3940 
CLU_3212 3118607116306 6299 
CLU_3212 3118602190931 5975 
CLU_3212 3118602190923 7178 
CLU_3212 3118602190893 8250 
CLU_3212 3118602190486 6332 
CLU_3212 3118602190915 8627 
CLU_3212 3118602190222 7469 
CLU_3212 3118604696077 5140 
CLU_3212 3118602191024 5827 
CLU_3212 3118602190478 6302 
CLU_3212 3118602190389 6866 
CLU_3212 3118607110316 7865 
CLU_3212 3118602220261 4902 
CLU_3212 3118602190397 6730 
CLU_3212 3118602190176 4827 
CLU_3212 3118602191059 4352 
CLU_3212 3118602191040 5106 
CLU_3212 3118602190451 8647 
CLU_3212 3118602190206 9056 
CLU_3212 3118602190524 10076 
CLU_3212 3118602190400 8247 
CLU_3212 3118602190966 9908 
CLU_3212 3118602190877 9056 
CLU_3212 3118602190826 13504 
CLU_3212 3118602190729 16119 
CLU_3212 3118602190656 16119 
CLU_3212 3118602190834 15894 
CLU_3212 3118602190710 15780 
CLU_3212 3118602190796 16059 
CLU_3212 3118602190648 16395 
CLU_3212 3118602190818 12984 
CLU_3212 3118602190885 7579 
CLU_3212 3118607053355 9908 
CLU_3212 3118602190192 6119 
CLU_3212 3118602190214 5643 
CLU_3212 3118602190680 6230 
CLU_3212 3118602190753 5160 
CLU_3212 3118602190141 6949 
CLU_3212 3118602220245 3376 
CLU_3212 3118602190788 959 
CLU_3212 CLU_2943 1240 
CLU_3212 CLU_2961 3396 
CLU_3212 CLU_2970 4471 
CLU_3212 CLU_2971 4552 
CLU_3212 CLU_3051 5827 
CLU_3212 CLU_3055 5858 
CLU_3212 CLU_3060 6168 
CLU_3212 CLU_3084 9224 
CLU_3212 CLU_3086 14901 
CLU_3212 CLU_3087 15517 
CLU_3212 CLU_3098 15083 
CLU_3212 CLU_3108 11142 
CLU_3212 CLU_3114 12327 
CLU_3212 CLU_3121 3155 
CLU_3212 CLU_3128 5738 
CLU_3212 CLU_3141 6567 
CLU_3212 CLU_3143 5468 
CLU_3212 CLU_3160 5761 
CLU_3212 CLU_3166 5023 
CLU_3212 CLU_3176 4980 
CLU_3212 CLU_3200 2576 
CLU_3212 CLU_3214 1151 
CLU_3212 CLU_7923 8860 
CLU_3213 3118602190990 1082 
CLU_3213 3118602191229 673 
CLU_3213 3118602190591 1412 
CLU_3213 3118602190567 3387 
CLU_3213 3118602190532 4340 
CLU_3213 3118602190494 4967 
CLU_3213 3118602190869 4188 
CLU_3213 3118602190605 4989 
CLU_3213 3118602190109 4443 
CLU_3213 3118607116306 6914 
CLU_3213 3118602190931 6591 
CLU_3213 3118602190923 7795 
CLU_3213 3118602190893 8870 
CLU_3213 3118602190486 6944 
CLU_3213 3118602190915 9247 
CLU_3213 3118602190222 8088 
CLU_3213 3118604696077 5263 
CLU_3213 3118602191024 5809 
CLU_3213 3118602190478 6255 
CLU_3213 3118602190389 6836 
CLU_3213 3118607110316 7989 
CLU_3213 3118602220261 4948 
CLU_3213 3118602190397 6782 
CLU_3213 3118602190176 5084 
CLU_3213 3118602191059 4377 
CLU_3213 3118602191040 4917 
CLU_3213 3118602190451 8554 
CLU_3213 3118602190206 8983 
CLU_3213 3118602190524 10026 
CLU_3213 3118602190400 8205 
CLU_3213 3118602190966 9928 
CLU_3213 3118602190877 8983 
CLU_3213 3118602190826 13801 
CLU_3213 3118602190729 16492 
CLU_3213 3118602190656 16492 
CLU_3213 3118602190834 16253 
CLU_3213 3118602190710 16197 
CLU_3213 3118602190796 16459 
CLU_3213 3118602190648 16783 
CLU_3213 3118602190818 13299 
CLU_3213 3118602190885 7998 
CLU_3213 3118607053355 9928 
CLU_3213 3118602190192 5501 
CLU_3213 3118602190214 5023 
CLU_3213 3118602190680 5639 
CLU_3213 3118602190753 4787 
CLU_3213 3118602190141 6405 
CLU_3213 3118602220245 2822 
CLU_3213 3118602190788 1082 
CLU_3213 CLU_2943 1856 
CLU_3213 CLU_2961 4015 
CLU_3213 CLU_2970 5091 
CLU_3213 CLU_2971 5167 
CLU_3213 CLU_3051 5809 
CLU_3213 CLU_3055 6086 
CLU_3213 CLU_3060 6444 
CLU_3213 CLU_3084 9207 
CLU_3213 CLU_3086 15232 
CLU_3213 CLU_3087 15864 
CLU_3213 CLU_3098 15468 
CLU_3213 CLU_3108 11652 
CLU_3213 CLU_3114 12540 
CLU_3213 CLU_3121 2546 
CLU_3213 CLU_3128 5144 
CLU_3213 CLU_3141 5953 
CLU_3213 CLU_3143 4860 
CLU_3213 CLU_3160 5168 
CLU_3213 CLU_3166 4538 
CLU_3213 CLU_3176 4426 
CLU_3213 CLU_3200 1994 
CLU_3213 CLU_3214 696 
CLU_3213 CLU_7923 9331 
CLU_3214 3118602190990 1778 
CLU_3214 3118602191229 1352 
CLU_3214 3118602190591 1961 
CLU_3214 3118602190567 3739 
CLU_3214 3118602190532 4665 
CLU_3214 3118602190494 5176 
CLU_3214 3118602190869 4709 
CLU_3214 3118602190605 5573 
CLU_3214 3118602190109 5084 
CLU_3214 3118607116306 7235 
CLU_3214 3118602190931 6921 
CLU_3214 3118602190923 8232 
CLU_3214 3118602190893 9242 
CLU_3214 3118602190486 7417 
CLU_3214 3118602190915 9652 
CLU_3214 3118602190222 8446 
CLU_3214 3118604696077 5933 
CLU_3214 3118602191024 6419 
CLU_3214 3118602190478 6847 
CLU_3214 3118602190389 7436 
CLU_3214 3118607110316 8653 
CLU_3214 3118602220261 5591 
CLU_3214 3118602190397 7422 
CLU_3214 3118602190176 5779 
CLU_3214 3118602191059 5016 
CLU_3214 3118602191040 5422 
CLU_3214 3118602190451 9111 
CLU_3214 3118602190206 9551 
CLU_3214 3118602190524 10606 
CLU_3214 3118602190400 8794 
CLU_3214 3118602190966 10547 
CLU_3214 3118602190877 9551 
CLU_3214 3118602190826 14498 
CLU_3214 3118602190729 17185 
CLU_3214 3118602190656 17185 
CLU_3214 3118602190834 16948 
CLU_3214 3118602190710 16881 
CLU_3214 3118602190796 17147 
CLU_3214 3118602190648 17474 
CLU_3214 3118602190818 13995 
CLU_3214 3118602190885 8680 
CLU_3214 3118607053355 10547 
CLU_3214 3118602190192 5107 
CLU_3214 3118602190214 4718 
CLU_3214 3118602190680 5520 
CLU_3214 3118602190753 5111 
CLU_3214 3118602190141 6420 
CLU_3214 3118602220245 2880 
CLU_3214 3118602190788 1778 
CLU_3214 CLU_2943 2255 
CLU_3214 CLU_2961 4449 
CLU_3214 CLU_2970 5473 
CLU_3214 CLU_2971 5490 
CLU_3214 CLU_3051 6419 
CLU_3214 CLU_3055 6777 
CLU_3214 CLU_3060 7140 
CLU_3214 CLU_3084 9808 
CLU_3214 CLU_3086 15928 
CLU_3214 CLU_3087 16560 
CLU_3214 CLU_3098 16159 
CLU_3214 CLU_3108 12290 
CLU_3214 CLU_3114 13226 
CLU_3214 CLU_3121 2124 
CLU_3214 CLU_3128 4637 
CLU_3214 CLU_3141 5713 
CLU_3214 CLU_3143 4673 
CLU_3214 CLU_3160 5045 
CLU_3214 CLU_3166 4700 
CLU_3214 CLU_3176 4441 
CLU_3214 CLU_3200 2012 
CLU_3214 CLU_3214 0 
CLU_3214 CLU_7923 9993 
CLU_3215 3118602190990 1697 
CLU_3215 3118602191229 1355 
CLU_3215 3118602190591 2087 
CLU_3215 3118602190567 3981 
CLU_3215 3118602190532 4921 
CLU_3215 3118602190494 5475 
CLU_3215 3118602190869 4862 
CLU_3215 3118602190605 5678 
CLU_3215 3118602190109 5130 
CLU_3215 3118607116306 7496 
CLU_3215 3118602190931 7178 
CLU_3215 3118602190923 8439 
CLU_3215 3118602190893 9483 
CLU_3215 3118602190486 7603 
CLU_3215 3118602190915 9877 
CLU_3215 3118602190222 8693 
CLU_3215 3118604696077 5748 
CLU_3215 3118602191024 6169 
CLU_3215 3118602190478 6583 
CLU_3215 3118602190389 7175 
CLU_3215 3118607110316 8457 
CLU_3215 3118602220261 5373 
CLU_3215 3118602190397 7196 
CLU_3215 3118602190176 5663 
CLU_3215 3118602191059 4794 
CLU_3215 3118602191040 5114 
CLU_3215 3118602190451 8821 
CLU_3215 3118602190206 9268 
CLU_3215 3118602190524 10329 
CLU_3215 3118602190400 8524 
CLU_3215 3118602190966 10299 
CLU_3215 3118602190877 9268 
CLU_3215 3118602190826 14385 
CLU_3215 3118602190729 17121 
CLU_3215 3118602190656 17121 
CLU_3215 3118602190834 16874 
CLU_3215 3118602190710 16850 
CLU_3215 3118602190796 17102 
CLU_3215 3118602190648 17420 
CLU_3215 3118602190818 13895 
CLU_3215 3118602190885 8656 
CLU_3215 3118607053355 10299 
CLU_3215 3118602190192 4865 
CLU_3215 3118602190214 4434 
CLU_3215 3118602190680 5180 
CLU_3215 3118602190753 4754 
CLU_3215 3118602190141 6057 
CLU_3215 3118602220245 2510 
CLU_3215 3118602190788 1697 
CLU_3215 CLU_2943 2467 
CLU_3215 CLU_2961 4654 
CLU_3215 CLU_2970 5705 
CLU_3215 CLU_2971 5748 
CLU_3215 CLU_3051 6169 
CLU_3215 CLU_3055 6640 
CLU_3215 CLU_3060 7027 
CLU_3215 CLU_3084 9546 
CLU_3215 CLU_3086 15836 
CLU_3215 CLU_3087 16478 
CLU_3215 CLU_3098 16103 
CLU_3215 CLU_3108 12339 
CLU_3215 CLU_3114 13067 
CLU_3215 CLU_3121 1888 
CLU_3215 CLU_3128 4464 
CLU_3215 CLU_3141 5407 
CLU_3215 CLU_3143 4349 
CLU_3215 CLU_3160 4705 
CLU_3215 CLU_3166 4330 
CLU_3215 CLU_3176 4077 
CLU_3215 CLU_3200 1642 
CLU_3215 CLU_3214 370 
CLU_3215 CLU_7923 10007 
CLU_3216 3118602190990 2174 
CLU_3216 3118602191229 1868 
CLU_3216 3118602190591 2609 
CLU_3216 3118602190567 4471 
CLU_3216 3118602190532 5403 
CLU_3216 3118602190494 5916 
CLU_3216 3118602190869 5383 
CLU_3216 3118602190605 6201 
CLU_3216 3118602190109 5643 
CLU_3216 3118607116306 7974 
CLU_3216 3118602190931 7659 
CLU_3216 3118602190923 8948 
CLU_3216 3118602190893 9975 
CLU_3216 3118602190486 8118 
CLU_3216 3118602190915 10378 
CLU_3216 3118602190222 9181 
CLU_3216 3118604696077 6101 
CLU_3216 3118602191024 6429 
CLU_3216 3118602190478 6817 
CLU_3216 3118602190389 7415 
CLU_3216 3118607110316 8788 
CLU_3216 3118602220261 5686 
CLU_3216 3118602190397 7491 
CLU_3216 3118602190176 6086 
CLU_3216 3118602191059 5105 
CLU_3216 3118602191040 5264 
CLU_3216 3118602190451 8999 
CLU_3216 3118602190206 9458 
CLU_3216 3118602190524 10530 
CLU_3216 3118602190400 8743 
CLU_3216 3118602190966 10552 
CLU_3216 3118602190877 9458 
CLU_3216 3118602190826 14801 
CLU_3216 3118602190729 17574 
CLU_3216 3118602190656 17574 
CLU_3216 3118602190834 17320 
CLU_3216 3118602190710 17323 
CLU_3216 3118602190796 17567 
CLU_3216 3118602190648 17880 
CLU_3216 3118602190818 14320 
CLU_3216 3118602190885 9137 
CLU_3216 3118607053355 10552 
CLU_3216 3118602190192 4371 
CLU_3216 3118602190214 3976 
CLU_3216 3118602190680 4822 
CLU_3216 3118602190753 4736 
CLU_3216 3118602190141 5782 
CLU_3216 3118602220245 2324 
CLU_3216 3118602190788 2174 
CLU_3216 CLU_2943 2970 
CLU_3216 CLU_2961 5162 
CLU_3216 CLU_2970 6201 
CLU_3216 CLU_2971 6228 
CLU_3216 CLU_3051 6429 
CLU_3216 CLU_3055 7041 
CLU_3216 CLU_3060 7450 
CLU_3216 CLU_3084 9776 
CLU_3216 CLU_3086 16267 
CLU_3216 CLU_3087 16918 
CLU_3216 CLU_3098 16562 
CLU_3216 CLU_3108 12849 
CLU_3216 CLU_3114 13436 
CLU_3216 CLU_3121 1387 
CLU_3216 CLU_3128 3943 
CLU_3216 CLU_3141 4979 
CLU_3216 CLU_3143 3955 
CLU_3216 CLU_3160 4347 
CLU_3216 CLU_3166 4182 
CLU_3216 CLU_3176 3819 
CLU_3216 CLU_3200 1479 
CLU_3216 CLU_3214 742 
CLU_3216 CLU_7923 10505 
CLU_3217 3118602190990 2030 
CLU_3217 3118602191229 1798 
CLU_3217 3118602190591 2602 
CLU_3217 3118602190567 4551 
CLU_3217 3118602190532 5496 
CLU_3217 3118602190494 6059 
CLU_3217 3118602190869 5376 
CLU_3217 3118602190605 6148 
CLU_3217 3118602190109 5543 
CLU_3217 3118607116306 8072 
CLU_3217 3118602190931 7752 
CLU_3217 3118602190923 8986 
CLU_3217 3118602190893 10048 
CLU_3217 3118602190486 8136 
CLU_3217 3118602190915 10433 
CLU_3217 3118602190222 9261 
CLU_3217 3118604696077 5829 
CLU_3217 3118602191024 6118 
CLU_3217 3118602190478 6498 
CLU_3217 3118602190389 7097 
CLU_3217 3118607110316 8502 
CLU_3217 3118602220261 5395 
CLU_3217 3118602190397 7191 
CLU_3217 3118602190176 5860 
CLU_3217 3118602191059 4815 
CLU_3217 3118602191040 4929 
CLU_3217 3118602190451 8667 
CLU_3217 3118602190206 9127 
CLU_3217 3118602190524 10202 
CLU_3217 3118602190400 8418 
CLU_3217 3118602190966 10236 
CLU_3217 3118602190877 9127 
CLU_3217 3118602190826 14562 
CLU_3217 3118602190729 17368 
CLU_3217 3118602190656 17368 
CLU_3217 3118602190834 17107 
CLU_3217 3118602190710 17142 
CLU_3217 3118602190796 17375 
CLU_3217 3118602190648 17682 
CLU_3217 3118602190818 14090 
CLU_3217 3118602190885 8969 
CLU_3217 3118607053355 10236 
CLU_3217 3118602190192 4311 
CLU_3217 3118602190214 3856 
CLU_3217 3118602190680 4603 
CLU_3217 3118602190753 4396 
CLU_3217 3118602190141 5514 
CLU_3217 3118602220245 2013 
CLU_3217 3118602190788 2030 
CLU_3217 CLU_2943 3029 
CLU_3217 CLU_2961 5204 
CLU_3217 CLU_2970 6269 
CLU_3217 CLU_2971 6323 
CLU_3217 CLU_3051 6118 
CLU_3217 CLU_3055 6797 
CLU_3217 CLU_3060 7222 
CLU_3217 CLU_3084 9455 
CLU_3217 CLU_3086 16042 
CLU_3217 CLU_3087 16699 
CLU_3217 CLU_3098 16363 
CLU_3217 CLU_3108 12736 
CLU_3217 CLU_3114 13168 
CLU_3217 CLU_3121 1359 
CLU_3217 CLU_3128 3974 
CLU_3217 CLU_3141 4823 
CLU_3217 CLU_3143 3765 
CLU_3217 CLU_3160 4128 
CLU_3217 CLU_3166 3864 
CLU_3217 CLU_3176 3540 
CLU_3217 CLU_3200 1155 
CLU_3217 CLU_3214 917 
CLU_3217 CLU_7923 10366 
CLU_3711 3118602190990 14484 
CLU_3711 3118602191229 14925 
CLU_3711 3118602190591 14613 
CLU_3711 3118602190567 14421 
CLU_3711 3118602190532 14349 
CLU_3711 3118602190494 15155 
CLU_3711 3118602190869 12911 
CLU_3711 3118602190605 11819 
CLU_3711 3118602190109 11663 
CLU_3711 3118607116306 14094 
CLU_3711 3118602190931 13996 
CLU_3711 3118602190923 12509 
CLU_3711 3118602190893 13422 
CLU_3711 3118602190486 12204 
CLU_3711 3118602190915 12886 
CLU_3711 3118602190222 13605 
CLU_3711 3118604696077 10657 
CLU_3711 3118602191024 10982 
CLU_3711 3118602190478 10924 
CLU_3711 3118602190389 10450 
CLU_3711 3118607110316 8378 
CLU_3711 3118602220261 11244 
CLU_3711 3118602190397 9825 
CLU_3711 3118602190176 10502 
CLU_3711 3118602191059 11774 
CLU_3711 3118602191040 12693 
CLU_3711 3118602190451 10372 
CLU_3711 3118602190206 9976 
CLU_3711 3118602190524 9338 
CLU_3711 3118602190400 9880 
CLU_3711 3118602190966 8319 
CLU_3711 3118602190877 9976 
CLU_3711 3118602190826 1863 
CLU_3711 3118602190729 1850 
CLU_3711 3118602190656 1850 
CLU_3711 3118602190834 1344 
CLU_3711 3118602190710 3099 
CLU_3711 3118602190796 2606 
CLU_3711 3118602190648 2431 
CLU_3711 3118602190818 2268 
CLU_3711 3118602190885 7915 
CLU_3711 3118607053355 8319 
CLU_3711 3118602190192 19431 
CLU_3711 3118602190214 18588 
CLU_3711 3118602190680 17760 
CLU_3711 3118602190753 14320 
CLU_3711 3118602190141 17057 
CLU_3711 3118602220245 15945 
CLU_3711 3118602190788 14484 
CLU_3711 CLU_2943 14819 
CLU_3711 CLU_2961 13661 
CLU_3711 CLU_2970 13724 
CLU_3711 CLU_2971 14217 
CLU_3711 CLU_3051 10982 
CLU_3711 CLU_3055 9572 
CLU_3711 CLU_3060 9138 
CLU_3711 CLU_3084 9132 
CLU_3711 CLU_3086 438 
CLU_3711 CLU_3087 828 
CLU_3711 CLU_3098 1920 
CLU_3711 CLU_3108 6845 
CLU_3711 CLU_3114 3990 
CLU_3711 CLU_3121 17433 
CLU_3711 CLU_3128 19772 
CLU_3711 CLU_3141 18759 
CLU_3711 CLU_3143 17811 
CLU_3711 CLU_3160 17569 
CLU_3711 CLU_3166 15522 
CLU_3711 CLU_3176 16447 
CLU_3711 CLU_3200 15995 
CLU_3711 CLU_3214 16261 
CLU_3711 CLU_7923 7327 
CLU_3731 3118602190990 15723 
CLU_3731 3118602191229 16122 
CLU_3731 3118602190591 15699 
CLU_3731 3118602190567 15196 
CLU_3731 3118602190532 14974 
CLU_3731 3118602190494 15669 
CLU_3731 3118602190869 13671 
CLU_3731 3118602190605 12565 
CLU_3731 3118602190109 12600 
CLU_3731 3118607116306 14299 
CLU_3731 3118602190931 14258 
CLU_3731 3118602190923 12597 
CLU_3731 3118602190893 13288 
CLU_3731 3118602190486 12478 
CLU_3731 3118602190915 12687 
CLU_3731 3118602190222 13611 
CLU_3731 3118604696077 12208 
CLU_3731 3118602191024 12737 
CLU_3731 3118602190478 12754 
CLU_3731 3118602190389 12334 
CLU_3731 3118607110316 10214 
CLU_3731 3118602220261 12847 
CLU_3731 3118602190397 11622 
CLU_3731 3118602190176 11855 
CLU_3731 3118602191059 13336 
CLU_3731 3118602191040 14450 
CLU_3731 3118602190451 12488 
CLU_3731 3118602190206 12126 
CLU_3731 3118602190524 11577 
CLU_3731 3118602190400 11930 
CLU_3731 3118602190966 10512 
CLU_3731 3118602190877 12126 
CLU_3731 3118602190826 3960 
CLU_3731 3118602190729 581 
CLU_3731 3118602190656 581 
CLU_3731 3118602190834 1089 
CLU_3731 3118602190710 1166 
CLU_3731 3118602190796 499 
CLU_3731 3118602190648 0 
CLU_3731 3118602190818 4051 
CLU_3731 3118602190885 8832 
CLU_3731 3118607053355 10512 
CLU_3731 3118602190192 21053 
CLU_3731 3118602190214 20232 
CLU_3731 3118602190680 19535 
CLU_3731 3118602190753 16108 
CLU_3731 3118602190141 18942 
CLU_3731 3118602220245 17500 
CLU_3731 3118602190788 15723 
CLU_3731 CLU_2943 15811 
CLU_3731 CLU_2961 14379 
CLU_3731 CLU_2970 14251 
CLU_3731 CLU_2971 14712 
CLU_3731 CLU_3051 12737 
CLU_3731 CLU_3055 11033 
CLU_3731 CLU_3060 10521 
CLU_3731 CLU_3084 11274 
CLU_3731 CLU_3086 2365 
CLU_3731 CLU_3087 1610 
CLU_3731 CLU_3098 1320 
CLU_3731 CLU_3108 6531 
CLU_3731 CLU_3114 6242 
CLU_3731 CLU_3121 18845 
CLU_3731 CLU_3128 21291 
CLU_3731 CLU_3141 20500 
CLU_3731 CLU_3143 19498 
CLU_3731 CLU_3160 19305 
CLU_3731 CLU_3166 17275 
CLU_3731 CLU_3176 18160 
CLU_3731 CLU_3200 17451 
CLU_3731 CLU_3214 17474 
CLU_3731 CLU_7923 7824 
CLU_3732 3118602190990 15125 
CLU_3732 3118602191229 15547 
CLU_3732 3118602190591 15183 
CLU_3732 3118602190567 14843 
CLU_3732 3118602190532 14701 
CLU_3732 3118602190494 15457 
CLU_3732 3118602190869 13322 
CLU_3732 3118602190605 12218 
CLU_3732 3118602190109 12152 
CLU_3732 3118607116306 14245 
CLU_3732 3118602190931 14174 
CLU_3732 3118602190923 12599 
CLU_3732 3118602190893 13410 
CLU_3732 3118602190486 12381 
CLU_3732 3118602190915 12841 
CLU_3732 3118602190222 13660 
CLU_3732 3118604696077 11434 
CLU_3732 3118602191024 11856 
CLU_3732 3118602190478 11832 
CLU_3732 3118602190389 11382 
CLU_3732 3118607110316 9281 
CLU_3732 3118602220261 12047 
CLU_3732 3118602190397 10715 
CLU_3732 3118602190176 11185 
CLU_3732 3118602191059 12560 
CLU_3732 3118602191040 13571 
CLU_3732 3118602190451 11409 
CLU_3732 3118602190206 11028 
CLU_3732 3118602190524 10427 
CLU_3732 3118602190400 10887 
CLU_3732 3118602190966 9387 
CLU_3732 3118602190877 11028 
CLU_3732 3118602190826 2840 
CLU_3732 3118602190729 705 
CLU_3732 3118602190656 705 
CLU_3732 3118602190834 200 
CLU_3732 3118602190710 2115 
CLU_3732 3118602190796 1530 
CLU_3732 3118602190648 1287 
CLU_3732 3118602190818 3071 
CLU_3732 3118602190885 8371 
CLU_3732 3118607053355 9387 
CLU_3732 3118602190192 20257 
CLU_3732 3118602190214 19423 
CLU_3732 3118602190680 18653 
CLU_3732 3118602190753 15215 
CLU_3732 3118602190141 17999 
CLU_3732 3118602220245 16735 
CLU_3732 3118602190788 15125 
CLU_3732 CLU_2943 15345 
CLU_3732 CLU_2961 14054 
CLU_3732 CLU_2970 14027 
CLU_3732 CLU_2971 14507 
CLU_3732 CLU_3051 11856 
CLU_3732 CLU_3055 10302 
CLU_3732 CLU_3060 9828 
CLU_3732 CLU_3084 10179 
CLU_3732 CLU_3086 1172 
CLU_3732 CLU_3087 381 
CLU_3732 CLU_3098 1236 
CLU_3732 CLU_3108 6693 
CLU_3732 CLU_3114 5074 
CLU_3732 CLU_3121 18161 
CLU_3732 CLU_3128 20551 
CLU_3732 CLU_3141 19638 
CLU_3732 CLU_3143 18665 
CLU_3732 CLU_3160 18445 
CLU_3732 CLU_3166 16403 
CLU_3732 CLU_3176 17311 
CLU_3732 CLU_3200 16740 
CLU_3732 CLU_3214 16894 
CLU_3732 CLU_7923 7573 
CLU_4344 3118602190990 6903 
CLU_4344 3118602191229 7108 
CLU_4344 3118602190591 7955 
CLU_4344 3118602190567 10047 
CLU_4344 3118602190532 10996 
CLU_4344 3118602190494 11757 
CLU_4344 3118602190869 10303 
CLU_4344 3118602190605 10627 
CLU_4344 3118602190109 9688 
CLU_4344 3118607116306 13489 
CLU_4344 3118602190931 13153 
CLU_4344 3118602190923 13970 
CLU_4344 3118602190893 15245 
CLU_4344 3118602190486 13013 
CLU_4344 3118602190915 15486 
CLU_4344 3118602190222 14529 
CLU_4344 3118604696077 7461 
CLU_4344 3118602191024 6520 
CLU_4344 3118602190478 6418 
CLU_4344 3118602190389 6819 
CLU_4344 3118607110316 8940 
CLU_4344 3118602220261 6763 
CLU_4344 3118602190397 7559 
CLU_4344 3118602190176 8362 
CLU_4344 3118602191059 6487 
CLU_4344 3118602191040 4895 
CLU_4344 3118602190451 7089 
CLU_4344 3118602190206 7568 
CLU_4344 3118602190524 8532 
CLU_4344 3118602190400 7416 
CLU_4344 3118602190966 9221 
CLU_4344 3118602190877 7568 
CLU_4344 3118602190826 15381 
CLU_4344 3118602190729 18702 
CLU_4344 3118602190656 18702 
CLU_4344 3118602190834 18315 
CLU_4344 3118602190710 18961 
CLU_4344 3118602190796 18984 
CLU_4344 3118602190648 19154 
CLU_4344 3118602190818 15133 
CLU_4344 3118602190885 11729 
CLU_4344 3118607053355 9221 
CLU_4344 3118602190192 4001 
CLU_4344 3118602190214 3361 
CLU_4344 3118602190680 1739 
CLU_4344 3118602190753 3292 
CLU_4344 3118602190141 446 
CLU_4344 3118602220245 4028 
CLU_4344 3118602190788 6903 
CLU_4344 CLU_2943 8573 
CLU_4344 CLU_2961 10452 
CLU_4344 CLU_2970 11593 
CLU_4344 CLU_2971 11793 
CLU_4344 CLU_3051 6520 
CLU_4344 CLU_3055 8693 
CLU_4344 CLU_3060 9308 
CLU_4344 CLU_3084 8321 
CLU_4344 CLU_3086 17043 
CLU_4344 CLU_3087 17812 
CLU_4344 CLU_3098 17890 
CLU_4344 CLU_3108 15911 
CLU_4344 CLU_3114 13362 
CLU_4344 CLU_3121 5244 
CLU_4344 CLU_3128 5090 
CLU_4344 CLU_3141 2545 
CLU_4344 CLU_3143 2670 
CLU_4344 CLU_3160 2104 
CLU_4344 CLU_3166 2548 
CLU_4344 CLU_3176 2429 
CLU_4344 CLU_3200 4876 
CLU_4344 CLU_3214 6864 
CLU_4344 CLU_7923 13371 
CLU_7797 3118602190990 11288 
CLU_7797 3118602191229 11574 
CLU_7797 3118602190591 10954 
CLU_7797 3118602190567 9953 
CLU_7797 3118602190532 9533 
CLU_7797 3118602190494 10075 
CLU_7797 3118602190869 8484 
CLU_7797 3118602190605 7432 
CLU_7797 3118602190109 7803 
CLU_7797 3118607116306 8464 
CLU_7797 3118602190931 8464 
CLU_7797 3118602190923 6718 
CLU_7797 3118602190893 7324 
CLU_7797 3118602190486 6740 
CLU_7797 3118602190915 6719 
CLU_7797 3118602190222 7680 
CLU_7797 3118604696077 8910 
CLU_7797 3118602191024 9978 
CLU_7797 3118602190478 10240 
CLU_7797 3118602190389 10072 
CLU_7797 3118607110316 8193 
CLU_7797 3118602220261 9608 
CLU_7797 3118602190397 9178 
CLU_7797 3118602190176 8079 
CLU_7797 3118602191059 9916 
CLU_7797 3118602191040 11487 
CLU_7797 3118602190451 11124 
CLU_7797 3118602190206 10977 
CLU_7797 3118602190524 10973 
CLU_7797 3118602190400 10370 
CLU_7797 3118602190966 9854 
CLU_7797 3118602190877 10977 
CLU_7797 3118602190826 5915 
CLU_7797 3118602190729 6020 
CLU_7797 3118602190656 6020 
CLU_7797 3118602190834 6114 
CLU_7797 3118602190710 4933 
CLU_7797 3118602190796 5487 
CLU_7797 3118602190648 5967 
CLU_7797 3118602190818 5295 
CLU_7797 3118602190885 4651 
CLU_7797 3118607053355 9854 
CLU_7797 3118602190192 17258 
CLU_7797 3118602190214 16532 
CLU_7797 3118602190680 16251 
CLU_7797 3118602190753 13085 
CLU_7797 3118602190141 16053 
CLU_7797 3118602220245 13703 
CLU_7797 3118602190788 11288 
CLU_7797 CLU_2943 10891 
CLU_7797 CLU_2961 9090 
CLU_7797 CLU_2970 8715 
CLU_7797 CLU_2971 9125 
CLU_7797 CLU_3051 9978 
CLU_7797 CLU_3055 7685 
CLU_7797 CLU_3060 7067 
CLU_7797 CLU_3084 10230 
CLU_7797 CLU_3086 5993 
CLU_7797 CLU_3087 6078 
CLU_7797 CLU_3098 4989 
CLU_7797 CLU_3108 633 
CLU_7797 CLU_3114 7187 
CLU_7797 CLU_3121 14623 
CLU_7797 CLU_3128 17224 
CLU_7797 CLU_3141 17067 
CLU_7797 CLU_3143 15952 
CLU_7797 CLU_3160 15915 
CLU_7797 CLU_3166 14055 
CLU_7797 CLU_3176 14766 
CLU_7797 CLU_3200 13405 
CLU_7797 CLU_3214 12887 
CLU_7797 CLU_7923 3036 
CLU_7876 3118602190990 9857 
CLU_7876 3118602191229 9763 
CLU_7876 3118602190591 8886 
CLU_7876 3118602190567 6832 
CLU_7876 3118602190532 5884 
CLU_7876 3118602190494 5470 
CLU_7876 3118602190869 6416 
CLU_7876 3118602190605 6327 
CLU_7876 3118602190109 7344 
CLU_7876 3118607116306 3308 
CLU_7876 3118602190931 3628 
CLU_7876 3118602190923 2955 
CLU_7876 3118602190893 1533 
CLU_7876 3118602190486 3914 
CLU_7876 3118602190915 1655 
CLU_7876 3118602190222 2178 
CLU_7876 3118604696077 10746 
CLU_7876 3118602191024 12144 
CLU_7876 3118602190478 12650 
CLU_7876 3118602190389 12882 
CLU_7876 3118607110316 12087 
CLU_7876 3118602220261 11205 
CLU_7876 3118602190397 12115 
CLU_7876 3118602190176 9575 
CLU_7876 3118602191059 11078 
CLU_7876 3118602191040 12783 
CLU_7876 3118602190451 14671 
CLU_7876 3118602190206 14806 
CLU_7876 3118602190524 15367 
CLU_7876 3118602190400 13931 
CLU_7876 3118602190966 14522 
CLU_7876 3118602190877 14806 
CLU_7876 3118602190826 13439 
CLU_7876 3118602190729 14065 
CLU_7876 3118602190656 14065 
CLU_7876 3118602190834 14155 
CLU_7876 3118602190710 12902 
CLU_7876 3118602190796 13497 
CLU_7876 3118602190648 13987 
CLU_7876 3118602190818 12767 
CLU_7876 3118602190885 8199 
CLU_7876 3118607053355 14522 
CLU_7876 3118602190192 15648 
CLU_7876 3118602190214 15236 
CLU_7876 3118602190680 15770 
CLU_7876 3118602190753 13791 
CLU_7876 3118602190141 16278 
CLU_7876 3118602220245 12855 
CLU_7876 3118602190788 9857 
CLU_7876 CLU_2943 8362 
CLU_7876 CLU_2961 6280 
CLU_7876 CLU_2970 5151 
CLU_7876 CLU_2971 5057 
CLU_7876 CLU_3051 12144 
CLU_7876 CLU_3055 10112 
CLU_7876 CLU_3060 9723 
CLU_7876 CLU_3084 14398 
CLU_7876 CLU_3086 13911 
CLU_7876 CLU_3087 14088 
CLU_7876 CLU_3098 13033 
CLU_7876 CLU_3108 7540 
CLU_7876 CLU_3114 13888 
CLU_7876 CLU_3121 12667 
CLU_7876 CLU_3128 15077 
CLU_7876 CLU_3141 16168 
CLU_7876 CLU_3143 15059 
CLU_7876 CLU_3160 15312 
CLU_7876 CLU_3166 14172 
CLU_7876 CLU_3176 14405 
CLU_7876 CLU_3200 12137 
CLU_7876 CLU_3214 10543 
CLU_7876 CLU_7923 7579 
CLU_7904 3118602190990 9099 
CLU_7904 3118602191229 9125 
CLU_7904 3118602190591 8276 
CLU_7904 3118602190567 6436 
CLU_7904 3118602190532 5605 
CLU_7904 3118602190494 5604 
CLU_7904 3118602190869 5539 
CLU_7904 3118602190605 5075 
CLU_7904 3118602190109 6037 
CLU_7904 3118607116306 3413 
CLU_7904 3118602190931 3596 
CLU_7904 3118602190923 1911 
CLU_7904 3118602190893 1596 
CLU_7904 3118602190486 2748 
CLU_7904 3118602190915 931 
CLU_7904 3118602190222 2221 
CLU_7904 3118604696077 9143 
CLU_7904 3118602191024 10539 
CLU_7904 3118602190478 11013 
CLU_7904 3118602190389 11170 
CLU_7904 3118607110316 10144 
CLU_7904 3118602220261 9683 
CLU_7904 3118602190397 10347 
CLU_7904 3118602190176 7971 
CLU_7904 3118602191059 9653 
CLU_7904 3118602191040 11407 
CLU_7904 3118602190451 12867 
CLU_7904 3118602190206 12953 
CLU_7904 3118602190524 13426 
CLU_7904 3118602190400 12105 
CLU_7904 3118602190966 12520 
CLU_7904 3118602190877 12953 
CLU_7904 3118602190826 11141 
CLU_7904 3118602190729 11847 
CLU_7904 3118602190656 11847 
CLU_7904 3118602190834 11915 
CLU_7904 3118602190710 10741 
CLU_7904 3118602190796 11315 
CLU_7904 3118602190648 11798 
CLU_7904 3118602190818 10470 
CLU_7904 3118602190885 6093 
CLU_7904 3118607053355 12520 
CLU_7904 3118602190192 15183 
CLU_7904 3118602190214 14663 
CLU_7904 3118602190680 14969 
CLU_7904 3118602190753 12603 
CLU_7904 3118602190141 15293 
CLU_7904 3118602220245 12068 
CLU_7904 3118602190788 9099 
CLU_7904 CLU_2943 7878 
CLU_7904 CLU_2961 5684 
CLU_7904 CLU_2970 4718 
CLU_7904 CLU_2971 4860 
CLU_7904 CLU_3051 10539 
CLU_7904 CLU_3055 8343 
CLU_7904 CLU_3060 7883 
CLU_7904 CLU_3084 12475 
CLU_7904 CLU_3086 11631 
CLU_7904 CLU_3087 11829 
CLU_7904 CLU_3098 10799 
CLU_7904 CLU_3108 5296 
CLU_7904 CLU_3114 11630 
CLU_7904 CLU_3121 12221 
CLU_7904 CLU_3128 14769 
CLU_7904 CLU_3141 15500 
CLU_7904 CLU_3143 14359 
CLU_7904 CLU_3160 14534 
CLU_7904 CLU_3166 13155 
CLU_7904 CLU_3176 13530 
CLU_7904 CLU_3200 11449 
CLU_7904 CLU_3214 10134 
CLU_7904 CLU_7923 5322 
CLU_7923 3118602190990 8338 
CLU_7923 3118602191229 8658 
CLU_7923 3118602190591 8102 
CLU_7923 3118602190567 7385 
CLU_7923 3118602190532 7154 
CLU_7923 3118602190494 7884 
CLU_7923 3118602190869 5863 
CLU_7923 3118602190605 4761 
CLU_7923 3118602190109 4934 
CLU_7923 3118607116306 6783 
CLU_7923 3118602190931 6673 
CLU_7923 3118602190923 5281 
CLU_7923 3118602190893 6382 
CLU_7923 3118602190486 4886 
CLU_7923 3118602190915 5962 
CLU_7923 3118602190222 6415 
CLU_7923 3118604696077 5920 
CLU_7923 3118602191024 7065 
CLU_7923 3118602190478 7377 
CLU_7923 3118602190389 7284 
CLU_7923 3118607110316 5621 
CLU_7923 3118602220261 6614 
CLU_7923 3118602190397 6381 
CLU_7923 3118602190176 5047 
CLU_7923 3118602191059 6897 
CLU_7923 3118602191040 8505 
CLU_7923 3118602190451 8573 
CLU_7923 3118602190206 8513 
CLU_7923 3118602190524 8722 
CLU_7923 3118602190400 7795 
CLU_7923 3118602190966 7682 
CLU_7923 3118602190877 8513 
CLU_7923 3118602190826 6058 
CLU_7923 3118602190729 7666 
CLU_7923 3118602190656 7666 
CLU_7923 3118602190834 7565 
CLU_7923 3118602190710 7049 
CLU_7923 3118602190796 7424 
CLU_7923 3118602190648 7824 
CLU_7923 3118602190818 5392 
CLU_7923 3118602190885 1646 
CLU_7923 3118607053355 7682 
CLU_7923 3118602190192 14237 
CLU_7923 3118602190214 13503 
CLU_7923 3118602190680 13216 
CLU_7923 3118602190753 10079 
CLU_7923 3118602190141 13044 
CLU_7923 3118602220245 10673 
CLU_7923 3118602190788 8338 
CLU_7923 CLU_2943 8118 
CLU_7923 CLU_2961 6558 
CLU_7923 CLU_2970 6456 
CLU_7923 CLU_2971 6934 
CLU_7923 CLU_3051 7065 
CLU_7923 CLU_3055 4719 
CLU_7923 CLU_3060 4103 
CLU_7923 CLU_3084 7861 
CLU_7923 CLU_3086 6908 
CLU_7923 CLU_3087 7318 
CLU_7923 CLU_3098 6577 
CLU_7923 CLU_3108 2541 
CLU_7923 CLU_3114 6310 
CLU_7923 CLU_3121 11649 
CLU_7923 CLU_3128 14235 
CLU_7923 CLU_3141 14030 
CLU_7923 CLU_3143 12916 
CLU_7923 CLU_3160 12878 
CLU_7923 CLU_3166 11027 
CLU_7923 CLU_3176 11730 
CLU_7923 CLU_3200 10398 
CLU_7923 CLU_3214 9993 
CLU_7923 CLU_7923 0 
CLU_948 3118602190990 1612 
CLU_948 3118602191229 1203 
CLU_948 3118602190591 707 
CLU_948 3118602190567 1992 
CLU_948 3118602190532 2930 
CLU_948 3118602190494 3534 
CLU_948 3118602190869 3033 
CLU_948 3118602190605 3991 
CLU_948 3118602190109 3690 
CLU_948 3118607116306 5506 
CLU_948 3118602190931 5187 
CLU_948 3118602190923 6484 
CLU_948 3118602190893 7495 
CLU_948 3118602190486 5682 
CLU_948 3118602190915 7901 
CLU_948 3118602190222 6703 
CLU_948 3118604696077 5499 
CLU_948 3118602191024 6339 
CLU_948 3118602190478 6839 
CLU_948 3118602190389 7380 
CLU_948 3118607110316 8189 
CLU_948 3118602220261 5359 
CLU_948 3118602190397 7153 
CLU_948 3118602190176 5011 
CLU_948 3118602191059 4841 
CLU_948 3118602191040 5788 
CLU_948 3118602190451 9213 
CLU_948 3118602190206 9601 
CLU_948 3118602190524 10591 
CLU_948 3118602190400 8764 
CLU_948 3118602190966 10345 
CLU_948 3118602190877 9601 
CLU_948 3118602190826 13547 
CLU_948 3118602190729 16028 
CLU_948 3118602190656 16028 
CLU_948 3118602190834 15828 
CLU_948 3118602190710 15611 
CLU_948 3118602190796 15922 
CLU_948 3118602190648 16277 
CLU_948 3118602190818 13000 
CLU_948 3118602190885 7446 
CLU_948 3118607053355 10345 
CLU_948 3118602190192 6850 
CLU_948 3118602190214 6422 
CLU_948 3118602190680 7072 
CLU_948 3118602190753 5966 
CLU_948 3118602190141 7807 
CLU_948 3118602220245 4232 
CLU_948 3118602190788 1612 
CLU_948 CLU_2943 531 
CLU_948 CLU_2961 2706 
CLU_948 CLU_2970 3722 
CLU_948 CLU_2971 3757 
CLU_948 CLU_3051 6339 
CLU_948 CLU_3055 6064 
CLU_948 CLU_3060 6298 
CLU_948 CLU_3084 9707 
CLU_948 CLU_3086 14886 
CLU_948 CLU_3087 15473 
CLU_948 CLU_3098 14975 
CLU_948 CLU_3108 10795 
CLU_948 CLU_3114 12502 
CLU_948 CLU_3121 3866 
CLU_948 CLU_3128 6381 
CLU_948 CLU_3141 7376 
CLU_948 CLU_3143 6291 
CLU_948 CLU_3160 6601 
CLU_948 CLU_3166 5874 
CLU_948 CLU_3176 5837 
CLU_948 CLU_3200 3423 
CLU_948 CLU_3214 1751 
CLU_948 CLU_7923 8613 
CLU_952 3118602190990 1824 
CLU_952 3118602191229 1500 
CLU_952 3118602190591 761 
CLU_952 3118602190567 1564 
CLU_952 3118602190532 2510 
CLU_952 3118602190494 3159 
CLU_952 3118602190869 2622 
CLU_952 3118602190605 3607 
CLU_952 3118602190109 3375 
CLU_952 3118607116306 5085 
CLU_952 3118602190931 4765 
CLU_952 3118602190923 6049 
CLU_952 3118602190893 7066 
CLU_952 3118602190486 5249 
CLU_952 3118602190915 7468 
CLU_952 3118602190222 6275 
CLU_952 3118604696077 5445 
CLU_952 3118602191024 6365 
CLU_952 3118602190478 6878 
CLU_952 3118602190389 7402 
CLU_952 3118607110316 8100 
CLU_952 3118602220261 5360 
CLU_952 3118602190397 7124 
CLU_952 3118602190176 4871 
CLU_952 3118602191059 4867 
CLU_952 3118602191040 5929 
CLU_952 3118602190451 9262 
CLU_952 3118602190206 9634 
CLU_952 3118602190524 10604 
CLU_952 3118602190400 8782 
CLU_952 3118602190966 10312 
CLU_952 3118602190877 9634 
CLU_952 3118602190826 13312 
CLU_952 3118602190729 15736 
CLU_952 3118602190656 15736 
CLU_952 3118602190834 15546 
CLU_952 3118602190710 15290 
CLU_952 3118602190796 15613 
CLU_952 3118602190648 15975 
CLU_952 3118602190818 12754 
CLU_952 3118602190885 7151 
CLU_952 3118607053355 10312 
CLU_952 3118602190192 7280 
CLU_952 3118602190214 6843 
CLU_952 3118602190680 7459 
CLU_952 3118602190753 6215 
CLU_952 3118602190141 8158 
CLU_952 3118602220245 4596 
CLU_952 3118602190788 1824 
CLU_952 CLU_2943 171 
CLU_952 CLU_2961 2273 
CLU_952 CLU_2970 3290 
CLU_952 CLU_2971 3337 
CLU_952 CLU_3051 6365 
CLU_952 CLU_3055 5927 
CLU_952 CLU_3060 6122 
CLU_952 CLU_3084 9702 
CLU_952 CLU_3086 14625 
CLU_952 CLU_3087 15200 
CLU_952 CLU_3098 14677 
CLU_952 CLU_3108 10420 
CLU_952 CLU_3114 12327 
CLU_952 CLU_3121 4297 
CLU_952 CLU_3128 6815 
CLU_952 CLU_3141 7786 
CLU_952 CLU_3143 6693 
CLU_952 CLU_3160 6991 
CLU_952 CLU_3166 6189 
CLU_952 CLU_3176 6196 
CLU_952 CLU_3200 3805 
CLU_952 CLU_3214 2185 
CLU_952 CLU_7923 8274 
CLU_956 3118602190990 4217 
CLU_956 3118602191229 3957 
CLU_956 3118602190591 3133 
CLU_956 3118602190567 1180 
CLU_956 3118602190532 770 
CLU_956 3118602190494 698 
CLU_956 3118602190869 2309 
CLU_956 3118602190605 3330 
CLU_956 3118602190109 3802 
CLU_956 3118607116306 2851 
CLU_956 3118602190931 2575 
CLU_956 3118602190923 4224 
CLU_956 3118602190893 4938 
CLU_956 3118602190486 3691 
CLU_956 3118602190915 5447 
CLU_956 3118602190222 4125 
CLU_956 3118604696077 6975 
CLU_956 3118602191024 8147 
CLU_956 3118602190478 8685 
CLU_956 3118602190389 9134 
CLU_956 3118607110316 9354 
CLU_956 3118602220261 7098 
CLU_956 3118602190397 8668 
CLU_956 3118602190176 6080 
CLU_956 3118602191059 6712 
CLU_956 3118602191040 8065 
CLU_956 3118602190451 11047 
CLU_956 3118602190206 11357 
CLU_956 3118602190524 12232 
CLU_956 3118602190400 10466 
CLU_956 3118602190966 11755 
CLU_956 3118602190877 11357 
CLU_956 3118602190826 13607 
CLU_956 3118602190729 15587 
CLU_956 3118602190656 15587 
CLU_956 3118602190834 15472 
CLU_956 3118602190710 14915 
CLU_956 3118602190796 15328 
CLU_956 3118602190648 15739 
CLU_956 3118602190818 12990 
CLU_956 3118602190885 7240 
CLU_956 3118607053355 11755 
CLU_956 3118602190192 9562 
CLU_956 3118602190214 9202 
CLU_956 3118602190680 9908 
CLU_956 3118602190753 8573 
CLU_956 3118602190141 10621 
CLU_956 3118602220245 7059 
CLU_956 3118602190788 4217 
CLU_956 CLU_2943 2494 
CLU_956 CLU_2961 1539 
CLU_956 CLU_2970 1560 
CLU_956 CLU_2971 1251 
CLU_956 CLU_3051 8147 
CLU_956 CLU_3055 7059 
CLU_956 CLU_3060 7045 
CLU_956 CLU_3084 11276 
CLU_956 CLU_3086 14720 
CLU_956 CLU_3087 15197 
CLU_956 CLU_3098 14498 
CLU_956 CLU_3108 9633 
CLU_956 CLU_3114 13020 
CLU_956 CLU_3121 6595 
CLU_956 CLU_3128 8960 
CLU_956 CLU_3141 10187 
CLU_956 CLU_3143 9117 
CLU_956 CLU_3160 9437 
CLU_956 CLU_3166 8634 
CLU_956 CLU_3176 8660 
CLU_956 CLU_3200 6258 
CLU_956 CLU_3214 4484 
CLU_956 CLU_7923 7921 
;

end;
