#############################################################################
# Project CNPq: Increasing PHC with team sizing
# Author: João Flávio de Freitas Almeida <joao.flavio@dep.ufmg.br>
# LEPOINT: Laboratório de Estudos em Planejamento de Operações Integradas
# Departamento de Engenharia de Produção
# Universidade Federal de Minas Gerais - Escola de Engenharia
#############################################################################
# Health Care Facility Location Problem: Considering fixed facilities,
# choose intermediate facilities according a criteria that improve service
# quality. Consider health care teams.
#############################################################################
# glpsol -m aps.mod -d LS.dat --cuts

#############################################################################
# DADOS REFERENTES AO MUNICIPIO DE: 
# Montes Claros 
#############################################################################
data;
# Distance matrix between same-level facilities (for team transfer) 
# {EL[1], L[1]} default 0; # Distance between L1 facilities (min)  
param DL1 := 
3143309772235 3143309772235 0 
3143309772235 3143309772251 1371 
3143309772235 3143309812059 848 
3143309772235 3143305305063 2296 
3143309772235 3143307781067 3250 
3143309772235 3143309132481 3494 
3143309772235 3143307831331 3434 
3143309772235 3143300659134 3410 
3143309772235 3143303180158 2598 
3143309772235 3143307821506 2069 
3143309772235 3143302150107 5007 
3143309772235 3143309775978 2069 
3143309772235 3143302219107 4406 
3143309772235 3143302219352 926 
3143309772235 3143303180182 3141 
3143309772235 3143302150042 3349 
3143309772235 3143302219085 3911 
3143309772235 3143309812032 4083 
3143309772235 3143302149915 5281 
3143309772235 3143307299079 4748 
3143309772235 3143302150018 6224 
3143309772235 3143302218984 5491 
3143309772235 3143306065295 5946 
3143309772235 3143302219069 4190 
3143309772235 3143306629296 5979 
3143309772235 3143302149923 5869 
3143309772235 3143306065341 6918 
3143309772235 3143306329705 6046 
3143309772235 3143306297943 12098 
3143309772235 3143307780621 3040 
3143309772235 3143303180166 2069 
3143309772235 3143302149893 4078 
3143309772235 3143302150026 4421 
3143309772235 3143300550108 6652 
3143309772235 3143303413578 23587 
3143309772235 3143306329632 5036 
3143309772235 3143305212588 12023 
3143309772235 3143309812083 2911 
3143309772235 3143306023282 1113 
3143309772235 3143302218968 3193 
3143309772235 3143309772227 3494 
3143309772235 3143302203480 2010 
3143309772235 3143302150085 4748 
3143309772235 3143300211826 4725 
3143309772235 3143302149931 2418 
3143309772235 3143309352511 4590 
3143309772235 3143309251553 2493 
3143309772235 3143305998220 3019 
3143309772235 3143309690905 4117 
3143309772235 3143307608756 6911 
3143309772235 3143306409911 6652 
3143309772235 3143307780907 3884 
3143309772235 3143309936424 4705 
3143309772235 3143309812075 2656 
3143309772235 3143306301304 2911 
3143309772235 3143303688100 3411 
3143309772235 3143303180115 1371 
3143309772235 3143305302854 2780 
3143309772235 3143302219212 2800 
3143309772235 3143302149958 2779 
3143309772235 3143307951345 4806 
3143309772235 3143302219077 3418 
3143309772235 3143302219344 4190 
3143309772235 3143307607660 5007 
3143309772235 3143302150069 5099 
3143309772235 3143307809131 7273 
3143309772235 3143300186252 4998 
3143309772235 3143304701852 2441 
3143309772235 3143307836619 4083 
3143309772235 3143305212545 4855 
3143309772235 3143302150077 6911 
3143309772235 3143302150034 5262 
3143309772235 3143302219409 44584 
3143309772235 3143305212529 25021 
3143309772235 3143302219379 44584 
3143309772235 CLU_3233 29475 
3143309772235 CLU_6117 43800 
3143309772235 CLU_6299 16235 
3143309772235 CLU_6301 20582 
3143309772235 CLU_6381 19306 
3143309772235 CLU_6398 13751 
3143309772235 CLU_6409 39844 
3143309772235 CLU_6410 20527 
3143309772235 CLU_6411 16392 
3143309772235 CLU_6412 16414 
3143309772235 CLU_6414 38707 
3143309772235 CLU_6415 44550 
3143309772235 CLU_6417 59678 
3143309772251 3143309772235 1371 
3143309772251 3143309772251 0 
3143309772251 3143309812059 1966 
3143309772251 3143305305063 1153 
3143309772251 3143307781067 1893 
3143309772251 3143309132481 2148 
3143309772251 3143307831331 2121 
3143309772251 3143300659134 2611 
3143309772251 3143303180158 3027 
3143309772251 3143307821506 2774 
3143309772251 3143302150107 5733 
3143309772251 3143309775978 2774 
3143309772251 3143302219107 5724 
3143309772251 3143302219352 2297 
3143309772251 3143303180182 2424 
3143309772251 3143302150042 2290 
3143309772251 3143302219085 2824 
3143309772251 3143309812032 2908 
3143309772251 3143302149915 3977 
3143309772251 3143307299079 4010 
3143309772251 3143302150018 5073 
3143309772251 3143302218984 4208 
3143309772251 3143306065295 4588 
3143309772251 3143302219069 5422 
3143309772251 3143306629296 4728 
3143309772251 3143302149923 4509 
3143309772251 3143306065341 5577 
3143309772251 3143306329705 4701 
3143309772251 3143306297943 10730 
3143309772251 3143307780621 3231 
3143309772251 3143303180166 2774 
3143309772251 3143302149893 2822 
3143309772251 3143302150026 4784 
3143309772251 3143300550108 5297 
3143309772251 3143303413578 22527 
3143309772251 3143306329632 6384 
3143309772251 3143305212588 11783 
3143309772251 3143309812083 1855 
3143309772251 3143306023282 1457 
3143309772251 3143302218968 3913 
3143309772251 3143309772227 2148 
3143309772251 3143302203480 3045 
3143309772251 3143302150085 4010 
3143309772251 3143300211826 6028 
3143309772251 3143302149931 3604 
3143309772251 3143309352511 3218 
3143309772251 3143309251553 2540 
3143309772251 3143305998220 2825 
3143309772251 3143309690905 4129 
3143309772251 3143307608756 5647 
3143309772251 3143306409911 5297 
3143309772251 3143307780907 5227 
3143309772251 3143309936424 4835 
3143309772251 3143309812075 2122 
3143309772251 3143306301304 1855 
3143309772251 3143303688100 2959 
3143309772251 3143303180115 0 
3143309772251 3143305302854 1838 
3143309772251 3143302219212 1488 
3143309772251 3143302149958 4090 
3143309772251 3143307951345 3710 
3143309772251 3143302219077 3708 
3143309772251 3143302219344 5422 
3143309772251 3143307607660 5733 
3143309772251 3143302150069 3832 
3143309772251 3143307809131 5961 
3143309772251 3143300186252 6329 
3143309772251 3143304701852 1748 
3143309772251 3143307836619 2908 
3143309772251 3143305212545 5650 
3143309772251 3143302150077 5647 
3143309772251 3143302150034 4342 
3143309772251 3143302219409 45795 
3143309772251 3143305212529 26364 
3143309772251 3143302219379 45795 
3143309772251 CLU_3233 30462 
3143309772251 CLU_6117 44547 
3143309772251 CLU_6299 17601 
3143309772251 CLU_6301 19280 
3143309772251 CLU_6381 17981 
3143309772251 CLU_6398 14801 
3143309772251 CLU_6409 40639 
3143309772251 CLU_6410 21709 
3143309772251 CLU_6411 17331 
3143309772251 CLU_6412 17333 
3143309772251 CLU_6414 39902 
3143309772251 CLU_6415 45891 
3143309772251 CLU_6417 60989 
3143309812059 3143309772235 848 
3143309812059 3143309772251 1966 
3143309812059 3143309812059 0 
3143309812059 3143305305063 3033 
3143309812059 3143307781067 3845 
3143309812059 3143309132481 3920 
3143309812059 3143307831331 3806 
3143309812059 3143300659134 3348 
3143309812059 3143303180158 1898 
3143309812059 3143307821506 1284 
3143309812059 3143302150107 4167 
3143309812059 3143309775978 1284 
3143309812059 3143302219107 3781 
3143309812059 3143302219352 812 
3143309812059 3143303180182 3980 
3143309812059 3143302150042 4130 
3143309812059 3143302219085 4688 
3143309812059 3143309812032 4274 
3143309812059 3143302149915 5593 
3143309812059 3143307299079 5592 
3143309812059 3143302150018 6987 
3143309812059 3143302218984 6174 
3143309812059 3143306065295 6362 
3143309812059 3143302219069 4231 
3143309812059 3143306629296 6686 
3143309812059 3143302149923 6443 
3143309812059 3143306065341 7530 
3143309812059 3143306329705 6425 
3143309812059 3143306297943 12631 
3143309812059 3143307780621 2424 
3143309812059 3143303180166 1284 
3143309812059 3143302149893 4779 
3143309812059 3143302150026 5102 
3143309812059 3143300550108 7238 
3143309812059 3143303413578 23522 
3143309812059 3143306329632 4476 
3143309812059 3143305212588 12826 
3143309812059 3143309812083 3073 
3143309812059 3143306023282 1947 
3143309812059 3143302218968 2367 
3143309812059 3143309772227 3920 
3143309812059 3143302203480 2430 
3143309812059 3143302150085 5592 
3143309812059 3143300211826 4621 
3143309812059 3143302149931 2627 
3143309812059 3143309352511 5103 
3143309812059 3143309251553 3307 
3143309812059 3143305998220 3854 
3143309812059 3143309690905 4906 
3143309812059 3143307608756 7610 
3143309812059 3143306409911 7238 
3143309812059 3143307780907 3695 
3143309812059 3143309936424 5456 
3143309812059 3143309812075 2503 
3143309812059 3143306301304 3073 
3143309812059 3143303688100 3125 
3143309812059 3143303180115 1966 
3143309812059 3143305302854 3582 
3143309812059 3143302219212 3454 
3143309812059 3143302149958 2152 
3143309812059 3143307951345 4898 
3143309812059 3143302219077 4149 
3143309812059 3143302219344 4231 
3143309812059 3143307607660 4167 
3143309812059 3143302150069 5794 
3143309812059 3143307809131 7573 
3143309812059 3143300186252 4817 
3143309812059 3143304701852 2420 
3143309812059 3143307836619 4274 
3143309812059 3143305212545 5307 
3143309812059 3143302150077 7610 
3143309812059 3143302150034 6086 
3143309812059 3143302219409 43841 
3143309812059 3143305212529 24427 
3143309812059 3143302219379 43841 
3143309812059 CLU_3233 28646 
3143309812059 CLU_6117 42951 
3143309812059 CLU_6299 15722 
3143309812059 CLU_6301 21246 
3143309812059 CLU_6381 19939 
3143309812059 CLU_6398 13908 
3143309812059 CLU_6409 38996 
3143309812059 CLU_6410 19765 
3143309812059 CLU_6411 15554 
3143309812059 CLU_6412 15572 
3143309812059 CLU_6414 37954 
3143309812059 CLU_6415 43950 
3143309812059 CLU_6417 59028 
3143305305063 3143309772235 2296 
3143305305063 3143309772251 1153 
3143305305063 3143309812059 3033 
3143305305063 3143305305063 0 
3143305305063 3143307781067 1219 
3143305305063 3143309132481 1936 
3143305305063 3143307831331 2058 
3143305305063 3143300659134 3274 
3143305305063 3143303180158 4170 
3143305305063 3143307821506 3926 
3143305305063 3143302150107 6885 
3143305305063 3143309775978 3926 
3143305305063 3143302219107 6698 
3143305305063 3143302219352 3184 
3143305305063 3143303180182 1423 
3143305305063 3143302150042 1137 
3143305305063 3143302219085 1675 
3143305305063 3143309812032 3070 
3143305305063 3143302149915 3749 
3143305305063 3143307299079 2917 
3143305305063 3143302150018 3954 
3143305305063 3143302218984 3206 
3143305305063 3143306065295 4108 
3143305305063 3143302219069 5880 
3143305305063 3143306629296 3683 
3143305305063 3143302149923 3712 
3143305305063 3143306065341 4691 
3143305305063 3143306329705 4287 
3143305305063 3143306297943 9939 
3143305305063 3143307780621 4332 
3143305305063 3143303180166 3926 
3143305305063 3143302149893 1788 
3143305305063 3143302150026 4403 
3143305305063 3143300550108 4462 
3143305305063 3143303413578 22555 
3143305305063 3143306329632 7306 
3143305305063 3143305212588 10843 
3143305305063 3143309812083 2367 
3143305305063 3143306023282 1768 
3143305305063 3143302218968 5067 
3143305305063 3143309772227 1936 
3143305305063 3143302203480 3420 
3143305305063 3143302150085 2917 
3143305305063 3143300211826 6590 
3143305305063 3143302149931 4083 
3143305305063 3143309352511 2616 
3143305305063 3143309251553 2168 
3143305305063 3143305998220 2189 
3143305305063 3143309690905 3513 
3143305305063 3143307608756 4616 
3143305305063 3143306409911 4462 
3143305305063 3143307780907 5895 
3143305305063 3143309936424 4263 
3143305305063 3143309812075 3027 
3143305305063 3143306301304 2367 
3143305305063 3143303688100 3833 
3143305305063 3143303180115 1153 
3143305305063 3143305302854 742 
3143305305063 3143302219212 678 
3143305305063 3143302149958 5075 
3143305305063 3143307951345 3931 
3143305305063 3143302219077 3355 
3143305305063 3143302219344 5880 
3143305305063 3143307607660 6885 
3143305305063 3143302150069 2808 
3143305305063 3143307809131 5636 
3143305305063 3143300186252 6949 
3143305305063 3143304701852 2611 
3143305305063 3143307836619 3070 
3143305305063 3143305212545 5604 
3143305305063 3143302150077 4616 
3143305305063 3143302150034 3194 
3143305305063 3143302219409 46868 
3143305305063 3143305212529 27284 
3143305305063 3143302219379 46868 
3143305305063 CLU_3233 31609 
3143305305063 CLU_6117 45693 
3143305305063 CLU_6299 18444 
3143305305063 CLU_6301 18293 
3143305305063 CLU_6381 17034 
3143305305063 CLU_6398 14892 
3143305305063 CLU_6409 41790 
3143305305063 CLU_6410 22798 
3143305305063 CLU_6411 18482 
3143305305063 CLU_6412 18485 
3143305305063 CLU_6414 40985 
3143305305063 CLU_6415 46814 
3143305305063 CLU_6417 61965 
3143307781067 3143309772235 3250 
3143307781067 3143309772251 1893 
3143307781067 3143309812059 3845 
3143307781067 3143305305063 1219 
3143307781067 3143307781067 0 
3143307781067 3143309132481 922 
3143307781067 3143307831331 1151 
3143307781067 3143300659134 2859 
3143307781067 3143303180158 4523 
3143307781067 3143307821506 4461 
3143307781067 3143302150107 7270 
3143307781067 3143309775978 4461 
3143307781067 3143302219107 7616 
3143307781067 3143302219352 4175 
3143307781067 3143303180182 2220 
3143307781067 3143302150042 1422 
3143307781067 3143302219085 1650 
3143307781067 3143309812032 2182 
3143307781067 3143302149915 2576 
3143307781067 3143307299079 3284 
3143307781067 3143302150018 3469 
3143307781067 3143302218984 2399 
3143307781067 3143306065295 2889 
3143307781067 3143302219069 7074 
3143307781067 3143306629296 2958 
3143307781067 3143302149923 2618 
3143307781067 3143306065341 3685 
3143307781067 3143306329705 3068 
3143307781067 3143306297943 8850 
3143307781067 3143307780621 4517 
3143307781067 3143303180166 4461 
3143307781067 3143302149893 1171 
3143307781067 3143302150026 5509 
3143307781067 3143300550108 3404 
3143307781067 3143303413578 21403 
3143307781067 3143306329632 8277 
3143307781067 3143305212588 11343 
3143307781067 3143309812083 1956 
3143307781067 3143306023282 2948 
3143307781067 3143302218968 5527 
3143307781067 3143309772227 922 
3143307781067 3143302203480 4618 
3143307781067 3143302150085 3284 
3143307781067 3143300211826 7760 
3143307781067 3143302149931 5264 
3143307781067 3143309352511 1406 
3143307781067 3143309251553 3337 
3143307781067 3143305998220 3244 
3143307781067 3143309690905 4511 
3143307781067 3143307608756 3842 
3143307781067 3143306409911 3404 
3143307781067 3143307780907 7024 
3143307781067 3143309936424 5268 
3143307781067 3143309812075 2953 
3143307781067 3143306301304 1956 
3143307781067 3143303688100 3625 
3143307781067 3143303180115 1893 
3143307781067 3143305302854 1566 
3143307781067 3143302219212 541 
3143307781067 3143302149958 5982 
3143307781067 3143307951345 3018 
3143307781067 3143302219077 4493 
3143307781067 3143302219344 7074 
3143307781067 3143307607660 7270 
3143307781067 3143302150069 2063 
3143307781067 3143307809131 4422 
3143307781067 3143300186252 8101 
3143307781067 3143304701852 2550 
3143307781067 3143307836619 2182 
3143307781067 3143305212545 6801 
3143307781067 3143302150077 3842 
3143307781067 3143302150034 3233 
3143307781067 3143302219409 47614 
3143307781067 3143305212529 28258 
3143307781067 3143302219379 47614 
3143307781067 CLU_3233 32084 
3143307781067 CLU_6117 45903 
3143307781067 CLU_6299 19485 
3143307781067 CLU_6301 17407 
3143307781067 CLU_6381 16094 
3143307781067 CLU_6398 16097 
3143307781067 CLU_6409 42051 
3143307781067 CLU_6410 23513 
3143307781067 CLU_6411 18930 
3143307781067 CLU_6412 18913 
3143307781067 CLU_6414 41709 
3143307781067 CLU_6415 47784 
3143307781067 CLU_6417 62873 
3143309132481 3143309772235 3494 
3143309132481 3143309772251 2148 
3143309132481 3143309812059 3920 
3143309132481 3143305305063 1936 
3143309132481 3143307781067 922 
3143309132481 3143309132481 0 
3143309132481 3143307831331 274 
3143309132481 3143300659134 2112 
3143309132481 3143303180158 4190 
3143309132481 3143307821506 4270 
3143309132481 3143302150107 6883 
3143309132481 3143309775978 4270 
3143309132481 3143302219107 7684 
3143309132481 3143302219352 4406 
3143309132481 3143303180182 3119 
3143309132481 3143302150042 2345 
3143309132481 3143302219085 2542 
3143309132481 3143309812032 1261 
3143309132481 3143302149915 1859 
3143309132481 3143307299079 4194 
3143309132481 3143302150018 4087 
3143309132481 3143302218984 2848 
3143309132481 3143306065295 2455 
3143309132481 3143302219069 7554 
3143309132481 3143306629296 3433 
3143309132481 3143302149923 2664 
3143309132481 3143306065341 3809 
3143309132481 3143306329705 2553 
3143309132481 3143306297943 8731 
3143309132481 3143307780621 4064 
3143309132481 3143303180166 4270 
3143309132481 3143302149893 1931 
3143309132481 3143302150026 6332 
3143309132481 3143300550108 3459 
3143309132481 3143303413578 20622 
3143309132481 3143306329632 8395 
3143309132481 3143305212588 12248 
3143309132481 3143309812083 1317 
3143309132481 3143306023282 3472 
3143309132481 3143302218968 5235 
3143309132481 3143309772227 0 
3143309132481 3143302203480 5136 
3143309132481 3143302150085 4194 
3143309132481 3143300211826 8176 
3143309132481 3143302149931 5732 
3143309132481 3143309352511 1257 
3143309132481 3143309251553 4104 
3143309132481 3143305998220 4087 
3143309132481 3143309690905 5383 
3143309132481 3143307608756 4226 
3143309132481 3143306409911 3459 
3143309132481 3143307780907 7372 
3143309132481 3143309936424 6140 
3143309132481 3143309812075 2423 
3143309132481 3143306301304 1317 
3143309132481 3143303688100 2958 
3143309132481 3143303180115 2148 
3143309132481 3143305302854 2439 
3143309132481 3143302219212 1329 
3143309132481 3143302149958 6068 
3143309132481 3143307951345 2097 
3143309132481 3143302219077 5290 
3143309132481 3143302219344 7554 
3143309132481 3143307607660 6883 
3143309132481 3143302150069 2603 
3143309132481 3143307809131 3823 
3143309132481 3143300186252 8477 
3143309132481 3143304701852 2076 
3143309132481 3143307836619 1261 
3143309132481 3143305212545 7521 
3143309132481 3143302150077 4226 
3143309132481 3143302150034 4081 
3143309132481 3143302219409 47416 
3143309132481 3143305212529 28314 
3143309132481 3143302219379 47416 
3143309132481 CLU_3233 31672 
3143309132481 CLU_6117 45310 
3143309132481 CLU_6299 19642 
3143309132481 CLU_6301 17526 
3143309132481 CLU_6381 16153 
3143309132481 CLU_6398 16787 
3143309132481 CLU_6409 41489 
3143309132481 CLU_6410 23307 
3143309132481 CLU_6411 18517 
3143309132481 CLU_6412 18486 
3143309132481 CLU_6414 41494 
3143309132481 CLU_6415 47826 
3143309132481 CLU_6417 62838 
3143307831331 3143309772235 3434 
3143307831331 3143309772251 2121 
3143307831331 3143309812059 3806 
3143307831331 3143305305063 2058 
3143307831331 3143307781067 1151 
3143307831331 3143309132481 274 
3143307831331 3143307831331 0 
3143307831331 3143300659134 1839 
3143307831331 3143303180158 3974 
3143307831331 3143307821506 4086 
3143307831331 3143302150107 6649 
3143307831331 3143309775978 4086 
3143307831331 3143302219107 7550 
3143307831331 3143302219352 4332 
3143307831331 3143303180182 3307 
3143307831331 3143302150042 2566 
3143307831331 3143302219085 2791 
3143307831331 3143309812032 1044 
3143307831331 3143302149915 1855 
3143307831331 3143307299079 4435 
3143307831331 3143302150018 4360 
3143307831331 3143302218984 3114 
3143307831331 3143306065295 2556 
3143307831331 3143302219069 7544 
3143307831331 3143306629296 3700 
3143307831331 3143302149923 2881 
3143307831331 3143306065341 4029 
3143307831331 3143306329705 2623 
3143307831331 3143306297943 8884 
3143307831331 3143307780621 3825 
3143307831331 3143303180166 4086 
3143307831331 3143302149893 2200 
3143307831331 3143302150026 6462 
3143307831331 3143300550108 3670 
3143307831331 3143303413578 20532 
3143307831331 3143306329632 8274 
3143307831331 3143305212588 12493 
3143307831331 3143309812083 1067 
3143307831331 3143306023282 3500 
3143307831331 3143302218968 5024 
3143307831331 3143309772227 274 
3143307831331 3143302203480 5147 
3143307831331 3143302150085 4435 
3143307831331 3143300211826 8142 
3143307831331 3143302149931 5724 
3143307831331 3143309352511 1475 
3143307831331 3143309251553 4216 
3143307831331 3143305998220 4236 
3143307831331 3143309690905 5545 
3143307831331 3143307608756 4481 
3143307831331 3143306409911 3670 
3143307831331 3143307780907 7319 
3143307831331 3143309936424 6300 
3143307831331 3143309812075 2179 
3143307831331 3143306301304 1067 
3143307831331 3143303688100 2691 
3143307831331 3143303180115 2121 
3143307831331 3143305302854 2615 
3143307831331 3143302219212 1499 
3143307831331 3143302149958 5944 
3143307831331 3143307951345 1899 
3143307831331 3143302219077 5410 
3143307831331 3143302219344 7544 
3143307831331 3143307607660 6649 
3143307831331 3143302150069 2875 
3143307831331 3143307809131 3843 
3143307831331 3143300186252 8431 
3143307831331 3143304701852 1849 
3143307831331 3143307836619 1044 
3143307831331 3143305212545 7600 
3143307831331 3143302150077 4481 
3143307831331 3143302150034 4344 
3143307831331 3143302219409 47208 
3143307831331 3143305212529 28164 
3143307831331 3143302219379 47208 
3143307831331 CLU_3233 31427 
3143307831331 CLU_6117 45042 
3143307831331 CLU_6299 19522 
3143307831331 CLU_6301 17726 
3143307831331 CLU_6381 16341 
3143307831331 CLU_6398 16844 
3143307831331 CLU_6409 41225 
3143307831331 CLU_6410 23099 
3143307831331 CLU_6411 18274 
3143307831331 CLU_6412 18240 
3143307831331 CLU_6414 41283 
3143307831331 CLU_6415 47671 
3143307831331 CLU_6417 62664 
3143300659134 3143309772235 3410 
3143300659134 3143309772251 2611 
3143300659134 3143309812059 3348 
3143300659134 3143305305063 3274 
3143300659134 3143307781067 2859 
3143300659134 3143309132481 2112 
3143300659134 3143307831331 1839 
3143300659134 3143300659134 0 
3143300659134 3143303180158 2642 
3143300659134 3143307821506 3023 
3143300659134 3143302150107 5067 
3143300659134 3143309775978 3023 
3143300659134 3143302219107 6696 
3143300659134 3143302219352 4097 
3143300659134 3143303180182 4692 
3143300659134 3143302150042 4144 
3143300659134 3143302219085 4488 
3143300659134 3143309812032 1382 
3143300659134 3143302149915 2815 
3143300659134 3143307299079 6058 
3143300659134 3143302150018 6200 
3143300659134 3143302218984 4944 
3143300659134 3143306065295 3831 
3143300659134 3143302219069 7542 
3143300659134 3143306629296 5529 
3143300659134 3143302149923 4567 
3143300659134 3143306065341 5703 
3143300659134 3143306329705 3760 
3143300659134 3143306297943 10177 
3143300659134 3143307780621 2283 
3143300659134 3143303180166 3023 
3143300659134 3143302149893 3999 
3143300659134 3143302150026 7396 
3143300659134 3143300550108 5314 
3143300659134 3143303413578 20198 
3143300659134 3143306329632 7485 
3143300659134 3143305212588 14086 
3143300659134 3143309812083 928 
3143300659134 3143306023282 4014 
3143300659134 3143302218968 3666 
3143300659134 3143309772227 2112 
3143300659134 3143302203480 5407 
3143300659134 3143302150085 6058 
3143300659134 3143300211826 7969 
3143300659134 3143302149931 5819 
3143300659134 3143309352511 3216 
3143300659134 3143309251553 5143 
3143300659134 3143305998220 5365 
3143300659134 3143309690905 6692 
3143300659134 3143307608756 6278 
3143300659134 3143306409911 5314 
3143300659134 3143307780907 7040 
3143300659134 3143309936424 7417 
3143300659134 3143309812075 868 
3143300659134 3143306301304 928 
3143300659134 3143303688100 897 
3143300659134 3143303180115 2611 
3143300659134 3143305302854 3990 
3143300659134 3143302219212 2988 
3143300659134 3143302149958 5224 
3143300659134 3143307951345 1653 
3143300659134 3143302219077 6319 
3143300659134 3143302219344 7542 
3143300659134 3143307607660 5067 
3143300659134 3143302150069 4714 
3143300659134 3143307809131 4597 
3143300659134 3143300186252 8160 
3143300659134 3143304701852 969 
3143300659134 3143307836619 1382 
3143300659134 3143305212545 8181 
3143300659134 3143302150077 6278 
3143300659134 3143302150034 6088 
3143300659134 3143302219409 45711 
3143300659134 3143305212529 27054 
3143300659134 3143302219379 45711 
3143300659134 CLU_3233 29716 
3143300659134 CLU_6117 43217 
3143300659134 CLU_6299 18622 
3143300659134 CLU_6301 19228 
3143300659134 CLU_6381 17782 
3143300659134 CLU_6398 17160 
3143300659134 CLU_6409 39413 
3143300659134 CLU_6410 21620 
3143300659134 CLU_6411 16576 
3143300659134 CLU_6412 16529 
3143300659134 CLU_6414 39768 
3143300659134 CLU_6415 46506 
3143300659134 CLU_6417 61374 
3143303180158 3143309772235 2598 
3143303180158 3143309772251 3027 
3143303180158 3143309812059 1898 
3143303180158 3143305305063 4170 
3143303180158 3143307781067 4523 
3143303180158 3143309132481 4190 
3143303180158 3143307831331 3974 
3143303180158 3143300659134 2642 
3143303180158 3143303180158 0 
3143303180158 3143307821506 700 
3143303180158 3143302150107 2750 
3143303180158 3143309775978 700 
3143303180158 3143302219107 4165 
3143303180158 3143302219352 2649 
3143303180158 3143303180182 5419 
3143303180158 3143302150042 5300 
3143303180158 3143302219085 5811 
3143303180158 3143309812032 3959 
3143303180158 3143302149915 5408 
3143303180158 3143307299079 7026 
3143303180158 3143302150018 7963 
3143303180158 3143302218984 6911 
3143303180158 3143306065295 6369 
3143303180158 3143302219069 5809 
3143303180158 3143306629296 7479 
3143303180158 3143302149923 6853 
3143303180158 3143306065341 7999 
3143303180158 3143306329705 6340 
3143303180158 3143306297943 12752 
3143303180158 3143307780621 623 
3143303180158 3143303180166 700 
3143303180158 3143302149893 5651 
3143303180158 3143302150026 6989 
3143303180158 3143300550108 7644 
3143303180158 3143303413578 22235 
3143303180158 3143306329632 4976 
3143303180158 3143305212588 14595 
3143303180158 3143309812083 2940 
3143303180158 3143306023282 3686 
3143303180158 3143302218968 1054 
3143303180158 3143309772227 4190 
3143303180158 3143302203480 4312 
3143303180158 3143302150085 7026 
3143303180158 3143300211826 6003 
3143303180158 3143302149931 4416 
3143303180158 3143309352511 5445 
3143303180158 3143309251553 5074 
3143303180158 3143305998220 5555 
3143303180158 3143309690905 6711 
3143303180158 3143307608756 8344 
3143303180158 3143306409911 7644 
3143303180158 3143307780907 5019 
3143303180158 3143309936424 7304 
3143303180158 3143309812075 1873 
3143303180158 3143306301304 2940 
3143303180158 3143303688100 1958 
3143303180158 3143303180115 3027 
3143303180158 3143305302854 4865 
3143303180158 3143302219212 4326 
3143303180158 3143302149958 2884 
3143303180158 3143307951345 4281 
3143303180158 3143302219077 6011 
3143303180158 3143302219344 5809 
3143303180158 3143307607660 2750 
3143303180158 3143302150069 6587 
3143303180158 3143307809131 7239 
3143303180158 3143300186252 6077 
3143303180158 3143304701852 2129 
3143303180158 3143307836619 3959 
3143303180158 3143305212545 7170 
3143303180158 3143302150077 8344 
3143303180158 3143302150034 7364 
3143303180158 3143302219409 43235 
3143303180158 3143305212529 24413 
3143303180158 3143302219379 43235 
3143303180158 CLU_3233 27560 
3143303180158 CLU_6117 41523 
3143303180158 CLU_6299 16003 
3143303180158 CLU_6301 21695 
3143303180158 CLU_6381 20292 
3143303180158 CLU_6398 15475 
3143303180158 CLU_6409 37624 
3143303180158 CLU_6410 19127 
3143303180158 CLU_6411 14408 
3143303180158 CLU_6412 14394 
3143303180158 CLU_6414 37308 
3143303180158 CLU_6415 43872 
3143303180158 CLU_6417 58773 
3143307821506 3143309772235 2069 
3143307821506 3143309772251 2774 
3143307821506 3143309812059 1284 
3143307821506 3143305305063 3926 
3143307821506 3143307781067 4461 
3143307821506 3143309132481 4270 
3143307821506 3143307831331 4086 
3143307821506 3143300659134 3023 
3143307821506 3143303180158 700 
3143307821506 3143307821506 0 
3143307821506 3143302150107 2989 
3143307821506 3143309775978 0 
3143307821506 3143302219107 3673 
3143307821506 3143302219352 1982 
3143307821506 3143303180182 5070 
3143307821506 3143302150042 5062 
3143307821506 3143302219085 5598 
3143307821506 3143309812032 4243 
3143307821506 3143302149915 5673 
3143307821506 3143307299079 6690 
3143307821506 3143302150018 7826 
3143307821506 3143302218984 6860 
3143307821506 3143306065295 6578 
3143307821506 3143302219069 5111 
3143307821506 3143306629296 7411 
3143307821506 3143302149923 6923 
3143307821506 3143306065341 8056 
3143307821506 3143306329705 6581 
3143307821506 3143306297943 12954 
3143307821506 3143307780621 1314 
3143307821506 3143303180166 0 
3143307821506 3143302149893 5534 
3143307821506 3143302150026 6382 
3143307821506 3143300550108 7722 
3143307821506 3143303413578 22867 
3143307821506 3143306329632 4468 
3143307821506 3143305212588 14091 
3143307821506 3143309812083 3123 
3143307821506 3143306023282 3181 
3143307821506 3143302218968 1155 
3143307821506 3143309772227 4270 
3143307821506 3143302203480 3651 
3143307821506 3143302150085 6690 
3143307821506 3143300211826 5325 
3143307821506 3143302149931 3725 
3143307821506 3143309352511 5524 
3143307821506 3143309251553 4563 
3143307821506 3143305998220 5082 
3143307821506 3143309690905 6178 
3143307821506 3143307608756 8304 
3143307821506 3143306409911 7722 
3143307821506 3143307780907 4344 
3143307821506 3143309936424 6740 
3143307821506 3143309812075 2176 
3143307821506 3143306301304 3123 
3143307821506 3143303688100 2478 
3143307821506 3143303180115 2774 
3143307821506 3143305302854 4576 
3143307821506 3143302219212 4187 
3143307821506 3143302149958 2269 
3143307821506 3143307951345 4676 
3143307821506 3143302219077 5433 
3143307821506 3143302219344 5111 
3143307821506 3143307607660 2989 
3143307821506 3143302150069 6511 
3143307821506 3143307809131 7573 
3143307821506 3143300186252 5416 
3143307821506 3143304701852 2319 
3143307821506 3143307836619 4243 
3143307821506 3143305212545 6492 
3143307821506 3143302150077 8304 
3143307821506 3143302150034 7098 
3143307821506 3143302219409 43170 
3143307821506 3143305212529 24125 
3143307821506 3143302219379 43170 
3143307821506 CLU_3233 27691 
3143307821506 CLU_6117 41821 
3143307821506 CLU_6299 15611 
3143307821506 CLU_6301 21792 
3143307821506 CLU_6381 20424 
3143307821506 CLU_6398 14784 
3143307821506 CLU_6409 37893 
3143307821506 CLU_6410 19064 
3143307821506 CLU_6411 14557 
3143307821506 CLU_6412 14559 
3143307821506 CLU_6414 37258 
3143307821506 CLU_6415 43614 
3143307821506 CLU_6417 58579 
3143302150107 3143309772235 5007 
3143302150107 3143309772251 5733 
3143302150107 3143309812059 4167 
3143302150107 3143305305063 6885 
3143302150107 3143307781067 7270 
3143302150107 3143309132481 6883 
3143302150107 3143307831331 6649 
3143302150107 3143300659134 5067 
3143302150107 3143303180158 2750 
3143302150107 3143307821506 2989 
3143302150107 3143302150107 0 
3143302150107 3143309775978 2989 
3143302150107 3143302219107 3730 
3143302150107 3143302219352 4640 
3143302150107 3143303180182 8059 
3143302150107 3143302150042 8022 
3143302150107 3143302219085 8544 
3143302150107 3143309812032 6449 
3143302150107 3143302149915 7875 
3143302150107 3143307299079 9679 
3143302150107 3143302150018 10713 
3143302150107 3143302218984 9650 
3143302150107 3143306065295 8898 
3143302150107 3143302219069 6775 
3143302150107 3143306629296 10222 
3143302150107 3143302149923 9527 
3143302150107 3143306065341 10675 
3143302150107 3143306329705 8822 
3143302150107 3143306297943 15226 
3143302150107 3143307780621 2828 
3143302150107 3143303180166 2989 
3143302150107 3143302149893 8401 
3143302150107 3143302150026 9056 
3143302150107 3143300550108 10306 
3143302150107 3143303413578 22995 
3143302150107 3143306329632 4440 
3143302150107 3143305212588 16951 
3143302150107 3143309812083 5587 
3143302150107 3143306023282 6115 
3143302150107 3143302218968 1833 
3143302150107 3143309772227 6883 
3143302150107 3143302203480 6188 
3143302150107 3143302150085 9679 
3143302150107 3143300211826 6595 
3143302150107 3143302149931 6000 
3143302150107 3143309352511 8124 
3143302150107 3143309251553 7467 
3143302150107 3143305998220 8021 
3143302150107 3143309690905 9033 
3143302150107 3143307608756 11077 
3143302150107 3143306409911 10306 
3143302150107 3143307780907 5684 
3143302150107 3143309936424 9525 
3143302150107 3143309812075 4475 
3143302150107 3143306301304 5587 
3143302150107 3143303688100 4198 
3143302150107 3143303180115 5733 
3143302150107 3143305302854 7555 
3143302150107 3143302219212 7074 
3143302150107 3143302149958 3553 
3143302150107 3143307951345 6551 
3143302150107 3143302219077 8208 
3143302150107 3143302219344 6775 
3143302150107 3143307607660 0 
3143302150107 3143302150069 9332 
3143302150107 3143307809131 9530 
3143302150107 3143300186252 6454 
3143302150107 3143304701852 4806 
3143302150107 3143307836619 6449 
3143302150107 3143305212545 8768 
3143302150107 3143302150077 11077 
3143302150107 3143302150034 10073 
3143302150107 3143302219409 40644 
3143302150107 3143305212529 22317 
3143302150107 3143302219379 40644 
3143302150107 CLU_3233 24814 
3143302150107 CLU_6117 38832 
3143302150107 CLU_6299 14322 
3143302150107 CLU_6301 24293 
3143302150107 CLU_6381 22848 
3143302150107 CLU_6398 15907 
3143302150107 CLU_6409 34909 
3143302150107 CLU_6410 16558 
3143302150107 CLU_6411 11660 
3143302150107 CLU_6412 11644 
3143302150107 CLU_6414 34701 
3143302150107 CLU_6415 41658 
3143302150107 CLU_6417 56399 
3143309775978 3143309772235 2069 
3143309775978 3143309772251 2774 
3143309775978 3143309812059 1284 
3143309775978 3143305305063 3926 
3143309775978 3143307781067 4461 
3143309775978 3143309132481 4270 
3143309775978 3143307831331 4086 
3143309775978 3143300659134 3023 
3143309775978 3143303180158 700 
3143309775978 3143307821506 0 
3143309775978 3143302150107 2989 
3143309775978 3143309775978 0 
3143309775978 3143302219107 3673 
3143309775978 3143302219352 1982 
3143309775978 3143303180182 5070 
3143309775978 3143302150042 5062 
3143309775978 3143302219085 5598 
3143309775978 3143309812032 4243 
3143309775978 3143302149915 5673 
3143309775978 3143307299079 6690 
3143309775978 3143302150018 7826 
3143309775978 3143302218984 6860 
3143309775978 3143306065295 6578 
3143309775978 3143302219069 5111 
3143309775978 3143306629296 7411 
3143309775978 3143302149923 6923 
3143309775978 3143306065341 8056 
3143309775978 3143306329705 6581 
3143309775978 3143306297943 12954 
3143309775978 3143307780621 1314 
3143309775978 3143303180166 0 
3143309775978 3143302149893 5534 
3143309775978 3143302150026 6382 
3143309775978 3143300550108 7722 
3143309775978 3143303413578 22867 
3143309775978 3143306329632 4468 
3143309775978 3143305212588 14091 
3143309775978 3143309812083 3123 
3143309775978 3143306023282 3181 
3143309775978 3143302218968 1155 
3143309775978 3143309772227 4270 
3143309775978 3143302203480 3651 
3143309775978 3143302150085 6690 
3143309775978 3143300211826 5325 
3143309775978 3143302149931 3725 
3143309775978 3143309352511 5524 
3143309775978 3143309251553 4563 
3143309775978 3143305998220 5082 
3143309775978 3143309690905 6178 
3143309775978 3143307608756 8304 
3143309775978 3143306409911 7722 
3143309775978 3143307780907 4344 
3143309775978 3143309936424 6740 
3143309775978 3143309812075 2176 
3143309775978 3143306301304 3123 
3143309775978 3143303688100 2478 
3143309775978 3143303180115 2774 
3143309775978 3143305302854 4576 
3143309775978 3143302219212 4187 
3143309775978 3143302149958 2269 
3143309775978 3143307951345 4676 
3143309775978 3143302219077 5433 
3143309775978 3143302219344 5111 
3143309775978 3143307607660 2989 
3143309775978 3143302150069 6511 
3143309775978 3143307809131 7573 
3143309775978 3143300186252 5416 
3143309775978 3143304701852 2319 
3143309775978 3143307836619 4243 
3143309775978 3143305212545 6492 
3143309775978 3143302150077 8304 
3143309775978 3143302150034 7098 
3143309775978 3143302219409 43170 
3143309775978 3143305212529 24125 
3143309775978 3143302219379 43170 
3143309775978 CLU_3233 27691 
3143309775978 CLU_6117 41821 
3143309775978 CLU_6299 15611 
3143309775978 CLU_6301 21792 
3143309775978 CLU_6381 20424 
3143309775978 CLU_6398 14784 
3143309775978 CLU_6409 37893 
3143309775978 CLU_6410 19064 
3143309775978 CLU_6411 14557 
3143309775978 CLU_6412 14559 
3143309775978 CLU_6414 37258 
3143309775978 CLU_6415 43614 
3143309775978 CLU_6417 58579 
3143302219107 3143309772235 4406 
3143302219107 3143309772251 5724 
3143302219107 3143309812059 3781 
3143302219107 3143305305063 6698 
3143302219107 3143307781067 7616 
3143302219107 3143309132481 7684 
3143302219107 3143307831331 7550 
3143302219107 3143300659134 6696 
3143302219107 3143303180158 4165 
3143302219107 3143307821506 3673 
3143302219107 3143302150107 3730 
3143302219107 3143309775978 3673 
3143302219107 3143302219107 0 
3143302219107 3143302219352 3522 
3143302219107 3143303180182 7319 
3143302219107 3143302150042 7707 
3143302219107 3143302219085 8267 
3143302219107 3143309812032 7870 
3143302219107 3143302149915 9267 
3143302219107 3143307299079 8806 
3143302219107 3143302150018 10583 
3143302219107 3143302218984 9897 
3143302219107 3143306065295 10102 
3143302219107 3143302219069 3523 
3143302219107 3143306629296 10382 
3143302219107 3143302149923 10222 
3143302219107 3143306065341 11301 
3143302219107 3143306329705 10142 
3143302219107 3143306297943 16408 
3143302219107 3143307780621 4725 
3143302219107 3143303180166 3673 
3143302219107 3143302149893 8484 
3143302219107 3143302150026 6833 
3143302219107 3143300550108 11016 
3143302219107 3143303413578 26264 
3143302219107 3143306329632 817 
3143302219107 3143305212588 14820 
3143302219107 3143309812083 6701 
3143302219107 3143306023282 5158 
3143302219107 3143302218968 3392 
3143302219107 3143309772227 7684 
3143302219107 3143302203480 4205 
3143302219107 3143302150085 8806 
3143302219107 3143300211826 3071 
3143302219107 3143302149931 3651 
3143302219107 3143309352511 8882 
3143302219107 3143309251553 6113 
3143302219107 3143305998220 6747 
3143302219107 3143309690905 7287 
3143302219107 3143307608756 11315 
3143302219107 3143306409911 11016 
3143302219107 3143307780907 2353 
3143302219107 3143309936424 7522 
3143302219107 3143309812075 5842 
3143302219107 3143306301304 6701 
3143302219107 3143303688100 6115 
3143302219107 3143303180115 5724 
3143302219107 3143305302854 7112 
3143302219107 3143302219212 7196 
3143302219107 3143302149958 1633 
3143302219107 3143307951345 8347 
3143302219107 3143302219077 6327 
3143302219107 3143302219344 3523 
3143302219107 3143307607660 3730 
3143302219107 3143302150069 9504 
3143302219107 3143307809131 11209 
3143302219107 3143300186252 2821 
3143302219107 3143304701852 5934 
3143302219107 3143307836619 7870 
3143302219107 3143305212545 5922 
3143302219107 3143302150077 11315 
3143302219107 3143302150034 9463 
3143302219107 3143302219409 40253 
3143302219107 3143305212529 20647 
3143302219107 3143302219379 40253 
3143302219107 CLU_3233 25610 
3143302219107 CLU_6117 40489 
3143302219107 CLU_6299 11982 
3143302219107 CLU_6301 24987 
3143302219107 CLU_6381 23704 
3143302219107 CLU_6398 12181 
3143302219107 CLU_6409 36423 
3143302219107 CLU_6410 16266 
3143302219107 CLU_6411 12776 
3143302219107 CLU_6412 12855 
3143302219107 CLU_6414 34402 
3143302219107 CLU_6415 40170 
3143302219107 CLU_6417 55272 
3143302219352 3143309772235 926 
3143302219352 3143309772251 2297 
3143302219352 3143309812059 812 
3143302219352 3143305305063 3184 
3143302219352 3143307781067 4175 
3143302219352 3143309132481 4406 
3143302219352 3143307831331 4332 
3143302219352 3143300659134 4097 
3143302219352 3143303180158 2649 
3143302219352 3143307821506 1982 
3143302219352 3143302150107 4640 
3143302219352 3143309775978 1982 
3143302219352 3143302219107 3522 
3143302219352 3143302219352 0 
3143302219352 3143303180182 3859 
3143302219352 3143302150042 4187 
3143302219352 3143302219085 4748 
3143302219352 3143309812032 4917 
3143302219352 3143302149915 6167 
3143302219352 3143307299079 5419 
3143302219352 3143302150018 7065 
3143302219352 3143302218984 6389 
3143302219352 3143306065295 6860 
3143302219352 3143302219069 3447 
3143302219352 3143306629296 6864 
3143302219352 3143302149923 6793 
3143302219352 3143306065341 7837 
3143302219352 3143306329705 6952 
3143302219352 3143306297943 13024 
3143302219352 3143307780621 3208 
3143302219352 3143303180166 1982 
3143302219352 3143302149893 4972 
3143302219352 3143302150026 4451 
3143302219352 3143300550108 7574 
3143302219352 3143303413578 24292 
3143302219352 3143306329632 4124 
3143302219352 3143305212588 12313 
3143302219352 3143309812083 3723 
3143302219352 3143306023282 1692 
3143302219352 3143302218968 2933 
3143302219352 3143309772227 4406 
3143302219352 3143302203480 1668 
3143302219352 3143302150085 5419 
3143302219352 3143300211826 3893 
3143302219352 3143302149931 1815 
3143302219352 3143309352511 5516 
3143302219352 3143309251553 2899 
3143302219352 3143305998220 3501 
3143302219352 3143309690905 4403 
3143302219352 3143307608756 7798 
3143302219352 3143306409911 7574 
3143302219352 3143307780907 3008 
3143302219352 3143309936424 4885 
3143302219352 3143309812075 3273 
3143302219352 3143306301304 3723 
3143302219352 3143303688100 3928 
3143302219352 3143303180115 2297 
3143302219352 3143305302854 3596 
3143302219352 3143302219212 3717 
3143302219352 3143302149958 1921 
3143302219352 3143307951345 5594 
3143302219352 3143302219077 3567 
3143302219352 3143302219344 3447 
3143302219352 3143307607660 4640 
3143302219352 3143302150069 5992 
3143302219352 3143307809131 8159 
3143302219352 3143300186252 4131 
3143302219352 3143304701852 3144 
3143302219352 3143307836619 4917 
3143302219352 3143305212545 4522 
3143302219352 3143302150077 7798 
3143302219352 3143302150034 6008 
3143302219352 3143302219409 43750 
3143302219352 3143305212529 24108 
3143302219352 3143302219379 43750 
3143302219352 CLU_3233 28795 
3143302219352 CLU_6117 43274 
3143302219352 CLU_6299 15310 
3143302219352 CLU_6301 21477 
3143302219352 CLU_6381 20214 
3143302219352 CLU_6398 13109 
3143302219352 CLU_6409 39288 
3143302219352 CLU_6410 19719 
3143302219352 CLU_6411 15760 
3143302219352 CLU_6412 15795 
3143302219352 CLU_6414 37885 
3143302219352 CLU_6415 43638 
3143302219352 CLU_6417 58781 
3143303180182 3143309772235 3141 
3143303180182 3143309772251 2424 
3143303180182 3143309812059 3980 
3143303180182 3143305305063 1423 
3143303180182 3143307781067 2220 
3143303180182 3143309132481 3119 
3143303180182 3143307831331 3307 
3143303180182 3143300659134 4692 
3143303180182 3143303180158 5419 
3143303180182 3143307821506 5070 
3143303180182 3143302150107 8059 
3143303180182 3143309775978 5070 
3143303180182 3143302219107 7319 
3143303180182 3143302219352 3859 
3143303180182 3143303180182 0 
3143303180182 3143302150042 913 
3143303180182 3143302219085 1248 
3143303180182 3143309812032 4351 
3143303180182 3143302149915 4746 
3143303180182 3143307299079 1620 
3143303180182 3143302150018 3370 
3143303180182 3143302218984 3135 
3143303180182 3143306065295 4834 
3143303180182 3143302219069 5775 
3143303180182 3143306629296 3431 
3143303180182 3143302149923 4030 
3143303180182 3143306065341 4761 
3143303180182 3143306329705 5073 
3143303180182 3143306297943 10015 
3143303180182 3143307780621 5655 
3143303180182 3143303180166 5070 
3143303180182 3143302149893 1944 
3143303180182 3143302150026 3392 
3143303180182 3143300550108 4647 
3143303180182 3143303413578 23545 
3143303180182 3143306329632 7819 
3143303180182 3143305212588 9421 
3143303180182 3143309812083 3776 
3143303180182 3143306023282 2171 
3143303180182 3143302218968 6226 
3143303180182 3143309772227 3119 
3143303180182 3143302203480 3433 
3143303180182 3143302150085 1620 
3143303180182 3143300211826 6589 
3143303180182 3143302149931 4139 
3143303180182 3143309352511 3354 
3143303180182 3143309251553 1544 
3143303180182 3143305998220 1159 
3143303180182 3143309690905 2310 
3143303180182 3143307608756 4330 
3143303180182 3143306409911 4647 
3143303180182 3143307780907 6069 
3143303180182 3143309936424 3063 
3143303180182 3143309812075 4439 
3143303180182 3143306301304 3776 
3143303180182 3143303688100 5252 
3143303180182 3143303180115 2424 
3143303180182 3143305302854 708 
3143303180182 3143302219212 1810 
3143303180182 3143302149958 5769 
3143303180182 3143307951345 5206 
3143303180182 3143302219077 2474 
3143303180182 3143302219344 5775 
3143303180182 3143307607660 8059 
3143303180182 3143302150069 2737 
3143303180182 3143307809131 6448 
3143303180182 3143300186252 7012 
3143303180182 3143304701852 4027 
3143303180182 3143307836619 4351 
3143303180182 3143305212545 4899 
3143303180182 3143302150077 4330 
3143303180182 3143302150034 2149 
3143303180182 3143302219409 47572 
3143303180182 3143305212529 27657 
3143303180182 3143302219379 47572 
3143303180182 CLU_3233 32615 
3143303180182 CLU_6117 46891 
3143303180182 CLU_6299 18701 
3143303180182 CLU_6301 17905 
3143303180182 CLU_6381 16743 
3143303180182 CLU_6398 14163 
3143303180182 CLU_6409 42955 
3143303180182 CLU_6410 23568 
3143303180182 CLU_6411 19533 
3143303180182 CLU_6412 19552 
3143303180182 CLU_6414 41720 
3143303180182 CLU_6415 47171 
3143303180182 CLU_6417 62424 
3143302150042 3143309772235 3349 
3143302150042 3143309772251 2290 
3143302150042 3143309812059 4130 
3143302150042 3143305305063 1137 
3143302150042 3143307781067 1422 
3143302150042 3143309132481 2345 
3143302150042 3143307831331 2566 
3143302150042 3143300659134 4144 
3143302150042 3143303180158 5300 
3143302150042 3143307821506 5062 
3143302150042 3143302150107 8022 
3143302150042 3143309775978 5062 
3143302150042 3143302219107 7707 
3143302150042 3143302219352 4187 
3143302150042 3143303180182 913 
3143302150042 3143302150042 0 
3143302150042 3143302219085 562 
3143302150042 3143309812032 3604 
3143302150042 3143302149915 3865 
3143302150042 3143307299079 1913 
3143302150042 3143302150018 2879 
3143302150042 3143302218984 2357 
3143302150042 3143306065295 3920 
3143302150042 3143302219069 6502 
3143302150042 3143306629296 2742 
3143302150042 3143302149923 3151 
3143302150042 3143306065341 3957 
3143302150042 3143306329705 4162 
3143302150042 3143306297943 9234 
3143302150042 3143307780621 5438 
3143302150042 3143303180166 5062 
3143302150042 3143302149893 1051 
3143302150042 3143302150026 4306 
3143302150042 3143300550108 3806 
3143302150042 3143303413578 22641 
3143302150042 3143306329632 8272 
3143302150042 3143305212588 9960 
3143302150042 3143309812083 3216 
3143302150042 3143306023282 2592 
3143302150042 3143302218968 6204 
3143302150042 3143309772227 2345 
3143302150042 3143302203480 4085 
3143302150042 3143302150085 1913 
3143302150042 3143300211826 7282 
3143302150042 3143302149931 4786 
3143302150042 3143309352511 2446 
3143302150042 3143309251553 2362 
3143302150042 3143305998220 2063 
3143302150042 3143309690905 3209 
3143302150042 3143307608756 3672 
3143302150042 3143306409911 3806 
3143302150042 3143307780907 6683 
3143302150042 3143309936424 3957 
3143302150042 3143309812075 4045 
3143302150042 3143306301304 3216 
3143302150042 3143303688100 4811 
3143302150042 3143303180115 2290 
3143302150042 3143305302854 606 
3143302150042 3143302219212 1155 
3143302150042 3143302149958 6104 
3143302150042 3143307951345 4441 
3143302150042 3143302219077 3376 
3143302150042 3143302219344 6502 
3143302150042 3143307607660 8022 
3143302150042 3143302150069 1948 
3143302150042 3143307809131 5536 
3143302150042 3143300186252 7681 
3143302150042 3143304701852 3624 
3143302150042 3143307836619 3604 
3143302150042 3143305212545 5789 
3143302150042 3143302150077 3672 
3143302150042 3143302150034 2069 
3143302150042 3143302219409 47930 
3143302150042 3143305212529 28208 
3143302150042 3143302219379 47930 
3143302150042 CLU_3233 32740 
3143302150042 CLU_6117 46823 
3143302150042 CLU_6299 19305 
3143302150042 CLU_6301 17341 
3143302150042 CLU_6381 16128 
3143302150042 CLU_6398 15067 
3143302150042 CLU_6409 42924 
3143302150042 CLU_6410 23877 
3143302150042 CLU_6411 19617 
3143302150042 CLU_6412 19621 
3143302150042 CLU_6414 42056 
3143302150042 CLU_6415 47733 
3143302150042 CLU_6417 62933 
3143302219085 3143309772235 3911 
3143302219085 3143309772251 2824 
3143302219085 3143309812059 4688 
3143302219085 3143305305063 1675 
3143302219085 3143307781067 1650 
3143302219085 3143309132481 2542 
3143302219085 3143307831331 2791 
3143302219085 3143300659134 4488 
3143302219085 3143303180158 5811 
3143302219085 3143307821506 5598 
3143302219085 3143302150107 8544 
3143302219085 3143309775978 5598 
3143302219085 3143302219107 8267 
3143302219085 3143302219352 4748 
3143302219085 3143303180182 1248 
3143302219085 3143302150042 562 
3143302219085 3143302219085 0 
3143302219085 3143309812032 3795 
3143302219085 3143302149915 3844 
3143302219085 3143307299079 1663 
3143302219085 3143302150018 2317 
3143302219085 3143302218984 1889 
3143302219085 3143306065295 3746 
3143302219085 3143302219069 6986 
3143302219085 3143306629296 2221 
3143302219085 3143302149923 2810 
3143302219085 3143306065341 3513 
3143302219085 3143306329705 4012 
3143302219085 3143306297943 8773 
3143302219085 3143307780621 5920 
3143302219085 3143303180166 5598 
3143302219085 3143302149893 812 
3143302219085 3143302150026 4557 
3143302219085 3143300550108 3402 
3143302219085 3143303413578 22503 
3143302219085 3143306329632 8827 
3143302219085 3143305212588 9706 
3143302219085 3143309812083 3568 
3143302219085 3143306023282 3141 
3143302219085 3143302218968 6733 
3143302219085 3143309772227 2542 
3143302219085 3143302203480 4594 
3143302219085 3143302150085 1663 
3143302219085 3143300211826 7781 
3143302219085 3143302149931 5298 
3143302219085 3143309352511 2352 
3143302219085 3143309251553 2784 
3143302219085 3143305998220 2393 
3143302219085 3143309690905 3396 
3143302219085 3143307608756 3142 
3143302219085 3143306409911 3402 
3143302219085 3143307780907 7208 
3143302219085 3143309936424 4117 
3143302219085 3143309812075 4471 
3143302219085 3143306301304 3568 
3143302219085 3143303688100 5206 
3143302219085 3143303180115 2824 
3143302219085 3143305302854 1157 
3143302219085 3143302219212 1548 
3143302219085 3143302149958 6666 
3143302219085 3143307951345 4598 
3143302219085 3143302219077 3700 
3143302219085 3143302219344 6986 
3143302219085 3143307607660 8544 
3143302219085 3143302150069 1489 
3143302219085 3143307809131 5372 
3143302219085 3143300186252 8190 
3143302219085 3143304701852 4052 
3143302219085 3143307836619 3795 
3143302219085 3143305212545 6132 
3143302219085 3143302150077 3142 
3143302219085 3143302150034 1612 
3143302219085 3143302219409 48492 
3143302219085 3143305212529 28753 
3143302219085 3143302219379 48492 
3143302219085 CLU_3233 33284 
3143302219085 CLU_6117 47324 
3143302219085 CLU_6299 19837 
3143302219085 CLU_6301 16795 
3143302219085 CLU_6381 15593 
3143302219085 CLU_6398 15369 
3143302219085 CLU_6409 43435 
3143302219085 CLU_6410 24438 
3143302219085 CLU_6411 20155 
3143302219085 CLU_6412 20157 
3143302219085 CLU_6414 42618 
3143302219085 CLU_6415 48276 
3143302219085 CLU_6417 63485 
3143309812032 3143309772235 4083 
3143309812032 3143309772251 2908 
3143309812032 3143309812059 4274 
3143309812032 3143305305063 3070 
3143309812032 3143307781067 2182 
3143309812032 3143309132481 1261 
3143309812032 3143307831331 1044 
3143309812032 3143300659134 1382 
3143309812032 3143303180158 3959 
3143309812032 3143307821506 4243 
3143309812032 3143302150107 6449 
3143309812032 3143309775978 4243 
3143309812032 3143302219107 7870 
3143309812032 3143302219352 4917 
3143309812032 3143303180182 4351 
3143309812032 3143302150042 3604 
3143309812032 3143302219085 3795 
3143309812032 3143309812032 0 
3143309812032 3143302149915 1449 
3143309812032 3143307299079 5452 
3143309812032 3143302150018 5127 
3143309812032 3143302218984 3802 
3143309812032 3143306065295 2448 
3143309812032 3143302219069 8268 
3143309812032 3143306629296 4374 
3143309812032 3143302149923 3258 
3143309812032 3143306065341 4373 
3143309812032 3143306329705 2387 
3143309812032 3143306297943 8807 
3143309812032 3143307780621 3654 
3143309812032 3143303180166 4243 
3143309812032 3143302149893 3136 
3143309812032 3143302150026 7462 
3143309812032 3143300550108 3974 
3143309812032 3143303413578 19623 
3143309812032 3143306329632 8635 
3143309812032 3143305212588 13500 
3143309812032 3143309812083 1201 
3143309812032 3143306023282 4355 
3143309812032 3143302218968 5004 
3143309812032 3143309772227 1261 
3143309812032 3143302203480 5946 
3143309812032 3143302150085 5452 
3143309812032 3143300211826 8801 
3143309812032 3143302149931 6469 
3143309812032 3143309352511 1998 
3143309812032 3143309251553 5200 
3143309812032 3143305998220 5258 
3143309812032 3143309690905 6575 
3143309812032 3143307608756 5043 
3143309812032 3143306409911 3974 
3143309812032 3143307780907 7925 
3143309812032 3143309936424 7329 
3143309812032 3143309812075 2091 
3143309812032 3143306301304 1201 
3143309812032 3143303688100 2268 
3143309812032 3143303180115 2908 
3143309812032 3143305302854 3656 
3143309812032 3143302219212 2542 
3143309812032 3143302149958 6323 
3143309812032 3143307951345 861 
3143309812032 3143302219077 6400 
3143309812032 3143302219344 8268 
3143309812032 3143307607660 6449 
3143309812032 3143302150069 3643 
3143309812032 3143307809131 3338 
3143309812032 3143300186252 9049 
3143309812032 3143304701852 1936 
3143309812032 3143307836619 0 
3143309812032 3143305212545 8522 
3143309812032 3143302150077 5043 
3143309812032 3143302150034 5302 
3143309812032 3143302219409 47093 
3143309812032 3143305212529 28356 
3143309812032 3143302219379 47093 
3143309812032 CLU_3233 31070 
3143309812032 CLU_6117 44453 
3143309812032 CLU_6299 19844 
3143309812032 CLU_6301 17845 
3143309812032 CLU_6381 16400 
3143309812032 CLU_6398 17710 
3143309812032 CLU_6409 40678 
3143309812032 CLU_6410 23000 
3143309812032 CLU_6411 17938 
3143309812032 CLU_6412 17886 
3143309812032 CLU_6414 41151 
3143309812032 CLU_6415 47828 
3143309812032 CLU_6417 62728 
3143302149915 3143309772235 5281 
3143302149915 3143309772251 3977 
3143302149915 3143309812059 5593 
3143302149915 3143305305063 3749 
3143302149915 3143307781067 2576 
3143302149915 3143309132481 1859 
3143302149915 3143307831331 1855 
3143302149915 3143300659134 2815 
3143302149915 3143303180158 5408 
3143302149915 3143307821506 5673 
3143302149915 3143302150107 7875 
3143302149915 3143309775978 5673 
3143302149915 3143302219107 9267 
3143302149915 3143302219352 6167 
3143302149915 3143303180182 4746 
3143302149915 3143302150042 3865 
3143302149915 3143302219085 3844 
3143302149915 3143309812032 1449 
3143302149915 3143302149915 0 
3143302149915 3143307299079 5462 
3143302149915 3143302150018 4484 
3143302149915 3143302218984 3130 
3143302149915 3143306065295 1062 
3143302149915 3143302219069 9398 
3143302149915 3143306629296 3628 
3143302149915 3143302149923 2227 
3143302149915 3143306065341 3213 
3143302149915 3143306329705 946 
3143302149915 3143306297943 7362 
3143302149915 3143307780621 5096 
3143302149915 3143303180166 5673 
3143302149915 3143302149893 3048 
3143302149915 3143302150026 8083 
3143302149915 3143300550108 2799 
3143302149915 3143303413578 18827 
3143302149915 3143306329632 10018 
3143302149915 3143305212588 13323 
3143302149915 3143309812083 2567 
3143302149915 3143306023282 5332 
3143302149915 3143302218968 6453 
3143302149915 3143309772227 1859 
3143302149915 3143302203480 6992 
3143302149915 3143302150085 5462 
3143302149915 3143300211826 9996 
3143302149915 3143302149931 7578 
3143302149915 3143309352511 1513 
3143302149915 3143309251553 5906 
3143302149915 3143305998220 5815 
3143302149915 3143309690905 7056 
3143302149915 3143307608756 4094 
3143302149915 3143306409911 2799 
3143302149915 3143307780907 9164 
3143302149915 3143309936424 7809 
3143302149915 3143309812075 3537 
3143302149915 3143306301304 2567 
3143302149915 3143303688100 3678 
3143302149915 3143303180115 3977 
3143302149915 3143305302854 4132 
3143302149915 3143302219212 3092 
3143302149915 3143302149958 7694 
3143302149915 3143307951345 1491 
3143302149915 3143302219077 7069 
3143302149915 3143302219344 9398 
3143302149915 3143307607660 7875 
3143302149915 3143302150069 3126 
3143302149915 3143307809131 1992 
3143302149915 3143300186252 10280 
3143302149915 3143304701852 3354 
3143302149915 3143307836619 1449 
3143302149915 3143305212545 9354 
3143302149915 3143302150077 4094 
3143302149915 3143302150034 5087 
3143302149915 3143302219409 48519 
3143302149915 3143305212529 29795 
3143302149915 3143302219379 48519 
3143302149915 CLU_3233 32400 
3143302149915 CLU_6117 45596 
3143302149915 CLU_6299 21249 
3143302149915 CLU_6301 16437 
3143302149915 CLU_6381 14974 
3143302149915 CLU_6398 18635 
3143302149915 CLU_6409 41862 
3143302149915 CLU_6410 24433 
3143302149915 CLU_6411 19290 
3143302149915 CLU_6412 19229 
3143302149915 CLU_6414 42573 
3143302149915 CLU_6415 49273 
3143302149915 CLU_6417 64177 
3143307299079 3143309772235 4748 
3143307299079 3143309772251 4010 
3143307299079 3143309812059 5592 
3143307299079 3143305305063 2917 
3143307299079 3143307781067 3284 
3143307299079 3143309132481 4194 
3143307299079 3143307831331 4435 
3143307299079 3143300659134 6058 
3143307299079 3143303180158 7026 
3143307299079 3143307821506 6690 
3143307299079 3143302150107 9679 
3143307299079 3143309775978 6690 
3143307299079 3143302219107 8806 
3143307299079 3143302219352 5419 
3143307299079 3143303180182 1620 
3143307299079 3143302150042 1913 
3143307299079 3143302219085 1663 
3143307299079 3143309812032 5452 
3143307299079 3143302149915 5462 
3143307299079 3143307299079 0 
3143307299079 3143302150018 2454 
3143307299079 3143302218984 2913 
3143307299079 3143306065295 5231 
3143307299079 3143302219069 6853 
3143307299079 3143306629296 2922 
3143307299079 3143302149923 4069 
3143307299079 3143306065341 4424 
3143307299079 3143306329705 5520 
3143307299079 3143306297943 9416 
3143307299079 3143307780621 7236 
3143307299079 3143303180166 6690 
3143307299079 3143302149893 2418 
3143307299079 3143302150026 3653 
3143307299079 3143300550108 4453 
3143307299079 3143303413578 23937 
3143307299079 3143306329632 9249 
3143307299079 3143305212588 8059 
3143307299079 3143309812083 5129 
3143307299079 3143306023282 3729 
3143307299079 3143302218968 7846 
3143307299079 3143309772227 4194 
3143307299079 3143302203480 4730 
3143307299079 3143302150085 0 
3143307299079 3143300211826 7719 
3143307299079 3143302149931 5414 
3143307299079 3143309352511 3951 
3143307299079 3143309251553 2733 
3143307299079 3143305998220 2115 
3143307299079 3143309690905 2430 
3143307299079 3143307608756 3633 
3143307299079 3143306409911 4453 
3143307299079 3143307780907 7337 
3143307299079 3143309936424 2999 
3143307299079 3143309812075 5927 
3143307299079 3143306301304 5129 
3143307299079 3143303688100 6711 
3143307299079 3143303180115 4010 
3143307299079 3143305302854 2182 
3143307299079 3143302219212 3069 
3143307299079 3143302149958 7302 
3143307299079 3143307951345 6261 
3143307299079 3143302219077 3119 
3143307299079 3143302219344 6853 
3143307299079 3143307607660 9679 
3143307299079 3143302150069 2631 
3143307299079 3143307809131 6838 
3143307299079 3143300186252 8178 
3143307299079 3143304701852 5508 
3143307299079 3143307836619 5452 
3143307299079 3143305212545 5434 
3143307299079 3143302150077 3633 
3143307299079 3143302150034 869 
3143307299079 3143302219409 49028 
3143307299079 3143305212529 28914 
3143307299079 3143302219379 49028 
3143307299079 CLU_3233 34207 
3143307299079 CLU_6117 48511 
3143307299079 CLU_6299 19893 
3143307299079 CLU_6301 16759 
3143307299079 CLU_6381 15691 
3143307299079 CLU_6398 14391 
3143307299079 CLU_6409 44575 
3143307299079 CLU_6410 25072 
3143307299079 CLU_6411 21140 
3143307299079 CLU_6412 21162 
3143307299079 CLU_6414 43195 
3143307299079 CLU_6415 48397 
3143307299079 CLU_6417 63719 
3143302150018 3143309772235 6224 
3143302150018 3143309772251 5073 
3143302150018 3143309812059 6987 
3143302150018 3143305305063 3954 
3143302150018 3143307781067 3469 
3143302150018 3143309132481 4087 
3143302150018 3143307831331 4360 
3143302150018 3143300659134 6200 
3143302150018 3143303180158 7963 
3143302150018 3143307821506 7826 
3143302150018 3143302150107 10713 
3143302150018 3143309775978 7826 
3143302150018 3143302219107 10583 
3143302150018 3143302219352 7065 
3143302150018 3143303180182 3370 
3143302150018 3143302150042 2879 
3143302150018 3143302219085 2317 
3143302150018 3143309812032 5127 
3143302150018 3143302149915 4484 
3143302150018 3143307299079 2454 
3143302150018 3143302150018 0 
3143302150018 3143302218984 1360 
3143302150018 3143306065295 3818 
3143302150018 3143302219069 9107 
3143302150018 3143306629296 887 
3143302150018 3143302149923 2406 
3143302150018 3143306065341 2222 
3143302150018 3143306329705 4130 
3143302150018 3143306297943 6965 
3143302150018 3143307780621 7985 
3143302150018 3143303180166 7826 
3143302150018 3143302149893 2313 
3143302150018 3143302150026 6107 
3143302150018 3143300550108 2405 
3143302150018 3143303413578 21992 
3143302150018 3143306329632 11134 
3143302150018 3143305212588 9047 
3143302150018 3143309812083 5364 
3143302150018 3143306023282 5443 
3143302150018 3143302218968 8935 
3143302150018 3143309772227 4087 
3143302150018 3143302203480 6803 
3143302150018 3143302150085 2454 
3143302150018 3143300211826 9941 
3143302150018 3143302149931 7509 
3143302150018 3143309352511 3154 
3143302150018 3143309251553 4866 
3143302150018 3143305998220 4333 
3143302150018 3143309690905 4882 
3143302150018 3143307608756 1212 
3143302150018 3143306409911 2405 
3143302150018 3143307780907 9439 
3143302150018 3143309936424 5445 
3143302150018 3143309812075 6413 
3143302150018 3143306301304 5364 
3143302150018 3143303688100 7034 
3143302150018 3143303180115 5073 
3143302150018 3143305302854 3470 
3143302150018 3143302219212 3643 
3143302150018 3143302149958 8984 
3143302150018 3143307951345 5738 
3143302150018 3143302219077 5505 
3143302150018 3143302219344 9107 
3143302150018 3143307607660 10713 
3143302150018 3143302150069 1490 
3143302150018 3143307809131 5220 
3143302150018 3143300186252 10374 
3143302150018 3143304701852 6016 
3143302150018 3143307836619 5127 
3143302150018 3143305212545 7874 
3143302150018 3143302150077 1212 
3143302150018 3143302150034 1593 
3143302150018 3143302219409 50808 
3143302150018 3143305212529 31024 
3143302150018 3143302219379 50808 
3143302150018 CLU_3233 35511 
3143302150018 CLU_6117 49365 
3143302150018 CLU_6299 22071 
3143302150018 CLU_6301 14534 
3143302150018 CLU_6381 13384 
3143302150018 CLU_6398 16822 
3143302150018 CLU_6409 45519 
3143302150018 CLU_6410 26749 
3143302150018 CLU_6411 22365 
3143302150018 CLU_6412 22355 
3143302150018 CLU_6414 44932 
3143302150018 CLU_6415 50540 
3143302150018 CLU_6417 65778 
3143302218984 3143309772235 5491 
3143302218984 3143309772251 4208 
3143302218984 3143309812059 6174 
3143302218984 3143305305063 3206 
3143302218984 3143307781067 2399 
3143302218984 3143309132481 2848 
3143302218984 3143307831331 3114 
3143302218984 3143300659134 4944 
3143302218984 3143303180158 6911 
3143302218984 3143307821506 6860 
3143302218984 3143302150107 9650 
3143302218984 3143309775978 6860 
3143302218984 3143302219107 9897 
3143302218984 3143302219352 6389 
3143302218984 3143303180182 3135 
3143302218984 3143302150042 2357 
3143302218984 3143302219085 1889 
3143302218984 3143309812032 3802 
3143302218984 3143302149915 3130 
3143302218984 3143307299079 2913 
3143302218984 3143302150018 1360 
3143302218984 3143302218984 0 
3143302218984 3143306065295 2537 
3143302218984 3143302219069 8858 
3143302218984 3143306629296 585 
3143302218984 3143302149923 1195 
3143302218984 3143306065341 1627 
3143302218984 3143306329705 2848 
3143302218984 3143306297943 6885 
3143302218984 3143307780621 6865 
3143302218984 3143303180166 6860 
3143302218984 3143302149893 1417 
3143302218984 3143302150026 6347 
3143302218984 3143300550108 1564 
3143302218984 3143303413578 21056 
3143302218984 3143306329632 10512 
3143302218984 3143305212588 10289 
3143302218984 3143309812083 4159 
3143302218984 3143306023282 4900 
3143302218984 3143302218968 7923 
3143302218984 3143309772227 2848 
3143302218984 3143302203480 6441 
3143302218984 3143302150085 2913 
3143302218984 3143300211826 9638 
3143302218984 3143302149931 7139 
3143302218984 3143309352511 1809 
3143302218984 3143309251553 4673 
3143302218984 3143305998220 4265 
3143302218984 3143309690905 5142 
3143302218984 3143307608756 1445 
3143302218984 3143306409911 1564 
3143302218984 3143307780907 9025 
3143302218984 3143309936424 5813 
3143302218984 3143309812075 5247 
3143302218984 3143306301304 4159 
3143302218984 3143303688100 5805 
3143302218984 3143303180115 4208 
3143302218984 3143305302854 2949 
3143302218984 3143302219212 2720 
3143302218984 3143302149958 8268 
3143302218984 3143307951345 4383 
3143302218984 3143302219077 5557 
3143302218984 3143302219344 8858 
3143302218984 3143307607660 9650 
3143302218984 3143302150069 409 
3143302218984 3143307809131 4048 
3143302218984 3143300186252 10035 
3143302218984 3143304701852 4871 
3143302218984 3143307836619 3802 
3143302218984 3143305212545 7990 
3143302218984 3143302150077 1445 
3143302218984 3143302150034 2245 
3143302218984 3143302219409 49996 
3143302218984 3143305212529 30489 
3143302218984 3143302219379 49996 
3143302218984 CLU_3233 34465 
3143302218984 CLU_6117 48157 
3143302218984 CLU_6299 21626 
3143302218984 CLU_6301 15090 
3143302218984 CLU_6381 13830 
3143302218984 CLU_6398 17171 
3143302218984 CLU_6409 44338 
3143302218984 CLU_6410 25901 
3143302218984 CLU_6411 21309 
3143302218984 CLU_6412 21287 
3143302218984 CLU_6414 44096 
3143302218984 CLU_6415 50018 
3143302218984 CLU_6417 65168 
3143306065295 3143309772235 5946 
3143306065295 3143309772251 4588 
3143306065295 3143309812059 6362 
3143306065295 3143305305063 4108 
3143306065295 3143307781067 2889 
3143306065295 3143309132481 2455 
3143306065295 3143307831331 2556 
3143306065295 3143300659134 3831 
3143306065295 3143303180158 6369 
3143306065295 3143307821506 6578 
3143306065295 3143302150107 8898 
3143306065295 3143309775978 6578 
3143306065295 3143302219107 10102 
3143306065295 3143302219352 6860 
3143306065295 3143303180182 4834 
3143306065295 3143302150042 3920 
3143306065295 3143302219085 3746 
3143306065295 3143309812032 2448 
3143306065295 3143302149915 1062 
3143306065295 3143307299079 5231 
3143306065295 3143302150018 3818 
3143306065295 3143302218984 2537 
3143306065295 3143306065295 0 
3143306065295 3143302219069 9942 
3143306065295 3143306629296 2932 
3143306065295 3143302149923 1418 
3143306065295 3143306065341 2225 
3143306065295 3143306329705 311 
3143306065295 3143306297943 6384 
3143306065295 3143307780621 6097 
3143306065295 3143303180166 6578 
3143306065295 3143302149893 2939 
3143306065295 3143302150026 8226 
3143306065295 3143300550108 1815 
3143306065295 3143303413578 18757 
3143306065295 3143306329632 10830 
3143306065295 3143305212588 12825 
3143306065295 3143309812083 3456 
3143306065295 3143306023282 5819 
3143306065295 3143302218968 7422 
3143306065295 3143309772227 2455 
3143306065295 3143302203480 7494 
3143306065295 3143302150085 5231 
3143306065295 3143300211826 10597 
3143306065295 3143302149931 8124 
3143306065295 3143309352511 1507 
3143306065295 3143309251553 6169 
3143306065295 3143305998220 5971 
3143306065295 3143309690905 7116 
3143306065295 3143307608756 3221 
3143306065295 3143306409911 1815 
3143306065295 3143307780907 9815 
3143306065295 3143309936424 7852 
3143306065295 3143309812075 4498 
3143306065295 3143306301304 3456 
3143306065295 3143303688100 4710 
3143306065295 3143303180115 4588 
3143306065295 3143305302854 4319 
3143306065295 3143302219212 3430 
3143306065295 3143302149958 8500 
3143306065295 3143307951345 2548 
3143306065295 3143302219077 7272 
3143306065295 3143302219344 9942 
3143306065295 3143307607660 8898 
3143306065295 3143302150069 2664 
3143306065295 3143307809131 1625 
3143306065295 3143300186252 10914 
3143306065295 3143304701852 4267 
3143306065295 3143307836619 2448 
3143306065295 3143305212545 9644 
3143306065295 3143302150077 3221 
3143306065295 3143302150034 4708 
3143306065295 3143302219409 49541 
3143306065295 3143305212529 30696 
3143306065295 3143302219379 49541 
3143306065295 CLU_3233 33461 
3143306065295 CLU_6117 46638 
3143306065295 CLU_6299 22077 
3143306065295 CLU_6301 15398 
3143306065295 CLU_6381 13952 
3143306065295 CLU_6398 18944 
3143306065295 CLU_6409 42913 
3143306065295 CLU_6410 25447 
3143306065295 CLU_6411 20347 
3143306065295 CLU_6412 20288 
3143306065295 CLU_6414 43600 
3143306065295 CLU_6415 50192 
3143306065295 CLU_6417 65139 
3143302219069 3143309772235 4190 
3143302219069 3143309772251 5422 
3143302219069 3143309812059 4231 
3143302219069 3143305305063 5880 
3143302219069 3143307781067 7074 
3143302219069 3143309132481 7554 
3143302219069 3143307831331 7544 
3143302219069 3143300659134 7542 
3143302219069 3143303180158 5809 
3143302219069 3143307821506 5111 
3143302219069 3143302150107 6775 
3143302219069 3143309775978 5111 
3143302219069 3143302219107 3523 
3143302219069 3143302219352 3447 
3143302219069 3143303180182 5775 
3143302219069 3143302150042 6502 
3143302219069 3143302219085 6986 
3143302219069 3143309812032 8268 
3143302219069 3143302149915 9398 
3143302219069 3143307299079 6853 
3143302219069 3143302150018 9107 
3143302219069 3143302218984 8858 
3143302219069 3143306065295 9942 
3143302219069 3143302219069 0 
3143302219069 3143306629296 9201 
3143302219069 3143302149923 9565 
3143302219069 3143306065341 10456 
3143302219069 3143306329705 10086 
3143302219069 3143306297943 15735 
3143302219069 3143307780621 6426 
3143302219069 3143303180166 5111 
3143302219069 3143302149893 7510 
3143302219069 3143302150026 3857 
3143302219069 3143300550108 10280 
3143302219069 3143303413578 27739 
3143302219069 3143306329632 3398 
3143302219069 3143305212588 11545 
3143302219069 3143309812083 7101 
3143302219069 3143306023282 4126 
3143302219069 3143302218968 5622 
3143302219069 3143309772227 7554 
3143302219069 3143302203480 2460 
3143302219069 3143302150085 6853 
3143302219069 3143300211826 892 
3143302219069 3143302149931 1821 
3143302219069 3143309352511 8481 
3143302219069 3143309251553 4244 
3143302219069 3143305998220 4785 
3143302219069 3143309690905 4714 
3143302219069 3143307608756 10105 
3143302219069 3143306409911 10280 
3143302219069 3143307780907 1171 
3143302219069 3143309936424 4664 
3143302219069 3143309812075 6721 
3143302219069 3143306301304 7101 
3143302219069 3143303688100 7353 
3143302219069 3143303180115 5422 
3143302219069 3143305302854 5922 
3143302219069 3143302219212 6543 
3143302219069 3143302149958 3255 
3143302219069 3143307951345 8996 
3143302219069 3143302219077 3802 
3143302219069 3143302219344 0 
3143302219069 3143307607660 6775 
3143302219069 3143302150069 8450 
3143302219069 3143307809131 11377 
3143302219069 3143300186252 1386 
3143302219069 3143304701852 6582 
3143302219069 3143307836619 8268 
3143302219069 3143305212545 2502 
3143302219069 3143302150077 10105 
3143302219069 3143302150034 7671 
3143302219069 3143302219409 42537 
3143302219069 3143305212529 22093 
3143302219069 3143302219379 42537 
3143302219069 CLU_3233 28669 
3143302219069 CLU_6117 43830 
3143302219069 CLU_6299 13046 
3143302219069 CLU_6301 23601 
3143302219069 CLU_6381 22489 
3143302219069 CLU_6398 9690 
3143302219069 CLU_6409 39724 
3143302219069 CLU_6410 18883 
3143302219069 CLU_6411 16089 
3143302219069 CLU_6412 16193 
3143302219069 CLU_6414 36784 
3143302219069 CLU_6415 41554 
3143302219069 CLU_6417 56915 
3143306629296 3143309772235 5979 
3143306629296 3143309772251 4728 
3143306629296 3143309812059 6686 
3143306629296 3143305305063 3683 
3143306629296 3143307781067 2958 
3143306629296 3143309132481 3433 
3143306629296 3143307831331 3700 
3143306629296 3143300659134 5529 
3143306629296 3143303180158 7479 
3143306629296 3143307821506 7411 
3143306629296 3143302150107 10222 
3143306629296 3143309775978 7411 
3143306629296 3143302219107 10382 
3143306629296 3143302219352 6864 
3143306629296 3143303180182 3431 
3143306629296 3143302150042 2742 
3143306629296 3143302219085 2221 
3143306629296 3143309812032 4374 
3143306629296 3143302149915 3628 
3143306629296 3143307299079 2922 
3143306629296 3143302150018 887 
3143306629296 3143302218984 585 
3143306629296 3143306065295 2932 
3143306629296 3143302219069 9201 
3143306629296 3143306629296 0 
3143306629296 3143302149923 1519 
3143306629296 3143306065341 1506 
3143306629296 3143306329705 3243 
3143306629296 3143306297943 6609 
3143306629296 3143307780621 7442 
3143306629296 3143303180166 7411 
3143306629296 3143302149893 1907 
3143306629296 3143302150026 6491 
3143306629296 3143300550108 1596 
3143306629296 3143303413578 21207 
3143306629296 3143306329632 10979 
3143306629296 3143305212588 9927 
3143306629296 3143309812083 4743 
3143306629296 3143306023282 5326 
3143306629296 3143302218968 8485 
3143306629296 3143309772227 3433 
3143306629296 3143302203480 6815 
3143306629296 3143302150085 2922 
3143306629296 3143300211826 10001 
3143306629296 3143302149931 7518 
3143306629296 3143309352511 2377 
3143306629296 3143309251553 4975 
3143306629296 3143305998220 4515 
3143306629296 3143309690905 5270 
3143306629296 3143307608756 935 
3143306629296 3143306409911 1596 
3143306629296 3143307780907 9424 
3143306629296 3143309936424 5900 
3143306629296 3143309812075 5829 
3143306629296 3143306301304 4743 
3143306629296 3143303688100 6391 
3143306629296 3143303180115 4728 
3143306629296 3143305302854 3347 
3143306629296 3143302219212 3245 
3143306629296 3143302149958 8759 
3143306629296 3143307951345 4932 
3143306629296 3143302219077 5772 
3143306629296 3143302219344 9201 
3143306629296 3143307607660 10222 
3143306629296 3143302150069 900 
3143306629296 3143307809131 4344 
3143306629296 3143300186252 10411 
3143306629296 3143304701852 5451 
3143306629296 3143307836619 4374 
3143306629296 3143305212545 8192 
3143306629296 3143302150077 935 
3143306629296 3143302150034 2144 
3143306629296 3143302219409 50523 
3143306629296 3143305212529 30940 
3143306629296 3143302219379 50523 
3143306629296 CLU_3233 35037 
3143306629296 CLU_6117 48742 
3143306629296 CLU_6299 22047 
3143306629296 CLU_6301 14617 
3143306629296 CLU_6381 13387 
3143306629296 CLU_6398 17292 
3143306629296 CLU_6409 44923 
3143306629296 CLU_6410 26435 
3143306629296 CLU_6411 21882 
3143306629296 CLU_6412 21861 
3143306629296 CLU_6414 44629 
3143306629296 CLU_6415 50467 
3143306629296 CLU_6417 65644 
3143302149923 3143309772235 5869 
3143302149923 3143309772251 4509 
3143302149923 3143309812059 6443 
3143302149923 3143305305063 3712 
3143302149923 3143307781067 2618 
3143302149923 3143309132481 2664 
3143302149923 3143307831331 2881 
3143302149923 3143300659134 4567 
3143302149923 3143303180158 6853 
3143302149923 3143307821506 6923 
3143302149923 3143302150107 9527 
3143302149923 3143309775978 6923 
3143302149923 3143302219107 10222 
3143302149923 3143302219352 6793 
3143302149923 3143303180182 4030 
3143302149923 3143302150042 3151 
3143302149923 3143302219085 2810 
3143302149923 3143309812032 3258 
3143302149923 3143302149915 2227 
3143302149923 3143307299079 4069 
3143302149923 3143302150018 2406 
3143302149923 3143302218984 1195 
3143302149923 3143306065295 1418 
3143302149923 3143302219069 9565 
3143302149923 3143306629296 1519 
3143302149923 3143302149923 0 
3143302149923 3143306065341 1148 
3143302149923 3143306329705 1728 
3143302149923 3143306297943 6237 
3143302149923 3143307780621 6699 
3143302149923 3143303180166 6923 
3143302149923 3143302149893 2100 
3143302149923 3143302150026 7365 
3143302149923 3143300550108 800 
3143302149923 3143303413578 19874 
3143302149923 3143306329632 10893 
3143302149923 3143305212588 11438 
3143302149923 3143309812083 3939 
3143302149923 3143306023282 5479 
3143302149923 3143302218968 7900 
3143302149923 3143309772227 2664 
3143302149923 3143302203480 7110 
3143302149923 3143302150085 4069 
3143302149923 3143300211826 10297 
3143302149923 3143302149931 7787 
3143302149923 3143309352511 1408 
3143302149923 3143309251553 5511 
3143302149923 3143305998220 5189 
3143302149923 3143309690905 6188 
3143302149923 3143307608756 1866 
3143302149923 3143306409911 800 
3143302149923 3143307780907 9605 
3143302149923 3143309936424 6889 
3143302149923 3143309812075 5051 
3143302149923 3143306301304 3939 
3143302149923 3143303688100 5463 
3143302149923 3143303180115 4509 
3143302149923 3143305302854 3676 
3143302149923 3143302219212 3093 
3143302149923 3143302149958 8590 
3143302149923 3143307951345 3649 
3143302149923 3143302219077 6502 
3143302149923 3143302219344 9565 
3143302149923 3143307607660 9527 
3143302149923 3143302150069 1438 
3143302149923 3143307809131 2857 
3143302149923 3143300186252 10661 
3143302149923 3143304701852 4731 
3143302149923 3143307836619 3258 
3143302149923 3143305212545 8929 
3143302149923 3143302150077 1866 
3143302149923 3143302150034 3437 
3143302149923 3143302219409 50081 
3143302149923 3143305212529 30868 
3143302149923 3143302219379 50081 
3143302149923 CLU_3233 34275 
3143302149923 CLU_6117 47705 
3143302149923 CLU_6299 22103 
3143302149923 CLU_6301 14869 
3143302149923 CLU_6381 13516 
3143302149923 CLU_6398 18180 
3143302149923 CLU_6409 43936 
3143302149923 CLU_6410 25971 
3143302149923 CLU_6411 21127 
3143302149923 CLU_6412 21087 
3143302149923 CLU_6414 44159 
3143302149923 CLU_6415 50393 
3143302149923 CLU_6417 65455 
3143306065341 3143309772235 6918 
3143306065341 3143309772251 5577 
3143306065341 3143309812059 7530 
3143306065341 3143305305063 4691 
3143306065341 3143307781067 3685 
3143306065341 3143309132481 3809 
3143306065341 3143307831331 4029 
3143306065341 3143300659134 5703 
3143306065341 3143303180158 7999 
3143306065341 3143307821506 8056 
3143306065341 3143302150107 10675 
3143306065341 3143309775978 8056 
3143306065341 3143302219107 11301 
3143306065341 3143302219352 7837 
3143306065341 3143303180182 4761 
3143306065341 3143302150042 3957 
3143306065341 3143302219085 3513 
3143306065341 3143309812032 4373 
3143306065341 3143302149915 3213 
3143306065341 3143307299079 4424 
3143306065341 3143302150018 2222 
3143306065341 3143302218984 1627 
3143306065341 3143306065295 2225 
3143306065341 3143302219069 10456 
3143306065341 3143306629296 1506 
3143306065341 3143302149923 1148 
3143306065341 3143306065341 0 
3143306065341 3143306329705 2491 
3143306065341 3143306297943 5279 
3143306065341 3143307780621 7847 
3143306065341 3143303180166 8056 
3143306065341 3143302149893 2951 
3143306065341 3143302150026 7952 
3143306065341 3143300550108 414 
3143306065341 3143303413578 19770 
3143306065341 3143306329632 11954 
3143306065341 3143305212588 11151 
3143306065341 3143309812083 5087 
3143306065341 3143306023282 6437 
3143306065341 3143302218968 9044 
3143306065341 3143309772227 3809 
3143306065341 3143302203480 8021 
3143306065341 3143302150085 4424 
3143306065341 3143300211826 11221 
3143306065341 3143302149931 8713 
3143306065341 3143309352511 2554 
3143306065341 3143309251553 6295 
3143306065341 3143305998220 5893 
3143306065341 3143309690905 6738 
3143306065341 3143307608756 1178 
3143306065341 3143306409911 414 
3143306065341 3143307780907 10574 
3143306065341 3143309936424 7388 
3143306065341 3143309812075 6200 
3143306065341 3143306301304 5087 
3143306065341 3143303688100 6600 
3143306065341 3143303180115 5577 
3143306065341 3143305302854 4534 
3143306065341 3143302219212 4119 
3143306065341 3143302149958 9667 
3143306065341 3143307951345 4689 
3143306065341 3143302219077 7182 
3143306065341 3143302219344 10456 
3143306065341 3143307607660 10675 
3143306065341 3143302150069 2024 
3143306065341 3143307809131 3229 
3143306065341 3143300186252 11605 
3143306065341 3143304701852 5878 
3143306065341 3143307836619 4373 
3143306065341 3143305212545 9614 
3143306065341 3143302150077 1178 
3143306065341 3143302150034 3648 
3143306065341 3143302219409 51221 
3143306065341 3143305212529 31939 
3143306065341 3143302219379 51221 
3143306065341 CLU_3233 35417 
3143306065341 CLU_6117 48789 
3143306065341 CLU_6299 23132 
3143306065341 CLU_6301 13741 
3143306065341 CLU_6381 12409 
3143306065341 CLU_6398 18769 
3143306065341 CLU_6409 45036 
3143306065341 CLU_6410 27112 
3143306065341 CLU_6411 22271 
3143306065341 CLU_6412 22229 
3143306065341 CLU_6414 45301 
3143306065341 CLU_6415 51467 
3143306065341 CLU_6417 66557 
3143306329705 3143309772235 6046 
3143306329705 3143309772251 4701 
3143306329705 3143309812059 6425 
3143306329705 3143305305063 4287 
3143306329705 3143307781067 3068 
3143306329705 3143309132481 2553 
3143306329705 3143307831331 2623 
3143306329705 3143300659134 3760 
3143306329705 3143303180158 6340 
3143306329705 3143307821506 6581 
3143306329705 3143302150107 8822 
3143306329705 3143309775978 6581 
3143306329705 3143302219107 10142 
3143306329705 3143302219352 6952 
3143306329705 3143303180182 5073 
3143306329705 3143302150042 4162 
3143306329705 3143302219085 4012 
3143306329705 3143309812032 2387 
3143306329705 3143302149915 946 
3143306329705 3143307299079 5520 
3143306329705 3143302150018 4130 
3143306329705 3143302218984 2848 
3143306329705 3143306065295 311 
3143306329705 3143302219069 10086 
3143306329705 3143306629296 3243 
3143306329705 3143302149923 1728 
3143306329705 3143306065341 2491 
3143306329705 3143306329705 0 
3143306329705 3143306297943 6419 
3143306329705 3143307780621 6040 
3143306329705 3143303180166 6581 
3143306329705 3143302149893 3202 
3143306329705 3143302150026 8463 
3143306329705 3143300550108 2085 
3143306329705 3143303413578 18493 
3143306329705 3143306329632 10880 
3143306329705 3143305212588 13136 
3143306329705 3143309812083 3460 
3143306329705 3143306023282 5972 
3143306329705 3143302218968 7388 
3143306329705 3143309772227 2553 
3143306329705 3143302203480 7647 
3143306329705 3143302150085 5520 
3143306329705 3143300211826 10724 
3143306329705 3143302149931 8265 
3143306329705 3143309352511 1724 
3143306329705 3143309251553 6378 
3143306329705 3143305998220 6201 
3143306329705 3143309690905 7366 
3143306329705 3143307608756 3515 
3143306329705 3143306409911 2085 
3143306329705 3143307780907 9925 
3143306329705 3143309936424 8106 
3143306329705 3143309812075 4467 
3143306329705 3143306301304 3460 
3143306329705 3143303688100 4625 
3143306329705 3143303180115 4701 
3143306329705 3143305302854 4537 
3143306329705 3143302219212 3609 
3143306329705 3143302149958 8551 
3143306329705 3143307951345 2385 
3143306329705 3143302219077 7496 
3143306329705 3143302219344 10086 
3143306329705 3143307607660 8822 
3143306329705 3143302150069 2968 
3143306329705 3143307809131 1375 
3143306329705 3143300186252 11030 
3143306329705 3143304701852 4262 
3143306329705 3143307836619 2387 
3143306329705 3143305212545 9852 
3143306329705 3143302150077 3515 
3143306329705 3143302150034 5010 
3143306329705 3143302219409 49465 
3143306329705 3143305212529 30707 
3143306329705 3143302219379 49465 
3143306329705 CLU_3233 33322 
3143306329705 CLU_6117 46434 
3143306329705 CLU_6299 22123 
3143306329705 CLU_6301 15493 
3143306329705 CLU_6381 14028 
3143306329705 CLU_6398 19153 
3143306329705 CLU_6409 42721 
3143306329705 CLU_6410 25379 
3143306329705 CLU_6411 20220 
3143306329705 CLU_6412 20156 
3143306329705 CLU_6414 43519 
3143306329705 CLU_6415 50192 
3143306329705 CLU_6417 65113 
3143306297943 3143309772235 12098 
3143306297943 3143309772251 10730 
3143306297943 3143309812059 12631 
3143306297943 3143305305063 9939 
3143306297943 3143307781067 8850 
3143306297943 3143309132481 8731 
3143306297943 3143307831331 8884 
3143306297943 3143300659134 10177 
3143306297943 3143303180158 12752 
3143306297943 3143307821506 12954 
3143306297943 3143302150107 15226 
3143306297943 3143309775978 12954 
3143306297943 3143302219107 16408 
3143306297943 3143302219352 13024 
3143306297943 3143303180182 10015 
3143306297943 3143302150042 9234 
3143306297943 3143302219085 8773 
3143306297943 3143309812032 8807 
3143306297943 3143302149915 7362 
3143306297943 3143307299079 9416 
3143306297943 3143302150018 6965 
3143306297943 3143302218984 6885 
3143306297943 3143306065295 6384 
3143306297943 3143302219069 15735 
3143306297943 3143306629296 6609 
3143306297943 3143302149923 6237 
3143306297943 3143306065341 5279 
3143306297943 3143306329705 6419 
3143306297943 3143306297943 0 
3143306297943 3143307780621 12459 
3143306297943 3143303180166 12954 
3143306297943 3143302149893 8228 
3143306297943 3143302150026 13060 
3143306297943 3143300550108 5477 
3143306297943 3143303413578 16847 
3143306297943 3143306329632 17102 
3143306297943 3143305212588 14220 
3143306297943 3143309812083 9837 
3143306297943 3143306023282 11699 
3143306297943 3143302218968 13803 
3143306297943 3143309772227 8731 
3143306297943 3143302203480 13299 
3143306297943 3143302150085 9416 
3143306297943 3143300211826 16497 
3143306297943 3143302149931 13988 
3143306297943 3143309352511 7528 
3143306297943 3143309251553 11557 
3143306297943 3143305998220 11122 
3143306297943 3143309690905 11833 
3143306297943 3143307608756 5790 
3143306297943 3143306409911 5477 
3143306297943 3143307780907 15834 
3143306297943 3143309936424 12410 
3143306297943 3143309812075 10879 
3143306297943 3143306301304 9837 
3143306297943 3143303688100 11029 
3143306297943 3143303180115 10730 
3143306297943 3143305302854 9813 
3143306297943 3143302219212 9330 
3143306297943 3143302149958 14783 
3143306297943 3143307951345 8693 
3143306297943 3143302219077 12381 
3143306297943 3143302219344 15735 
3143306297943 3143307607660 15226 
3143306297943 3143302150069 7291 
3143306297943 3143307809131 5798 
3143306297943 3143300186252 16877 
3143306297943 3143304701852 10650 
3143306297943 3143307836619 8807 
3143306297943 3143305212545 14794 
3143306297943 3143302150077 5790 
3143306297943 3143302150034 8558 
3143306297943 3143302219409 55852 
3143306297943 3143305212529 37045 
3143306297943 3143302219379 55852 
3143306297943 CLU_3233 39463 
3143306297943 CLU_6117 51943 
3143306297943 CLU_6299 28332 
3143306297943 CLU_6301 9253 
3143306297943 CLU_6381 7692 
3143306297943 CLU_6398 23778 
3143306297943 CLU_6409 48384 
3143306297943 CLU_6410 31783 
3143306297943 CLU_6411 26454 
3143306297943 CLU_6412 26368 
3143306297943 CLU_6414 49898 
3143306297943 CLU_6415 56555 
3143306297943 CLU_6417 71523 
3143307780621 3143309772235 3040 
3143307780621 3143309772251 3231 
3143307780621 3143309812059 2424 
3143307780621 3143305305063 4332 
3143307780621 3143307781067 4517 
3143307780621 3143309132481 4064 
3143307780621 3143307831331 3825 
3143307780621 3143300659134 2283 
3143307780621 3143303180158 623 
3143307780621 3143307821506 1314 
3143307780621 3143302150107 2828 
3143307780621 3143309775978 1314 
3143307780621 3143302219107 4725 
3143307780621 3143302219352 3208 
3143307780621 3143303180182 5655 
3143307780621 3143302150042 5438 
3143307780621 3143302219085 5920 
3143307780621 3143309812032 3654 
3143307780621 3143302149915 5096 
3143307780621 3143307299079 7236 
3143307780621 3143302150018 7985 
3143307780621 3143302218984 6865 
3143307780621 3143306065295 6097 
3143307780621 3143302219069 6426 
3143307780621 3143306629296 7442 
3143307780621 3143302149923 6699 
3143307780621 3143306065341 7847 
3143307780621 3143306329705 6040 
3143307780621 3143306297943 12459 
3143307780621 3143307780621 0 
3143307780621 3143303180166 1314 
3143307780621 3143302149893 5675 
3143307780621 3143302150026 7460 
3143307780621 3143300550108 7477 
3143307780621 3143303413578 21625 
3143307780621 3143306329632 5541 
3143307780621 3143305212588 14944 
3143307780621 3143309812083 2760 
3143307780621 3143306023282 4084 
3143307780621 3143302218968 1430 
3143307780621 3143309772227 4064 
3143307780621 3143302203480 4855 
3143307780621 3143302150085 7236 
3143307780621 3143300211826 6627 
3143307780621 3143302149931 4999 
3143307780621 3143309352511 5298 
3143307780621 3143309251553 5462 
3143307780621 3143305998220 5903 
3143307780621 3143309690905 7107 
3143307780621 3143307608756 8277 
3143307780621 3143306409911 7477 
3143307780621 3143307780907 5643 
3143307780621 3143309936424 7730 
3143307780621 3143309812075 1647 
3143307780621 3143306301304 2760 
3143307780621 3143303688100 1487 
3143307780621 3143303180115 3231 
3143307780621 3143305302854 5055 
3143307780621 3143302219212 4393 
3143307780621 3143302149958 3499 
3143307780621 3143307951345 3870 
3143307780621 3143302219077 6456 
3143307780621 3143302219344 6426 
3143307780621 3143307607660 2828 
3143307780621 3143302150069 6565 
3143307780621 3143307809131 6855 
3143307780621 3143300186252 6700 
3143307780621 3143304701852 1995 
3143307780621 3143307836619 3654 
3143307780621 3143305212545 7728 
3143307780621 3143302150077 8277 
3143307780621 3143302150034 7507 
3143307780621 3143302219409 43450 
3143307780621 3143305212529 24810 
3143307780621 3143302219379 43450 
3143307780621 CLU_3233 27610 
3143307780621 CLU_6117 41411 
3143307780621 CLU_6299 16480 
3143307780621 CLU_6301 21478 
3143307780621 CLU_6381 20048 
3143307780621 CLU_6398 16096 
3143307780621 CLU_6409 37542 
3143307780621 CLU_6410 19351 
3143307780621 CLU_6411 14454 
3143307780621 CLU_6412 14426 
3143307780621 CLU_6414 37513 
3143307780621 CLU_6415 44243 
3143307780621 CLU_6417 59091 
3143303180166 3143309772235 2069 
3143303180166 3143309772251 2774 
3143303180166 3143309812059 1284 
3143303180166 3143305305063 3926 
3143303180166 3143307781067 4461 
3143303180166 3143309132481 4270 
3143303180166 3143307831331 4086 
3143303180166 3143300659134 3023 
3143303180166 3143303180158 700 
3143303180166 3143307821506 0 
3143303180166 3143302150107 2989 
3143303180166 3143309775978 0 
3143303180166 3143302219107 3673 
3143303180166 3143302219352 1982 
3143303180166 3143303180182 5070 
3143303180166 3143302150042 5062 
3143303180166 3143302219085 5598 
3143303180166 3143309812032 4243 
3143303180166 3143302149915 5673 
3143303180166 3143307299079 6690 
3143303180166 3143302150018 7826 
3143303180166 3143302218984 6860 
3143303180166 3143306065295 6578 
3143303180166 3143302219069 5111 
3143303180166 3143306629296 7411 
3143303180166 3143302149923 6923 
3143303180166 3143306065341 8056 
3143303180166 3143306329705 6581 
3143303180166 3143306297943 12954 
3143303180166 3143307780621 1314 
3143303180166 3143303180166 0 
3143303180166 3143302149893 5534 
3143303180166 3143302150026 6382 
3143303180166 3143300550108 7722 
3143303180166 3143303413578 22867 
3143303180166 3143306329632 4468 
3143303180166 3143305212588 14091 
3143303180166 3143309812083 3123 
3143303180166 3143306023282 3181 
3143303180166 3143302218968 1155 
3143303180166 3143309772227 4270 
3143303180166 3143302203480 3651 
3143303180166 3143302150085 6690 
3143303180166 3143300211826 5325 
3143303180166 3143302149931 3725 
3143303180166 3143309352511 5524 
3143303180166 3143309251553 4563 
3143303180166 3143305998220 5082 
3143303180166 3143309690905 6178 
3143303180166 3143307608756 8304 
3143303180166 3143306409911 7722 
3143303180166 3143307780907 4344 
3143303180166 3143309936424 6740 
3143303180166 3143309812075 2176 
3143303180166 3143306301304 3123 
3143303180166 3143303688100 2478 
3143303180166 3143303180115 2774 
3143303180166 3143305302854 4576 
3143303180166 3143302219212 4187 
3143303180166 3143302149958 2269 
3143303180166 3143307951345 4676 
3143303180166 3143302219077 5433 
3143303180166 3143302219344 5111 
3143303180166 3143307607660 2989 
3143303180166 3143302150069 6511 
3143303180166 3143307809131 7573 
3143303180166 3143300186252 5416 
3143303180166 3143304701852 2319 
3143303180166 3143307836619 4243 
3143303180166 3143305212545 6492 
3143303180166 3143302150077 8304 
3143303180166 3143302150034 7098 
3143303180166 3143302219409 43170 
3143303180166 3143305212529 24125 
3143303180166 3143302219379 43170 
3143303180166 CLU_3233 27691 
3143303180166 CLU_6117 41821 
3143303180166 CLU_6299 15611 
3143303180166 CLU_6301 21792 
3143303180166 CLU_6381 20424 
3143303180166 CLU_6398 14784 
3143303180166 CLU_6409 37893 
3143303180166 CLU_6410 19064 
3143303180166 CLU_6411 14557 
3143303180166 CLU_6412 14559 
3143303180166 CLU_6414 37258 
3143303180166 CLU_6415 43614 
3143303180166 CLU_6417 58579 
3143302149893 3143309772235 4078 
3143302149893 3143309772251 2822 
3143302149893 3143309812059 4779 
3143302149893 3143305305063 1788 
3143302149893 3143307781067 1171 
3143302149893 3143309132481 1931 
3143302149893 3143307831331 2200 
3143302149893 3143300659134 3999 
3143302149893 3143303180158 5651 
3143302149893 3143307821506 5534 
3143302149893 3143302150107 8401 
3143302149893 3143309775978 5534 
3143302149893 3143302219107 8484 
3143302149893 3143302219352 4972 
3143302149893 3143303180182 1944 
3143302149893 3143302150042 1051 
3143302149893 3143302219085 812 
3143302149893 3143309812032 3136 
3143302149893 3143302149915 3048 
3143302149893 3143307299079 2418 
3143302149893 3143302150018 2313 
3143302149893 3143302218984 1417 
3143302149893 3143306065295 2939 
3143302149893 3143302219069 7510 
3143302149893 3143306629296 1907 
3143302149893 3143302149923 2100 
3143302149893 3143306065341 2951 
3143302149893 3143306329705 3202 
3143302149893 3143306297943 8228 
3143302149893 3143307780621 5675 
3143302149893 3143303180166 5534 
3143302149893 3143302149893 0 
3143302149893 3143302150026 5321 
3143302149893 3143300550108 2772 
3143302149893 3143303413578 21694 
3143302149893 3143306329632 9095 
3143302149893 3143305212588 10393 
3143302149893 3143309812083 3115 
3143302149893 3143306023282 3494 
3143302149893 3143302218968 6631 
3143302149893 3143309772227 1931 
3143302149893 3143302203480 5070 
3143302149893 3143302150085 2418 
3143302149893 3143300211826 8269 
3143302149893 3143302149931 5761 
3143302149893 3143309352511 1545 
3143302149893 3143309251553 3411 
3143302149893 3143305998220 3103 
3143302149893 3143309690905 4184 
3143302149893 3143307608756 2834 
3143302149893 3143306409911 2772 
3143302149893 3143307780907 7628 
3143302149893 3143309936424 4914 
3143302149893 3143309812075 4124 
3143302149893 3143306301304 3115 
3143302149893 3143303688100 4789 
3143302149893 3143303180115 2822 
3143302149893 3143305302854 1591 
3143302149893 3143302219212 1348 
3143302149893 3143302149958 6857 
3143302149893 3143307951345 3898 
3143302149893 3143302219077 4419 
3143302149893 3143302219344 7510 
3143302149893 3143307607660 8401 
3143302149893 3143302150069 1020 
3143302149893 3143307809131 4565 
3143302149893 3143300186252 8653 
3143302149893 3143304701852 3719 
3143302149893 3143307836619 3136 
3143302149893 3143305212545 6838 
3143302149893 3143302150077 2834 
3143302149893 3143302150034 2165 
3143302149893 3143302219409 48617 
3143302149893 3143305212529 29071 
3143302149893 3143302219379 48617 
3143302149893 CLU_3233 33205 
3143302149893 CLU_6117 47072 
3143302149893 CLU_6299 20216 
3143302149893 CLU_6301 16505 
3143302149893 CLU_6381 15247 
3143302149893 CLU_6398 16108 
3143302149893 CLU_6409 43215 
3143302149893 CLU_6410 24532 
3143302149893 CLU_6411 20056 
3143302149893 CLU_6412 20044 
3143302149893 CLU_6414 42725 
3143302149893 CLU_6415 48601 
3143302149893 CLU_6417 63753 
3143302150026 3143309772235 4421 
3143302150026 3143309772251 4784 
3143302150026 3143309812059 5102 
3143302150026 3143305305063 4403 
3143302150026 3143307781067 5509 
3143302150026 3143309132481 6332 
3143302150026 3143307831331 6462 
3143302150026 3143300659134 7396 
3143302150026 3143303180158 6989 
3143302150026 3143307821506 6382 
3143302150026 3143302150107 9056 
3143302150026 3143309775978 6382 
3143302150026 3143302219107 6833 
3143302150026 3143302219352 4451 
3143302150026 3143303180182 3392 
3143302150026 3143302150042 4306 
3143302150026 3143302219085 4557 
3143302150026 3143309812032 7462 
3143302150026 3143302149915 8083 
3143302150026 3143307299079 3653 
3143302150026 3143302150018 6107 
3143302150026 3143302218984 6347 
3143302150026 3143306065295 8226 
3143302150026 3143302219069 3857 
3143302150026 3143306629296 6491 
3143302150026 3143302149923 7365 
3143302150026 3143306065341 7952 
3143302150026 3143306329705 8463 
3143302150026 3143306297943 13060 
3143302150026 3143307780621 7460 
3143302150026 3143303180166 6382 
3143302150026 3143302149893 5321 
3143302150026 3143302150026 0 
3143302150026 3143300550108 7908 
3143302150026 3143303413578 26909 
3143302150026 3143306329632 6992 
3143302150026 3143305212588 8022 
3143302150026 3143309812083 6596 
3143302150026 3143306023282 3455 
3143302150026 3143302218968 7385 
3143302150026 3143309772227 6332 
3143302150026 3143302203480 2875 
3143302150026 3143302150085 3653 
3143302150026 3143300211826 4741 
3143302150026 3143302149931 3225 
3143302150026 3143309352511 6740 
3143302150026 3143309251553 2271 
3143302150026 3143305998220 2269 
3143302150026 3143309690905 1226 
3143302150026 3143307608756 7270 
3143302150026 3143306409911 7908 
3143302150026 3143307780907 4740 
3143302150026 3143309936424 829 
3143302150026 3143309812075 6843 
3143302150026 3143306301304 6596 
3143302150026 3143303688100 7669 
3143302150026 3143303180115 4784 
3143302150026 3143305302854 3952 
3143302150026 3143302219212 5012 
3143302150026 3143302149958 5765 
3143302150026 3143307951345 8319 
3143302150026 3143302219077 1076 
3143302150026 3143302219344 3857 
3143302150026 3143307607660 9056 
3143302150026 3143302150069 5984 
3143302150026 3143307809131 9838 
3143302150026 3143300186252 5240 
3143302150026 3143304701852 6508 
3143302150026 3143307836619 7462 
3143302150026 3143305212545 1829 
3143302150026 3143302150077 7270 
3143302150026 3143302150034 4521 
3143302150026 3143302219409 46389 
3143302150026 3143305212529 25805 
3143302150026 3143302219379 46389 
3143302150026 CLU_3233 32386 
3143302150026 CLU_6117 47309 
3143302150026 CLU_6299 16716 
3143302150026 CLU_6301 20214 
3143302150026 CLU_6381 19228 
3143302150026 CLU_6398 10825 
3143302150026 CLU_6409 43254 
3143302150026 CLU_6410 22722 
3143302150026 CLU_6411 19610 
3143302150026 CLU_6412 19685 
3143302150026 CLU_6414 40641 
3143302150026 CLU_6415 45194 
3143302150026 CLU_6417 60629 
3143300550108 3143309772235 6652 
3143300550108 3143309772251 5297 
3143300550108 3143309812059 7238 
3143300550108 3143305305063 4462 
3143300550108 3143307781067 3404 
3143300550108 3143309132481 3459 
3143300550108 3143307831331 3670 
3143300550108 3143300659134 5314 
3143300550108 3143303180158 7644 
3143300550108 3143307821506 7722 
3143300550108 3143302150107 10306 
3143300550108 3143309775978 7722 
3143300550108 3143302219107 11016 
3143300550108 3143302219352 7574 
3143300550108 3143303180182 4647 
3143300550108 3143302150042 3806 
3143300550108 3143302219085 3402 
3143300550108 3143309812032 3974 
3143300550108 3143302149915 2799 
3143300550108 3143307299079 4453 
3143300550108 3143302150018 2405 
3143300550108 3143302218984 1564 
3143300550108 3143306065295 1815 
3143300550108 3143302219069 10280 
3143300550108 3143306629296 1596 
3143300550108 3143302149923 800 
3143300550108 3143306065341 414 
3143300550108 3143306329705 2085 
3143300550108 3143306297943 5477 
3143300550108 3143307780621 7477 
3143300550108 3143303180166 7722 
3143300550108 3143302149893 2772 
3143300550108 3143302150026 7908 
3143300550108 3143300550108 0 
3143300550108 3143303413578 19611 
3143300550108 3143306329632 11681 
3143300550108 3143305212588 11412 
3143300550108 3143309812083 4721 
3143300550108 3143306023282 6222 
3143300550108 3143302218968 8693 
3143300550108 3143309772227 3459 
3143300550108 3143302203480 7832 
3143300550108 3143302150085 4453 
3143300550108 3143300211826 11028 
3143300550108 3143302149931 8517 
3143300550108 3143309352511 2202 
3143300550108 3143309251553 6164 
3143300550108 3143305998220 5795 
3143300550108 3143309690905 6706 
3143300550108 3143307608756 1493 
3143300550108 3143306409911 0 
3143300550108 3143307780907 10357 
3143300550108 3143309936424 7376 
3143300550108 3143309812075 5830 
3143300550108 3143306301304 4721 
3143300550108 3143303688100 6211 
3143300550108 3143303180115 5297 
3143300550108 3143305302854 4363 
3143300550108 3143302219212 3863 
3143300550108 3143302149958 9382 
3143300550108 3143307951345 4276 
3143300550108 3143302219077 7098 
3143300550108 3143302219344 10280 
3143300550108 3143307607660 10306 
3143300550108 3143302150069 1927 
3143300550108 3143307809131 2897 
3143300550108 3143300186252 11402 
3143300550108 3143304701852 5519 
3143300550108 3143307836619 3974 
3143300550108 3143305212545 9531 
3143300550108 3143302150077 1493 
3143300550108 3143302150034 3722 
3143300550108 3143302219409 50875 
3143300550108 3143305212529 31661 
3143300550108 3143302219379 50875 
3143300550108 CLU_3233 35030 
3143300550108 CLU_6117 48379 
3143300550108 CLU_6299 22882 
3143300550108 CLU_6301 14070 
3143300550108 CLU_6381 12716 
3143300550108 CLU_6398 18733 
3143300550108 CLU_6409 44628 
3143300550108 CLU_6410 26766 
3143300550108 CLU_6411 21888 
3143300550108 CLU_6412 21843 
3143300550108 CLU_6414 44952 
3143300550108 CLU_6415 51186 
3143300550108 CLU_6417 66254 
3143303413578 3143309772235 23587 
3143303413578 3143309772251 22527 
3143303413578 3143309812059 23522 
3143303413578 3143305305063 22555 
3143303413578 3143307781067 21403 
3143303413578 3143309132481 20622 
3143303413578 3143307831331 20532 
3143303413578 3143300659134 20198 
3143303413578 3143303180158 22235 
3143303413578 3143307821506 22867 
3143303413578 3143302150107 22995 
3143303413578 3143309775978 22867 
3143303413578 3143302219107 26264 
3143303413578 3143302219352 24292 
3143303413578 3143303180182 23545 
3143303413578 3143302150042 22641 
3143303413578 3143302219085 22503 
3143303413578 3143309812032 19623 
3143303413578 3143302149915 18827 
3143303413578 3143307299079 23937 
3143303413578 3143302150018 21992 
3143303413578 3143302218984 21056 
3143303413578 3143306065295 18757 
3143303413578 3143302219069 27739 
3143303413578 3143306629296 21207 
3143303413578 3143302149923 19874 
3143303413578 3143306065341 19770 
3143303413578 3143306329705 18493 
3143303413578 3143306297943 16847 
3143303413578 3143307780621 21625 
3143303413578 3143303180166 22867 
3143303413578 3143302149893 21694 
3143303413578 3143302150026 26909 
3143303413578 3143300550108 19611 
3143303413578 3143303413578 0 
3143303413578 3143306329632 27077 
3143303413578 3143305212588 30673 
3143303413578 3143309812083 20710 
3143303413578 3143306023282 23978 
3143303413578 3143302218968 22875 
3143303413578 3143309772227 20622 
3143303413578 3143302203480 25540 
3143303413578 3143302150085 23937 
3143303413578 3143300211826 28127 
3143303413578 3143302149931 26005 
3143303413578 3143309352511 20195 
3143303413578 3143309251553 24722 
3143303413578 3143305998220 24639 
3143303413578 3143309690905 25851 
3143303413578 3143307608756 20880 
3143303413578 3143306409911 19611 
3143303413578 3143307780907 27169 
3143303413578 3143309936424 26595 
3143303413578 3143309812075 21021 
3143303413578 3143306301304 20710 
3143303413578 3143303688100 20441 
3143303413578 3143303180115 22527 
3143303413578 3143305302854 22956 
3143303413578 3143302219212 21913 
3143303413578 3143302149958 25119 
3143303413578 3143307951345 18820 
3143303413578 3143302219077 25896 
3143303413578 3143302219344 27739 
3143303413578 3143307607660 22995 
3143303413578 3143302150069 21307 
3143303413578 3143307809131 17131 
3143303413578 3143300186252 28269 
3143303413578 3143304701852 21161 
3143303413578 3143307836619 19623 
3143303413578 3143305212545 28131 
3143303413578 3143302150077 20880 
3143303413578 3143302150034 23298 
3143303413578 3143302219409 58076 
3143303413578 3143305212529 43962 
3143303413578 3143302219379 58076 
3143303413578 CLU_3233 39845 
3143303413578 CLU_6117 47497 
3143303413578 CLU_6299 37051 
3143303413578 CLU_6301 20978 
3143303413578 CLU_6381 19474 
3143303413578 CLU_6398 37322 
3143303413578 CLU_6409 44957 
3143303413578 CLU_6410 36221 
3143303413578 CLU_6411 29444 
3143303413578 CLU_6412 29193 
3143303413578 CLU_6414 52249 
3143303413578 CLU_6415 62198 
3143303413578 CLU_6417 75546 
3143306329632 3143309772235 5036 
3143306329632 3143309772251 6384 
3143306329632 3143309812059 4476 
3143306329632 3143305305063 7306 
3143306329632 3143307781067 8277 
3143306329632 3143309132481 8395 
3143306329632 3143307831331 8274 
3143306329632 3143300659134 7485 
3143306329632 3143303180158 4976 
3143306329632 3143307821506 4468 
3143306329632 3143302150107 4440 
3143306329632 3143309775978 4468 
3143306329632 3143302219107 817 
3143306329632 3143302219352 4124 
3143306329632 3143303180182 7819 
3143306329632 3143302150042 8272 
3143306329632 3143302219085 8827 
3143306329632 3143309812032 8635 
3143306329632 3143302149915 10018 
3143306329632 3143307299079 9249 
3143306329632 3143302150018 11134 
3143306329632 3143302218984 10512 
3143306329632 3143306065295 10830 
3143306329632 3143302219069 3398 
3143306329632 3143306629296 10979 
3143306329632 3143302149923 10893 
3143306329632 3143306065341 11954 
3143306329632 3143306329705 10880 
3143306329632 3143306297943 17102 
3143306329632 3143307780621 5541 
3143306329632 3143303180166 4468 
3143306329632 3143302149893 9095 
3143306329632 3143302150026 6992 
3143306329632 3143300550108 11681 
3143306329632 3143303413578 27077 
3143306329632 3143306329632 0 
3143306329632 3143305212588 14893 
3143306329632 3143309812083 7456 
3143306329632 3143306023282 5691 
3143306329632 3143302218968 4208 
3143306329632 3143309772227 8395 
3143306329632 3143302203480 4553 
3143306329632 3143302150085 9249 
3143306329632 3143300211826 2770 
3143306329632 3143302149931 3928 
3143306329632 3143309352511 9574 
3143306329632 3143309251553 6525 
3143306329632 3143305998220 7156 
3143306329632 3143309690905 7567 
3143306329632 3143307608756 11914 
3143306329632 3143306409911 11681 
3143306329632 3143307780907 2290 
3143306329632 3143309936424 7727 
3143306329632 3143309812075 6626 
3143306329632 3143306301304 7456 
3143306329632 3143303688100 6921 
3143306329632 3143303180115 6384 
3143306329632 3143305302854 7670 
3143306329632 3143302219212 7836 
3143306329632 3143302149958 2330 
3143306329632 3143307951345 9133 
3143306329632 3143302219077 6600 
3143306329632 3143302219344 3398 
3143306329632 3143307607660 4440 
3143306329632 3143302150069 10114 
3143306329632 3143307809131 11972 
3143306329632 3143300186252 2415 
3143306329632 3143304701852 6701 
3143306329632 3143307836619 8635 
3143306329632 3143305212545 5885 
3143306329632 3143302150077 11914 
3143306329632 3143302150034 9946 
3143306329632 3143302219409 39778 
3143306329632 3143305212529 19985 
3143306329632 3143302219379 39778 
3143306329632 CLU_3233 25394 
3143306329632 CLU_6117 40442 
3143306329632 CLU_6299 11247 
3143306329632 CLU_6301 25597 
3143306329632 CLU_6381 24338 
3143306329632 CLU_6398 11527 
3143306329632 CLU_6409 36347 
3143306329632 CLU_6410 15866 
3143306329632 CLU_6411 12702 
3143306329632 CLU_6412 12801 
3143306329632 CLU_6414 33950 
3143306329632 CLU_6415 39515 
3143306329632 CLU_6417 54664 
3143305212588 3143309772235 12023 
3143305212588 3143309772251 11783 
3143305212588 3143309812059 12826 
3143305212588 3143305305063 10843 
3143305212588 3143307781067 11343 
3143305212588 3143309132481 12248 
3143305212588 3143307831331 12493 
3143305212588 3143300659134 14086 
3143305212588 3143303180158 14595 
3143305212588 3143307821506 14091 
3143305212588 3143302150107 16951 
3143305212588 3143309775978 14091 
3143305212588 3143302219107 14820 
3143305212588 3143302219352 12313 
3143305212588 3143303180182 9421 
3143305212588 3143302150042 9960 
3143305212588 3143302219085 9706 
3143305212588 3143309812032 13500 
3143305212588 3143302149915 13323 
3143305212588 3143307299079 8059 
3143305212588 3143302150018 9047 
3143305212588 3143302218984 10289 
3143305212588 3143306065295 12825 
3143305212588 3143302219069 11545 
3143305212588 3143306629296 9927 
3143305212588 3143302149923 11438 
3143305212588 3143306065341 11151 
3143305212588 3143306329705 13136 
3143305212588 3143306297943 14220 
3143305212588 3143307780621 14944 
3143305212588 3143303180166 14091 
3143305212588 3143302149893 10393 
3143305212588 3143302150026 8022 
3143305212588 3143300550108 11412 
3143305212588 3143303413578 30673 
3143305212588 3143306329632 14893 
3143305212588 3143305212588 0 
3143305212588 3143309812083 13160 
3143305212588 3143306023282 10916 
3143305212588 3143302218968 15190 
3143305212588 3143309772227 12248 
3143305212588 3143302203480 10862 
3143305212588 3143302150085 8059 
3143305212588 3143300211826 12338 
3143305212588 3143302149931 11247 
3143305212588 3143309352511 11831 
3143305212588 3143309251553 9529 
3143305212588 3143305998220 9043 
3143305212588 3143309690905 7922 
3143305212588 3143307608756 9978 
3143305212588 3143306409911 11412 
3143305212588 3143307780907 12602 
3143305212588 3143309936424 7444 
3143305212588 3143309812075 13856 
3143305212588 3143306301304 13160 
3143305212588 3143303688100 14673 
3143305212588 3143303180115 11783 
3143305212588 3143305302854 10108 
3143305212588 3143302219212 11109 
3143305212588 3143302149958 13782 
3143305212588 3143307951345 14289 
3143305212588 3143302219077 8754 
3143305212588 3143302219344 11545 
3143305212588 3143307607660 16951 
3143305212588 3143302150069 10212 
3143305212588 3143307809131 14267 
3143305212588 3143300186252 12819 
3143305212588 3143304701852 13447 
3143305212588 3143307836619 13500 
3143305212588 3143305212545 9048 
3143305212588 3143302150077 9978 
3143305212588 3143302150034 8251 
3143305212588 3143302219409 53352 
3143305212588 3143305212529 32090 
3143305212588 3143302219379 53352 
3143305212588 CLU_3233 40202 
3143305212588 CLU_6117 55310 
3143305212588 CLU_6299 23103 
3143305212588 CLU_6301 17659 
3143305212588 CLU_6381 17335 
3143305212588 CLU_6398 13254 
3143305212588 CLU_6409 51234 
3143305212588 CLU_6410 30226 
3143305212588 CLU_6411 27585 
3143305212588 CLU_6412 27671 
3143305212588 CLU_6414 47758 
3143305212588 CLU_6415 50947 
3143305212588 CLU_6417 66607 
3143309812083 3143309772235 2911 
3143309812083 3143309772251 1855 
3143309812083 3143309812059 3073 
3143309812083 3143305305063 2367 
3143309812083 3143307781067 1956 
3143309812083 3143309132481 1317 
3143309812083 3143307831331 1067 
3143309812083 3143300659134 928 
3143309812083 3143303180158 2940 
3143309812083 3143307821506 3123 
3143309812083 3143302150107 5587 
3143309812083 3143309775978 3123 
3143309812083 3143302219107 6701 
3143309812083 3143302219352 3723 
3143309812083 3143303180182 3776 
3143309812083 3143302150042 3216 
3143309812083 3143302219085 3568 
3143309812083 3143309812032 1201 
3143309812083 3143302149915 2567 
3143309812083 3143307299079 5129 
3143309812083 3143302150018 5364 
3143309812083 3143302218984 4159 
3143309812083 3143306065295 3456 
3143309812083 3143302219069 7101 
3143309812083 3143306629296 4743 
3143309812083 3143302149923 3939 
3143309812083 3143306065341 5087 
3143309812083 3143306329705 3460 
3143309812083 3143306297943 9837 
3143309812083 3143307780621 2760 
3143309812083 3143303180166 3123 
3143309812083 3143302149893 3115 
3143309812083 3143302150026 6596 
3143309812083 3143300550108 4721 
3143309812083 3143303413578 20710 
3143309812083 3143306329632 7456 
3143309812083 3143305212588 13160 
3143309812083 3143309812083 0 
3143309812083 3143306023282 3309 
3143309812083 3143302218968 3994 
3143309812083 3143309772227 1317 
3143309812083 3143302203480 4829 
3143309812083 3143302150085 5129 
3143309812083 3143300211826 7612 
3143309812083 3143302149931 5318 
3143309812083 3143309352511 2538 
3143309812083 3143309251553 4327 
3143309812083 3143305998220 4499 
3143309812083 3143309690905 5831 
3143309812083 3143307608756 5543 
3143309812083 3143306409911 4721 
3143309812083 3143307780907 6729 
3143309812083 3143309936424 6567 
3143309812083 3143309812075 1113 
3143309812083 3143306301304 0 
3143309812083 3143303688100 1674 
3143309812083 3143303180115 1855 
3143309812083 3143305302854 3071 
3143309812083 3143302219212 2060 
3143309812083 3143302149958 5136 
3143309812083 3143307951345 1898 
3143309812083 3143302219077 5520 
3143309812083 3143302219344 7101 
3143309812083 3143307607660 5587 
3143309812083 3143302150069 3895 
3143309812083 3143307809131 4519 
3143309812083 3143300186252 7853 
3143309812083 3143304701852 814 
3143309812083 3143307836619 1201 
3143309812083 3143305212545 7503 
3143309812083 3143302150077 5543 
3143309812083 3143302150034 5174 
3143309812083 3143302219409 46172 
3143309812083 3143305212529 27247 
3143309812083 3143302219379 46172 
3143309812083 CLU_3233 30360 
3143309812083 CLU_6117 44009 
3143309812083 CLU_6299 18682 
3143309812083 CLU_6301 18756 
3143309812083 CLU_6381 17353 
3143309812083 CLU_6398 16612 
3143309812083 CLU_6409 40180 
3143309812083 CLU_6410 22065 
3143309812083 CLU_6411 17206 
3143309812083 CLU_6412 17172 
3143309812083 CLU_6414 40242 
3143309812083 CLU_6415 46737 
3143309812083 CLU_6417 61688 
3143306023282 3143309772235 1113 
3143306023282 3143309772251 1457 
3143306023282 3143309812059 1947 
3143306023282 3143305305063 1768 
3143306023282 3143307781067 2948 
3143306023282 3143309132481 3472 
3143306023282 3143307831331 3500 
3143306023282 3143300659134 4014 
3143306023282 3143303180158 3686 
3143306023282 3143307821506 3181 
3143306023282 3143302150107 6115 
3143306023282 3143309775978 3181 
3143306023282 3143302219107 5158 
3143306023282 3143302219352 1692 
3143306023282 3143303180182 2171 
3143306023282 3143302150042 2592 
3143306023282 3143302219085 3141 
3143306023282 3143309812032 4355 
3143306023282 3143302149915 5332 
3143306023282 3143307299079 3729 
3143306023282 3143302150018 5443 
3143306023282 3143302218984 4900 
3143306023282 3143306065295 5819 
3143306023282 3143302219069 4126 
3143306023282 3143306629296 5326 
3143306023282 3143302149923 5479 
3143306023282 3143306065341 6437 
3143306023282 3143306329705 5972 
3143306023282 3143306297943 11699 
3143306023282 3143307780621 4084 
3143306023282 3143303180166 3181 
3143306023282 3143302149893 3494 
3143306023282 3143302150026 3455 
3143306023282 3143300550108 6222 
3143306023282 3143303413578 23978 
3143306023282 3143306329632 5691 
3143306023282 3143305212588 10916 
3143306023282 3143309812083 3309 
3143306023282 3143306023282 0 
3143306023282 3143302218968 4305 
3143306023282 3143309772227 3472 
3143306023282 3143302203480 1674 
3143306023282 3143302150085 3729 
3143306023282 3143300211826 4822 
3143306023282 3143302149931 2318 
3143306023282 3143309352511 4354 
3143306023282 3143309251553 1388 
3143306023282 3143305998220 1907 
3143306023282 3143309690905 3027 
3143306023282 3143307608756 6260 
3143306023282 3143306409911 6222 
3143306023282 3143307780907 4136 
3143306023282 3143309936424 3649 
3143306023282 3143309812075 3400 
3143306023282 3143306301304 3309 
3143306023282 3143303688100 4218 
3143306023282 3143303180115 1457 
3143306023282 3143305302854 1986 
3143306023282 3143302219212 2419 
3143306023282 3143302149958 3597 
3143306023282 3143307951345 5167 
3143306023282 3143302219077 2404 
3143306023282 3143302219344 4126 
3143306023282 3143307607660 6115 
3143306023282 3143302150069 4492 
3143306023282 3143307809131 7286 
3143306023282 3143300186252 5181 
3143306023282 3143304701852 3086 
3143306023282 3143307836619 4355 
3143306023282 3143305212545 4194 
3143306023282 3143302150077 6260 
3143306023282 3143302150034 4321 
3143306023282 3143302219409 45410 
3143306023282 3143305212529 25616 
3143306023282 3143302219379 45410 
3143306023282 CLU_3233 30480 
3143306023282 CLU_6117 44884 
3143306023282 CLU_6299 16727 
3143306023282 CLU_6301 19933 
3143306023282 CLU_6381 18714 
3143306023282 CLU_6398 13359 
3143306023282 CLU_6409 40918 
3143306023282 CLU_6410 21398 
3143306023282 CLU_6411 17427 
3143306023282 CLU_6412 17456 
3143306023282 CLU_6414 39554 
3143306023282 CLU_6415 45142 
3143306023282 CLU_6417 60343 
3143302218968 3143309772235 3193 
3143302218968 3143309772251 3913 
3143302218968 3143309812059 2367 
3143302218968 3143305305063 5067 
3143302218968 3143307781067 5527 
3143302218968 3143309132481 5235 
3143302218968 3143307831331 5024 
3143302218968 3143300659134 3666 
3143302218968 3143303180158 1054 
3143302218968 3143307821506 1155 
3143302218968 3143302150107 1833 
3143302218968 3143309775978 1155 
3143302218968 3143302219107 3392 
3143302218968 3143302219352 2933 
3143302218968 3143303180182 6226 
3143302218968 3143302150042 6204 
3143302218968 3143302219085 6733 
3143302218968 3143309812032 5004 
3143302218968 3143302149915 6453 
3143302218968 3143307299079 7846 
3143302218968 3143302150018 8935 
3143302218968 3143302218984 7923 
3143302218968 3143306065295 7422 
3143302218968 3143302219069 5622 
3143302218968 3143306629296 8485 
3143302218968 3143302149923 7900 
3143302218968 3143306065341 9044 
3143302218968 3143306329705 7388 
3143302218968 3143306297943 13803 
3143302218968 3143307780621 1430 
3143302218968 3143303180166 1155 
3143302218968 3143302149893 6631 
3143302218968 3143302150026 7385 
3143302218968 3143300550108 8693 
3143302218968 3143303413578 22875 
3143302218968 3143306329632 4208 
3143302218968 3143305212588 15190 
3143302218968 3143309812083 3994 
3143302218968 3143306023282 4305 
3143302218968 3143302218968 0 
3143302218968 3143309772227 5235 
3143302218968 3143302203480 4565 
3143302218968 3143302150085 7846 
3143302218968 3143300211826 5660 
3143302218968 3143302149931 4504 
3143302218968 3143309352511 6492 
3143302218968 3143309251553 5674 
3143302218968 3143305998220 6212 
3143302218968 3143309690905 7268 
3143302218968 3143307608756 9362 
3143302218968 3143306409911 8693 
3143302218968 3143307780907 4680 
3143302218968 3143309936424 7797 
3143302218968 3143309812075 2924 
3143302218968 3143306301304 3994 
3143302218968 3143303688100 2913 
3143302218968 3143303180115 3913 
3143302218968 3143305302854 5727 
3143302218968 3143302219212 5292 
3143302218968 3143302149958 2429 
3143302218968 3143307951345 5284 
3143302218968 3143302219077 6482 
3143302218968 3143302219344 5622 
3143302218968 3143307607660 1833 
3143302218968 3143302150069 7588 
3143302218968 3143307809131 8260 
3143302218968 3143300186252 5650 
3143302218968 3143304701852 3183 
3143302218968 3143307836619 5004 
3143302218968 3143305212545 7308 
3143302218968 3143302150077 9362 
3143302218968 3143302150034 8248 
3143302218968 3143302219409 42183 
3143302218968 3143305212529 23394 
3143302218968 3143302219379 42183 
3143302218968 CLU_3233 26575 
3143302218968 CLU_6117 40665 
3143302218968 CLU_6299 15051 
3143302218968 CLU_6301 22748 
3143302218968 CLU_6381 21347 
3143302218968 CLU_6398 15154 
3143302218968 CLU_6409 36739 
3143302218968 CLU_6410 18075 
3143302218968 CLU_6411 13431 
3143302218968 CLU_6412 13427 
3143302218968 CLU_6414 36259 
3143302218968 CLU_6415 42840 
3143302218968 CLU_6417 57724 
3143309772227 3143309772235 3494 
3143309772227 3143309772251 2148 
3143309772227 3143309812059 3920 
3143309772227 3143305305063 1936 
3143309772227 3143307781067 922 
3143309772227 3143309132481 0 
3143309772227 3143307831331 274 
3143309772227 3143300659134 2112 
3143309772227 3143303180158 4190 
3143309772227 3143307821506 4270 
3143309772227 3143302150107 6883 
3143309772227 3143309775978 4270 
3143309772227 3143302219107 7684 
3143309772227 3143302219352 4406 
3143309772227 3143303180182 3119 
3143309772227 3143302150042 2345 
3143309772227 3143302219085 2542 
3143309772227 3143309812032 1261 
3143309772227 3143302149915 1859 
3143309772227 3143307299079 4194 
3143309772227 3143302150018 4087 
3143309772227 3143302218984 2848 
3143309772227 3143306065295 2455 
3143309772227 3143302219069 7554 
3143309772227 3143306629296 3433 
3143309772227 3143302149923 2664 
3143309772227 3143306065341 3809 
3143309772227 3143306329705 2553 
3143309772227 3143306297943 8731 
3143309772227 3143307780621 4064 
3143309772227 3143303180166 4270 
3143309772227 3143302149893 1931 
3143309772227 3143302150026 6332 
3143309772227 3143300550108 3459 
3143309772227 3143303413578 20622 
3143309772227 3143306329632 8395 
3143309772227 3143305212588 12248 
3143309772227 3143309812083 1317 
3143309772227 3143306023282 3472 
3143309772227 3143302218968 5235 
3143309772227 3143309772227 0 
3143309772227 3143302203480 5136 
3143309772227 3143302150085 4194 
3143309772227 3143300211826 8176 
3143309772227 3143302149931 5732 
3143309772227 3143309352511 1257 
3143309772227 3143309251553 4104 
3143309772227 3143305998220 4087 
3143309772227 3143309690905 5383 
3143309772227 3143307608756 4226 
3143309772227 3143306409911 3459 
3143309772227 3143307780907 7372 
3143309772227 3143309936424 6140 
3143309772227 3143309812075 2423 
3143309772227 3143306301304 1317 
3143309772227 3143303688100 2958 
3143309772227 3143303180115 2148 
3143309772227 3143305302854 2439 
3143309772227 3143302219212 1329 
3143309772227 3143302149958 6068 
3143309772227 3143307951345 2097 
3143309772227 3143302219077 5290 
3143309772227 3143302219344 7554 
3143309772227 3143307607660 6883 
3143309772227 3143302150069 2603 
3143309772227 3143307809131 3823 
3143309772227 3143300186252 8477 
3143309772227 3143304701852 2076 
3143309772227 3143307836619 1261 
3143309772227 3143305212545 7521 
3143309772227 3143302150077 4226 
3143309772227 3143302150034 4081 
3143309772227 3143302219409 47416 
3143309772227 3143305212529 28314 
3143309772227 3143302219379 47416 
3143309772227 CLU_3233 31672 
3143309772227 CLU_6117 45310 
3143309772227 CLU_6299 19642 
3143309772227 CLU_6301 17526 
3143309772227 CLU_6381 16153 
3143309772227 CLU_6398 16787 
3143309772227 CLU_6409 41489 
3143309772227 CLU_6410 23307 
3143309772227 CLU_6411 18517 
3143309772227 CLU_6412 18486 
3143309772227 CLU_6414 41494 
3143309772227 CLU_6415 47826 
3143309772227 CLU_6417 62838 
3143302203480 3143309772235 2010 
3143302203480 3143309772251 3045 
3143302203480 3143309812059 2430 
3143302203480 3143305305063 3420 
3143302203480 3143307781067 4618 
3143302203480 3143309132481 5136 
3143302203480 3143307831331 5147 
3143302203480 3143300659134 5407 
3143302203480 3143303180158 4312 
3143302203480 3143307821506 3651 
3143302203480 3143302150107 6188 
3143302203480 3143309775978 3651 
3143302203480 3143302219107 4205 
3143302203480 3143302219352 1668 
3143302203480 3143303180182 3433 
3143302203480 3143302150042 4085 
3143302203480 3143302219085 4594 
3143302203480 3143309812032 5946 
3143302203480 3143302149915 6992 
3143302203480 3143307299079 4730 
3143302203480 3143302150018 6803 
3143302203480 3143302218984 6441 
3143302203480 3143306065295 7494 
3143302203480 3143302219069 2460 
3143302203480 3143306629296 6815 
3143302203480 3143302149923 7110 
3143302203480 3143306065341 8021 
3143302203480 3143306329705 7647 
3143302203480 3143306297943 13299 
3143302203480 3143307780621 4855 
3143302203480 3143303180166 3651 
3143302203480 3143302149893 5070 
3143302203480 3143302150026 2875 
3143302203480 3143300550108 7832 
3143302203480 3143303413578 25540 
3143302203480 3143306329632 4553 
3143302203480 3143305212588 10862 
3143302203480 3143309812083 4829 
3143302203480 3143306023282 1674 
3143302203480 3143302218968 4565 
3143302203480 3143309772227 5136 
3143302203480 3143302203480 0 
3143302203480 3143302150085 4730 
3143302203480 3143300211826 3199 
3143302203480 3143302149931 706 
3143302203480 3143309352511 6024 
3143302203480 3143309251553 1998 
3143302203480 3143305998220 2618 
3143302203480 3143309690905 3098 
3143302203480 3143307608756 7735 
3143302203480 3143306409911 7832 
3143302203480 3143307780907 2637 
3143302203480 3143309936424 3427 
3143302203480 3143309812075 4666 
3143302203480 3143306301304 4829 
3143302203480 3143303688100 5412 
3143302203480 3143303180115 3045 
3143302203480 3143305302854 3492 
3143302203480 3143302219212 4084 
3143302203480 3143302149958 2933 
3143302203480 3143307951345 6723 
3143302203480 3143302219077 2155 
3143302203480 3143302219344 2460 
3143302203480 3143307607660 6188 
3143302203480 3143302150069 6031 
3143302203480 3143307809131 8956 
3143302203480 3143300186252 3596 
3143302203480 3143304701852 4440 
3143302203480 3143307836619 5946 
3143302203480 3143305212545 2881 
3143302203480 3143302150077 7735 
3143302203480 3143302150034 5477 
3143302203480 3143302219409 44316 
3143302203480 3143305212529 24234 
3143302203480 3143302219379 44316 
3143302203480 CLU_3233 29806 
3143302203480 CLU_6117 44538 
3143302203480 CLU_6299 15267 
3143302203480 CLU_6301 21338 
3143302203480 CLU_6381 20173 
3143302203480 CLU_6398 11782 
3143302203480 CLU_6409 40511 
3143302203480 CLU_6410 20417 
3143302203480 CLU_6411 16897 
3143302203480 CLU_6412 16956 
3143302203480 CLU_6414 38498 
3143302203480 CLU_6415 43742 
3143302203480 CLU_6417 59016 
3143302150085 3143309772235 4748 
3143302150085 3143309772251 4010 
3143302150085 3143309812059 5592 
3143302150085 3143305305063 2917 
3143302150085 3143307781067 3284 
3143302150085 3143309132481 4194 
3143302150085 3143307831331 4435 
3143302150085 3143300659134 6058 
3143302150085 3143303180158 7026 
3143302150085 3143307821506 6690 
3143302150085 3143302150107 9679 
3143302150085 3143309775978 6690 
3143302150085 3143302219107 8806 
3143302150085 3143302219352 5419 
3143302150085 3143303180182 1620 
3143302150085 3143302150042 1913 
3143302150085 3143302219085 1663 
3143302150085 3143309812032 5452 
3143302150085 3143302149915 5462 
3143302150085 3143307299079 0 
3143302150085 3143302150018 2454 
3143302150085 3143302218984 2913 
3143302150085 3143306065295 5231 
3143302150085 3143302219069 6853 
3143302150085 3143306629296 2922 
3143302150085 3143302149923 4069 
3143302150085 3143306065341 4424 
3143302150085 3143306329705 5520 
3143302150085 3143306297943 9416 
3143302150085 3143307780621 7236 
3143302150085 3143303180166 6690 
3143302150085 3143302149893 2418 
3143302150085 3143302150026 3653 
3143302150085 3143300550108 4453 
3143302150085 3143303413578 23937 
3143302150085 3143306329632 9249 
3143302150085 3143305212588 8059 
3143302150085 3143309812083 5129 
3143302150085 3143306023282 3729 
3143302150085 3143302218968 7846 
3143302150085 3143309772227 4194 
3143302150085 3143302203480 4730 
3143302150085 3143302150085 0 
3143302150085 3143300211826 7719 
3143302150085 3143302149931 5414 
3143302150085 3143309352511 3951 
3143302150085 3143309251553 2733 
3143302150085 3143305998220 2115 
3143302150085 3143309690905 2430 
3143302150085 3143307608756 3633 
3143302150085 3143306409911 4453 
3143302150085 3143307780907 7337 
3143302150085 3143309936424 2999 
3143302150085 3143309812075 5927 
3143302150085 3143306301304 5129 
3143302150085 3143303688100 6711 
3143302150085 3143303180115 4010 
3143302150085 3143305302854 2182 
3143302150085 3143302219212 3069 
3143302150085 3143302149958 7302 
3143302150085 3143307951345 6261 
3143302150085 3143302219077 3119 
3143302150085 3143302219344 6853 
3143302150085 3143307607660 9679 
3143302150085 3143302150069 2631 
3143302150085 3143307809131 6838 
3143302150085 3143300186252 8178 
3143302150085 3143304701852 5508 
3143302150085 3143307836619 5452 
3143302150085 3143305212545 5434 
3143302150085 3143302150077 3633 
3143302150085 3143302150034 869 
3143302150085 3143302219409 49028 
3143302150085 3143305212529 28914 
3143302150085 3143302219379 49028 
3143302150085 CLU_3233 34207 
3143302150085 CLU_6117 48511 
3143302150085 CLU_6299 19893 
3143302150085 CLU_6301 16759 
3143302150085 CLU_6381 15691 
3143302150085 CLU_6398 14391 
3143302150085 CLU_6409 44575 
3143302150085 CLU_6410 25072 
3143302150085 CLU_6411 21140 
3143302150085 CLU_6412 21162 
3143302150085 CLU_6414 43195 
3143302150085 CLU_6415 48397 
3143302150085 CLU_6417 63719 
3143300211826 3143309772235 4725 
3143300211826 3143309772251 6028 
3143300211826 3143309812059 4621 
3143300211826 3143305305063 6590 
3143300211826 3143307781067 7760 
3143300211826 3143309132481 8176 
3143300211826 3143307831331 8142 
3143300211826 3143300659134 7969 
3143300211826 3143303180158 6003 
3143300211826 3143307821506 5325 
3143300211826 3143302150107 6595 
3143300211826 3143309775978 5325 
3143300211826 3143302219107 3071 
3143300211826 3143302219352 3893 
3143300211826 3143303180182 6589 
3143300211826 3143302150042 7282 
3143300211826 3143302219085 7781 
3143300211826 3143309812032 8801 
3143300211826 3143302149915 9996 
3143300211826 3143307299079 7719 
3143300211826 3143302150018 9941 
3143300211826 3143302218984 9638 
3143300211826 3143306065295 10597 
3143300211826 3143302219069 892 
3143300211826 3143306629296 10001 
3143300211826 3143302149923 10297 
3143300211826 3143306065341 11221 
3143300211826 3143306329705 10724 
3143300211826 3143306297943 16497 
3143300211826 3143307780621 6627 
3143300211826 3143303180166 5325 
3143300211826 3143302149893 8269 
3143300211826 3143302150026 4741 
3143300211826 3143300550108 11028 
3143300211826 3143303413578 28127 
3143300211826 3143306329632 2770 
3143300211826 3143305212588 12338 
3143300211826 3143309812083 7612 
3143300211826 3143306023282 4822 
3143300211826 3143302218968 5660 
3143300211826 3143309772227 8176 
3143300211826 3143302203480 3199 
3143300211826 3143302150085 7719 
3143300211826 3143300211826 0 
3143300211826 3143302149931 2510 
3143300211826 3143309352511 9162 
3143300211826 3143309251553 5075 
3143300211826 3143305998220 5635 
3143300211826 3143309690905 5606 
3143300211826 3143307608756 10915 
3143300211826 3143306409911 11028 
3143300211826 3143307780907 986 
3143300211826 3143309936424 5553 
3143300211826 3143309812075 7122 
3143300211826 3143306301304 7612 
3143300211826 3143303688100 7689 
3143300211826 3143303180115 6028 
3143300211826 3143305302854 6691 
3143300211826 3143302219212 7238 
3143300211826 3143302149958 3231 
3143300211826 3143307951345 9488 
3143300211826 3143302219077 4688 
3143300211826 3143302219344 892 
3143300211826 3143307607660 6595 
3143300211826 3143302150069 9229 
3143300211826 3143307809131 11986 
3143300211826 3143300186252 499 
3143300211826 3143304701852 7030 
3143300211826 3143307836619 8801 
3143300211826 3143305212545 3296 
3143300211826 3143302150077 10915 
3143300211826 3143302150034 8528 
3143300211826 3143302219409 41649 
3143300211826 3143305212529 21211 
3143300211826 3143302219379 41649 
3143300211826 CLU_3233 27864 
3143300211826 CLU_6117 43104 
3143300211826 CLU_6299 12174 
3143300211826 CLU_6301 24453 
3143300211826 CLU_6381 23325 
3143300211826 CLU_6398 9498 
3143300211826 CLU_6409 38982 
3143300211826 CLU_6410 18021 
3143300211826 CLU_6411 15370 
3143300211826 CLU_6412 15484 
3143300211826 CLU_6414 35899 
3143300211826 CLU_6415 40680 
3143300211826 CLU_6417 56030 
3143302149931 3143309772235 2418 
3143302149931 3143309772251 3604 
3143302149931 3143309812059 2627 
3143302149931 3143305305063 4083 
3143302149931 3143307781067 5264 
3143302149931 3143309132481 5732 
3143302149931 3143307831331 5724 
3143302149931 3143300659134 5819 
3143302149931 3143303180158 4416 
3143302149931 3143307821506 3725 
3143302149931 3143302150107 6000 
3143302149931 3143309775978 3725 
3143302149931 3143302219107 3651 
3143302149931 3143302219352 1815 
3143302149931 3143303180182 4139 
3143302149931 3143302150042 4786 
3143302149931 3143302219085 5298 
3143302149931 3143309812032 6469 
3143302149931 3143302149915 7578 
3143302149931 3143307299079 5414 
3143302149931 3143302150018 7509 
3143302149931 3143302218984 7139 
3143302149931 3143306065295 8124 
3143302149931 3143302219069 1821 
3143302149931 3143306629296 7518 
3143302149931 3143302149923 7787 
3143302149931 3143306065341 8713 
3143302149931 3143306329705 8265 
3143302149931 3143306297943 13988 
3143302149931 3143307780621 4999 
3143302149931 3143303180166 3725 
3143302149931 3143302149893 5761 
3143302149931 3143302150026 3225 
3143302149931 3143300550108 8517 
3143302149931 3143303413578 26005 
3143302149931 3143306329632 3928 
3143302149931 3143305212588 11247 
3143302149931 3143309812083 5318 
3143302149931 3143306023282 2318 
3143302149931 3143302218968 4504 
3143302149931 3143309772227 5732 
3143302149931 3143302203480 706 
3143302149931 3143302150085 5414 
3143302149931 3143300211826 2510 
3143302149931 3143302149931 0 
3143302149931 3143309352511 6670 
3143302149931 3143309251553 2688 
3143302149931 3143305998220 3298 
3143302149931 3143309690905 3646 
3143302149931 3143307608756 8440 
3143302149931 3143306409911 8517 
3143302149931 3143307780907 1934 
3143302149931 3143309936424 3877 
3143302149931 3143309812075 5032 
3143302149931 3143306301304 5318 
3143302149931 3143303688100 5727 
3143302149931 3143303180115 3604 
3143302149931 3143305302854 4189 
3143302149931 3143302219212 4737 
3143302149931 3143302149958 2561 
3143302149931 3143307951345 7217 
3143302149931 3143302219077 2681 
3143302149931 3143302219344 1821 
3143302149931 3143307607660 6000 
3143302149931 3143302150069 6729 
3143302149931 3143307809131 9555 
3143302149931 3143300186252 2895 
3143302149931 3143304701852 4851 
3143302149931 3143307836619 6469 
3143302149931 3143305212545 2804 
3143302149931 3143302150077 8440 
3143302149931 3143302150034 6172 
3143302149931 3143302219409 43658 
3143302149931 3143305212529 23532 
3143302149931 3143302219379 43658 
3143302149931 CLU_3233 29259 
3143302149931 CLU_6117 44090 
3143302149931 CLU_6299 14561 
3143302149931 CLU_6301 22043 
3143302149931 CLU_6381 20879 
3143302149931 CLU_6398 11341 
3143302149931 CLU_6409 40043 
3143302149931 CLU_6410 19792 
3143302149931 CLU_6411 16408 
3143302149931 CLU_6412 16477 
3143302149931 CLU_6414 37849 
3143302149931 CLU_6415 43038 
3143302149931 CLU_6417 58319 
3143309352511 3143309772235 4590 
3143309352511 3143309772251 3218 
3143309352511 3143309812059 5103 
3143309352511 3143305305063 2616 
3143309352511 3143307781067 1406 
3143309352511 3143309132481 1257 
3143309352511 3143307831331 1475 
3143309352511 3143300659134 3216 
3143309352511 3143303180158 5445 
3143309352511 3143307821506 5524 
3143309352511 3143302150107 8124 
3143309352511 3143309775978 5524 
3143309352511 3143302219107 8882 
3143309352511 3143302219352 5516 
3143309352511 3143303180182 3354 
3143309352511 3143302150042 2446 
3143309352511 3143302219085 2352 
3143309352511 3143309812032 1998 
3143309352511 3143302149915 1513 
3143309352511 3143307299079 3951 
3143309352511 3143302150018 3154 
3143309352511 3143302218984 1809 
3143309352511 3143306065295 1507 
3143309352511 3143302219069 8481 
3143309352511 3143306629296 2377 
3143309352511 3143302149923 1408 
3143309352511 3143306065341 2554 
3143309352511 3143306329705 1724 
3143309352511 3143306297943 7528 
3143309352511 3143307780621 5298 
3143309352511 3143303180166 5524 
3143309352511 3143302149893 1545 
3143309352511 3143302150026 6740 
3143309352511 3143300550108 2202 
3143309352511 3143303413578 20195 
3143309352511 3143306329632 9574 
3143309352511 3143305212588 11831 
3143309352511 3143309812083 2538 
3143309352511 3143306023282 4354 
3143309352511 3143302218968 6492 
3143309352511 3143309772227 1257 
3143309352511 3143302203480 6024 
3143309352511 3143302150085 3951 
3143309352511 3143300211826 9162 
3143309352511 3143302149931 6670 
3143309352511 3143309352511 0 
3143309352511 3143309251553 4662 
3143309352511 3143305998220 4477 
3143309352511 3143309690905 5655 
3143309352511 3143307608756 3066 
3143309352511 3143306409911 2202 
3143309352511 3143307780907 8413 
3143309352511 3143309936424 6400 
3143309352511 3143309812075 3651 
3143309352511 3143306301304 2538 
3143309352511 3143303688100 4103 
3143309352511 3143303180115 3218 
3143309352511 3143305302854 2814 
3143309352511 3143302219212 1942 
3143309352511 3143302149958 7256 
3143309352511 3143307951345 2587 
3143309352511 3143302219077 5772 
3143309352511 3143302219344 8481 
3143309352511 3143307607660 8124 
3143309352511 3143302150069 1698 
3143309352511 3143307809131 3099 
3143309352511 3143300186252 9497 
3143309352511 3143304701852 3324 
3143309352511 3143307836619 1998 
3143309352511 3143305212545 8137 
3143309352511 3143302150077 3066 
3143309352511 3143302150034 3584 
3143309352511 3143302219409 48674 
3143309352511 3143305212529 29526 
3143309352511 3143302219379 48674 
3143309352511 CLU_3233 32891 
3143309352511 CLU_6117 46421 
3143309352511 CLU_6299 20811 
3143309352511 CLU_6301 16270 
3143309352511 CLU_6381 14903 
3143309352511 CLU_6398 17437 
3143309352511 CLU_6409 42626 
3143309352511 CLU_6410 24564 
3143309352511 CLU_6411 19740 
3143309352511 CLU_6412 19703 
3143309352511 CLU_6414 42751 
3143309352511 CLU_6415 49045 
3143309352511 CLU_6417 64078 
3143309251553 3143309772235 2493 
3143309251553 3143309772251 2540 
3143309251553 3143309812059 3307 
3143309251553 3143305305063 2168 
3143309251553 3143307781067 3337 
3143309251553 3143309132481 4104 
3143309251553 3143307831331 4216 
3143309251553 3143300659134 5143 
3143309251553 3143303180158 5074 
3143309251553 3143307821506 4563 
3143309251553 3143302150107 7467 
3143309251553 3143309775978 4563 
3143309251553 3143302219107 6113 
3143309251553 3143302219352 2899 
3143309251553 3143303180182 1544 
3143309251553 3143302150042 2362 
3143309251553 3143302219085 2784 
3143309251553 3143309812032 5200 
3143309251553 3143302149915 5906 
3143309251553 3143307299079 2733 
3143309251553 3143302150018 4866 
3143309251553 3143302218984 4673 
3143309251553 3143306065295 6169 
3143309251553 3143302219069 4244 
3143309251553 3143306629296 4975 
3143309251553 3143302149923 5511 
3143309251553 3143306065341 6295 
3143309251553 3143306329705 6378 
3143309251553 3143306297943 11557 
3143309251553 3143307780621 5462 
3143309251553 3143303180166 4563 
3143309251553 3143302149893 3411 
3143309251553 3143302150026 2271 
3143309251553 3143300550108 6164 
3143309251553 3143303413578 24722 
3143309251553 3143306329632 6525 
3143309251553 3143305212588 9529 
3143309251553 3143309812083 4327 
3143309251553 3143306023282 1388 
3143309251553 3143302218968 5674 
3143309251553 3143309772227 4104 
3143309251553 3143302203480 1998 
3143309251553 3143302150085 2733 
3143309251553 3143300211826 5075 
3143309251553 3143302149931 2688 
3143309251553 3143309352511 4662 
3143309251553 3143309251553 0 
3143309251553 3143305998220 634 
3143309251553 3143309690905 1646 
3143309251553 3143307608756 5868 
3143309251553 3143306409911 6164 
3143309251553 3143307780907 4620 
3143309251553 3143309936424 2308 
3143309251553 3143309812075 4641 
3143309251553 3143306301304 4327 
3143309251553 3143303688100 5476 
3143309251553 3143303180115 2540 
3143309251553 3143305302854 1859 
3143309251553 3143302219212 2813 
3143309251553 3143302149958 4677 
3143309251553 3143307951345 6054 
3143309251553 3143302219077 1200 
3143309251553 3143302219344 4244 
3143309251553 3143307607660 7467 
3143309251553 3143302150069 4271 
3143309251553 3143307809131 7746 
3143309251553 3143300186252 5512 
3143309251553 3143304701852 4283 
3143309251553 3143307836619 5200 
3143309251553 3143305212545 3474 
3143309251553 3143302150077 5868 
3143309251553 3143302150034 3485 
3143309251553 3143302219409 46301 
3143309251553 3143305212529 26215 
3143309251553 3143302219379 46301 
3143309251553 CLU_3233 31636 
3143309251553 CLU_6117 46174 
3143309251553 CLU_6299 17224 
3143309251553 CLU_6301 19384 
3143309251553 CLU_6381 18250 
3143309251553 CLU_6398 12775 
3143309251553 CLU_6409 42187 
3143309251553 CLU_6410 22371 
3143309251553 CLU_6411 18640 
3143309251553 CLU_6412 18681 
3143309251553 CLU_6414 40476 
3143309251553 CLU_6415 45714 
3143309251553 CLU_6417 61007 
3143305998220 3143309772235 3019 
3143305998220 3143309772251 2825 
3143305998220 3143309812059 3854 
3143305998220 3143305305063 2189 
3143305998220 3143307781067 3244 
3143305998220 3143309132481 4087 
3143305998220 3143307831331 4236 
3143305998220 3143300659134 5365 
3143305998220 3143303180158 5555 
3143305998220 3143307821506 5082 
3143305998220 3143302150107 8021 
3143305998220 3143309775978 5082 
3143305998220 3143302219107 6747 
3143305998220 3143302219352 3501 
3143305998220 3143303180182 1159 
3143305998220 3143302150042 2063 
3143305998220 3143302219085 2393 
3143305998220 3143309812032 5258 
3143305998220 3143302149915 5815 
3143305998220 3143307299079 2115 
3143305998220 3143302150018 4333 
3143305998220 3143302218984 4265 
3143305998220 3143306065295 5971 
3143305998220 3143302219069 4785 
3143305998220 3143306629296 4515 
3143305998220 3143302149923 5189 
3143305998220 3143306065341 5893 
3143305998220 3143306329705 6201 
3143305998220 3143306297943 11122 
3143305998220 3143307780621 5903 
3143305998220 3143303180166 5082 
3143305998220 3143302149893 3103 
3143305998220 3143302150026 2269 
3143305998220 3143300550108 5795 
3143305998220 3143303413578 24639 
3143305998220 3143306329632 7156 
3143305998220 3143305212588 9043 
3143305998220 3143309812083 4499 
3143305998220 3143306023282 1907 
3143305998220 3143302218968 6212 
3143305998220 3143309772227 4087 
3143305998220 3143302203480 2618 
3143305998220 3143302150085 2115 
3143305998220 3143300211826 5635 
3143305998220 3143302149931 3298 
3143305998220 3143309352511 4477 
3143305998220 3143309251553 634 
3143305998220 3143305998220 0 
3143305998220 3143309690905 1332 
3143305998220 3143307608756 5383 
3143305998220 3143306409911 5795 
3143305998220 3143307780907 5222 
3143305998220 3143309936424 2076 
3143305998220 3143309812075 4947 
3143305998220 3143306301304 4499 
3143305998220 3143303688100 5783 
3143305998220 3143303180115 2825 
3143305998220 3143305302854 1683 
3143305998220 3143302219212 2760 
3143305998220 3143302149958 5305 
3143305998220 3143307951345 6119 
3143305998220 3143302219077 1315 
3143305998220 3143302219344 4785 
3143305998220 3143307607660 8021 
3143305998220 3143302150069 3875 
3143305998220 3143307809131 7576 
3143305998220 3143300186252 6084 
3143305998220 3143304701852 4565 
3143305998220 3143307836619 5258 
3143305998220 3143305212545 3741 
3143305998220 3143302150077 5383 
3143305998220 3143302150034 2895 
3143305998220 3143302219409 46930 
3143305998220 3143305212529 26808 
3143305998220 3143302219379 46930 
3143305998220 CLU_3233 32263 
3143305998220 CLU_6117 46768 
3143305998220 CLU_6299 17802 
3143305998220 CLU_6301 18818 
3143305998220 CLU_6381 17707 
3143305998220 CLU_6398 13005 
3143305998220 CLU_6409 42789 
3143305998220 CLU_6410 23005 
3143305998220 CLU_6411 19256 
3143305998220 CLU_6412 19294 
3143305998220 CLU_6414 41107 
3143305998220 CLU_6415 46300 
3143305998220 CLU_6417 61608 
3143309690905 3143309772235 4117 
3143309690905 3143309772251 4129 
3143309690905 3143309812059 4906 
3143309690905 3143305305063 3513 
3143309690905 3143307781067 4511 
3143309690905 3143309132481 5383 
3143309690905 3143307831331 5545 
3143309690905 3143300659134 6692 
3143309690905 3143303180158 6711 
3143309690905 3143307821506 6178 
3143309690905 3143302150107 9033 
3143309690905 3143309775978 6178 
3143309690905 3143302219107 7287 
3143309690905 3143302219352 4403 
3143309690905 3143303180182 2310 
3143309690905 3143302150042 3209 
3143309690905 3143302219085 3396 
3143309690905 3143309812032 6575 
3143309690905 3143302149915 7056 
3143309690905 3143307299079 2430 
3143309690905 3143302150018 4882 
3143309690905 3143302218984 5142 
3143309690905 3143306065295 7116 
3143309690905 3143302219069 4714 
3143309690905 3143306629296 5270 
3143309690905 3143302149923 6188 
3143309690905 3143306065341 6738 
3143309690905 3143306329705 7366 
3143309690905 3143306297943 11833 
3143309690905 3143307780621 7107 
3143309690905 3143303180166 6178 
3143309690905 3143302149893 4184 
3143309690905 3143302150026 1226 
3143309690905 3143300550108 6706 
3143309690905 3143303413578 25851 
3143309690905 3143306329632 7567 
3143309690905 3143305212588 7922 
3143309690905 3143309812083 5831 
3143309690905 3143306023282 3027 
3143309690905 3143302218968 7268 
3143309690905 3143309772227 5383 
3143309690905 3143302203480 3098 
3143309690905 3143302150085 2430 
3143309690905 3143300211826 5606 
3143309690905 3143302149931 3646 
3143309690905 3143309352511 5655 
3143309690905 3143309251553 1646 
3143309690905 3143305998220 1332 
3143309690905 3143309690905 0 
3143309690905 3143307608756 6043 
3143309690905 3143306409911 6706 
3143309690905 3143307780907 5422 
3143309690905 3143309936424 757 
3143309690905 3143309812075 6249 
3143309690905 3143306301304 5831 
3143309690905 3143303688100 7086 
3143309690905 3143303180115 4129 
3143309690905 3143305302854 2948 
3143309690905 3143302219212 4054 
3143309690905 3143302149958 6012 
3143309690905 3143307951345 7437 
3143309690905 3143302219077 967 
3143309690905 3143302219344 4714 
3143309690905 3143307607660 9033 
3143309690905 3143302150069 4788 
3143309690905 3143307809131 8738 
3143309690905 3143300186252 6093 
3143309690905 3143304701852 5876 
3143309690905 3143307836619 6575 
3143309690905 3143305212545 3012 
3143309690905 3143302150077 6043 
3143309690905 3143302150034 3299 
3143309690905 3143302219409 47206 
3143309690905 3143305212529 26792 
3143309690905 3143302219379 47206 
3143309690905 CLU_3233 32897 
3143309690905 CLU_6117 47613 
3143309690905 CLU_6299 17722 
3143309690905 CLU_6301 19071 
3143309690905 CLU_6381 18056 
3143309690905 CLU_6398 12031 
3143309690905 CLU_6409 43597 
3143309690905 CLU_6410 23414 
3143309690905 CLU_6411 19992 
3143309690905 CLU_6412 20049 
3143309690905 CLU_6414 41424 
3143309690905 CLU_6415 46223 
3143309690905 CLU_6417 61617 
3143307608756 3143309772235 6911 
3143307608756 3143309772251 5647 
3143307608756 3143309812059 7610 
3143307608756 3143305305063 4616 
3143307608756 3143307781067 3842 
3143307608756 3143309132481 4226 
3143307608756 3143307831331 4481 
3143307608756 3143300659134 6278 
3143307608756 3143303180158 8344 
3143307608756 3143307821506 8304 
3143307608756 3143302150107 11077 
3143307608756 3143309775978 8304 
3143307608756 3143302219107 11315 
3143307608756 3143302219352 7798 
3143307608756 3143303180182 4330 
3143307608756 3143302150042 3672 
3143307608756 3143302219085 3142 
3143307608756 3143309812032 5043 
3143307608756 3143302149915 4094 
3143307608756 3143307299079 3633 
3143307608756 3143302150018 1212 
3143307608756 3143302218984 1445 
3143307608756 3143306065295 3221 
3143307608756 3143302219069 10105 
3143307608756 3143306629296 935 
3143307608756 3143302149923 1866 
3143307608756 3143306065341 1178 
3143307608756 3143306329705 3515 
3143307608756 3143306297943 5790 
3143307608756 3143307780621 8277 
3143307608756 3143303180166 8304 
3143307608756 3143302149893 2834 
3143307608756 3143302150026 7270 
3143307608756 3143300550108 1493 
3143307608756 3143303413578 20880 
3143307608756 3143306329632 11914 
3143307608756 3143305212588 9978 
3143307608756 3143309812083 5543 
3143307608756 3143306023282 6260 
3143307608756 3143302218968 9362 
3143307608756 3143309772227 4226 
3143307608756 3143302203480 7735 
3143307608756 3143302150085 3633 
3143307608756 3143300211826 10915 
3143307608756 3143302149931 8440 
3143307608756 3143309352511 3066 
3143307608756 3143309251553 5868 
3143307608756 3143305998220 5383 
3143307608756 3143309690905 6043 
3143307608756 3143307608756 0 
3143307608756 3143306409911 1493 
3143307608756 3143307780907 10351 
3143307608756 3143309936424 6632 
3143307608756 3143309812075 6646 
3143307608756 3143306301304 5543 
3143307608756 3143303688100 7158 
3143307608756 3143303180115 5647 
3143307608756 3143305302854 4278 
3143307608756 3143302219212 4161 
3143307608756 3143302149958 9691 
3143307608756 3143307951345 5503 
3143307608756 3143302219077 6610 
3143307608756 3143302219344 10105 
3143307608756 3143307607660 11077 
3143307608756 3143302150069 1816 
3143307608756 3143307809131 4388 
3143307608756 3143300186252 11329 
3143307608756 3143304701852 6282 
3143307608756 3143307836619 5043 
3143307608756 3143305212545 9010 
3143307608756 3143302150077 0 
3143307608756 3143302150034 2787 
3143307608756 3143302219409 51439 
3143307608756 3143305212529 31874 
3143307608756 3143302219379 51439 
3143307608756 CLU_3233 35886 
3143307608756 CLU_6117 49487 
3143307608756 CLU_6299 22977 
3143307608756 CLU_6301 13682 
3143307608756 CLU_6381 12455 
3143307608756 CLU_6398 18020 
3143307608756 CLU_6409 45691 
3143307608756 CLU_6410 27346 
3143307608756 CLU_6411 22730 
3143307608756 CLU_6412 22703 
3143307608756 CLU_6414 45541 
3143307608756 CLU_6415 51402 
3143307608756 CLU_6417 66579 
3143306409911 3143309772235 6652 
3143306409911 3143309772251 5297 
3143306409911 3143309812059 7238 
3143306409911 3143305305063 4462 
3143306409911 3143307781067 3404 
3143306409911 3143309132481 3459 
3143306409911 3143307831331 3670 
3143306409911 3143300659134 5314 
3143306409911 3143303180158 7644 
3143306409911 3143307821506 7722 
3143306409911 3143302150107 10306 
3143306409911 3143309775978 7722 
3143306409911 3143302219107 11016 
3143306409911 3143302219352 7574 
3143306409911 3143303180182 4647 
3143306409911 3143302150042 3806 
3143306409911 3143302219085 3402 
3143306409911 3143309812032 3974 
3143306409911 3143302149915 2799 
3143306409911 3143307299079 4453 
3143306409911 3143302150018 2405 
3143306409911 3143302218984 1564 
3143306409911 3143306065295 1815 
3143306409911 3143302219069 10280 
3143306409911 3143306629296 1596 
3143306409911 3143302149923 800 
3143306409911 3143306065341 414 
3143306409911 3143306329705 2085 
3143306409911 3143306297943 5477 
3143306409911 3143307780621 7477 
3143306409911 3143303180166 7722 
3143306409911 3143302149893 2772 
3143306409911 3143302150026 7908 
3143306409911 3143300550108 0 
3143306409911 3143303413578 19611 
3143306409911 3143306329632 11681 
3143306409911 3143305212588 11412 
3143306409911 3143309812083 4721 
3143306409911 3143306023282 6222 
3143306409911 3143302218968 8693 
3143306409911 3143309772227 3459 
3143306409911 3143302203480 7832 
3143306409911 3143302150085 4453 
3143306409911 3143300211826 11028 
3143306409911 3143302149931 8517 
3143306409911 3143309352511 2202 
3143306409911 3143309251553 6164 
3143306409911 3143305998220 5795 
3143306409911 3143309690905 6706 
3143306409911 3143307608756 1493 
3143306409911 3143306409911 0 
3143306409911 3143307780907 10357 
3143306409911 3143309936424 7376 
3143306409911 3143309812075 5830 
3143306409911 3143306301304 4721 
3143306409911 3143303688100 6211 
3143306409911 3143303180115 5297 
3143306409911 3143305302854 4363 
3143306409911 3143302219212 3863 
3143306409911 3143302149958 9382 
3143306409911 3143307951345 4276 
3143306409911 3143302219077 7098 
3143306409911 3143302219344 10280 
3143306409911 3143307607660 10306 
3143306409911 3143302150069 1927 
3143306409911 3143307809131 2897 
3143306409911 3143300186252 11402 
3143306409911 3143304701852 5519 
3143306409911 3143307836619 3974 
3143306409911 3143305212545 9531 
3143306409911 3143302150077 1493 
3143306409911 3143302150034 3722 
3143306409911 3143302219409 50875 
3143306409911 3143305212529 31661 
3143306409911 3143302219379 50875 
3143306409911 CLU_3233 35030 
3143306409911 CLU_6117 48379 
3143306409911 CLU_6299 22882 
3143306409911 CLU_6301 14070 
3143306409911 CLU_6381 12716 
3143306409911 CLU_6398 18733 
3143306409911 CLU_6409 44628 
3143306409911 CLU_6410 26766 
3143306409911 CLU_6411 21888 
3143306409911 CLU_6412 21843 
3143306409911 CLU_6414 44952 
3143306409911 CLU_6415 51186 
3143306409911 CLU_6417 66254 
3143307780907 3143309772235 3884 
3143307780907 3143309772251 5227 
3143307780907 3143309812059 3695 
3143307780907 3143305305063 5895 
3143307780907 3143307781067 7024 
3143307780907 3143309132481 7372 
3143307780907 3143307831331 7319 
3143307780907 3143300659134 7040 
3143307780907 3143303180158 5019 
3143307780907 3143307821506 4344 
3143307780907 3143302150107 5684 
3143307780907 3143309775978 4344 
3143307780907 3143302219107 2353 
3143307780907 3143302219352 3008 
3143307780907 3143303180182 6069 
3143307780907 3143302150042 6683 
3143307780907 3143302219085 7208 
3143307780907 3143309812032 7925 
3143307780907 3143302149915 9164 
3143307780907 3143307299079 7337 
3143307780907 3143302150018 9439 
3143307780907 3143302218984 9025 
3143307780907 3143306065295 9815 
3143307780907 3143302219069 1171 
3143307780907 3143306629296 9424 
3143307780907 3143302149923 9605 
3143307780907 3143306065341 10574 
3143307780907 3143306329705 9925 
3143307780907 3143306297943 15834 
3143307780907 3143307780621 5643 
3143307780907 3143303180166 4344 
3143307780907 3143302149893 7628 
3143307780907 3143302150026 4740 
3143307780907 3143300550108 10357 
3143307780907 3143303413578 27169 
3143307780907 3143306329632 2290 
3143307780907 3143305212588 12602 
3143307780907 3143309812083 6729 
3143307780907 3143306023282 4136 
3143307780907 3143302218968 4680 
3143307780907 3143309772227 7372 
3143307780907 3143302203480 2637 
3143307780907 3143302150085 7337 
3143307780907 3143300211826 986 
3143307780907 3143302149931 1934 
3143307780907 3143309352511 8413 
3143307780907 3143309251553 4620 
3143307780907 3143305998220 5222 
3143307780907 3143309690905 5422 
3143307780907 3143307608756 10351 
3143307780907 3143306409911 10357 
3143307780907 3143307780907 0 
3143307780907 3143309936424 5503 
3143307780907 3143309812075 6185 
3143307780907 3143306301304 6729 
3143307780907 3143303688100 6727 
3143307780907 3143303180115 5227 
3143307780907 3143305302854 6080 
3143307780907 3143302219212 6518 
3143307780907 3143302149958 2254 
3143307780907 3143307951345 8586 
3143307780907 3143302219077 4463 
3143307780907 3143302219344 1171 
3143307780907 3143307607660 5684 
3143307780907 3143302150069 8615 
3143307780907 3143307809131 11157 
3143307780907 3143300186252 1124 
3143307780907 3143304701852 6114 
3143307780907 3143307836619 7925 
3143307780907 3143305212545 3605 
3143307780907 3143302150077 10351 
3143307780907 3143302150034 8105 
3143307780907 3143302219409 41791 
3143307780907 3143305212529 21598 
3143307780907 3143302219379 41791 
3143307780907 CLU_3233 27661 
3143307780907 CLU_6117 42730 
3143307780907 CLU_6299 12633 
3143307780907 CLU_6301 23974 
3143307780907 CLU_6381 22800 
3143307780907 CLU_6398 10483 
3143307780907 CLU_6409 38637 
3143307780907 CLU_6410 18007 
3143307780907 CLU_6411 14992 
3143307780907 CLU_6412 15088 
3143307780907 CLU_6414 36003 
3143307780907 CLU_6415 41104 
3143307780907 CLU_6417 56387 
3143309936424 3143309772235 4705 
3143309936424 3143309772251 4835 
3143309936424 3143309812059 5456 
3143309936424 3143305305063 4263 
3143309936424 3143307781067 5268 
3143309936424 3143309132481 6140 
3143309936424 3143307831331 6300 
3143309936424 3143300659134 7417 
3143309936424 3143303180158 7304 
3143309936424 3143307821506 6740 
3143309936424 3143302150107 9525 
3143309936424 3143309775978 6740 
3143309936424 3143302219107 7522 
3143309936424 3143302219352 4885 
3143309936424 3143303180182 3063 
3143309936424 3143302150042 3957 
3143309936424 3143302219085 4117 
3143309936424 3143309812032 7329 
3143309936424 3143302149915 7809 
3143309936424 3143307299079 2999 
3143309936424 3143302150018 5445 
3143309936424 3143302218984 5813 
3143309936424 3143306065295 7852 
3143309936424 3143302219069 4664 
3143309936424 3143306629296 5900 
3143309936424 3143302149923 6889 
3143309936424 3143306065341 7388 
3143309936424 3143306329705 8106 
3143309936424 3143306297943 12410 
3143309936424 3143307780621 7730 
3143309936424 3143303180166 6740 
3143309936424 3143302149893 4914 
3143309936424 3143302150026 829 
3143309936424 3143300550108 7376 
3143309936424 3143303413578 26595 
3143309936424 3143306329632 7727 
3143309936424 3143305212588 7444 
3143309936424 3143309812083 6567 
3143309936424 3143306023282 3649 
3143309936424 3143302218968 7797 
3143309936424 3143309772227 6140 
3143309936424 3143302203480 3427 
3143309936424 3143302150085 2999 
3143309936424 3143300211826 5553 
3143309936424 3143302149931 3877 
3143309936424 3143309352511 6400 
3143309936424 3143309251553 2308 
3143309936424 3143305998220 2076 
3143309936424 3143309690905 757 
3143309936424 3143307608756 6632 
3143309936424 3143306409911 7376 
3143309936424 3143307780907 5503 
3143309936424 3143309936424 0 
3143309936424 3143309812075 6946 
3143309936424 3143306301304 6567 
3143309936424 3143303688100 7782 
3143309936424 3143303180115 4835 
3143309936424 3143305302854 3705 
3143309936424 3143302219212 4810 
3143309936424 3143302149958 6359 
3143309936424 3143307951345 8190 
3143309936424 3143302219077 1317 
3143309936424 3143302219344 4664 
3143309936424 3143307607660 9525 
3143309936424 3143302150069 5473 
3143309936424 3143307809131 9476 
3143309936424 3143300186252 6050 
3143309936424 3143304701852 6582 
3143309936424 3143307836619 7329 
3143309936424 3143305212545 2632 
3143309936424 3143302150077 6632 
3143309936424 3143302150034 3852 
3143309936424 3143302219409 47202 
3143309936424 3143305212529 26635 
3143309936424 3143302219379 47202 
3143309936424 CLU_3233 33114 
3143309936424 CLU_6117 47955 
3143309936424 CLU_6299 17545 
3143309936424 CLU_6301 19420 
3143309936424 CLU_6381 18454 
3143309936424 CLU_6398 11394 
3143309936424 CLU_6409 43917 
3143309936424 CLU_6410 23505 
3143309936424 CLU_6411 20285 
3143309936424 CLU_6412 20352 
3143309936424 CLU_6414 41447 
3143309936424 CLU_6415 46021 
3143309936424 CLU_6417 61458 
3143309812075 3143309772235 2656 
3143309812075 3143309772251 2122 
3143309812075 3143309812059 2503 
3143309812075 3143305305063 3027 
3143309812075 3143307781067 2953 
3143309812075 3143309132481 2423 
3143309812075 3143307831331 2179 
3143309812075 3143300659134 868 
3143309812075 3143303180158 1873 
3143309812075 3143307821506 2176 
3143309812075 3143302150107 4475 
3143309812075 3143309775978 2176 
3143309812075 3143302219107 5842 
3143309812075 3143302219352 3273 
3143309812075 3143303180182 4439 
3143309812075 3143302150042 4045 
3143309812075 3143302219085 4471 
3143309812075 3143309812032 2091 
3143309812075 3143302149915 3537 
3143309812075 3143307299079 5927 
3143309812075 3143302150018 6413 
3143309812075 3143302218984 5247 
3143309812075 3143306065295 4498 
3143309812075 3143302219069 6721 
3143309812075 3143306629296 5829 
3143309812075 3143302149923 5051 
3143309812075 3143306065341 6200 
3143309812075 3143306329705 4467 
3143309812075 3143306297943 10879 
3143309812075 3143307780621 1647 
3143309812075 3143303180166 2176 
3143309812075 3143302149893 4124 
3143309812075 3143302150026 6843 
3143309812075 3143300550108 5830 
3143309812075 3143303413578 21021 
3143309812075 3143306329632 6626 
3143309812075 3143305212588 13856 
3143309812075 3143309812083 1113 
3143309812075 3143306023282 3400 
3143309812075 3143302218968 2924 
3143309812075 3143309772227 2423 
3143309812075 3143302203480 4666 
3143309812075 3143302150085 5927 
3143309812075 3143300211826 7122 
3143309812075 3143302149931 5032 
3143309812075 3143309352511 3651 
3143309812075 3143309251553 4641 
3143309812075 3143305998220 4947 
3143309812075 3143309690905 6249 
3143309812075 3143307608756 6646 
3143309812075 3143306409911 5830 
3143309812075 3143307780907 6185 
3143309812075 3143309936424 6946 
3143309812075 3143309812075 0 
3143309812075 3143306301304 1113 
3143309812075 3143303688100 837 
3143309812075 3143303180115 2122 
3143309812075 3143305302854 3769 
3143309812075 3143302219212 2922 
3143309812075 3143302149958 4356 
3143309812075 3143307951345 2507 
3143309812075 3143302219077 5777 
3143309812075 3143302219344 6721 
3143309812075 3143307607660 4475 
3143309812075 3143302150069 4965 
3143309812075 3143307809131 5402 
3143309812075 3143300186252 7303 
3143309812075 3143304701852 420 
3143309812075 3143307836619 2091 
3143309812075 3143305212545 7493 
3143309812075 3143302150077 6646 
3143309812075 3143302150034 6082 
3143309812075 3143302219409 45077 
3143309812075 3143305212529 26266 
3143309812075 3143302219379 45077 
3143309812075 CLU_3233 29249 
3143309812075 CLU_6117 42952 
3143309812075 CLU_6299 17787 
3143309812075 CLU_6301 19849 
3143309812075 CLU_6381 18433 
3143309812075 CLU_6398 16370 
3143309812075 CLU_6409 39109 
3143309812075 CLU_6410 20973 
3143309812075 CLU_6411 16095 
3143309812075 CLU_6412 16063 
3143309812075 CLU_6414 39144 
3143309812075 CLU_6415 45736 
3143309812075 CLU_6417 60646 
3143306301304 3143309772235 2911 
3143306301304 3143309772251 1855 
3143306301304 3143309812059 3073 
3143306301304 3143305305063 2367 
3143306301304 3143307781067 1956 
3143306301304 3143309132481 1317 
3143306301304 3143307831331 1067 
3143306301304 3143300659134 928 
3143306301304 3143303180158 2940 
3143306301304 3143307821506 3123 
3143306301304 3143302150107 5587 
3143306301304 3143309775978 3123 
3143306301304 3143302219107 6701 
3143306301304 3143302219352 3723 
3143306301304 3143303180182 3776 
3143306301304 3143302150042 3216 
3143306301304 3143302219085 3568 
3143306301304 3143309812032 1201 
3143306301304 3143302149915 2567 
3143306301304 3143307299079 5129 
3143306301304 3143302150018 5364 
3143306301304 3143302218984 4159 
3143306301304 3143306065295 3456 
3143306301304 3143302219069 7101 
3143306301304 3143306629296 4743 
3143306301304 3143302149923 3939 
3143306301304 3143306065341 5087 
3143306301304 3143306329705 3460 
3143306301304 3143306297943 9837 
3143306301304 3143307780621 2760 
3143306301304 3143303180166 3123 
3143306301304 3143302149893 3115 
3143306301304 3143302150026 6596 
3143306301304 3143300550108 4721 
3143306301304 3143303413578 20710 
3143306301304 3143306329632 7456 
3143306301304 3143305212588 13160 
3143306301304 3143309812083 0 
3143306301304 3143306023282 3309 
3143306301304 3143302218968 3994 
3143306301304 3143309772227 1317 
3143306301304 3143302203480 4829 
3143306301304 3143302150085 5129 
3143306301304 3143300211826 7612 
3143306301304 3143302149931 5318 
3143306301304 3143309352511 2538 
3143306301304 3143309251553 4327 
3143306301304 3143305998220 4499 
3143306301304 3143309690905 5831 
3143306301304 3143307608756 5543 
3143306301304 3143306409911 4721 
3143306301304 3143307780907 6729 
3143306301304 3143309936424 6567 
3143306301304 3143309812075 1113 
3143306301304 3143306301304 0 
3143306301304 3143303688100 1674 
3143306301304 3143303180115 1855 
3143306301304 3143305302854 3071 
3143306301304 3143302219212 2060 
3143306301304 3143302149958 5136 
3143306301304 3143307951345 1898 
3143306301304 3143302219077 5520 
3143306301304 3143302219344 7101 
3143306301304 3143307607660 5587 
3143306301304 3143302150069 3895 
3143306301304 3143307809131 4519 
3143306301304 3143300186252 7853 
3143306301304 3143304701852 814 
3143306301304 3143307836619 1201 
3143306301304 3143305212545 7503 
3143306301304 3143302150077 5543 
3143306301304 3143302150034 5174 
3143306301304 3143302219409 46172 
3143306301304 3143305212529 27247 
3143306301304 3143302219379 46172 
3143306301304 CLU_3233 30360 
3143306301304 CLU_6117 44009 
3143306301304 CLU_6299 18682 
3143306301304 CLU_6301 18756 
3143306301304 CLU_6381 17353 
3143306301304 CLU_6398 16612 
3143306301304 CLU_6409 40180 
3143306301304 CLU_6410 22065 
3143306301304 CLU_6411 17206 
3143306301304 CLU_6412 17172 
3143306301304 CLU_6414 40242 
3143306301304 CLU_6415 46737 
3143306301304 CLU_6417 61688 
3143303688100 3143309772235 3411 
3143303688100 3143309772251 2959 
3143303688100 3143309812059 3125 
3143303688100 3143305305063 3833 
3143303688100 3143307781067 3625 
3143303688100 3143309132481 2958 
3143303688100 3143307831331 2691 
3143303688100 3143300659134 897 
3143303688100 3143303180158 1958 
3143303688100 3143307821506 2478 
3143303688100 3143302150107 4198 
3143303688100 3143309775978 2478 
3143303688100 3143302219107 6115 
3143303688100 3143302219352 3928 
3143303688100 3143303180182 5252 
3143303688100 3143302150042 4811 
3143303688100 3143302219085 5206 
3143303688100 3143309812032 2268 
3143303688100 3143302149915 3678 
3143303688100 3143307299079 6711 
3143303688100 3143302150018 7034 
3143303688100 3143302218984 5805 
3143303688100 3143306065295 4710 
3143303688100 3143302219069 7353 
3143303688100 3143306629296 6391 
3143303688100 3143302149923 5463 
3143303688100 3143306065341 6600 
3143303688100 3143306329705 4625 
3143303688100 3143306297943 11029 
3143303688100 3143307780621 1487 
3143303688100 3143303180166 2478 
3143303688100 3143302149893 4789 
3143303688100 3143302150026 7669 
3143303688100 3143300550108 6211 
3143303688100 3143303413578 20441 
3143303688100 3143306329632 6921 
3143303688100 3143305212588 14673 
3143303688100 3143309812083 1674 
3143303688100 3143306023282 4218 
3143303688100 3143302218968 2913 
3143303688100 3143309772227 2958 
3143303688100 3143302203480 5412 
3143303688100 3143302150085 6711 
3143303688100 3143300211826 7689 
3143303688100 3143302149931 5727 
3143303688100 3143309352511 4103 
3143303688100 3143309251553 5476 
3143303688100 3143305998220 5783 
3143303688100 3143309690905 7086 
3143303688100 3143307608756 7158 
3143303688100 3143306409911 6211 
3143303688100 3143307780907 6727 
3143303688100 3143309936424 7782 
3143303688100 3143309812075 837 
3143303688100 3143306301304 1674 
3143303688100 3143303688100 0 
3143303688100 3143303180115 2959 
3143303688100 3143305302854 4572 
3143303688100 3143302219212 3667 
3143303688100 3143302149958 4746 
3143303688100 3143307951345 2388 
3143303688100 3143302219077 6605 
3143303688100 3143302219344 7353 
3143303688100 3143307607660 4198 
3143303688100 3143302150069 5558 
3143303688100 3143307809131 5377 
3143303688100 3143300186252 7829 
3143303688100 3143304701852 1229 
3143303688100 3143307836619 2268 
3143303688100 3143305212545 8265 
3143303688100 3143302150077 7158 
3143303688100 3143302150034 6818 
3143303688100 3143302219409 44840 
3143303688100 3143305212529 26297 
3143303688100 3143302219379 44840 
3143303688100 CLU_3233 28819 
3143303688100 CLU_6117 42351 
3143303688100 CLU_6299 17951 
3143303688100 CLU_6301 20109 
3143303688100 CLU_6381 18653 
3143303688100 CLU_6398 17034 
3143303688100 CLU_6409 38536 
3143303688100 CLU_6410 20756 
3143303688100 CLU_6411 15679 
3143303688100 CLU_6412 15632 
3143303688100 CLU_6414 38894 
3143303688100 CLU_6415 45724 
3143303688100 CLU_6417 60553 
3143303180115 3143309772235 1371 
3143303180115 3143309772251 0 
3143303180115 3143309812059 1966 
3143303180115 3143305305063 1153 
3143303180115 3143307781067 1893 
3143303180115 3143309132481 2148 
3143303180115 3143307831331 2121 
3143303180115 3143300659134 2611 
3143303180115 3143303180158 3027 
3143303180115 3143307821506 2774 
3143303180115 3143302150107 5733 
3143303180115 3143309775978 2774 
3143303180115 3143302219107 5724 
3143303180115 3143302219352 2297 
3143303180115 3143303180182 2424 
3143303180115 3143302150042 2290 
3143303180115 3143302219085 2824 
3143303180115 3143309812032 2908 
3143303180115 3143302149915 3977 
3143303180115 3143307299079 4010 
3143303180115 3143302150018 5073 
3143303180115 3143302218984 4208 
3143303180115 3143306065295 4588 
3143303180115 3143302219069 5422 
3143303180115 3143306629296 4728 
3143303180115 3143302149923 4509 
3143303180115 3143306065341 5577 
3143303180115 3143306329705 4701 
3143303180115 3143306297943 10730 
3143303180115 3143307780621 3231 
3143303180115 3143303180166 2774 
3143303180115 3143302149893 2822 
3143303180115 3143302150026 4784 
3143303180115 3143300550108 5297 
3143303180115 3143303413578 22527 
3143303180115 3143306329632 6384 
3143303180115 3143305212588 11783 
3143303180115 3143309812083 1855 
3143303180115 3143306023282 1457 
3143303180115 3143302218968 3913 
3143303180115 3143309772227 2148 
3143303180115 3143302203480 3045 
3143303180115 3143302150085 4010 
3143303180115 3143300211826 6028 
3143303180115 3143302149931 3604 
3143303180115 3143309352511 3218 
3143303180115 3143309251553 2540 
3143303180115 3143305998220 2825 
3143303180115 3143309690905 4129 
3143303180115 3143307608756 5647 
3143303180115 3143306409911 5297 
3143303180115 3143307780907 5227 
3143303180115 3143309936424 4835 
3143303180115 3143309812075 2122 
3143303180115 3143306301304 1855 
3143303180115 3143303688100 2959 
3143303180115 3143303180115 0 
3143303180115 3143305302854 1838 
3143303180115 3143302219212 1488 
3143303180115 3143302149958 4090 
3143303180115 3143307951345 3710 
3143303180115 3143302219077 3708 
3143303180115 3143302219344 5422 
3143303180115 3143307607660 5733 
3143303180115 3143302150069 3832 
3143303180115 3143307809131 5961 
3143303180115 3143300186252 6329 
3143303180115 3143304701852 1748 
3143303180115 3143307836619 2908 
3143303180115 3143305212545 5650 
3143303180115 3143302150077 5647 
3143303180115 3143302150034 4342 
3143303180115 3143302219409 45795 
3143303180115 3143305212529 26364 
3143303180115 3143302219379 45795 
3143303180115 CLU_3233 30462 
3143303180115 CLU_6117 44547 
3143303180115 CLU_6299 17601 
3143303180115 CLU_6301 19280 
3143303180115 CLU_6381 17981 
3143303180115 CLU_6398 14801 
3143303180115 CLU_6409 40639 
3143303180115 CLU_6410 21709 
3143303180115 CLU_6411 17331 
3143303180115 CLU_6412 17333 
3143303180115 CLU_6414 39902 
3143303180115 CLU_6415 45891 
3143303180115 CLU_6417 60989 
3143305302854 3143309772235 2780 
3143305302854 3143309772251 1838 
3143305302854 3143309812059 3582 
3143305302854 3143305305063 742 
3143305302854 3143307781067 1566 
3143305302854 3143309132481 2439 
3143305302854 3143307831331 2615 
3143305302854 3143300659134 3990 
3143305302854 3143303180158 4865 
3143305302854 3143307821506 4576 
3143305302854 3143302150107 7555 
3143305302854 3143309775978 4576 
3143305302854 3143302219107 7112 
3143305302854 3143302219352 3596 
3143305302854 3143303180182 708 
3143305302854 3143302150042 606 
3143305302854 3143302219085 1157 
3143305302854 3143309812032 3656 
3143305302854 3143302149915 4132 
3143305302854 3143307299079 2182 
3143305302854 3143302150018 3470 
3143305302854 3143302218984 2949 
3143305302854 3143306065295 4319 
3143305302854 3143302219069 5922 
3143305302854 3143306629296 3347 
3143305302854 3143302149923 3676 
3143305302854 3143306065341 4534 
3143305302854 3143306329705 4537 
3143305302854 3143306297943 9813 
3143305302854 3143307780621 5055 
3143305302854 3143303180166 4576 
3143305302854 3143302149893 1591 
3143305302854 3143302150026 3952 
3143305302854 3143300550108 4363 
3143305302854 3143303413578 22956 
3143305302854 3143306329632 7670 
3143305302854 3143305212588 10108 
3143305302854 3143309812083 3071 
3143305302854 3143306023282 1986 
3143305302854 3143302218968 5727 
3143305302854 3143309772227 2439 
3143305302854 3143302203480 3492 
3143305302854 3143302150085 2182 
3143305302854 3143300211826 6691 
3143305302854 3143302149931 4189 
3143305302854 3143309352511 2814 
3143305302854 3143309251553 1859 
3143305302854 3143305998220 1683 
3143305302854 3143309690905 2948 
3143305302854 3143307608756 4278 
3143305302854 3143306409911 4363 
3143305302854 3143307780907 6080 
3143305302854 3143309936424 3705 
3143305302854 3143309812075 3769 
3143305302854 3143306301304 3071 
3143305302854 3143303688100 4572 
3143305302854 3143303180115 1838 
3143305302854 3143305302854 0 
3143305302854 3143302219212 1115 
3143305302854 3143302149958 5517 
3143305302854 3143307951345 4514 
3143305302854 3143302219077 2960 
3143305302854 3143302219344 5922 
3143305302854 3143307607660 7555 
3143305302854 3143302150069 2540 
3143305302854 3143307809131 5910 
3143305302854 3143300186252 7085 
3143305302854 3143304701852 3353 
3143305302854 3143307836619 3656 
3143305302854 3143305212545 5328 
3143305302854 3143302150077 4278 
3143305302854 3143302150034 2523 
3143305302854 3143302219409 47346 
3143305302854 3143305212529 27602 
3143305302854 3143302219379 47346 
3143305302854 CLU_3233 32219 
3143305302854 CLU_6117 46381 
3143305302854 CLU_6299 18699 
3143305302854 CLU_6301 17947 
3143305302854 CLU_6381 16734 
3143305302854 CLU_6398 14626 
3143305302854 CLU_6409 42465 
3143305302854 CLU_6410 23302 
3143305302854 CLU_6411 19109 
3143305302854 CLU_6412 19118 
3143305302854 CLU_6414 41477 
3143305302854 CLU_6415 47127 
3143305302854 CLU_6417 62329 
3143302219212 3143309772235 2800 
3143302219212 3143309772251 1488 
3143302219212 3143309812059 3454 
3143302219212 3143305305063 678 
3143302219212 3143307781067 541 
3143302219212 3143309132481 1329 
3143302219212 3143307831331 1499 
3143302219212 3143300659134 2988 
3143302219212 3143303180158 4326 
3143302219212 3143307821506 4187 
3143302219212 3143302150107 7074 
3143302219212 3143309775978 4187 
3143302219212 3143302219107 7196 
3143302219212 3143302219352 3717 
3143302219212 3143303180182 1810 
3143302219212 3143302150042 1155 
3143302219212 3143302219085 1548 
3143302219212 3143309812032 2542 
3143302219212 3143302149915 3092 
3143302219212 3143307299079 3069 
3143302219212 3143302150018 3643 
3143302219212 3143302218984 2720 
3143302219212 3143306065295 3430 
3143302219212 3143302219069 6543 
3143302219212 3143306629296 3245 
3143302219212 3143302149923 3093 
3143302219212 3143306065341 4119 
3143302219212 3143306329705 3609 
3143302219212 3143306297943 9330 
3143302219212 3143307780621 4393 
3143302219212 3143303180166 4187 
3143302219212 3143302149893 1348 
3143302219212 3143302150026 5012 
3143302219212 3143300550108 3863 
3143302219212 3143303413578 21913 
3143302219212 3143306329632 7836 
3143302219212 3143305212588 11109 
3143302219212 3143309812083 2060 
3143302219212 3143306023282 2419 
3143302219212 3143302218968 5292 
3143302219212 3143309772227 1329 
3143302219212 3143302203480 4084 
3143302219212 3143302150085 3069 
3143302219212 3143300211826 7238 
3143302219212 3143302149931 4737 
3143302219212 3143309352511 1942 
3143302219212 3143309251553 2813 
3143302219212 3143305998220 2760 
3143302219212 3143309690905 4054 
3143302219212 3143307608756 4161 
3143302219212 3143306409911 3863 
3143302219212 3143307780907 6518 
3143302219212 3143309936424 4810 
3143302219212 3143309812075 2922 
3143302219212 3143306301304 2060 
3143302219212 3143303688100 3667 
3143302219212 3143303180115 1488 
3143302219212 3143305302854 1115 
3143302219212 3143302219212 0 
3143302219212 3143302149958 5564 
3143302219212 3143307951345 3399 
3143302219212 3143302219077 3983 
3143302219212 3143302219344 6543 
3143302219212 3143307607660 7074 
3143302219212 3143302150069 2347 
3143302219212 3143307809131 4960 
3143302219212 3143300186252 7586 
3143302219212 3143304701852 2504 
3143302219212 3143307836619 2542 
3143302219212 3143305212545 6269 
3143302219212 3143302150077 4161 
3143302219212 3143302150034 3159 
3143302219212 3143302219409 47279 
3143302219212 3143305212529 27822 
3143302219212 3143302219379 47279 
3143302219212 CLU_3233 31867 
3143302219212 CLU_6117 45805 
3143302219212 CLU_6299 19020 
3143302219212 CLU_6301 17797 
3143302219212 CLU_6381 16508 
3143302219212 CLU_6398 15562 
3143302219212 CLU_6409 41929 
3143302219212 CLU_6410 23189 
3143302219212 CLU_6411 18722 
3143302219212 CLU_6412 18713 
3143302219212 CLU_6414 41384 
3143302219212 CLU_6415 47351 
3143302219212 CLU_6417 62468 
3143302149958 3143309772235 2779 
3143302149958 3143309772251 4090 
3143302149958 3143309812059 2152 
3143302149958 3143305305063 5075 
3143302149958 3143307781067 5982 
3143302149958 3143309132481 6068 
3143302149958 3143307831331 5944 
3143302149958 3143300659134 5224 
3143302149958 3143303180158 2884 
3143302149958 3143307821506 2269 
3143302149958 3143302150107 3553 
3143302149958 3143309775978 2269 
3143302149958 3143302219107 1633 
3143302149958 3143302219352 1921 
3143302149958 3143303180182 5769 
3143302149958 3143302150042 6104 
3143302149958 3143302219085 6666 
3143302149958 3143309812032 6323 
3143302149958 3143302149915 7694 
3143302149958 3143307299079 7302 
3143302149958 3143302150018 8984 
3143302149958 3143302218984 8268 
3143302149958 3143306065295 8500 
3143302149958 3143302219069 3255 
3143302149958 3143306629296 8759 
3143302149958 3143302149923 8590 
3143302149958 3143306065341 9667 
3143302149958 3143306329705 8551 
3143302149958 3143306297943 14783 
3143302149958 3143307780621 3499 
3143302149958 3143303180166 2269 
3143302149958 3143302149893 6857 
3143302149958 3143302150026 5765 
3143302149958 3143300550108 9382 
3143302149958 3143303413578 25119 
3143302149958 3143306329632 2330 
3143302149958 3143305212588 13782 
3143302149958 3143309812083 5136 
3143302149958 3143306023282 3597 
3143302149958 3143302218968 2429 
3143302149958 3143309772227 6068 
3143302149958 3143302203480 2933 
3143302149958 3143302150085 7302 
3143302149958 3143300211826 3231 
3143302149958 3143302149931 2561 
3143302149958 3143309352511 7256 
3143302149958 3143309251553 4677 
3143302149958 3143305998220 5305 
3143302149958 3143309690905 6012 
3143302149958 3143307608756 9691 
3143302149958 3143306409911 9382 
3143302149958 3143307780907 2254 
3143302149958 3143309936424 6359 
3143302149958 3143309812075 4356 
3143302149958 3143306301304 5136 
3143302149958 3143303688100 4746 
3143302149958 3143303180115 4090 
3143302149958 3143305302854 5517 
3143302149958 3143302219212 5564 
3143302149958 3143302149958 0 
3143302149958 3143307951345 6857 
3143302149958 3143302219077 5085 
3143302149958 3143302219344 3255 
3143302149958 3143307607660 3553 
3143302149958 3143302150069 7878 
3143302149958 3143307809131 9655 
3143302149958 3143300186252 3233 
3143302149958 3143304701852 4398 
3143302149958 3143307836619 6323 
3143302149958 3143305212545 5244 
3143302149958 3143302150077 9691 
3143302149958 3143302150034 7918 
3143302149958 3143302219409 41829 
3143302149958 3143305212529 22278 
3143302149958 3143302219379 41829 
3143302149958 CLU_3233 26959 
3143302149958 CLU_6117 41606 
3143302149958 CLU_6299 13577 
3143302149958 CLU_6301 23358 
3143302149958 CLU_6381 22070 
3143302149958 CLU_6398 12725 
3143302149958 CLU_6409 37584 
3143302149958 CLU_6410 17801 
3143302149958 CLU_6411 13988 
3143302149958 CLU_6412 14040 
3143302149958 CLU_6414 35964 
3143302149958 CLU_6415 41803 
3143302149958 CLU_6417 56904 
3143307951345 3143309772235 4806 
3143307951345 3143309772251 3710 
3143307951345 3143309812059 4898 
3143307951345 3143305305063 3931 
3143307951345 3143307781067 3018 
3143307951345 3143309132481 2097 
3143307951345 3143307831331 1899 
3143307951345 3143300659134 1653 
3143307951345 3143303180158 4281 
3143307951345 3143307821506 4676 
3143307951345 3143302150107 6551 
3143307951345 3143309775978 4676 
3143307951345 3143302219107 8347 
3143307951345 3143302219352 5594 
3143307951345 3143303180182 5206 
3143307951345 3143302150042 4441 
3143307951345 3143302219085 4598 
3143307951345 3143309812032 861 
3143307951345 3143302149915 1491 
3143307951345 3143307299079 6261 
3143307951345 3143302150018 5738 
3143307951345 3143302218984 4383 
3143307951345 3143306065295 2548 
3143307951345 3143302219069 8996 
3143307951345 3143306629296 4932 
3143307951345 3143302149923 3649 
3143307951345 3143306065341 4689 
3143307951345 3143306329705 2385 
3143307951345 3143306297943 8693 
3143307951345 3143307780621 3870 
3143307951345 3143303180166 4676 
3143307951345 3143302149893 3898 
3143307951345 3143302150026 8319 
3143307951345 3143300550108 4276 
3143307951345 3143303413578 18820 
3143307951345 3143306329632 9133 
3143307951345 3143305212588 14289 
3143307951345 3143309812083 1898 
3143307951345 3143306023282 5167 
3143307951345 3143302218968 5284 
3143307951345 3143309772227 2097 
3143307951345 3143302203480 6723 
3143307951345 3143302150085 6261 
3143307951345 3143300211826 9488 
3143307951345 3143302149931 7217 
3143307951345 3143309352511 2587 
3143307951345 3143309251553 6054 
3143307951345 3143305998220 6119 
3143307951345 3143309690905 7437 
3143307951345 3143307608756 5503 
3143307951345 3143306409911 4276 
3143307951345 3143307780907 8586 
3143307951345 3143309936424 8190 
3143307951345 3143309812075 2507 
3143307951345 3143306301304 1898 
3143307951345 3143303688100 2388 
3143307951345 3143303180115 3710 
3143307951345 3143305302854 4514 
3143307951345 3143302219212 3399 
3143307951345 3143302149958 6857 
3143307951345 3143307951345 0 
3143307951345 3143302219077 7254 
3143307951345 3143302219344 8996 
3143307951345 3143307607660 6551 
3143307951345 3143302150069 4283 
3143307951345 3143307809131 2989 
3143307951345 3143300186252 9710 
3143307951345 3143304701852 2483 
3143307951345 3143307836619 861 
3143307951345 3143305212545 9349 
3143307951345 3143302150077 5503 
3143307951345 3143302150034 6058 
3143307951345 3143302219409 47158 
3143307951345 3143305212529 28678 
3143307951345 3143302219379 47158 
3143307951345 CLU_3233 30938 
3143307951345 CLU_6117 44107 
3143307951345 CLU_6299 20274 
3143307951345 CLU_6301 17846 
3143307951345 CLU_6381 16355 
3143307951345 CLU_6398 18503 
3143307951345 CLU_6409 40371 
3143307951345 CLU_6410 23097 
3143307951345 CLU_6411 17844 
3143307951345 CLU_6412 17777 
3143307951345 CLU_6414 41205 
3143307951345 CLU_6415 48112 
3143307951345 CLU_6417 62935 
3143302219077 3143309772235 3418 
3143302219077 3143309772251 3708 
3143302219077 3143309812059 4149 
3143302219077 3143305305063 3355 
3143302219077 3143307781067 4493 
3143302219077 3143309132481 5290 
3143302219077 3143307831331 5410 
3143302219077 3143300659134 6319 
3143302219077 3143303180158 6011 
3143302219077 3143307821506 5433 
3143302219077 3143302150107 8208 
3143302219077 3143309775978 5433 
3143302219077 3143302219107 6327 
3143302219077 3143302219352 3567 
3143302219077 3143303180182 2474 
3143302219077 3143302150042 3376 
3143302219077 3143302219085 3700 
3143302219077 3143309812032 6400 
3143302219077 3143302149915 7069 
3143302219077 3143307299079 3119 
3143302219077 3143302150018 5505 
3143302219077 3143302218984 5557 
3143302219077 3143306065295 7272 
3143302219077 3143302219069 3802 
3143302219077 3143306629296 5772 
3143302219077 3143302149923 6502 
3143302219077 3143306065341 7182 
3143302219077 3143306329705 7496 
3143302219077 3143306297943 12381 
3143302219077 3143307780621 6456 
3143302219077 3143303180166 5433 
3143302219077 3143302149893 4419 
3143302219077 3143302150026 1076 
3143302219077 3143300550108 7098 
3143302219077 3143303413578 25896 
3143302219077 3143306329632 6600 
3143302219077 3143305212588 8754 
3143302219077 3143309812083 5520 
3143302219077 3143306023282 2404 
3143302219077 3143302218968 6482 
3143302219077 3143309772227 5290 
3143302219077 3143302203480 2155 
3143302219077 3143302150085 3119 
3143302219077 3143300211826 4688 
3143302219077 3143302149931 2681 
3143302219077 3143309352511 5772 
3143302219077 3143309251553 1200 
3143302219077 3143305998220 1315 
3143302219077 3143309690905 967 
3143302219077 3143307608756 6610 
3143302219077 3143306409911 7098 
3143302219077 3143307780907 4463 
3143302219077 3143309936424 1317 
3143302219077 3143309812075 5777 
3143302219077 3143306301304 5520 
3143302219077 3143303688100 6605 
3143302219077 3143303180115 3708 
3143302219077 3143305302854 2960 
3143302219077 3143302219212 3983 
3143302219077 3143302149958 5085 
3143302219077 3143307951345 7254 
3143302219077 3143302219077 0 
3143302219077 3143302219344 3802 
3143302219077 3143307607660 8208 
3143302219077 3143302150069 5173 
3143302219077 3143307809131 8870 
3143302219077 3143300186252 5168 
3143302219077 3143304701852 5436 
3143302219077 3143307836619 6400 
3143302219077 3143305212545 2434 
3143302219077 3143302150077 6610 
3143302219077 3143302150034 3974 
3143302219077 3143302219409 46252 
3143302219077 3143305212529 25895 
3143302219077 3143302219379 46252 
3143302219077 CLU_3233 31937 
3143302219077 CLU_6117 46692 
3143302219077 CLU_6299 16841 
3143302219077 CLU_6301 19869 
3143302219077 CLU_6381 18811 
3143302219077 CLU_6398 11690 
3143302219077 CLU_6409 42666 
3143302219077 CLU_6410 22448 
3143302219077 CLU_6411 19050 
3143302219077 CLU_6412 19111 
3143302219077 CLU_6414 40466 
3143302219077 CLU_6415 45347 
3143302219077 CLU_6417 60717 
3143302219344 3143309772235 4190 
3143302219344 3143309772251 5422 
3143302219344 3143309812059 4231 
3143302219344 3143305305063 5880 
3143302219344 3143307781067 7074 
3143302219344 3143309132481 7554 
3143302219344 3143307831331 7544 
3143302219344 3143300659134 7542 
3143302219344 3143303180158 5809 
3143302219344 3143307821506 5111 
3143302219344 3143302150107 6775 
3143302219344 3143309775978 5111 
3143302219344 3143302219107 3523 
3143302219344 3143302219352 3447 
3143302219344 3143303180182 5775 
3143302219344 3143302150042 6502 
3143302219344 3143302219085 6986 
3143302219344 3143309812032 8268 
3143302219344 3143302149915 9398 
3143302219344 3143307299079 6853 
3143302219344 3143302150018 9107 
3143302219344 3143302218984 8858 
3143302219344 3143306065295 9942 
3143302219344 3143302219069 0 
3143302219344 3143306629296 9201 
3143302219344 3143302149923 9565 
3143302219344 3143306065341 10456 
3143302219344 3143306329705 10086 
3143302219344 3143306297943 15735 
3143302219344 3143307780621 6426 
3143302219344 3143303180166 5111 
3143302219344 3143302149893 7510 
3143302219344 3143302150026 3857 
3143302219344 3143300550108 10280 
3143302219344 3143303413578 27739 
3143302219344 3143306329632 3398 
3143302219344 3143305212588 11545 
3143302219344 3143309812083 7101 
3143302219344 3143306023282 4126 
3143302219344 3143302218968 5622 
3143302219344 3143309772227 7554 
3143302219344 3143302203480 2460 
3143302219344 3143302150085 6853 
3143302219344 3143300211826 892 
3143302219344 3143302149931 1821 
3143302219344 3143309352511 8481 
3143302219344 3143309251553 4244 
3143302219344 3143305998220 4785 
3143302219344 3143309690905 4714 
3143302219344 3143307608756 10105 
3143302219344 3143306409911 10280 
3143302219344 3143307780907 1171 
3143302219344 3143309936424 4664 
3143302219344 3143309812075 6721 
3143302219344 3143306301304 7101 
3143302219344 3143303688100 7353 
3143302219344 3143303180115 5422 
3143302219344 3143305302854 5922 
3143302219344 3143302219212 6543 
3143302219344 3143302149958 3255 
3143302219344 3143307951345 8996 
3143302219344 3143302219077 3802 
3143302219344 3143302219344 0 
3143302219344 3143307607660 6775 
3143302219344 3143302150069 8450 
3143302219344 3143307809131 11377 
3143302219344 3143300186252 1386 
3143302219344 3143304701852 6582 
3143302219344 3143307836619 8268 
3143302219344 3143305212545 2502 
3143302219344 3143302150077 10105 
3143302219344 3143302150034 7671 
3143302219344 3143302219409 42537 
3143302219344 3143305212529 22093 
3143302219344 3143302219379 42537 
3143302219344 CLU_3233 28669 
3143302219344 CLU_6117 43830 
3143302219344 CLU_6299 13046 
3143302219344 CLU_6301 23601 
3143302219344 CLU_6381 22489 
3143302219344 CLU_6398 9690 
3143302219344 CLU_6409 39724 
3143302219344 CLU_6410 18883 
3143302219344 CLU_6411 16089 
3143302219344 CLU_6412 16193 
3143302219344 CLU_6414 36784 
3143302219344 CLU_6415 41554 
3143302219344 CLU_6417 56915 
3143307607660 3143309772235 5007 
3143307607660 3143309772251 5733 
3143307607660 3143309812059 4167 
3143307607660 3143305305063 6885 
3143307607660 3143307781067 7270 
3143307607660 3143309132481 6883 
3143307607660 3143307831331 6649 
3143307607660 3143300659134 5067 
3143307607660 3143303180158 2750 
3143307607660 3143307821506 2989 
3143307607660 3143302150107 0 
3143307607660 3143309775978 2989 
3143307607660 3143302219107 3730 
3143307607660 3143302219352 4640 
3143307607660 3143303180182 8059 
3143307607660 3143302150042 8022 
3143307607660 3143302219085 8544 
3143307607660 3143309812032 6449 
3143307607660 3143302149915 7875 
3143307607660 3143307299079 9679 
3143307607660 3143302150018 10713 
3143307607660 3143302218984 9650 
3143307607660 3143306065295 8898 
3143307607660 3143302219069 6775 
3143307607660 3143306629296 10222 
3143307607660 3143302149923 9527 
3143307607660 3143306065341 10675 
3143307607660 3143306329705 8822 
3143307607660 3143306297943 15226 
3143307607660 3143307780621 2828 
3143307607660 3143303180166 2989 
3143307607660 3143302149893 8401 
3143307607660 3143302150026 9056 
3143307607660 3143300550108 10306 
3143307607660 3143303413578 22995 
3143307607660 3143306329632 4440 
3143307607660 3143305212588 16951 
3143307607660 3143309812083 5587 
3143307607660 3143306023282 6115 
3143307607660 3143302218968 1833 
3143307607660 3143309772227 6883 
3143307607660 3143302203480 6188 
3143307607660 3143302150085 9679 
3143307607660 3143300211826 6595 
3143307607660 3143302149931 6000 
3143307607660 3143309352511 8124 
3143307607660 3143309251553 7467 
3143307607660 3143305998220 8021 
3143307607660 3143309690905 9033 
3143307607660 3143307608756 11077 
3143307607660 3143306409911 10306 
3143307607660 3143307780907 5684 
3143307607660 3143309936424 9525 
3143307607660 3143309812075 4475 
3143307607660 3143306301304 5587 
3143307607660 3143303688100 4198 
3143307607660 3143303180115 5733 
3143307607660 3143305302854 7555 
3143307607660 3143302219212 7074 
3143307607660 3143302149958 3553 
3143307607660 3143307951345 6551 
3143307607660 3143302219077 8208 
3143307607660 3143302219344 6775 
3143307607660 3143307607660 0 
3143307607660 3143302150069 9332 
3143307607660 3143307809131 9530 
3143307607660 3143300186252 6454 
3143307607660 3143304701852 4806 
3143307607660 3143307836619 6449 
3143307607660 3143305212545 8768 
3143307607660 3143302150077 11077 
3143307607660 3143302150034 10073 
3143307607660 3143302219409 40644 
3143307607660 3143305212529 22317 
3143307607660 3143302219379 40644 
3143307607660 CLU_3233 24814 
3143307607660 CLU_6117 38832 
3143307607660 CLU_6299 14322 
3143307607660 CLU_6301 24293 
3143307607660 CLU_6381 22848 
3143307607660 CLU_6398 15907 
3143307607660 CLU_6409 34909 
3143307607660 CLU_6410 16558 
3143307607660 CLU_6411 11660 
3143307607660 CLU_6412 11644 
3143307607660 CLU_6414 34701 
3143307607660 CLU_6415 41658 
3143307607660 CLU_6417 56399 
3143302150069 3143309772235 5099 
3143302150069 3143309772251 3832 
3143302150069 3143309812059 5794 
3143302150069 3143305305063 2808 
3143302150069 3143307781067 2063 
3143302150069 3143309132481 2603 
3143302150069 3143307831331 2875 
3143302150069 3143300659134 4714 
3143302150069 3143303180158 6587 
3143302150069 3143307821506 6511 
3143302150069 3143302150107 9332 
3143302150069 3143309775978 6511 
3143302150069 3143302219107 9504 
3143302150069 3143302219352 5992 
3143302150069 3143303180182 2737 
3143302150069 3143302150042 1948 
3143302150069 3143302219085 1489 
3143302150069 3143309812032 3643 
3143302150069 3143302149915 3126 
3143302150069 3143307299079 2631 
3143302150069 3143302150018 1490 
3143302150069 3143302218984 409 
3143302150069 3143306065295 2664 
3143302150069 3143302219069 8450 
3143302150069 3143306629296 900 
3143302150069 3143302149923 1438 
3143302150069 3143306065341 2024 
3143302150069 3143306329705 2968 
3143302150069 3143306297943 7291 
3143302150069 3143307780621 6565 
3143302150069 3143303180166 6511 
3143302150069 3143302149893 1020 
3143302150069 3143302150026 5984 
3143302150069 3143300550108 1927 
3143302150069 3143303413578 21307 
3143302150069 3143306329632 10114 
3143302150069 3143305212588 10212 
3143302150069 3143309812083 3895 
3143302150069 3143306023282 4492 
3143302150069 3143302218968 7588 
3143302150069 3143309772227 2603 
3143302150069 3143302203480 6031 
3143302150069 3143302150085 2631 
3143302150069 3143300211826 9229 
3143302150069 3143302149931 6729 
3143302150069 3143309352511 1698 
3143302150069 3143309251553 4271 
3143302150069 3143305998220 3875 
3143302150069 3143309690905 4788 
3143302150069 3143307608756 1816 
3143302150069 3143306409911 1927 
3143302150069 3143307780907 8615 
3143302150069 3143309936424 5473 
3143302150069 3143309812075 4965 
3143302150069 3143306301304 3895 
3143302150069 3143303688100 5558 
3143302150069 3143303180115 3832 
3143302150069 3143305302854 2540 
3143302150069 3143302219212 2347 
3143302150069 3143302149958 7878 
3143302150069 3143307951345 4283 
3143302150069 3143302219077 5173 
3143302150069 3143302219344 8450 
3143302150069 3143307607660 9332 
3143302150069 3143302150069 0 
3143302150069 3143307809131 4234 
3143302150069 3143300186252 9625 
3143302150069 3143304701852 4578 
3143302150069 3143307836619 3643 
3143302150069 3143305212545 7607 
3143302150069 3143302150077 1816 
3143302150069 3143302150034 2044 
3143302150069 3143302219409 49626 
3143302150069 3143305212529 30087 
3143302150069 3143302219379 49626 
3143302150069 CLU_3233 34147 
3143302150069 CLU_6117 47904 
3143302150069 CLU_6299 21220 
3143302150069 CLU_6301 15485 
3143302150069 CLU_6381 14232 
3143302150069 CLU_6398 16809 
3143302150069 CLU_6409 44072 
3143302150069 CLU_6410 25536 
3143302150069 CLU_6411 20993 
3143302150069 CLU_6412 20975 
3143302150069 CLU_6414 43730 
3143302150069 CLU_6415 49616 
3143302150069 CLU_6417 64774 
3143307809131 3143309772235 7273 
3143307809131 3143309772251 5961 
3143307809131 3143309812059 7573 
3143307809131 3143305305063 5636 
3143307809131 3143307781067 4422 
3143307809131 3143309132481 3823 
3143307809131 3143307831331 3843 
3143307809131 3143300659134 4597 
3143307809131 3143303180158 7239 
3143307809131 3143307821506 7573 
3143307809131 3143302150107 9530 
3143307809131 3143309775978 7573 
3143307809131 3143302219107 11209 
3143307809131 3143302219352 8159 
3143307809131 3143303180182 6448 
3143307809131 3143302150042 5536 
3143307809131 3143302219085 5372 
3143307809131 3143309812032 3338 
3143307809131 3143302149915 1992 
3143307809131 3143307299079 6838 
3143307809131 3143302150018 5220 
3143307809131 3143302218984 4048 
3143307809131 3143306065295 1625 
3143307809131 3143302219069 11377 
3143307809131 3143306629296 4344 
3143307809131 3143302149923 2857 
3143307809131 3143306065341 3229 
3143307809131 3143306329705 1375 
3143307809131 3143306297943 5798 
3143307809131 3143307780621 6855 
3143307809131 3143303180166 7573 
3143307809131 3143302149893 4565 
3143307809131 3143302150026 9838 
3143307809131 3143300550108 2897 
3143307809131 3143303413578 17131 
3143307809131 3143306329632 11972 
3143307809131 3143305212588 14267 
3143307809131 3143309812083 4519 
3143307809131 3143306023282 7286 
3143307809131 3143302218968 8260 
3143307809131 3143309772227 3823 
3143307809131 3143302203480 8956 
3143307809131 3143302150085 6838 
3143307809131 3143300211826 11986 
3143307809131 3143302149931 9555 
3143307809131 3143309352511 3099 
3143307809131 3143309251553 7746 
3143307809131 3143305998220 7576 
3143307809131 3143309690905 8738 
3143307809131 3143307608756 4388 
3143307809131 3143306409911 2897 
3143307809131 3143307780907 11157 
3143307809131 3143309936424 9476 
3143307809131 3143309812075 5402 
3143307809131 3143306301304 4519 
3143307809131 3143303688100 5377 
3143307809131 3143303180115 5961 
3143307809131 3143305302854 5910 
3143307809131 3143302219212 4960 
3143307809131 3143302149958 9655 
3143307809131 3143307951345 2989 
3143307809131 3143302219077 8870 
3143307809131 3143302219344 11377 
3143307809131 3143307607660 9530 
3143307809131 3143302150069 4234 
3143307809131 3143307809131 0 
3143307809131 3143300186252 12272 
3143307809131 3143304701852 5275 
3143307809131 3143307836619 3338 
3143307809131 3143305212545 11219 
3143307809131 3143302150077 4388 
3143307809131 3143302150034 6273 
3143307809131 3143302219409 50090 
3143307809131 3143305212529 31652 
3143307809131 3143302219379 50090 
3143307809131 CLU_3233 33681 
3143307809131 CLU_6117 46445 
3143307809131 CLU_6299 23180 
3143307809131 CLU_6301 15031 
3143307809131 CLU_6381 13490 
3143307809131 CLU_6398 20517 
3143307809131 CLU_6409 42801 
3143307809131 CLU_6410 26053 
3143307809131 CLU_6411 20656 
3143307809131 CLU_6412 20571 
3143307809131 CLU_6414 44131 
3143307809131 CLU_6415 51098 
3143307809131 CLU_6417 65922 
3143300186252 3143309772235 4998 
3143300186252 3143309772251 6329 
3143300186252 3143309812059 4817 
3143300186252 3143305305063 6949 
3143300186252 3143307781067 8101 
3143300186252 3143309132481 8477 
3143300186252 3143307831331 8431 
3143300186252 3143300659134 8160 
3143300186252 3143303180158 6077 
3143300186252 3143307821506 5416 
3143300186252 3143302150107 6454 
3143300186252 3143309775978 5416 
3143300186252 3143302219107 2821 
3143300186252 3143302219352 4131 
3143300186252 3143303180182 7012 
3143300186252 3143302150042 7681 
3143300186252 3143302219085 8190 
3143300186252 3143309812032 9049 
3143300186252 3143302149915 10280 
3143300186252 3143307299079 8178 
3143300186252 3143302150018 10374 
3143300186252 3143302218984 10035 
3143300186252 3143306065295 10914 
3143300186252 3143302219069 1386 
3143300186252 3143306629296 10411 
3143300186252 3143302149923 10661 
3143300186252 3143306065341 11605 
3143300186252 3143306329705 11030 
3143300186252 3143306297943 16877 
3143300186252 3143307780621 6700 
3143300186252 3143303180166 5416 
3143300186252 3143302149893 8653 
3143300186252 3143302150026 5240 
3143300186252 3143300550108 11402 
3143300186252 3143303413578 28269 
3143300186252 3143306329632 2415 
3143300186252 3143305212588 12819 
3143300186252 3143309812083 7853 
3143300186252 3143306023282 5181 
3143300186252 3143302218968 5650 
3143300186252 3143309772227 8477 
3143300186252 3143302203480 3596 
3143300186252 3143302150085 8178 
3143300186252 3143300211826 499 
3143300186252 3143302149931 2895 
3143300186252 3143309352511 9497 
3143300186252 3143309251553 5512 
3143300186252 3143305998220 6084 
3143300186252 3143309690905 6093 
3143300186252 3143307608756 11329 
3143300186252 3143306409911 11402 
3143300186252 3143307780907 1124 
3143300186252 3143309936424 6050 
3143300186252 3143309812075 7303 
3143300186252 3143306301304 7853 
3143300186252 3143303688100 7829 
3143300186252 3143303180115 6329 
3143300186252 3143305302854 7085 
3143300186252 3143302219212 7586 
3143300186252 3143302149958 3233 
3143300186252 3143307951345 9710 
3143300186252 3143302219077 5168 
3143300186252 3143302219344 1386 
3143300186252 3143307607660 6454 
3143300186252 3143302150069 9625 
3143300186252 3143307809131 12272 
3143300186252 3143300186252 0 
3143300186252 3143304701852 7237 
3143300186252 3143307836619 9049 
3143300186252 3143305212545 3785 
3143300186252 3143302150077 11329 
3143300186252 3143302150034 8980 
3143300186252 3143302219409 41151 
3143300186252 3143305212529 20741 
3143300186252 3143302219379 41151 
3143300186252 CLU_3233 27382 
3143300186252 CLU_6117 42653 
3143300186252 CLU_6299 11717 
3143300186252 CLU_6301 24896 
3143300186252 CLU_6381 23755 
3143300186252 CLU_6398 9518 
3143300186252 CLU_6409 38525 
3143300186252 CLU_6410 17524 
3143300186252 CLU_6411 14925 
3143300186252 CLU_6412 15044 
3143300186252 CLU_6414 35401 
3143300186252 CLU_6415 40219 
3143300186252 CLU_6417 55556 
3143304701852 3143309772235 2441 
3143304701852 3143309772251 1748 
3143304701852 3143309812059 2420 
3143304701852 3143305305063 2611 
3143304701852 3143307781067 2550 
3143304701852 3143309132481 2076 
3143304701852 3143307831331 1849 
3143304701852 3143300659134 969 
3143304701852 3143303180158 2129 
3143304701852 3143307821506 2319 
3143304701852 3143302150107 4806 
3143304701852 3143309775978 2319 
3143304701852 3143302219107 5934 
3143304701852 3143302219352 3144 
3143304701852 3143303180182 4027 
3143304701852 3143302150042 3624 
3143304701852 3143302219085 4052 
3143304701852 3143309812032 1936 
3143304701852 3143302149915 3354 
3143304701852 3143307299079 5508 
3143304701852 3143302150018 6016 
3143304701852 3143302218984 4871 
3143304701852 3143306065295 4267 
3143304701852 3143302219069 6582 
3143304701852 3143306629296 5451 
3143304701852 3143302149923 4731 
3143304701852 3143306065341 5878 
3143304701852 3143306329705 4262 
3143304701852 3143306297943 10650 
3143304701852 3143307780621 1995 
3143304701852 3143303180166 2319 
3143304701852 3143302149893 3719 
3143304701852 3143302150026 6508 
3143304701852 3143300550108 5519 
3143304701852 3143303413578 21161 
3143304701852 3143306329632 6701 
3143304701852 3143305212588 13447 
3143304701852 3143309812083 814 
3143304701852 3143306023282 3086 
3143304701852 3143302218968 3183 
3143304701852 3143309772227 2076 
3143304701852 3143302203480 4440 
3143304701852 3143302150085 5508 
3143304701852 3143300211826 7030 
3143304701852 3143302149931 4851 
3143304701852 3143309352511 3324 
3143304701852 3143309251553 4283 
3143304701852 3143305998220 4565 
3143304701852 3143309690905 5876 
3143304701852 3143307608756 6282 
3143304701852 3143306409911 5519 
3143304701852 3143307780907 6114 
3143304701852 3143309936424 6582 
3143304701852 3143309812075 420 
3143304701852 3143306301304 814 
3143304701852 3143303688100 1229 
3143304701852 3143303180115 1748 
3143304701852 3143305302854 3353 
3143304701852 3143302219212 2504 
3143304701852 3143302149958 4398 
3143304701852 3143307951345 2483 
3143304701852 3143302219077 5436 
3143304701852 3143302219344 6582 
3143304701852 3143307607660 4806 
3143304701852 3143302150069 4578 
3143304701852 3143307809131 5275 
3143304701852 3143300186252 7237 
3143304701852 3143304701852 0 
3143304701852 3143307836619 1936 
3143304701852 3143305212545 7228 
3143304701852 3143302150077 6282 
3143304701852 3143302150034 5663 
3143304701852 3143302219409 45364 
3143304701852 3143305212529 26445 
3143304701852 3143302219379 45364 
3143304701852 CLU_3233 29605 
3143304701852 CLU_6117 43353 
3143304701852 CLU_6299 17907 
3143304701852 CLU_6301 19565 
3143304701852 CLU_6381 18166 
3143304701852 CLU_6398 16191 
3143304701852 CLU_6409 39502 
3143304701852 CLU_6410 21256 
3143304701852 CLU_6411 16449 
3143304701852 CLU_6412 16421 
3143304701852 CLU_6414 39437 
3143304701852 CLU_6415 45930 
3143304701852 CLU_6417 60874 
3143307836619 3143309772235 4083 
3143307836619 3143309772251 2908 
3143307836619 3143309812059 4274 
3143307836619 3143305305063 3070 
3143307836619 3143307781067 2182 
3143307836619 3143309132481 1261 
3143307836619 3143307831331 1044 
3143307836619 3143300659134 1382 
3143307836619 3143303180158 3959 
3143307836619 3143307821506 4243 
3143307836619 3143302150107 6449 
3143307836619 3143309775978 4243 
3143307836619 3143302219107 7870 
3143307836619 3143302219352 4917 
3143307836619 3143303180182 4351 
3143307836619 3143302150042 3604 
3143307836619 3143302219085 3795 
3143307836619 3143309812032 0 
3143307836619 3143302149915 1449 
3143307836619 3143307299079 5452 
3143307836619 3143302150018 5127 
3143307836619 3143302218984 3802 
3143307836619 3143306065295 2448 
3143307836619 3143302219069 8268 
3143307836619 3143306629296 4374 
3143307836619 3143302149923 3258 
3143307836619 3143306065341 4373 
3143307836619 3143306329705 2387 
3143307836619 3143306297943 8807 
3143307836619 3143307780621 3654 
3143307836619 3143303180166 4243 
3143307836619 3143302149893 3136 
3143307836619 3143302150026 7462 
3143307836619 3143300550108 3974 
3143307836619 3143303413578 19623 
3143307836619 3143306329632 8635 
3143307836619 3143305212588 13500 
3143307836619 3143309812083 1201 
3143307836619 3143306023282 4355 
3143307836619 3143302218968 5004 
3143307836619 3143309772227 1261 
3143307836619 3143302203480 5946 
3143307836619 3143302150085 5452 
3143307836619 3143300211826 8801 
3143307836619 3143302149931 6469 
3143307836619 3143309352511 1998 
3143307836619 3143309251553 5200 
3143307836619 3143305998220 5258 
3143307836619 3143309690905 6575 
3143307836619 3143307608756 5043 
3143307836619 3143306409911 3974 
3143307836619 3143307780907 7925 
3143307836619 3143309936424 7329 
3143307836619 3143309812075 2091 
3143307836619 3143306301304 1201 
3143307836619 3143303688100 2268 
3143307836619 3143303180115 2908 
3143307836619 3143305302854 3656 
3143307836619 3143302219212 2542 
3143307836619 3143302149958 6323 
3143307836619 3143307951345 861 
3143307836619 3143302219077 6400 
3143307836619 3143302219344 8268 
3143307836619 3143307607660 6449 
3143307836619 3143302150069 3643 
3143307836619 3143307809131 3338 
3143307836619 3143300186252 9049 
3143307836619 3143304701852 1936 
3143307836619 3143307836619 0 
3143307836619 3143305212545 8522 
3143307836619 3143302150077 5043 
3143307836619 3143302150034 5302 
3143307836619 3143302219409 47093 
3143307836619 3143305212529 28356 
3143307836619 3143302219379 47093 
3143307836619 CLU_3233 31070 
3143307836619 CLU_6117 44453 
3143307836619 CLU_6299 19844 
3143307836619 CLU_6301 17845 
3143307836619 CLU_6381 16400 
3143307836619 CLU_6398 17710 
3143307836619 CLU_6409 40678 
3143307836619 CLU_6410 23000 
3143307836619 CLU_6411 17938 
3143307836619 CLU_6412 17886 
3143307836619 CLU_6414 41151 
3143307836619 CLU_6415 47828 
3143307836619 CLU_6417 62728 
3143305212545 3143309772235 4855 
3143305212545 3143309772251 5650 
3143305212545 3143309812059 5307 
3143305212545 3143305305063 5604 
3143305212545 3143307781067 6801 
3143305212545 3143309132481 7521 
3143305212545 3143307831331 7600 
3143305212545 3143300659134 8181 
3143305212545 3143303180158 7170 
3143305212545 3143307821506 6492 
3143305212545 3143302150107 8768 
3143305212545 3143309775978 6492 
3143305212545 3143302219107 5922 
3143305212545 3143302219352 4522 
3143305212545 3143303180182 4899 
3143305212545 3143302150042 5789 
3143305212545 3143302219085 6132 
3143305212545 3143309812032 8522 
3143305212545 3143302149915 9354 
3143305212545 3143307299079 5434 
3143305212545 3143302150018 7874 
3143305212545 3143302218984 7990 
3143305212545 3143306065295 9644 
3143305212545 3143302219069 2502 
3143305212545 3143306629296 8192 
3143305212545 3143302149923 8929 
3143305212545 3143306065341 9614 
3143305212545 3143306329705 9852 
3143305212545 3143306297943 14794 
3143305212545 3143307780621 7728 
3143305212545 3143303180166 6492 
3143305212545 3143302149893 6838 
3143305212545 3143302150026 1829 
3143305212545 3143300550108 9531 
3143305212545 3143303413578 28131 
3143305212545 3143306329632 5885 
3143305212545 3143305212588 9048 
3143305212545 3143309812083 7503 
3143305212545 3143306023282 4194 
3143305212545 3143302218968 7308 
3143305212545 3143309772227 7521 
3143305212545 3143302203480 2881 
3143305212545 3143302150085 5434 
3143305212545 3143300211826 3296 
3143305212545 3143302149931 2804 
3143305212545 3143309352511 8137 
3143305212545 3143309251553 3474 
3143305212545 3143305998220 3741 
3143305212545 3143309690905 3012 
3143305212545 3143307608756 9010 
3143305212545 3143306409911 9531 
3143305212545 3143307780907 3605 
3143305212545 3143309936424 2632 
3143305212545 3143309812075 7493 
3143305212545 3143306301304 7503 
3143305212545 3143303688100 8265 
3143305212545 3143303180115 5650 
3143305212545 3143305302854 5328 
3143305212545 3143302219212 6269 
3143305212545 3143302149958 5244 
3143305212545 3143307951345 9349 
3143305212545 3143302219077 2434 
3143305212545 3143302219344 2502 
3143305212545 3143307607660 8768 
3143305212545 3143302150069 7607 
3143305212545 3143307809131 11219 
3143305212545 3143300186252 3785 
3143305212545 3143304701852 7228 
3143305212545 3143307836619 8522 
3143305212545 3143305212545 0 
3143305212545 3143302150077 9010 
3143305212545 3143302150034 6303 
3143305212545 3143302219409 44797 
3143305212545 3143305212529 24066 
3143305212545 3143302219379 44797 
3143305212545 CLU_3233 31157 
3143305212545 CLU_6117 46327 
3143305212545 CLU_6299 14968 
3143305212545 CLU_6301 22043 
3143305212545 CLU_6381 21055 
3143305212545 CLU_6398 9300 
3143305212545 CLU_6409 42224 
3143305212545 CLU_6410 21292 
3143305212545 CLU_6411 18586 
3143305212545 CLU_6412 18687 
3143305212545 CLU_6414 39086 
3143305212545 CLU_6415 43417 
3143305212545 CLU_6417 58880 
3143302150077 3143309772235 6911 
3143302150077 3143309772251 5647 
3143302150077 3143309812059 7610 
3143302150077 3143305305063 4616 
3143302150077 3143307781067 3842 
3143302150077 3143309132481 4226 
3143302150077 3143307831331 4481 
3143302150077 3143300659134 6278 
3143302150077 3143303180158 8344 
3143302150077 3143307821506 8304 
3143302150077 3143302150107 11077 
3143302150077 3143309775978 8304 
3143302150077 3143302219107 11315 
3143302150077 3143302219352 7798 
3143302150077 3143303180182 4330 
3143302150077 3143302150042 3672 
3143302150077 3143302219085 3142 
3143302150077 3143309812032 5043 
3143302150077 3143302149915 4094 
3143302150077 3143307299079 3633 
3143302150077 3143302150018 1212 
3143302150077 3143302218984 1445 
3143302150077 3143306065295 3221 
3143302150077 3143302219069 10105 
3143302150077 3143306629296 935 
3143302150077 3143302149923 1866 
3143302150077 3143306065341 1178 
3143302150077 3143306329705 3515 
3143302150077 3143306297943 5790 
3143302150077 3143307780621 8277 
3143302150077 3143303180166 8304 
3143302150077 3143302149893 2834 
3143302150077 3143302150026 7270 
3143302150077 3143300550108 1493 
3143302150077 3143303413578 20880 
3143302150077 3143306329632 11914 
3143302150077 3143305212588 9978 
3143302150077 3143309812083 5543 
3143302150077 3143306023282 6260 
3143302150077 3143302218968 9362 
3143302150077 3143309772227 4226 
3143302150077 3143302203480 7735 
3143302150077 3143302150085 3633 
3143302150077 3143300211826 10915 
3143302150077 3143302149931 8440 
3143302150077 3143309352511 3066 
3143302150077 3143309251553 5868 
3143302150077 3143305998220 5383 
3143302150077 3143309690905 6043 
3143302150077 3143307608756 0 
3143302150077 3143306409911 1493 
3143302150077 3143307780907 10351 
3143302150077 3143309936424 6632 
3143302150077 3143309812075 6646 
3143302150077 3143306301304 5543 
3143302150077 3143303688100 7158 
3143302150077 3143303180115 5647 
3143302150077 3143305302854 4278 
3143302150077 3143302219212 4161 
3143302150077 3143302149958 9691 
3143302150077 3143307951345 5503 
3143302150077 3143302219077 6610 
3143302150077 3143302219344 10105 
3143302150077 3143307607660 11077 
3143302150077 3143302150069 1816 
3143302150077 3143307809131 4388 
3143302150077 3143300186252 11329 
3143302150077 3143304701852 6282 
3143302150077 3143307836619 5043 
3143302150077 3143305212545 9010 
3143302150077 3143302150077 0 
3143302150077 3143302150034 2787 
3143302150077 3143302219409 51439 
3143302150077 3143305212529 31874 
3143302150077 3143302219379 51439 
3143302150077 CLU_3233 35886 
3143302150077 CLU_6117 49487 
3143302150077 CLU_6299 22977 
3143302150077 CLU_6301 13682 
3143302150077 CLU_6381 12455 
3143302150077 CLU_6398 18020 
3143302150077 CLU_6409 45691 
3143302150077 CLU_6410 27346 
3143302150077 CLU_6411 22730 
3143302150077 CLU_6412 22703 
3143302150077 CLU_6414 45541 
3143302150077 CLU_6415 51402 
3143302150077 CLU_6417 66579 
3143302150034 3143309772235 5262 
3143302150034 3143309772251 4342 
3143302150034 3143309812059 6086 
3143302150034 3143305305063 3194 
3143302150034 3143307781067 3233 
3143302150034 3143309132481 4081 
3143302150034 3143307831331 4344 
3143302150034 3143300659134 6088 
3143302150034 3143303180158 7364 
3143302150034 3143307821506 7098 
3143302150034 3143302150107 10073 
3143302150034 3143309775978 7098 
3143302150034 3143302219107 9463 
3143302150034 3143302219352 6008 
3143302150034 3143303180182 2149 
3143302150034 3143302150042 2069 
3143302150034 3143302219085 1612 
3143302150034 3143309812032 5302 
3143302150034 3143302149915 5087 
3143302150034 3143307299079 869 
3143302150034 3143302150018 1593 
3143302150034 3143302218984 2245 
3143302150034 3143306065295 4708 
3143302150034 3143302219069 7671 
3143302150034 3143306629296 2144 
3143302150034 3143302149923 3437 
3143302150034 3143306065341 3648 
3143302150034 3143306329705 5010 
3143302150034 3143306297943 8558 
3143302150034 3143307780621 7507 
3143302150034 3143303180166 7098 
3143302150034 3143302149893 2165 
3143302150034 3143302150026 4521 
3143302150034 3143300550108 3722 
3143302150034 3143303413578 23298 
3143302150034 3143306329632 9946 
3143302150034 3143305212588 8251 
3143302150034 3143309812083 5174 
3143302150034 3143306023282 4321 
3143302150034 3143302218968 8248 
3143302150034 3143309772227 4081 
3143302150034 3143302203480 5477 
3143302150034 3143302150085 869 
3143302150034 3143300211826 8528 
3143302150034 3143302149931 6172 
3143302150034 3143309352511 3584 
3143302150034 3143309251553 3485 
3143302150034 3143305998220 2895 
3143302150034 3143309690905 3299 
3143302150034 3143307608756 2787 
3143302150034 3143306409911 3722 
3143302150034 3143307780907 8105 
3143302150034 3143309936424 3852 
3143302150034 3143309812075 6082 
3143302150034 3143306301304 5174 
3143302150034 3143303688100 6818 
3143302150034 3143303180115 4342 
3143302150034 3143305302854 2523 
3143302150034 3143302219212 3159 
3143302150034 3143302149958 7918 
3143302150034 3143307951345 6058 
3143302150034 3143302219077 3974 
3143302150034 3143302219344 7671 
3143302150034 3143307607660 10073 
3143302150034 3143302150069 2044 
3143302150034 3143307809131 6273 
3143302150034 3143300186252 8980 
3143302150034 3143304701852 5663 
3143302150034 3143307836619 5302 
3143302150034 3143305212545 6303 
3143302150034 3143302150077 2787 
3143302150034 3143302150034 0 
3143302150034 3143302219409 49713 
3143302150034 3143305212529 29699 
3143302150034 3143302219379 49713 
3143302150034 CLU_3233 34732 
3143302150034 CLU_6117 48888 
3143302150034 CLU_6299 20697 
3143302150034 CLU_6301 15929 
3143302150034 CLU_6381 14842 
3143302150034 CLU_6398 15233 
3143302150034 CLU_6409 44982 
3143302150034 CLU_6410 25718 
3143302150034 CLU_6411 21630 
3143302150034 CLU_6412 21641 
3143302150034 CLU_6414 43866 
3143302150034 CLU_6415 49195 
3143302150034 CLU_6417 64492 
3143302219409 3143309772235 44584 
3143302219409 3143309772251 45795 
3143302219409 3143309812059 43841 
3143302219409 3143305305063 46868 
3143302219409 3143307781067 47614 
3143302219409 3143309132481 47416 
3143302219409 3143307831331 47208 
3143302219409 3143300659134 45711 
3143302219409 3143303180158 43235 
3143302219409 3143307821506 43170 
3143302219409 3143302150107 40644 
3143302219409 3143309775978 43170 
3143302219409 3143302219107 40253 
3143302219409 3143302219352 43750 
3143302219409 3143303180182 47572 
3143302219409 3143302150042 47930 
3143302219409 3143302219085 48492 
3143302219409 3143309812032 47093 
3143302219409 3143302149915 48519 
3143302219409 3143307299079 49028 
3143302219409 3143302150018 50808 
3143302219409 3143302218984 49996 
3143302219409 3143306065295 49541 
3143302219409 3143302219069 42537 
3143302219409 3143306629296 50523 
3143302219409 3143302149923 50081 
3143302219409 3143306065341 51221 
3143302219409 3143306329705 49465 
3143302219409 3143306297943 55852 
3143302219409 3143307780621 43450 
3143302219409 3143303180166 43170 
3143302219409 3143302149893 48617 
3143302219409 3143302150026 46389 
3143302219409 3143300550108 50875 
3143302219409 3143303413578 58076 
3143302219409 3143306329632 39778 
3143302219409 3143305212588 53352 
3143302219409 3143309812083 46172 
3143302219409 3143306023282 45410 
3143302219409 3143302218968 42183 
3143302219409 3143309772227 47416 
3143302219409 3143302203480 44316 
3143302219409 3143302150085 49028 
3143302219409 3143300211826 41649 
3143302219409 3143302149931 43658 
3143302219409 3143309352511 48674 
3143302219409 3143309251553 46301 
3143302219409 3143305998220 46930 
3143302219409 3143309690905 47206 
3143302219409 3143307608756 51439 
3143302219409 3143306409911 50875 
3143302219409 3143307780907 41791 
3143302219409 3143309936424 47202 
3143302219409 3143309812075 45077 
3143302219409 3143306301304 46172 
3143302219409 3143303688100 44840 
3143302219409 3143303180115 45795 
3143302219409 3143305302854 47346 
3143302219409 3143302219212 47279 
3143302219409 3143302149958 41829 
3143302219409 3143307951345 47158 
3143302219409 3143302219077 46252 
3143302219409 3143302219344 42537 
3143302219409 3143307607660 40644 
3143302219409 3143302150069 49626 
3143302219409 3143307809131 50090 
3143302219409 3143300186252 41151 
3143302219409 3143304701852 45364 
3143302219409 3143307836619 47093 
3143302219409 3143305212545 44797 
3143302219409 3143302150077 51439 
3143302219409 3143302150034 49713 
3143302219409 3143302219409 0 
3143302219409 3143305212529 21723 
3143302219409 3143302219379 0 
3143302219409 CLU_3233 18342 
3143302219409 CLU_6117 22354 
3143302219409 CLU_6299 30311 
3143302219409 CLU_6301 64926 
3143302219409 CLU_6381 63493 
3143302219409 CLU_6398 41996 
3143302219409 CLU_6409 20206 
3143302219409 CLU_6410 24109 
3143302219409 CLU_6411 29728 
3143302219409 CLU_6412 29883 
3143302219409 CLU_6414 5975 
3143302219409 CLU_6415 12377 
3143302219409 CLU_6417 18127 
3143305212529 3143309772235 25021 
3143305212529 3143309772251 26364 
3143305212529 3143309812059 24427 
3143305212529 3143305305063 27284 
3143305212529 3143307781067 28258 
3143305212529 3143309132481 28314 
3143305212529 3143307831331 28164 
3143305212529 3143300659134 27054 
3143305212529 3143303180158 24413 
3143305212529 3143307821506 24125 
3143305212529 3143302150107 22317 
3143305212529 3143309775978 24125 
3143305212529 3143302219107 20647 
3143305212529 3143302219352 24108 
3143305212529 3143303180182 27657 
3143305212529 3143302150042 28208 
3143305212529 3143302219085 28753 
3143305212529 3143309812032 28356 
3143305212529 3143302149915 29795 
3143305212529 3143307299079 28914 
3143305212529 3143302150018 31024 
3143305212529 3143302218984 30489 
3143305212529 3143306065295 30696 
3143305212529 3143302219069 22093 
3143305212529 3143306629296 30940 
3143305212529 3143302149923 30868 
3143305212529 3143306065341 31939 
3143305212529 3143306329705 30707 
3143305212529 3143306297943 37045 
3143305212529 3143307780621 24810 
3143305212529 3143303180166 24125 
3143305212529 3143302149893 29071 
3143305212529 3143302150026 25805 
3143305212529 3143300550108 31661 
3143305212529 3143303413578 43962 
3143305212529 3143306329632 19985 
3143305212529 3143305212588 32090 
3143305212529 3143309812083 27247 
3143305212529 3143306023282 25616 
3143305212529 3143302218968 23394 
3143305212529 3143309772227 28314 
3143305212529 3143302203480 24234 
3143305212529 3143302150085 28914 
3143305212529 3143300211826 21211 
3143305212529 3143302149931 23532 
3143305212529 3143309352511 29526 
3143305212529 3143309251553 26215 
3143305212529 3143305998220 26808 
3143305212529 3143309690905 26792 
3143305212529 3143307608756 31874 
3143305212529 3143306409911 31661 
3143305212529 3143307780907 21598 
3143305212529 3143309936424 26635 
3143305212529 3143309812075 26266 
3143305212529 3143306301304 27247 
3143305212529 3143303688100 26297 
3143305212529 3143303180115 26364 
3143305212529 3143305302854 27602 
3143305212529 3143302219212 27822 
3143305212529 3143302149958 22278 
3143305212529 3143307951345 28678 
3143305212529 3143302219077 25895 
3143305212529 3143302219344 22093 
3143305212529 3143307607660 22317 
3143305212529 3143302150069 30087 
3143305212529 3143307809131 31652 
3143305212529 3143300186252 20741 
3143305212529 3143304701852 26445 
3143305212529 3143307836619 28356 
3143305212529 3143305212545 24066 
3143305212529 3143302150077 31874 
3143305212529 3143302150034 29699 
3143305212529 3143302219409 21723 
3143305212529 3143305212529 0 
3143305212529 3143302219379 21723 
3143305212529 CLU_3233 15948 
3143305212529 CLU_6117 31770 
3143305212529 CLU_6299 9100 
3143305212529 CLU_6301 45548 
3143305212529 CLU_6381 44319 
3143305212529 CLU_6398 20278 
3143305212529 CLU_6409 27574 
3143305212529 CLU_6410 8817 
3143305212529 CLU_6411 15302 
3143305212529 CLU_6412 15616 
3143305212529 CLU_6414 16720 
3143305212529 CLU_6415 19529 
3143305212529 CLU_6417 34825 
3143302219379 3143309772235 44584 
3143302219379 3143309772251 45795 
3143302219379 3143309812059 43841 
3143302219379 3143305305063 46868 
3143302219379 3143307781067 47614 
3143302219379 3143309132481 47416 
3143302219379 3143307831331 47208 
3143302219379 3143300659134 45711 
3143302219379 3143303180158 43235 
3143302219379 3143307821506 43170 
3143302219379 3143302150107 40644 
3143302219379 3143309775978 43170 
3143302219379 3143302219107 40253 
3143302219379 3143302219352 43750 
3143302219379 3143303180182 47572 
3143302219379 3143302150042 47930 
3143302219379 3143302219085 48492 
3143302219379 3143309812032 47093 
3143302219379 3143302149915 48519 
3143302219379 3143307299079 49028 
3143302219379 3143302150018 50808 
3143302219379 3143302218984 49996 
3143302219379 3143306065295 49541 
3143302219379 3143302219069 42537 
3143302219379 3143306629296 50523 
3143302219379 3143302149923 50081 
3143302219379 3143306065341 51221 
3143302219379 3143306329705 49465 
3143302219379 3143306297943 55852 
3143302219379 3143307780621 43450 
3143302219379 3143303180166 43170 
3143302219379 3143302149893 48617 
3143302219379 3143302150026 46389 
3143302219379 3143300550108 50875 
3143302219379 3143303413578 58076 
3143302219379 3143306329632 39778 
3143302219379 3143305212588 53352 
3143302219379 3143309812083 46172 
3143302219379 3143306023282 45410 
3143302219379 3143302218968 42183 
3143302219379 3143309772227 47416 
3143302219379 3143302203480 44316 
3143302219379 3143302150085 49028 
3143302219379 3143300211826 41649 
3143302219379 3143302149931 43658 
3143302219379 3143309352511 48674 
3143302219379 3143309251553 46301 
3143302219379 3143305998220 46930 
3143302219379 3143309690905 47206 
3143302219379 3143307608756 51439 
3143302219379 3143306409911 50875 
3143302219379 3143307780907 41791 
3143302219379 3143309936424 47202 
3143302219379 3143309812075 45077 
3143302219379 3143306301304 46172 
3143302219379 3143303688100 44840 
3143302219379 3143303180115 45795 
3143302219379 3143305302854 47346 
3143302219379 3143302219212 47279 
3143302219379 3143302149958 41829 
3143302219379 3143307951345 47158 
3143302219379 3143302219077 46252 
3143302219379 3143302219344 42537 
3143302219379 3143307607660 40644 
3143302219379 3143302150069 49626 
3143302219379 3143307809131 50090 
3143302219379 3143300186252 41151 
3143302219379 3143304701852 45364 
3143302219379 3143307836619 47093 
3143302219379 3143305212545 44797 
3143302219379 3143302150077 51439 
3143302219379 3143302150034 49713 
3143302219379 3143302219409 0 
3143302219379 3143305212529 21723 
3143302219379 3143302219379 0 
3143302219379 CLU_3233 18342 
3143302219379 CLU_6117 22354 
3143302219379 CLU_6299 30311 
3143302219379 CLU_6301 64926 
3143302219379 CLU_6381 63493 
3143302219379 CLU_6398 41996 
3143302219379 CLU_6409 20206 
3143302219379 CLU_6410 24109 
3143302219379 CLU_6411 29728 
3143302219379 CLU_6412 29883 
3143302219379 CLU_6414 5975 
3143302219379 CLU_6415 12377 
3143302219379 CLU_6417 18127 
;

param D0_1 := 
CLU_3233 3143309772235 29475 
CLU_3233 3143309772251 30462 
CLU_3233 3143309812059 28646 
CLU_3233 3143305305063 31609 
CLU_3233 3143307781067 32084 
CLU_3233 3143309132481 31672 
CLU_3233 3143307831331 31427 
CLU_3233 3143300659134 29716 
CLU_3233 3143303180158 27560 
CLU_3233 3143307821506 27691 
CLU_3233 3143302150107 24814 
CLU_3233 3143309775978 27691 
CLU_3233 3143302219107 25610 
CLU_3233 3143302219352 28795 
CLU_3233 3143303180182 32615 
CLU_3233 3143302150042 32740 
CLU_3233 3143302219085 33284 
CLU_3233 3143309812032 31070 
CLU_3233 3143302149915 32400 
CLU_3233 3143307299079 34207 
CLU_3233 3143302150018 35511 
CLU_3233 3143302218984 34465 
CLU_3233 3143306065295 33461 
CLU_3233 3143302219069 28669 
CLU_3233 3143306629296 35037 
CLU_3233 3143302149923 34275 
CLU_3233 3143306065341 35417 
CLU_3233 3143306329705 33322 
CLU_3233 3143306297943 39463 
CLU_3233 3143307780621 27610 
CLU_3233 3143303180166 27691 
CLU_3233 3143302149893 33205 
CLU_3233 3143302150026 32386 
CLU_3233 3143300550108 35030 
CLU_3233 3143303413578 39845 
CLU_3233 3143306329632 25394 
CLU_3233 3143305212588 40202 
CLU_3233 3143309812083 30360 
CLU_3233 3143306023282 30480 
CLU_3233 3143302218968 26575 
CLU_3233 3143309772227 31672 
CLU_3233 3143302203480 29806 
CLU_3233 3143302150085 34207 
CLU_3233 3143300211826 27864 
CLU_3233 3143302149931 29259 
CLU_3233 3143309352511 32891 
CLU_3233 3143309251553 31636 
CLU_3233 3143305998220 32263 
CLU_3233 3143309690905 32897 
CLU_3233 3143307608756 35886 
CLU_3233 3143306409911 35030 
CLU_3233 3143307780907 27661 
CLU_3233 3143309936424 33114 
CLU_3233 3143309812075 29249 
CLU_3233 3143306301304 30360 
CLU_3233 3143303688100 28819 
CLU_3233 3143303180115 30462 
CLU_3233 3143305302854 32219 
CLU_3233 3143302219212 31867 
CLU_3233 3143302149958 26959 
CLU_3233 3143307951345 30938 
CLU_3233 3143302219077 31937 
CLU_3233 3143302219344 28669 
CLU_3233 3143307607660 24814 
CLU_3233 3143302150069 34147 
CLU_3233 3143307809131 33681 
CLU_3233 3143300186252 27382 
CLU_3233 3143304701852 29605 
CLU_3233 3143307836619 31070 
CLU_3233 3143305212545 31157 
CLU_3233 3143302150077 35886 
CLU_3233 3143302150034 34732 
CLU_3233 3143302219409 18342 
CLU_3233 3143305212529 15948 
CLU_3233 3143302219379 18342 
CLU_3233 CLU_3233 0 
CLU_3233 CLU_6117 16408 
CLU_3233 CLU_6299 19845 
CLU_3233 CLU_6301 48712 
CLU_3233 CLU_6381 47148 
CLU_3233 CLU_6398 31823 
CLU_3233 CLU_6409 12104 
CLU_3233 CLU_6410 10649 
CLU_3233 CLU_6411 13155 
CLU_3233 CLU_6412 13188 
CLU_3233 CLU_6414 12765 
CLU_3233 CLU_6415 25250 
CLU_3233 CLU_6417 36253 
CLU_6117 3143309772235 43800 
CLU_6117 3143309772251 44547 
CLU_6117 3143309812059 42951 
CLU_6117 3143305305063 45693 
CLU_6117 3143307781067 45903 
CLU_6117 3143309132481 45310 
CLU_6117 3143307831331 45042 
CLU_6117 3143300659134 43217 
CLU_6117 3143303180158 41523 
CLU_6117 3143307821506 41821 
CLU_6117 3143302150107 38832 
CLU_6117 3143309775978 41821 
CLU_6117 3143302219107 40489 
CLU_6117 3143302219352 43274 
CLU_6117 3143303180182 46891 
CLU_6117 3143302150042 46823 
CLU_6117 3143302219085 47324 
CLU_6117 3143309812032 44453 
CLU_6117 3143302149915 45596 
CLU_6117 3143307299079 48511 
CLU_6117 3143302150018 49365 
CLU_6117 3143302218984 48157 
CLU_6117 3143306065295 46638 
CLU_6117 3143302219069 43830 
CLU_6117 3143306629296 48742 
CLU_6117 3143302149923 47705 
CLU_6117 3143306065341 48789 
CLU_6117 3143306329705 46434 
CLU_6117 3143306297943 51943 
CLU_6117 3143307780621 41411 
CLU_6117 3143303180166 41821 
CLU_6117 3143302149893 47072 
CLU_6117 3143302150026 47309 
CLU_6117 3143300550108 48379 
CLU_6117 3143303413578 47497 
CLU_6117 3143306329632 40442 
CLU_6117 3143305212588 55310 
CLU_6117 3143309812083 44009 
CLU_6117 3143306023282 44884 
CLU_6117 3143302218968 40665 
CLU_6117 3143309772227 45310 
CLU_6117 3143302203480 44538 
CLU_6117 3143302150085 48511 
CLU_6117 3143300211826 43104 
CLU_6117 3143302149931 44090 
CLU_6117 3143309352511 46421 
CLU_6117 3143309251553 46174 
CLU_6117 3143305998220 46768 
CLU_6117 3143309690905 47613 
CLU_6117 3143307608756 49487 
CLU_6117 3143306409911 48379 
CLU_6117 3143307780907 42730 
CLU_6117 3143309936424 47955 
CLU_6117 3143309812075 42952 
CLU_6117 3143306301304 44009 
CLU_6117 3143303688100 42351 
CLU_6117 3143303180115 44547 
CLU_6117 3143305302854 46381 
CLU_6117 3143302219212 45805 
CLU_6117 3143302149958 41606 
CLU_6117 3143307951345 44107 
CLU_6117 3143302219077 46692 
CLU_6117 3143302219344 43830 
CLU_6117 3143307607660 38832 
CLU_6117 3143302150069 47904 
CLU_6117 3143307809131 46445 
CLU_6117 3143300186252 42653 
CLU_6117 3143304701852 43353 
CLU_6117 3143307836619 44453 
CLU_6117 3143305212545 46327 
CLU_6117 3143302150077 49487 
CLU_6117 3143302150034 48888 
CLU_6117 3143302219409 22354 
CLU_6117 3143305212529 31770 
CLU_6117 3143302219379 22354 
CLU_6117 CLU_3233 16408 
CLU_6117 CLU_6117 0 
CLU_6117 CLU_6299 36222 
CLU_6117 CLU_6301 61041 
CLU_6117 CLU_6381 59361 
CLU_6117 CLU_6398 48045 
CLU_6117 CLU_6409 4305 
CLU_6117 CLU_6410 26969 
CLU_6117 CLU_6411 27740 
CLU_6117 CLU_6412 27642 
CLU_6117 CLU_6414 20418 
CLU_6117 CLU_6415 33994 
CLU_6117 CLU_6417 38753 
CLU_6220 3143309772235 2137 
CLU_6220 3143309772251 900 
CLU_6220 3143309812059 2519 
CLU_6220 3143305305063 1464 
CLU_6220 3143307781067 1512 
CLU_6220 3143309132481 1400 
CLU_6220 3143307831331 1304 
CLU_6220 3143300659134 1836 
CLU_6220 3143303180158 3012 
CLU_6220 3143307821506 2967 
CLU_6220 3143302150107 5760 
CLU_6220 3143309775978 2967 
CLU_6220 3143302219107 6287 
CLU_6220 3143302219352 3029 
CLU_6220 3143303180182 2888 
CLU_6220 3143302150042 2462 
CLU_6220 3143302219085 2904 
CLU_6220 3143309812032 2010 
CLU_6220 3143302149915 3143 
CLU_6220 3143307299079 4346 
CLU_6220 3143302150018 4959 
CLU_6220 3143302218984 3908 
CLU_6220 3143306065295 3848 
CLU_6220 3143302219069 6285 
CLU_6220 3143306629296 4470 
CLU_6220 3143302149923 3981 
CLU_6220 3143306065341 5102 
CLU_6220 3143306329705 3926 
CLU_6220 3143306297943 10121 
CLU_6220 3143307780621 3037 
CLU_6220 3143303180166 2967 
CLU_6220 3143302149893 2645 
CLU_6220 3143302150026 5609 
CLU_6220 3143300550108 4781 
CLU_6220 3143303413578 21626 
CLU_6220 3143306329632 6995 
CLU_6220 3143305212588 12307 
CLU_6220 3143309812083 987 
CLU_6220 3143306023282 2356 
CLU_6220 3143302218968 4015 
CLU_6220 3143309772227 1400 
CLU_6220 3143302203480 3937 
CLU_6220 3143302150085 4346 
CLU_6220 3143300211826 6857 
CLU_6220 3143302149931 4475 
CLU_6220 3143309352511 2604 
CLU_6220 3143309251553 3340 
CLU_6220 3143305998220 3530 
CLU_6220 3143309690905 4860 
CLU_6220 3143307608756 5348 
CLU_6220 3143306409911 4781 
CLU_6220 3143307780907 6021 
CLU_6220 3143309936424 5591 
CLU_6220 3143309812075 1583 
CLU_6220 3143306301304 987 
CLU_6220 3143303688100 2371 
CLU_6220 3143303180115 900 
CLU_6220 3143305302854 2201 
CLU_6220 3143302219212 1361 
CLU_6220 3143302149958 4668 
CLU_6220 3143307951345 2811 
CLU_6220 3143302219077 4532 
CLU_6220 3143302219344 6285 
CLU_6220 3143307607660 5760 
CLU_6220 3143302150069 3575 
CLU_6220 3143307809131 5136 
CLU_6220 3143300186252 7136 
CLU_6220 3143304701852 1163 
CLU_6220 3143307836619 2010 
CLU_6220 3143305212545 6543 
CLU_6220 3143302150077 5348 
CLU_6220 3143302150034 4511 
CLU_6220 3143302219409 46136 
CLU_6220 3143305212529 26925 
CLU_6220 3143302219379 46136 
CLU_6220 CLU_3233 30573 
CLU_6220 CLU_6117 44448 
CLU_6220 CLU_6299 18242 
CLU_6220 CLU_6301 18843 
CLU_6220 CLU_6381 17497 
CLU_6220 CLU_6398 15702 
CLU_6220 CLU_6409 40579 
CLU_6220 CLU_6410 22030 
CLU_6220 CLU_6411 17420 
CLU_6220 CLU_6412 17405 
CLU_6220 CLU_6414 40225 
CLU_6220 CLU_6415 46442 
CLU_6220 CLU_6417 61477 
CLU_6221 3143309772235 2911 
CLU_6221 3143309772251 1855 
CLU_6221 3143309812059 3073 
CLU_6221 3143305305063 2367 
CLU_6221 3143307781067 1956 
CLU_6221 3143309132481 1317 
CLU_6221 3143307831331 1067 
CLU_6221 3143300659134 928 
CLU_6221 3143303180158 2940 
CLU_6221 3143307821506 3123 
CLU_6221 3143302150107 5587 
CLU_6221 3143309775978 3123 
CLU_6221 3143302219107 6701 
CLU_6221 3143302219352 3723 
CLU_6221 3143303180182 3776 
CLU_6221 3143302150042 3216 
CLU_6221 3143302219085 3568 
CLU_6221 3143309812032 1201 
CLU_6221 3143302149915 2567 
CLU_6221 3143307299079 5129 
CLU_6221 3143302150018 5364 
CLU_6221 3143302218984 4159 
CLU_6221 3143306065295 3456 
CLU_6221 3143302219069 7101 
CLU_6221 3143306629296 4743 
CLU_6221 3143302149923 3939 
CLU_6221 3143306065341 5087 
CLU_6221 3143306329705 3460 
CLU_6221 3143306297943 9837 
CLU_6221 3143307780621 2760 
CLU_6221 3143303180166 3123 
CLU_6221 3143302149893 3115 
CLU_6221 3143302150026 6596 
CLU_6221 3143300550108 4721 
CLU_6221 3143303413578 20710 
CLU_6221 3143306329632 7456 
CLU_6221 3143305212588 13160 
CLU_6221 3143309812083 0 
CLU_6221 3143306023282 3309 
CLU_6221 3143302218968 3994 
CLU_6221 3143309772227 1317 
CLU_6221 3143302203480 4829 
CLU_6221 3143302150085 5129 
CLU_6221 3143300211826 7612 
CLU_6221 3143302149931 5318 
CLU_6221 3143309352511 2538 
CLU_6221 3143309251553 4327 
CLU_6221 3143305998220 4499 
CLU_6221 3143309690905 5831 
CLU_6221 3143307608756 5543 
CLU_6221 3143306409911 4721 
CLU_6221 3143307780907 6729 
CLU_6221 3143309936424 6567 
CLU_6221 3143309812075 1113 
CLU_6221 3143306301304 0 
CLU_6221 3143303688100 1674 
CLU_6221 3143303180115 1855 
CLU_6221 3143305302854 3071 
CLU_6221 3143302219212 2060 
CLU_6221 3143302149958 5136 
CLU_6221 3143307951345 1898 
CLU_6221 3143302219077 5520 
CLU_6221 3143302219344 7101 
CLU_6221 3143307607660 5587 
CLU_6221 3143302150069 3895 
CLU_6221 3143307809131 4519 
CLU_6221 3143300186252 7853 
CLU_6221 3143304701852 814 
CLU_6221 3143307836619 1201 
CLU_6221 3143305212545 7503 
CLU_6221 3143302150077 5543 
CLU_6221 3143302150034 5174 
CLU_6221 3143302219409 46172 
CLU_6221 3143305212529 27247 
CLU_6221 3143302219379 46172 
CLU_6221 CLU_3233 30360 
CLU_6221 CLU_6117 44009 
CLU_6221 CLU_6299 18682 
CLU_6221 CLU_6301 18756 
CLU_6221 CLU_6381 17353 
CLU_6221 CLU_6398 16612 
CLU_6221 CLU_6409 40180 
CLU_6221 CLU_6410 22065 
CLU_6221 CLU_6411 17206 
CLU_6221 CLU_6412 17172 
CLU_6221 CLU_6414 40242 
CLU_6221 CLU_6415 46737 
CLU_6221 CLU_6417 61688 
CLU_6222 3143309772235 949 
CLU_6222 3143309772251 1374 
CLU_6222 3143309812059 806 
CLU_6222 3143305305063 2520 
CLU_6222 3143307781067 3164 
CLU_6222 3143309132481 3149 
CLU_6222 3143307831331 3021 
CLU_6222 3143300659134 2587 
CLU_6222 3143303180158 1777 
CLU_6222 3143307821506 1411 
CLU_6222 3143302150107 4395 
CLU_6222 3143309775978 1411 
CLU_6222 3143302219107 4534 
CLU_6222 3143302219352 1510 
CLU_6222 3143303180182 3671 
CLU_6222 3143302150042 3655 
CLU_6222 3143302219085 4195 
CLU_6222 3143309812032 3467 
CLU_6222 3143302149915 4790 
CLU_6222 3143307299079 5288 
CLU_6222 3143302150018 6446 
CLU_6222 3143302218984 5540 
CLU_6222 3143306065295 5577 
CLU_6222 3143302219069 4955 
CLU_6222 3143306629296 6075 
CLU_6222 3143302149923 5723 
CLU_6222 3143306065341 6831 
CLU_6222 3143306329705 5632 
CLU_6222 3143306297943 11877 
CLU_6222 3143307780621 2140 
CLU_6222 3143303180166 1411 
CLU_6222 3143302149893 4178 
CLU_6222 3143302150026 5350 
CLU_6222 3143300550108 6522 
CLU_6222 3143303413578 22784 
CLU_6222 3143306329632 5253 
CLU_6222 3143305212588 12826 
CLU_6222 3143309812083 2266 
CLU_6222 3143306023282 1944 
CLU_6222 3143302218968 2564 
CLU_6222 3143309772227 3149 
CLU_6222 3143302203480 2929 
CLU_6222 3143302150085 5288 
CLU_6222 3143300211826 5393 
CLU_6222 3143302149931 3260 
CLU_6222 3143309352511 4359 
CLU_6222 3143309251553 3323 
CLU_6222 3143305998220 3783 
CLU_6222 3143309690905 4968 
CLU_6222 3143307608756 6985 
CLU_6222 3143306409911 6522 
CLU_6222 3143307780907 4483 
CLU_6222 3143309936424 5592 
CLU_6222 3143309812075 1773 
CLU_6222 3143306301304 2266 
CLU_6222 3143303688100 2483 
CLU_6222 3143303180115 1374 
CLU_6222 3143305302854 3164 
CLU_6222 3143302219212 2831 
CLU_6222 3143302149958 2923 
CLU_6222 3143307951345 4103 
CLU_6222 3143302219077 4327 
CLU_6222 3143302219344 4955 
CLU_6222 3143307607660 4395 
CLU_6222 3143302150069 5176 
CLU_6222 3143307809131 6768 
CLU_6222 3143300186252 5607 
CLU_6222 3143304701852 1636 
CLU_6222 3143307836619 3467 
CLU_6222 3143305212545 5794 
CLU_6222 3143302150077 6985 
CLU_6222 3143302150034 5686 
CLU_6222 3143302219409 44455 
CLU_6222 3143305212529 25169 
CLU_6222 3143302219379 44455 
CLU_6222 CLU_3233 29089 
CLU_6222 CLU_6117 43226 
CLU_6222 CLU_6299 16500 
CLU_6222 CLU_6301 20567 
CLU_6222 CLU_6381 19237 
CLU_6222 CLU_6398 14596 
CLU_6222 CLU_6409 39303 
CLU_6222 CLU_6410 20361 
CLU_6222 CLU_6411 15962 
CLU_6222 CLU_6412 15966 
CLU_6222 CLU_6414 38556 
CLU_6222 CLU_6415 44686 
CLU_6222 CLU_6417 59731 
CLU_6223 3143309772235 0 
CLU_6223 3143309772251 1371 
CLU_6223 3143309812059 848 
CLU_6223 3143305305063 2296 
CLU_6223 3143307781067 3250 
CLU_6223 3143309132481 3494 
CLU_6223 3143307831331 3434 
CLU_6223 3143300659134 3410 
CLU_6223 3143303180158 2598 
CLU_6223 3143307821506 2069 
CLU_6223 3143302150107 5007 
CLU_6223 3143309775978 2069 
CLU_6223 3143302219107 4406 
CLU_6223 3143302219352 926 
CLU_6223 3143303180182 3141 
CLU_6223 3143302150042 3349 
CLU_6223 3143302219085 3911 
CLU_6223 3143309812032 4083 
CLU_6223 3143302149915 5281 
CLU_6223 3143307299079 4748 
CLU_6223 3143302150018 6224 
CLU_6223 3143302218984 5491 
CLU_6223 3143306065295 5946 
CLU_6223 3143302219069 4190 
CLU_6223 3143306629296 5979 
CLU_6223 3143302149923 5869 
CLU_6223 3143306065341 6918 
CLU_6223 3143306329705 6046 
CLU_6223 3143306297943 12098 
CLU_6223 3143307780621 3040 
CLU_6223 3143303180166 2069 
CLU_6223 3143302149893 4078 
CLU_6223 3143302150026 4421 
CLU_6223 3143300550108 6652 
CLU_6223 3143303413578 23587 
CLU_6223 3143306329632 5036 
CLU_6223 3143305212588 12023 
CLU_6223 3143309812083 2911 
CLU_6223 3143306023282 1113 
CLU_6223 3143302218968 3193 
CLU_6223 3143309772227 3494 
CLU_6223 3143302203480 2010 
CLU_6223 3143302150085 4748 
CLU_6223 3143300211826 4725 
CLU_6223 3143302149931 2418 
CLU_6223 3143309352511 4590 
CLU_6223 3143309251553 2493 
CLU_6223 3143305998220 3019 
CLU_6223 3143309690905 4117 
CLU_6223 3143307608756 6911 
CLU_6223 3143306409911 6652 
CLU_6223 3143307780907 3884 
CLU_6223 3143309936424 4705 
CLU_6223 3143309812075 2656 
CLU_6223 3143306301304 2911 
CLU_6223 3143303688100 3411 
CLU_6223 3143303180115 1371 
CLU_6223 3143305302854 2780 
CLU_6223 3143302219212 2800 
CLU_6223 3143302149958 2779 
CLU_6223 3143307951345 4806 
CLU_6223 3143302219077 3418 
CLU_6223 3143302219344 4190 
CLU_6223 3143307607660 5007 
CLU_6223 3143302150069 5099 
CLU_6223 3143307809131 7273 
CLU_6223 3143300186252 4998 
CLU_6223 3143304701852 2441 
CLU_6223 3143307836619 4083 
CLU_6223 3143305212545 4855 
CLU_6223 3143302150077 6911 
CLU_6223 3143302150034 5262 
CLU_6223 3143302219409 44584 
CLU_6223 3143305212529 25021 
CLU_6223 3143302219379 44584 
CLU_6223 CLU_3233 29475 
CLU_6223 CLU_6117 43800 
CLU_6223 CLU_6299 16235 
CLU_6223 CLU_6301 20582 
CLU_6223 CLU_6381 19306 
CLU_6223 CLU_6398 13751 
CLU_6223 CLU_6409 39844 
CLU_6223 CLU_6410 20527 
CLU_6223 CLU_6411 16392 
CLU_6223 CLU_6412 16414 
CLU_6223 CLU_6414 38707 
CLU_6223 CLU_6415 44550 
CLU_6223 CLU_6417 59678 
CLU_6224 3143309772235 1371 
CLU_6224 3143309772251 0 
CLU_6224 3143309812059 1966 
CLU_6224 3143305305063 1153 
CLU_6224 3143307781067 1893 
CLU_6224 3143309132481 2148 
CLU_6224 3143307831331 2121 
CLU_6224 3143300659134 2611 
CLU_6224 3143303180158 3027 
CLU_6224 3143307821506 2774 
CLU_6224 3143302150107 5733 
CLU_6224 3143309775978 2774 
CLU_6224 3143302219107 5724 
CLU_6224 3143302219352 2297 
CLU_6224 3143303180182 2424 
CLU_6224 3143302150042 2290 
CLU_6224 3143302219085 2824 
CLU_6224 3143309812032 2908 
CLU_6224 3143302149915 3977 
CLU_6224 3143307299079 4010 
CLU_6224 3143302150018 5073 
CLU_6224 3143302218984 4208 
CLU_6224 3143306065295 4588 
CLU_6224 3143302219069 5422 
CLU_6224 3143306629296 4728 
CLU_6224 3143302149923 4509 
CLU_6224 3143306065341 5577 
CLU_6224 3143306329705 4701 
CLU_6224 3143306297943 10730 
CLU_6224 3143307780621 3231 
CLU_6224 3143303180166 2774 
CLU_6224 3143302149893 2822 
CLU_6224 3143302150026 4784 
CLU_6224 3143300550108 5297 
CLU_6224 3143303413578 22527 
CLU_6224 3143306329632 6384 
CLU_6224 3143305212588 11783 
CLU_6224 3143309812083 1855 
CLU_6224 3143306023282 1457 
CLU_6224 3143302218968 3913 
CLU_6224 3143309772227 2148 
CLU_6224 3143302203480 3045 
CLU_6224 3143302150085 4010 
CLU_6224 3143300211826 6028 
CLU_6224 3143302149931 3604 
CLU_6224 3143309352511 3218 
CLU_6224 3143309251553 2540 
CLU_6224 3143305998220 2825 
CLU_6224 3143309690905 4129 
CLU_6224 3143307608756 5647 
CLU_6224 3143306409911 5297 
CLU_6224 3143307780907 5227 
CLU_6224 3143309936424 4835 
CLU_6224 3143309812075 2122 
CLU_6224 3143306301304 1855 
CLU_6224 3143303688100 2959 
CLU_6224 3143303180115 0 
CLU_6224 3143305302854 1838 
CLU_6224 3143302219212 1488 
CLU_6224 3143302149958 4090 
CLU_6224 3143307951345 3710 
CLU_6224 3143302219077 3708 
CLU_6224 3143302219344 5422 
CLU_6224 3143307607660 5733 
CLU_6224 3143302150069 3832 
CLU_6224 3143307809131 5961 
CLU_6224 3143300186252 6329 
CLU_6224 3143304701852 1748 
CLU_6224 3143307836619 2908 
CLU_6224 3143305212545 5650 
CLU_6224 3143302150077 5647 
CLU_6224 3143302150034 4342 
CLU_6224 3143302219409 45795 
CLU_6224 3143305212529 26364 
CLU_6224 3143302219379 45795 
CLU_6224 CLU_3233 30462 
CLU_6224 CLU_6117 44547 
CLU_6224 CLU_6299 17601 
CLU_6224 CLU_6301 19280 
CLU_6224 CLU_6381 17981 
CLU_6224 CLU_6398 14801 
CLU_6224 CLU_6409 40639 
CLU_6224 CLU_6410 21709 
CLU_6224 CLU_6411 17331 
CLU_6224 CLU_6412 17333 
CLU_6224 CLU_6414 39902 
CLU_6224 CLU_6415 45891 
CLU_6224 CLU_6417 60989 
CLU_6225 3143309772235 1589 
CLU_6225 3143309772251 478 
CLU_6225 3143309812059 2301 
CLU_6225 3143305305063 733 
CLU_6225 3143307781067 1709 
CLU_6225 3143309132481 2167 
CLU_6225 3143307831331 2201 
CLU_6225 3143300659134 2982 
CLU_6225 3143303180158 3496 
CLU_6225 3143307821506 3212 
CLU_6225 3143302150107 6186 
CLU_6225 3143309775978 3212 
CLU_6225 3143302219107 5994 
CLU_6225 3143302219352 2498 
CLU_6225 3143303180182 1945 
CLU_6225 3143302150042 1856 
CLU_6225 3143302219085 2403 
CLU_6225 3143309812032 3098 
CLU_6225 3143302149915 4027 
CLU_6225 3143307299079 3534 
CLU_6225 3143302150018 4687 
CLU_6225 3143302218984 3902 
CLU_6225 3143306065295 4537 
CLU_6225 3143302219069 5407 
CLU_6225 3143306629296 4397 
CLU_6225 3143302149923 4312 
CLU_6225 3143306065341 5339 
CLU_6225 3143306329705 4679 
CLU_6225 3143306297943 10549 
CLU_6225 3143307780621 3709 
CLU_6225 3143303180166 3212 
CLU_6225 3143302149893 2492 
CLU_6225 3143302150026 4439 
CLU_6225 3143300550108 5085 
CLU_6225 3143303413578 22712 
CLU_6225 3143306329632 6621 
CLU_6225 3143305212588 11314 
CLU_6225 3143309812083 2156 
CLU_6225 3143306023282 1305 
CLU_6225 3143302218968 4360 
CLU_6225 3143309772227 2167 
CLU_6225 3143302203480 2972 
CLU_6225 3143302150085 3534 
CLU_6225 3143300211826 6066 
CLU_6225 3143302149931 3587 
CLU_6225 3143309352511 3099 
CLU_6225 3143309251553 2171 
CLU_6225 3143305998220 2395 
CLU_6225 3143309690905 3715 
CLU_6225 3143307608756 5327 
CLU_6225 3143306409911 5085 
CLU_6225 3143307780907 5316 
CLU_6225 3143309936424 4436 
CLU_6225 3143309812075 2564 
CLU_6225 3143306301304 2156 
CLU_6225 3143303688100 3398 
CLU_6225 3143303180115 478 
CLU_6225 3143305302854 1371 
CLU_6225 3143302219212 1222 
CLU_6225 3143302149958 4366 
CLU_6225 3143307951345 3934 
CLU_6225 3143302219077 3363 
CLU_6225 3143302219344 5407 
CLU_6225 3143307607660 6186 
CLU_6225 3143302150069 3512 
CLU_6225 3143307809131 5984 
CLU_6225 3143300186252 6397 
CLU_6225 3143304701852 2173 
CLU_6225 3143307836619 3098 
CLU_6225 3143305212545 5424 
CLU_6225 3143302150077 5327 
CLU_6225 3143302150034 3888 
CLU_6225 3143302219409 46141 
CLU_6225 3143305212529 26606 
CLU_6225 3143302219379 46141 
CLU_6225 CLU_3233 30884 
CLU_6225 CLU_6117 45009 
CLU_6225 CLU_6299 17797 
CLU_6225 CLU_6301 18993 
CLU_6225 CLU_6381 17718 
CLU_6225 CLU_6398 14645 
CLU_6225 CLU_6409 41095 
CLU_6225 CLU_6410 22067 
CLU_6225 CLU_6411 17761 
CLU_6225 CLU_6412 17767 
CLU_6225 CLU_6414 40256 
CLU_6225 CLU_6415 46136 
CLU_6225 CLU_6417 61267 
CLU_6226 3143309772235 2221 
CLU_6226 3143309772251 903 
CLU_6226 3143309812059 2868 
CLU_6226 3143305305063 488 
CLU_6226 3143307781067 1044 
CLU_6226 3143309132481 1567 
CLU_6226 3143307831331 1648 
CLU_6226 3143300659134 2786 
CLU_6226 3143303180158 3816 
CLU_6226 3143307821506 3635 
CLU_6226 3143302150107 6555 
CLU_6226 3143309775978 3635 
CLU_6226 3143302219107 6612 
CLU_6226 3143302219352 3142 
CLU_6226 3143303180182 1908 
CLU_6226 3143302150042 1507 
CLU_6226 3143302219085 1996 
CLU_6226 3143309812032 2628 
CLU_6226 3143302149915 3420 
CLU_6226 3143307299079 3364 
CLU_6226 3143302150018 4191 
CLU_6226 3143302218984 3305 
CLU_6226 3143306065295 3882 
CLU_6226 3143302219069 6060 
CLU_6226 3143306629296 3824 
CLU_6226 3143302149923 3654 
CLU_6226 3143306065341 4697 
CLU_6226 3143306329705 4033 
CLU_6226 3143306297943 9890 
CLU_6226 3143307780621 3931 
CLU_6226 3143303180166 3635 
CLU_6226 3143302149893 1920 
CLU_6226 3143302150026 4834 
CLU_6226 3143300550108 4432 
CLU_6226 3143303413578 22178 
CLU_6226 3143306329632 7256 
CLU_6226 3143305212588 11323 
CLU_6226 3143309812083 1879 
CLU_6226 3143306023282 1939 
CLU_6226 3143302218968 4755 
CLU_6226 3143309772227 1567 
CLU_6226 3143302203480 3613 
CLU_6226 3143302150085 3364 
CLU_6226 3143300211826 6728 
CLU_6226 3143302149931 4243 
CLU_6226 3143309352511 2434 
CLU_6226 3143309251553 2574 
CLU_6226 3143305998220 2652 
CLU_6226 3143309690905 3982 
CLU_6226 3143307608756 4744 
CLU_6226 3143306409911 4432 
CLU_6226 3143307780907 5982 
CLU_6226 3143309936424 4728 
CLU_6226 3143309812075 2564 
CLU_6226 3143306301304 1879 
CLU_6226 3143303688100 3359 
CLU_6226 3143303180115 903 
CLU_6226 3143305302854 1214 
CLU_6226 3143302219212 586 
CLU_6226 3143302149958 4979 
CLU_6226 3143307951345 3485 
CLU_6226 3143302219077 3773 
CLU_6226 3143302219344 6060 
CLU_6226 3143307607660 6555 
CLU_6226 3143302150069 2928 
CLU_6226 3143307809131 5354 
CLU_6226 3143300186252 7062 
CLU_6226 3143304701852 2145 
CLU_6226 3143307836619 2628 
CLU_6226 3143305212545 5957 
CLU_6226 3143302150077 4744 
CLU_6226 3143302150034 3575 
CLU_6226 3143302219409 46698 
CLU_6226 3143305212529 27241 
CLU_6226 3143302219379 46698 
CLU_6226 CLU_3233 31325 
CLU_6226 CLU_6117 45328 
CLU_6226 CLU_6299 18450 
CLU_6226 CLU_6301 18383 
CLU_6226 CLU_6381 17092 
CLU_6226 CLU_6398 15219 
CLU_6226 CLU_6409 41439 
CLU_6226 CLU_6410 22611 
CLU_6226 CLU_6411 18186 
CLU_6226 CLU_6412 18182 
CLU_6226 CLU_6414 40804 
CLU_6226 CLU_6415 46770 
CLU_6226 CLU_6417 61882 
CLU_6227 3143309772235 2763 
CLU_6227 3143309772251 1391 
CLU_6227 3143309812059 3295 
CLU_6227 3143305305063 1113 
CLU_6227 3143307781067 614 
CLU_6227 3143309132481 849 
CLU_6227 3143307831331 945 
CLU_6227 3143300659134 2370 
CLU_6227 3143303180158 3909 
CLU_6227 3143307821506 3855 
CLU_6227 3143302150107 6656 
CLU_6227 3143309775978 3855 
CLU_6227 3143302219107 7075 
CLU_6227 3143302219352 3688 
CLU_6227 3143303180182 2416 
CLU_6227 3143302150042 1777 
CLU_6227 3143302219085 2129 
CLU_6227 3143309812032 1962 
CLU_6227 3143302149915 2705 
CLU_6227 3143307299079 3690 
CLU_6227 3143302150018 4075 
CLU_6227 3143302218984 3010 
CLU_6227 3143306065295 3215 
CLU_6227 3143302219069 6738 
CLU_6227 3143306629296 3572 
CLU_6227 3143302149923 3148 
CLU_6227 3143306065341 4247 
CLU_6227 3143306329705 3348 
CLU_6227 3143306297943 9348 
CLU_6227 3143307780621 3910 
CLU_6227 3143303180166 3855 
CLU_6227 3143302149893 1766 
CLU_6227 3143302150026 5517 
CLU_6227 3143300550108 3944 
CLU_6227 3143303413578 21465 
CLU_6227 3143306329632 7755 
CLU_6227 3143305212588 11734 
CLU_6227 3143309812083 1444 
CLU_6227 3143306023282 2635 
CLU_6227 3143302218968 4913 
CLU_6227 3143309772227 849 
CLU_6227 3143302203480 4305 
CLU_6227 3143302150085 3690 
CLU_6227 3143300211826 7383 
CLU_6227 3143302149931 4917 
CLU_6227 3143309352511 1827 
CLU_6227 3143309251553 3272 
CLU_6227 3143305998220 3297 
CLU_6227 3143309690905 4613 
CLU_6227 3143307608756 4451 
CLU_6227 3143306409911 3944 
CLU_6227 3143307780907 6606 
CLU_6227 3143309936424 5366 
CLU_6227 3143309812075 2369 
CLU_6227 3143306301304 1444 
CLU_6227 3143303688100 3079 
CLU_6227 3143303180115 1391 
CLU_6227 3143305302854 1710 
CLU_6227 3143302219212 625 
CLU_6227 3143302149958 5444 
CLU_6227 3143307951345 2823 
CLU_6227 3143302219077 4465 
CLU_6227 3143302219344 6738 
CLU_6227 3143307607660 6656 
CLU_6227 3143302150069 2678 
CLU_6227 3143307809131 4651 
CLU_6227 3143300186252 7700 
CLU_6227 3143304701852 1959 
CLU_6227 3143307836619 1962 
CLU_6227 3143305212545 6673 
CLU_6227 3143302150077 4451 
CLU_6227 3143302150034 3740 
CLU_6227 3143302219409 47016 
CLU_6227 3143305212529 27722 
CLU_6227 3143302219379 47016 
CLU_6227 CLU_3233 31469 
CLU_6227 CLU_6117 45307 
CLU_6227 CLU_6299 18985 
CLU_6227 CLU_6301 17984 
CLU_6227 CLU_6381 16655 
CLU_6227 CLU_6398 15937 
CLU_6227 CLU_6409 41449 
CLU_6227 CLU_6410 22914 
CLU_6227 CLU_6411 18316 
CLU_6227 CLU_6412 18299 
CLU_6227 CLU_6414 41109 
CLU_6227 CLU_6415 47245 
CLU_6227 CLU_6417 62312 
CLU_6228 3143309772235 2935 
CLU_6228 3143309772251 1581 
CLU_6228 3143309812059 3395 
CLU_6228 3143305305063 1457 
CLU_6228 3143307781067 779 
CLU_6228 3143309132481 569 
CLU_6228 3143307831331 610 
CLU_6228 3143300659134 2089 
CLU_6228 3143303180158 3833 
CLU_6228 3143307821506 3842 
CLU_6228 3143302150107 6565 
CLU_6228 3143309775978 3842 
CLU_6228 3143302219107 7172 
CLU_6228 3143302219352 3851 
CLU_6228 3143303180182 2758 
CLU_6228 3143302150042 2088 
CLU_6228 3143302219085 2399 
CLU_6228 3143309812032 1615 
CLU_6228 3143302149915 2422 
CLU_6228 3143307299079 3994 
CLU_6228 3143302150018 4225 
CLU_6228 3143302218984 3087 
CLU_6228 3143306065295 3011 
CLU_6228 3143302219069 6985 
CLU_6228 3143306629296 3662 
CLU_6228 3143302149923 3090 
CLU_6228 3143306065341 4216 
CLU_6228 3143306329705 3119 
CLU_6228 3143306297943 9236 
CLU_6228 3143307780621 3780 
CLU_6228 3143303180166 3842 
CLU_6228 3143302149893 1946 
CLU_6228 3143302150026 5858 
CLU_6228 3143300550108 3890 
CLU_6228 3143303413578 21141 
CLU_6228 3143306329632 7871 
CLU_6228 3143305212588 12048 
CLU_6228 3143309812083 1178 
CLU_6228 3143306023282 2910 
CLU_6228 3143302218968 4860 
CLU_6228 3143309772227 569 
CLU_6228 3143302203480 4569 
CLU_6228 3143302150085 3994 
CLU_6228 3143300211826 7607 
CLU_6228 3143302149931 5163 
CLU_6228 3143309352511 1713 
CLU_6228 3143309251553 3608 
CLU_6228 3143305998220 3643 
CLU_6228 3143309690905 4960 
CLU_6228 3143307608756 4512 
CLU_6228 3143306409911 3890 
CLU_6228 3143307780907 6807 
CLU_6228 3143309936424 5714 
CLU_6228 3143309812075 2187 
CLU_6228 3143306301304 1178 
CLU_6228 3143303688100 2845 
CLU_6228 3143303180115 1581 
CLU_6228 3143305302854 2054 
CLU_6228 3143302219212 955 
CLU_6228 3143302149958 5548 
CLU_6228 3143307951345 2476 
CLU_6228 3143302219077 4803 
CLU_6228 3143302219344 6985 
CLU_6228 3143307607660 6565 
CLU_6228 3143302150069 2785 
CLU_6228 3143307809131 4392 
CLU_6228 3143300186252 7911 
CLU_6228 3143304701852 1794 
CLU_6228 3143307836619 1615 
CLU_6228 3143305212545 6991 
CLU_6228 3143302150077 4512 
CLU_6228 3143302150034 3999 
CLU_6228 3143302219409 47012 
CLU_6228 3143305212529 27813 
CLU_6228 3143302219379 47012 
CLU_6228 CLU_3233 31378 
CLU_6228 CLU_6117 45140 
CLU_6228 CLU_6299 19114 
CLU_6228 CLU_6301 17956 
CLU_6228 CLU_6381 16606 
CLU_6228 CLU_6398 16242 
CLU_6228 CLU_6409 41295 
CLU_6228 CLU_6410 22904 
CLU_6228 CLU_6411 18222 
CLU_6228 CLU_6412 18199 
CLU_6228 CLU_6414 41097 
CLU_6228 CLU_6415 47331 
CLU_6228 CLU_6417 62369 
CLU_6229 3143309772235 2913 
CLU_6229 3143309772251 1661 
CLU_6229 3143309812059 3239 
CLU_6229 3143305305063 1885 
CLU_6229 3143307781067 1339 
CLU_6229 3143309132481 772 
CLU_6229 3143307831331 582 
CLU_6229 3143300659134 1526 
CLU_6229 3143303180158 3418 
CLU_6229 3143307821506 3507 
CLU_6229 3143302150107 6118 
CLU_6229 3143309775978 3507 
CLU_6229 3143302219107 6972 
CLU_6229 3143302219352 3794 
CLU_6229 3143303180182 3255 
CLU_6229 3143302150042 2634 
CLU_6229 3143302219085 2962 
CLU_6229 3143309812032 1261 
CLU_6229 3143302149915 2372 
CLU_6229 3143307299079 4546 
CLU_6229 3143302150018 4753 
CLU_6229 3143302218984 3569 
CLU_6229 3143306065295 3131 
CLU_6229 3143302219069 7065 
CLU_6229 3143306629296 4152 
CLU_6229 3143302149923 3437 
CLU_6229 3143306065341 4581 
CLU_6229 3143306329705 3185 
CLU_6229 3143306297943 9466 
CLU_6229 3143307780621 3306 
CLU_6229 3143303180166 3507 
CLU_6229 3143302149893 2497 
CLU_6229 3143302150026 6232 
CLU_6229 3143300550108 4231 
CLU_6229 3143303413578 20883 
CLU_6229 3143306329632 7699 
CLU_6229 3143305212588 12593 
CLU_6229 3143309812083 618 
CLU_6229 3143306023282 3097 
CLU_6229 3143302218968 4463 
CLU_6229 3143309772227 772 
CLU_6229 3143302203480 4706 
CLU_6229 3143302150085 4546 
CLU_6229 3143300211826 7636 
CLU_6229 3143302149931 5253 
CLU_6229 3143309352511 2029 
CLU_6229 3143309251553 3962 
CLU_6229 3143305998220 4065 
CLU_6229 3143309690905 5394 
CLU_6229 3143307608756 4972 
CLU_6229 3143306409911 4231 
CLU_6229 3143307780907 6794 
CLU_6229 3143309936424 6141 
CLU_6229 3143309812075 1677 
CLU_6229 3143306301304 618 
CLU_6229 3143303688100 2292 
CLU_6229 3143303180115 1661 
CLU_6229 3143305302854 2547 
CLU_6229 3143302219212 1484 
CLU_6229 3143302149958 5369 
CLU_6229 3143307951345 2098 
CLU_6229 3143302219077 5163 
CLU_6229 3143302219344 7065 
CLU_6229 3143307607660 6118 
CLU_6229 3143302150069 3292 
CLU_6229 3143307809131 4364 
CLU_6229 3143300186252 7911 
CLU_6229 3143304701852 1312 
CLU_6229 3143307836619 1261 
CLU_6229 3143305212545 7261 
CLU_6229 3143302150077 4972 
CLU_6229 3143302150034 4563 
CLU_6229 3143302219409 46644 
CLU_6229 3143305212529 27582 
CLU_6229 3143302219379 46644 
CLU_6229 CLU_3233 30916 
CLU_6229 CLU_6117 44614 
CLU_6229 CLU_6299 18946 
CLU_6229 CLU_6301 18296 
CLU_6229 CLU_6381 16917 
CLU_6229 CLU_6398 16456 
CLU_6229 CLU_6409 40779 
CLU_6229 CLU_6410 22535 
CLU_6229 CLU_6411 17761 
CLU_6229 CLU_6412 17732 
CLU_6229 CLU_6414 40722 
CLU_6229 CLU_6415 47088 
CLU_6229 CLU_6417 62083 
CLU_6230 3143309772235 3674 
CLU_6230 3143309772251 2471 
CLU_6230 3143309812059 3910 
CLU_6230 3143305305063 2636 
CLU_6230 3143307781067 1812 
CLU_6230 3143309132481 914 
CLU_6230 3143307831331 660 
CLU_6230 3143300659134 1330 
CLU_6230 3143303180158 3754 
CLU_6230 3143307821506 3976 
CLU_6230 3143302150107 6333 
CLU_6230 3143309775978 3976 
CLU_6230 3143302219107 7561 
CLU_6230 3143302219352 4526 
CLU_6230 3143303180182 3940 
CLU_6230 3143302150042 3222 
CLU_6230 3143302219085 3451 
CLU_6230 3143309812032 445 
CLU_6230 3143302149915 1706 
CLU_6230 3143307299079 5096 
CLU_6230 3143302150018 4935 
CLU_6230 3143302218984 3645 
CLU_6230 3143306065295 2616 
CLU_6230 3143302219069 7850 
CLU_6230 3143306629296 4227 
CLU_6230 3143302149923 3238 
CLU_6230 3143306065341 4378 
CLU_6230 3143306329705 2605 
CLU_6230 3143306297943 9000 
CLU_6230 3143307780621 3510 
CLU_6230 3143303180166 3976 
CLU_6230 3143302149893 2841 
CLU_6230 3143302150026 7021 
CLU_6230 3143300550108 3994 
CLU_6230 3143303413578 20065 
CLU_6230 3143306329632 8314 
CLU_6230 3143305212588 13154 
CLU_6230 3143309812083 860 
CLU_6230 3143306023282 3914 
CLU_6230 3143302218968 4808 
CLU_6230 3143309772227 914 
CLU_6230 3143302203480 5513 
CLU_6230 3143302150085 5096 
CLU_6230 3143300211826 8398 
CLU_6230 3143302149931 6046 
CLU_6230 3143309352511 1888 
CLU_6230 3143309251553 4757 
CLU_6230 3143305998220 4825 
CLU_6230 3143309690905 6146 
CLU_6230 3143307608756 4954 
CLU_6230 3143306409911 3994 
CLU_6230 3143307780907 7534 
CLU_6230 3143309936424 6898 
CLU_6230 3143309812075 1886 
CLU_6230 3143306301304 860 
CLU_6230 3143303688100 2224 
CLU_6230 3143303180115 2471 
CLU_6230 3143305302854 3240 
CLU_6230 3143302219212 2130 
CLU_6230 3143302149958 5992 
CLU_6230 3143307951345 1297 
CLU_6230 3143302219077 5958 
CLU_6230 3143302219344 7850 
CLU_6230 3143307607660 6333 
CLU_6230 3143302150069 3444 
CLU_6230 3143307809131 3666 
CLU_6230 3143300186252 8656 
CLU_6230 3143304701852 1657 
CLU_6230 3143307836619 445 
CLU_6230 3143305212545 8077 
CLU_6230 3143302150077 4954 
CLU_6230 3143302150034 4995 
CLU_6230 3143302219409 46958 
CLU_6230 3143305212529 28102 
CLU_6230 3143302219379 46958 
CLU_6230 CLU_3233 31038 
CLU_6230 CLU_6117 44534 
CLU_6230 CLU_6299 19543 
CLU_6230 CLU_6301 17968 
CLU_6230 CLU_6381 16547 
CLU_6230 CLU_6398 17271 
CLU_6230 CLU_6409 40738 
CLU_6230 CLU_6410 22856 
CLU_6230 CLU_6411 17894 
CLU_6230 CLU_6412 17850 
CLU_6230 CLU_6414 41023 
CLU_6230 CLU_6415 47588 
CLU_6230 CLU_6417 62523 
CLU_6231 3143309772235 3040 
CLU_6231 3143309772251 3231 
CLU_6231 3143309812059 2424 
CLU_6231 3143305305063 4332 
CLU_6231 3143307781067 4517 
CLU_6231 3143309132481 4064 
CLU_6231 3143307831331 3825 
CLU_6231 3143300659134 2283 
CLU_6231 3143303180158 623 
CLU_6231 3143307821506 1314 
CLU_6231 3143302150107 2828 
CLU_6231 3143309775978 1314 
CLU_6231 3143302219107 4725 
CLU_6231 3143302219352 3208 
CLU_6231 3143303180182 5655 
CLU_6231 3143302150042 5438 
CLU_6231 3143302219085 5920 
CLU_6231 3143309812032 3654 
CLU_6231 3143302149915 5096 
CLU_6231 3143307299079 7236 
CLU_6231 3143302150018 7985 
CLU_6231 3143302218984 6865 
CLU_6231 3143306065295 6097 
CLU_6231 3143302219069 6426 
CLU_6231 3143306629296 7442 
CLU_6231 3143302149923 6699 
CLU_6231 3143306065341 7847 
CLU_6231 3143306329705 6040 
CLU_6231 3143306297943 12459 
CLU_6231 3143307780621 0 
CLU_6231 3143303180166 1314 
CLU_6231 3143302149893 5675 
CLU_6231 3143302150026 7460 
CLU_6231 3143300550108 7477 
CLU_6231 3143303413578 21625 
CLU_6231 3143306329632 5541 
CLU_6231 3143305212588 14944 
CLU_6231 3143309812083 2760 
CLU_6231 3143306023282 4084 
CLU_6231 3143302218968 1430 
CLU_6231 3143309772227 4064 
CLU_6231 3143302203480 4855 
CLU_6231 3143302150085 7236 
CLU_6231 3143300211826 6627 
CLU_6231 3143302149931 4999 
CLU_6231 3143309352511 5298 
CLU_6231 3143309251553 5462 
CLU_6231 3143305998220 5903 
CLU_6231 3143309690905 7107 
CLU_6231 3143307608756 8277 
CLU_6231 3143306409911 7477 
CLU_6231 3143307780907 5643 
CLU_6231 3143309936424 7730 
CLU_6231 3143309812075 1647 
CLU_6231 3143306301304 2760 
CLU_6231 3143303688100 1487 
CLU_6231 3143303180115 3231 
CLU_6231 3143305302854 5055 
CLU_6231 3143302219212 4393 
CLU_6231 3143302149958 3499 
CLU_6231 3143307951345 3870 
CLU_6231 3143302219077 6456 
CLU_6231 3143302219344 6426 
CLU_6231 3143307607660 2828 
CLU_6231 3143302150069 6565 
CLU_6231 3143307809131 6855 
CLU_6231 3143300186252 6700 
CLU_6231 3143304701852 1995 
CLU_6231 3143307836619 3654 
CLU_6231 3143305212545 7728 
CLU_6231 3143302150077 8277 
CLU_6231 3143302150034 7507 
CLU_6231 3143302219409 43450 
CLU_6231 3143305212529 24810 
CLU_6231 3143302219379 43450 
CLU_6231 CLU_3233 27610 
CLU_6231 CLU_6117 41411 
CLU_6231 CLU_6299 16480 
CLU_6231 CLU_6301 21478 
CLU_6231 CLU_6381 20048 
CLU_6231 CLU_6398 16096 
CLU_6231 CLU_6409 37542 
CLU_6231 CLU_6410 19351 
CLU_6231 CLU_6411 14454 
CLU_6231 CLU_6412 14426 
CLU_6231 CLU_6414 37513 
CLU_6231 CLU_6415 44243 
CLU_6231 CLU_6417 59091 
CLU_6232 3143309772235 2193 
CLU_6232 3143309772251 2264 
CLU_6232 3143309812059 1744 
CLU_6232 3143305305063 3372 
CLU_6232 3143307781067 3637 
CLU_6232 3143309132481 3291 
CLU_6232 3143307831331 3078 
CLU_6232 3143300659134 1887 
CLU_6232 3143303180158 900 
CLU_6232 3143307821506 1136 
CLU_6232 3143302150107 3633 
CLU_6232 3143309775978 1136 
CLU_6232 3143302219107 4808 
CLU_6232 3143302219352 2557 
CLU_6232 3143303180182 4687 
CLU_6232 3143302150042 4486 
CLU_6232 3143302219085 4979 
CLU_6232 3143309812032 3127 
CLU_6232 3143302149915 4567 
CLU_6232 3143307299079 6270 
CLU_6232 3143302150018 7090 
CLU_6232 3143302218984 6018 
CLU_6232 3143306065295 5504 
CLU_6232 3143302219069 5948 
CLU_6232 3143306629296 6588 
CLU_6232 3143302149923 5955 
CLU_6232 3143306065341 7100 
CLU_6232 3143306329705 5489 
CLU_6232 3143306297943 11888 
CLU_6232 3143307780621 967 
CLU_6232 3143303180166 1136 
CLU_6232 3143302149893 4777 
CLU_6232 3143302150026 6600 
CLU_6232 3143300550108 6747 
CLU_6232 3143303413578 21863 
CLU_6232 3143306329632 5599 
CLU_6232 3143305212588 13991 
CLU_6232 3143309812083 2056 
CLU_6232 3143306023282 3177 
CLU_6232 3143302218968 1946 
CLU_6232 3143309772227 3291 
CLU_6232 3143302203480 4125 
CLU_6232 3143302150085 6270 
CLU_6232 3143300211826 6267 
CLU_6232 3143302149931 4371 
CLU_6232 3143309352511 4547 
CLU_6232 3143309251553 4538 
CLU_6232 3143305998220 4958 
CLU_6232 3143309690905 6184 
CLU_6232 3143307608756 7448 
CLU_6232 3143306409911 6747 
CLU_6232 3143307780907 5306 
CLU_6232 3143309936424 6826 
CLU_6232 3143309812075 1044 
CLU_6232 3143306301304 2056 
CLU_6232 3143303688100 1421 
CLU_6232 3143303180115 2264 
CLU_6232 3143305302854 4091 
CLU_6232 3143302219212 3468 
CLU_6232 3143302149958 3361 
CLU_6232 3143307951345 3539 
CLU_6232 3143302219077 5573 
CLU_6232 3143302219344 5948 
CLU_6232 3143307607660 3633 
CLU_6232 3143302150069 5699 
CLU_6232 3143307809131 6446 
CLU_6232 3143300186252 6408 
CLU_6232 3143304701852 1241 
CLU_6232 3143307836619 3127 
CLU_6232 3143305212545 7004 
CLU_6232 3143302150077 7448 
CLU_6232 3143302150034 6555 
CLU_6232 3143302219409 44130 
CLU_6232 3143305212529 25229 
CLU_6232 3143302219379 44130 
CLU_6232 CLU_3233 28448 
CLU_6232 CLU_6117 42345 
CLU_6232 CLU_6299 16744 
CLU_6232 CLU_6301 20803 
CLU_6232 CLU_6381 19407 
CLU_6232 CLU_6398 15637 
CLU_6232 CLU_6409 38462 
CLU_6232 CLU_6410 20021 
CLU_6232 CLU_6411 15294 
CLU_6232 CLU_6412 15276 
CLU_6232 CLU_6414 38205 
CLU_6232 CLU_6415 44705 
CLU_6232 CLU_6417 59635 
CLU_6233 3143309772235 848 
CLU_6233 3143309772251 1966 
CLU_6233 3143309812059 0 
CLU_6233 3143305305063 3033 
CLU_6233 3143307781067 3845 
CLU_6233 3143309132481 3920 
CLU_6233 3143307831331 3806 
CLU_6233 3143300659134 3348 
CLU_6233 3143303180158 1898 
CLU_6233 3143307821506 1284 
CLU_6233 3143302150107 4167 
CLU_6233 3143309775978 1284 
CLU_6233 3143302219107 3781 
CLU_6233 3143302219352 812 
CLU_6233 3143303180182 3980 
CLU_6233 3143302150042 4130 
CLU_6233 3143302219085 4688 
CLU_6233 3143309812032 4274 
CLU_6233 3143302149915 5593 
CLU_6233 3143307299079 5592 
CLU_6233 3143302150018 6987 
CLU_6233 3143302218984 6174 
CLU_6233 3143306065295 6362 
CLU_6233 3143302219069 4231 
CLU_6233 3143306629296 6686 
CLU_6233 3143302149923 6443 
CLU_6233 3143306065341 7530 
CLU_6233 3143306329705 6425 
CLU_6233 3143306297943 12631 
CLU_6233 3143307780621 2424 
CLU_6233 3143303180166 1284 
CLU_6233 3143302149893 4779 
CLU_6233 3143302150026 5102 
CLU_6233 3143300550108 7238 
CLU_6233 3143303413578 23522 
CLU_6233 3143306329632 4476 
CLU_6233 3143305212588 12826 
CLU_6233 3143309812083 3073 
CLU_6233 3143306023282 1947 
CLU_6233 3143302218968 2367 
CLU_6233 3143309772227 3920 
CLU_6233 3143302203480 2430 
CLU_6233 3143302150085 5592 
CLU_6233 3143300211826 4621 
CLU_6233 3143302149931 2627 
CLU_6233 3143309352511 5103 
CLU_6233 3143309251553 3307 
CLU_6233 3143305998220 3854 
CLU_6233 3143309690905 4906 
CLU_6233 3143307608756 7610 
CLU_6233 3143306409911 7238 
CLU_6233 3143307780907 3695 
CLU_6233 3143309936424 5456 
CLU_6233 3143309812075 2503 
CLU_6233 3143306301304 3073 
CLU_6233 3143303688100 3125 
CLU_6233 3143303180115 1966 
CLU_6233 3143305302854 3582 
CLU_6233 3143302219212 3454 
CLU_6233 3143302149958 2152 
CLU_6233 3143307951345 4898 
CLU_6233 3143302219077 4149 
CLU_6233 3143302219344 4231 
CLU_6233 3143307607660 4167 
CLU_6233 3143302150069 5794 
CLU_6233 3143307809131 7573 
CLU_6233 3143300186252 4817 
CLU_6233 3143304701852 2420 
CLU_6233 3143307836619 4274 
CLU_6233 3143305212545 5307 
CLU_6233 3143302150077 7610 
CLU_6233 3143302150034 6086 
CLU_6233 3143302219409 43841 
CLU_6233 3143305212529 24427 
CLU_6233 3143302219379 43841 
CLU_6233 CLU_3233 28646 
CLU_6233 CLU_6117 42951 
CLU_6233 CLU_6299 15722 
CLU_6233 CLU_6301 21246 
CLU_6233 CLU_6381 19939 
CLU_6233 CLU_6398 13908 
CLU_6233 CLU_6409 38996 
CLU_6233 CLU_6410 19765 
CLU_6233 CLU_6411 15554 
CLU_6233 CLU_6412 15572 
CLU_6233 CLU_6414 37954 
CLU_6233 CLU_6415 43950 
CLU_6233 CLU_6417 59028 
CLU_6234 3143309772235 1166 
CLU_6234 3143309772251 2487 
CLU_6234 3143309812059 664 
CLU_6234 3143305305063 3462 
CLU_6234 3143307781067 4381 
CLU_6234 3143309132481 4529 
CLU_6234 3143307831331 4430 
CLU_6234 3143300659134 4008 
CLU_6234 3143303180158 2311 
CLU_6234 3143307821506 1622 
CLU_6234 3143302150107 4206 
CLU_6234 3143309775978 1622 
CLU_6234 3143302219107 3244 
CLU_6234 3143302219352 435 
CLU_6234 3143303180182 4233 
CLU_6234 3143302150042 4506 
CLU_6234 3143302219085 5068 
CLU_6234 3143309812032 4932 
CLU_6234 3143302149915 6235 
CLU_6234 3143307299079 5810 
CLU_6234 3143302150018 7385 
CLU_6234 3143302218984 6654 
CLU_6234 3143306065295 6980 
CLU_6234 3143302219069 3608 
CLU_6234 3143306629296 7145 
CLU_6234 3143302149923 6996 
CLU_6234 3143306065341 8062 
CLU_6234 3143306329705 7054 
CLU_6234 3143306297943 13209 
CLU_6234 3143307780621 2896 
CLU_6234 3143303180166 1622 
CLU_6234 3143302149893 5243 
CLU_6234 3143302150026 4874 
CLU_6234 3143300550108 7785 
CLU_6234 3143303413578 24169 
CLU_6234 3143306329632 3896 
CLU_6234 3143305212588 12748 
CLU_6234 3143309812083 3731 
CLU_6234 3143306023282 2082 
CLU_6234 3143302218968 2515 
CLU_6234 3143309772227 4529 
CLU_6234 3143302203480 2057 
CLU_6234 3143302150085 5810 
CLU_6234 3143300211826 3964 
CLU_6234 3143302149931 2106 
CLU_6234 3143309352511 5683 
CLU_6234 3143309251553 3327 
CLU_6234 3143305998220 3923 
CLU_6234 3143309690905 4838 
CLU_6234 3143307608756 8076 
CLU_6234 3143306409911 7785 
CLU_6234 3143307780907 3031 
CLU_6234 3143309936424 5318 
CLU_6234 3143309812075 3157 
CLU_6234 3143306301304 3731 
CLU_6234 3143303688100 3748 
CLU_6234 3143303180115 2487 
CLU_6234 3143305302854 3927 
CLU_6234 3143302219212 3952 
CLU_6234 3143302149958 1614 
CLU_6234 3143307951345 5563 
CLU_6234 3143302219077 4001 
CLU_6234 3143302219344 3608 
CLU_6234 3143307607660 4206 
CLU_6234 3143302150069 6263 
CLU_6234 3143307809131 8221 
CLU_6234 3143300186252 4153 
CLU_6234 3143304701852 3084 
CLU_6234 3143307836619 4932 
CLU_6234 3143305212545 4871 
CLU_6234 3143302150077 8076 
CLU_6234 3143302150034 6375 
CLU_6234 3143302219409 43423 
CLU_6234 3143305212529 23877 
CLU_6234 3143302219379 43423 
CLU_6234 CLU_3233 28397 
CLU_6234 CLU_6117 42847 
CLU_6234 CLU_6299 15127 
CLU_6234 CLU_6301 21744 
CLU_6234 CLU_6381 20460 
CLU_6234 CLU_6398 13297 
CLU_6234 CLU_6409 38865 
CLU_6234 CLU_6410 19374 
CLU_6234 CLU_6411 15349 
CLU_6234 CLU_6412 15381 
CLU_6234 CLU_6414 37550 
CLU_6234 CLU_6415 43404 
CLU_6234 CLU_6417 58517 
CLU_6235 3143309772235 609 
CLU_6235 3143309772251 915 
CLU_6235 3143309812059 1424 
CLU_6235 3143305305063 1699 
CLU_6235 3143307781067 2714 
CLU_6235 3143309132481 3060 
CLU_6235 3143307831331 3037 
CLU_6235 3143300659134 3321 
CLU_6235 3143303180158 3000 
CLU_6235 3143307821506 2553 
CLU_6235 3143302150107 5531 
CLU_6235 3143309775978 2553 
CLU_6235 3143302219107 4999 
CLU_6235 3143302219352 1487 
CLU_6235 3143303180182 2557 
CLU_6235 3143302150042 2740 
CLU_6235 3143302219085 3302 
CLU_6235 3143309812032 3794 
CLU_6235 3143302149915 4892 
CLU_6235 3143307299079 4173 
CLU_6235 3143302150018 5616 
CLU_6235 3143302218984 4902 
CLU_6235 3143306065295 5488 
CLU_6235 3143302219069 4507 
CLU_6235 3143306629296 5382 
CLU_6235 3143302149923 5325 
CLU_6235 3143306065341 6354 
CLU_6235 3143306329705 5609 
CLU_6235 3143306297943 11562 
CLU_6235 3143307780621 3364 
CLU_6235 3143303180166 2553 
CLU_6235 3143302149893 3486 
CLU_6235 3143302150026 4198 
CLU_6235 3143300550108 6100 
CLU_6235 3143303413578 23390 
CLU_6235 3143306329632 5612 
CLU_6235 3143305212588 11597 
CLU_6235 3143309812083 2681 
CLU_6235 3143306023282 744 
CLU_6235 3143302218968 3702 
CLU_6235 3143309772227 3060 
CLU_6235 3143302203480 2153 
CLU_6235 3143302150085 4173 
CLU_6235 3143300211826 5116 
CLU_6235 3143302149931 2691 
CLU_6235 3143309352511 4087 
CLU_6235 3143309251553 2098 
CLU_6235 3143305998220 2555 
CLU_6235 3143309690905 3744 
CLU_6235 3143307608756 6315 
CLU_6235 3143306409911 6100 
CLU_6235 3143307780907 4330 
CLU_6235 3143309936424 4384 
CLU_6235 3143309812075 2669 
CLU_6235 3143306301304 2681 
CLU_6235 3143303688100 3481 
CLU_6235 3143303180115 915 
CLU_6235 3143305302854 2172 
CLU_6235 3143302219212 2238 
CLU_6235 3143302149958 3379 
CLU_6235 3143307951345 4571 
CLU_6235 3143302219077 3148 
CLU_6235 3143302219344 4507 
CLU_6235 3143307607660 5531 
CLU_6235 3143302150069 4507 
CLU_6235 3143307809131 6876 
CLU_6235 3143300186252 5425 
CLU_6235 3143304701852 2374 
CLU_6235 3143307836619 3794 
CLU_6235 3143305212545 4860 
CLU_6235 3143302150077 6315 
CLU_6235 3143302150034 4663 
CLU_6235 3143302219409 45192 
CLU_6235 3143305212529 25595 
CLU_6235 3143302219379 45192 
CLU_6235 CLU_3233 30070 
CLU_6235 CLU_6117 44350 
CLU_6235 CLU_6299 16782 
CLU_6235 CLU_6301 19992 
CLU_6235 CLU_6381 18726 
CLU_6235 CLU_6398 13932 
CLU_6235 CLU_6409 40405 
CLU_6235 CLU_6410 21136 
CLU_6235 CLU_6411 16978 
CLU_6235 CLU_6412 16995 
CLU_6235 CLU_6414 39316 
CLU_6235 CLU_6415 45125 
CLU_6235 CLU_6417 60267 
CLU_6236 3143309772235 915 
CLU_6236 3143309772251 725 
CLU_6236 3143309812059 1711 
CLU_6236 3143305305063 1391 
CLU_6236 3143307781067 2431 
CLU_6236 3143309132481 2828 
CLU_6236 3143307831331 2825 
CLU_6236 3143300659134 3269 
CLU_6236 3143303180158 3195 
CLU_6236 3143307821506 2790 
CLU_6236 3143302150107 5777 
CLU_6236 3143309775978 2790 
CLU_6236 3143302219107 5308 
CLU_6236 3143302219352 1793 
CLU_6236 3143303180182 2288 
CLU_6236 3143302150042 2435 
CLU_6236 3143302219085 2996 
CLU_6236 3143309812032 3634 
CLU_6236 3143302149915 4675 
CLU_6236 3143307299079 3908 
CLU_6236 3143302150018 5309 
CLU_6236 3143302218984 4596 
CLU_6236 3143306065295 5236 
CLU_6236 3143302219069 4726 
CLU_6236 3143306629296 5074 
CLU_6236 3143302149923 5035 
CLU_6236 3143306065341 6056 
CLU_6236 3143306329705 5366 
CLU_6236 3143306297943 11272 
CLU_6236 3143307780621 3518 
CLU_6236 3143303180166 2790 
CLU_6236 3143302149893 3179 
CLU_6236 3143302150026 4163 
CLU_6236 3143300550108 5806 
CLU_6236 3143303413578 23251 
CLU_6236 3143306329632 5917 
CLU_6236 3143305212588 11425 
CLU_6236 3143309812083 2565 
CLU_6236 3143306023282 747 
CLU_6236 3143302218968 3945 
CLU_6236 3143309772227 2828 
CLU_6236 3143302203480 2325 
CLU_6236 3143302150085 3908 
CLU_6236 3143300211826 5361 
CLU_6236 3143302149931 2904 
CLU_6236 3143309352511 3816 
CLU_6236 3143309251553 1985 
CLU_6236 3143305998220 2385 
CLU_6236 3143309690905 3623 
CLU_6236 3143307608756 6007 
CLU_6236 3143306409911 5806 
CLU_6236 3143307780907 4597 
CLU_6236 3143309936424 4291 
CLU_6236 3143309812075 2681 
CLU_6236 3143306301304 2565 
CLU_6236 3143303688100 3509 
CLU_6236 3143303180115 725 
CLU_6236 3143305302854 1872 
CLU_6236 3143302219212 1943 
CLU_6236 3143302149958 3688 
CLU_6236 3143307951345 4433 
CLU_6236 3143302219077 3096 
CLU_6236 3143302219344 4726 
CLU_6236 3143307607660 5777 
CLU_6236 3143302150069 4199 
CLU_6236 3143307809131 6651 
CLU_6236 3143300186252 5683 
CLU_6236 3143304701852 2351 
CLU_6236 3143307836619 3634 
CLU_6236 3143305212545 4939 
CLU_6236 3143302150077 6007 
CLU_6236 3143302150034 4375 
CLU_6236 3143302219409 45499 
CLU_6236 3143305212529 25898 
CLU_6236 3143302219379 45499 
CLU_6236 CLU_3233 30357 
CLU_6236 CLU_6117 44605 
CLU_6236 CLU_6299 17077 
CLU_6236 CLU_6301 19685 
CLU_6236 CLU_6381 18422 
CLU_6236 CLU_6398 14076 
CLU_6236 CLU_6409 40667 
CLU_6236 CLU_6410 21442 
CLU_6236 CLU_6411 17258 
CLU_6236 CLU_6412 17273 
CLU_6236 CLU_6414 39623 
CLU_6236 CLU_6415 45428 
CLU_6236 CLU_6417 60574 
CLU_6237 3143309772235 1985 
CLU_6237 3143309772251 1109 
CLU_6237 3143309812059 2780 
CLU_6237 3143305305063 487 
CLU_6237 3143307781067 1706 
CLU_6237 3143309132481 2391 
CLU_6237 3143307831331 2491 
CLU_6237 3143300659134 3534 
CLU_6237 3143303180158 4108 
CLU_6237 3143307821506 3788 
CLU_6237 3143302150107 6773 
CLU_6237 3143309775978 3788 
CLU_6237 3143302219107 6350 
CLU_6237 3143302219352 2827 
CLU_6237 3143303180182 1317 
CLU_6237 3143302150042 1365 
CLU_6237 3143302219085 1927 
CLU_6237 3143309812032 3475 
CLU_6237 3143302149915 4223 
CLU_6237 3143307299079 2918 
CLU_6237 3143302150018 4243 
CLU_6237 3143302218984 3602 
CLU_6237 3143306065295 4595 
CLU_6237 3143302219069 5403 
CLU_6237 3143306629296 4049 
CLU_6237 3143302149923 4173 
CLU_6237 3143306065341 5126 
CLU_6237 3143306329705 4774 
CLU_6237 3143306297943 10388 
CLU_6237 3143307780621 4338 
CLU_6237 3143303180166 3788 
CLU_6237 3143302149893 2189 
CLU_6237 3143302150026 3988 
CLU_6237 3143300550108 4912 
CLU_6237 3143303413578 23013 
CLU_6237 3143306329632 6931 
CLU_6237 3143305212588 10688 
CLU_6237 3143309812083 2663 
CLU_6237 3143306023282 1311 
CLU_6237 3143302218968 4942 
CLU_6237 3143309772227 2391 
CLU_6237 3143302203480 2943 
CLU_6237 3143302150085 2918 
CLU_6237 3143300211826 6123 
CLU_6237 3143302149931 3613 
CLU_6237 3143309352511 3102 
CLU_6237 3143309251553 1727 
CLU_6237 3143305998220 1836 
CLU_6237 3143309690905 3168 
CLU_6237 3143307608756 4985 
CLU_6237 3143306409911 4912 
CLU_6237 3143307780907 5448 
CLU_6237 3143309936424 3906 
CLU_6237 3143309812075 3176 
CLU_6237 3143306301304 2663 
CLU_6237 3143303688100 4005 
CLU_6237 3143303180115 1109 
CLU_6237 3143305302854 802 
CLU_6237 3143302219212 1165 
CLU_6237 3143302149958 4741 
CLU_6237 3143307951345 4331 
CLU_6237 3143302219077 2925 
CLU_6237 3143302219344 5403 
CLU_6237 3143307607660 6773 
CLU_6237 3143302150069 3197 
CLU_6237 3143307809131 6120 
CLU_6237 3143300186252 6490 
CLU_6237 3143304701852 2776 
CLU_6237 3143307836619 3475 
CLU_6237 3143305212545 5132 
CLU_6237 3143302150077 4985 
CLU_6237 3143302150034 3320 
CLU_6237 3143302219409 46565 
CLU_6237 3143305212529 26892 
CLU_6237 3143302219379 46565 
CLU_6237 CLU_3233 31418 
CLU_6237 CLU_6117 45604 
CLU_6237 CLU_6299 18026 
CLU_6237 CLU_6301 18667 
CLU_6237 CLU_6381 17428 
CLU_6237 CLU_6398 14413 
CLU_6237 CLU_6409 41681 
CLU_6237 CLU_6410 22513 
CLU_6237 CLU_6411 18309 
CLU_6237 CLU_6412 18320 
CLU_6237 CLU_6414 40691 
CLU_6237 CLU_6415 46421 
CLU_6237 CLU_6417 61596 
CLU_6238 3143309772235 2296 
CLU_6238 3143309772251 1153 
CLU_6238 3143309812059 3033 
CLU_6238 3143305305063 0 
CLU_6238 3143307781067 1219 
CLU_6238 3143309132481 1936 
CLU_6238 3143307831331 2058 
CLU_6238 3143300659134 3274 
CLU_6238 3143303180158 4170 
CLU_6238 3143307821506 3926 
CLU_6238 3143302150107 6885 
CLU_6238 3143309775978 3926 
CLU_6238 3143302219107 6698 
CLU_6238 3143302219352 3184 
CLU_6238 3143303180182 1423 
CLU_6238 3143302150042 1137 
CLU_6238 3143302219085 1675 
CLU_6238 3143309812032 3070 
CLU_6238 3143302149915 3749 
CLU_6238 3143307299079 2917 
CLU_6238 3143302150018 3954 
CLU_6238 3143302218984 3206 
CLU_6238 3143306065295 4108 
CLU_6238 3143302219069 5880 
CLU_6238 3143306629296 3683 
CLU_6238 3143302149923 3712 
CLU_6238 3143306065341 4691 
CLU_6238 3143306329705 4287 
CLU_6238 3143306297943 9939 
CLU_6238 3143307780621 4332 
CLU_6238 3143303180166 3926 
CLU_6238 3143302149893 1788 
CLU_6238 3143302150026 4403 
CLU_6238 3143300550108 4462 
CLU_6238 3143303413578 22555 
CLU_6238 3143306329632 7306 
CLU_6238 3143305212588 10843 
CLU_6238 3143309812083 2367 
CLU_6238 3143306023282 1768 
CLU_6238 3143302218968 5067 
CLU_6238 3143309772227 1936 
CLU_6238 3143302203480 3420 
CLU_6238 3143302150085 2917 
CLU_6238 3143300211826 6590 
CLU_6238 3143302149931 4083 
CLU_6238 3143309352511 2616 
CLU_6238 3143309251553 2168 
CLU_6238 3143305998220 2189 
CLU_6238 3143309690905 3513 
CLU_6238 3143307608756 4616 
CLU_6238 3143306409911 4462 
CLU_6238 3143307780907 5895 
CLU_6238 3143309936424 4263 
CLU_6238 3143309812075 3027 
CLU_6238 3143306301304 2367 
CLU_6238 3143303688100 3833 
CLU_6238 3143303180115 1153 
CLU_6238 3143305302854 742 
CLU_6238 3143302219212 678 
CLU_6238 3143302149958 5075 
CLU_6238 3143307951345 3931 
CLU_6238 3143302219077 3355 
CLU_6238 3143302219344 5880 
CLU_6238 3143307607660 6885 
CLU_6238 3143302150069 2808 
CLU_6238 3143307809131 5636 
CLU_6238 3143300186252 6949 
CLU_6238 3143304701852 2611 
CLU_6238 3143307836619 3070 
CLU_6238 3143305212545 5604 
CLU_6238 3143302150077 4616 
CLU_6238 3143302150034 3194 
CLU_6238 3143302219409 46868 
CLU_6238 3143305212529 27284 
CLU_6238 3143302219379 46868 
CLU_6238 CLU_3233 31609 
CLU_6238 CLU_6117 45693 
CLU_6238 CLU_6299 18444 
CLU_6238 CLU_6301 18293 
CLU_6238 CLU_6381 17034 
CLU_6238 CLU_6398 14892 
CLU_6238 CLU_6409 41790 
CLU_6238 CLU_6410 22798 
CLU_6238 CLU_6411 18482 
CLU_6238 CLU_6412 18485 
CLU_6238 CLU_6414 40985 
CLU_6238 CLU_6415 46814 
CLU_6238 CLU_6417 61965 
CLU_6239 3143309772235 3349 
CLU_6239 3143309772251 2290 
CLU_6239 3143309812059 4130 
CLU_6239 3143305305063 1137 
CLU_6239 3143307781067 1422 
CLU_6239 3143309132481 2345 
CLU_6239 3143307831331 2566 
CLU_6239 3143300659134 4144 
CLU_6239 3143303180158 5300 
CLU_6239 3143307821506 5062 
CLU_6239 3143302150107 8022 
CLU_6239 3143309775978 5062 
CLU_6239 3143302219107 7707 
CLU_6239 3143302219352 4187 
CLU_6239 3143303180182 913 
CLU_6239 3143302150042 0 
CLU_6239 3143302219085 562 
CLU_6239 3143309812032 3604 
CLU_6239 3143302149915 3865 
CLU_6239 3143307299079 1913 
CLU_6239 3143302150018 2879 
CLU_6239 3143302218984 2357 
CLU_6239 3143306065295 3920 
CLU_6239 3143302219069 6502 
CLU_6239 3143306629296 2742 
CLU_6239 3143302149923 3151 
CLU_6239 3143306065341 3957 
CLU_6239 3143306329705 4162 
CLU_6239 3143306297943 9234 
CLU_6239 3143307780621 5438 
CLU_6239 3143303180166 5062 
CLU_6239 3143302149893 1051 
CLU_6239 3143302150026 4306 
CLU_6239 3143300550108 3806 
CLU_6239 3143303413578 22641 
CLU_6239 3143306329632 8272 
CLU_6239 3143305212588 9960 
CLU_6239 3143309812083 3216 
CLU_6239 3143306023282 2592 
CLU_6239 3143302218968 6204 
CLU_6239 3143309772227 2345 
CLU_6239 3143302203480 4085 
CLU_6239 3143302150085 1913 
CLU_6239 3143300211826 7282 
CLU_6239 3143302149931 4786 
CLU_6239 3143309352511 2446 
CLU_6239 3143309251553 2362 
CLU_6239 3143305998220 2063 
CLU_6239 3143309690905 3209 
CLU_6239 3143307608756 3672 
CLU_6239 3143306409911 3806 
CLU_6239 3143307780907 6683 
CLU_6239 3143309936424 3957 
CLU_6239 3143309812075 4045 
CLU_6239 3143306301304 3216 
CLU_6239 3143303688100 4811 
CLU_6239 3143303180115 2290 
CLU_6239 3143305302854 606 
CLU_6239 3143302219212 1155 
CLU_6239 3143302149958 6104 
CLU_6239 3143307951345 4441 
CLU_6239 3143302219077 3376 
CLU_6239 3143302219344 6502 
CLU_6239 3143307607660 8022 
CLU_6239 3143302150069 1948 
CLU_6239 3143307809131 5536 
CLU_6239 3143300186252 7681 
CLU_6239 3143304701852 3624 
CLU_6239 3143307836619 3604 
CLU_6239 3143305212545 5789 
CLU_6239 3143302150077 3672 
CLU_6239 3143302150034 2069 
CLU_6239 3143302219409 47930 
CLU_6239 3143305212529 28208 
CLU_6239 3143302219379 47930 
CLU_6239 CLU_3233 32740 
CLU_6239 CLU_6117 46823 
CLU_6239 CLU_6299 19305 
CLU_6239 CLU_6301 17341 
CLU_6239 CLU_6381 16128 
CLU_6239 CLU_6398 15067 
CLU_6239 CLU_6409 42924 
CLU_6239 CLU_6410 23877 
CLU_6239 CLU_6411 19617 
CLU_6239 CLU_6412 19621 
CLU_6239 CLU_6414 42056 
CLU_6239 CLU_6415 47733 
CLU_6239 CLU_6417 62933 
CLU_6240 3143309772235 2800 
CLU_6240 3143309772251 1488 
CLU_6240 3143309812059 3454 
CLU_6240 3143305305063 678 
CLU_6240 3143307781067 541 
CLU_6240 3143309132481 1329 
CLU_6240 3143307831331 1499 
CLU_6240 3143300659134 2988 
CLU_6240 3143303180158 4326 
CLU_6240 3143307821506 4187 
CLU_6240 3143302150107 7074 
CLU_6240 3143309775978 4187 
CLU_6240 3143302219107 7196 
CLU_6240 3143302219352 3717 
CLU_6240 3143303180182 1810 
CLU_6240 3143302150042 1155 
CLU_6240 3143302219085 1548 
CLU_6240 3143309812032 2542 
CLU_6240 3143302149915 3092 
CLU_6240 3143307299079 3069 
CLU_6240 3143302150018 3643 
CLU_6240 3143302218984 2720 
CLU_6240 3143306065295 3430 
CLU_6240 3143302219069 6543 
CLU_6240 3143306629296 3245 
CLU_6240 3143302149923 3093 
CLU_6240 3143306065341 4119 
CLU_6240 3143306329705 3609 
CLU_6240 3143306297943 9330 
CLU_6240 3143307780621 4393 
CLU_6240 3143303180166 4187 
CLU_6240 3143302149893 1348 
CLU_6240 3143302150026 5012 
CLU_6240 3143300550108 3863 
CLU_6240 3143303413578 21913 
CLU_6240 3143306329632 7836 
CLU_6240 3143305212588 11109 
CLU_6240 3143309812083 2060 
CLU_6240 3143306023282 2419 
CLU_6240 3143302218968 5292 
CLU_6240 3143309772227 1329 
CLU_6240 3143302203480 4084 
CLU_6240 3143302150085 3069 
CLU_6240 3143300211826 7238 
CLU_6240 3143302149931 4737 
CLU_6240 3143309352511 1942 
CLU_6240 3143309251553 2813 
CLU_6240 3143305998220 2760 
CLU_6240 3143309690905 4054 
CLU_6240 3143307608756 4161 
CLU_6240 3143306409911 3863 
CLU_6240 3143307780907 6518 
CLU_6240 3143309936424 4810 
CLU_6240 3143309812075 2922 
CLU_6240 3143306301304 2060 
CLU_6240 3143303688100 3667 
CLU_6240 3143303180115 1488 
CLU_6240 3143305302854 1115 
CLU_6240 3143302219212 0 
CLU_6240 3143302149958 5564 
CLU_6240 3143307951345 3399 
CLU_6240 3143302219077 3983 
CLU_6240 3143302219344 6543 
CLU_6240 3143307607660 7074 
CLU_6240 3143302150069 2347 
CLU_6240 3143307809131 4960 
CLU_6240 3143300186252 7586 
CLU_6240 3143304701852 2504 
CLU_6240 3143307836619 2542 
CLU_6240 3143305212545 6269 
CLU_6240 3143302150077 4161 
CLU_6240 3143302150034 3159 
CLU_6240 3143302219409 47279 
CLU_6240 3143305212529 27822 
CLU_6240 3143302219379 47279 
CLU_6240 CLU_3233 31867 
CLU_6240 CLU_6117 45805 
CLU_6240 CLU_6299 19020 
CLU_6240 CLU_6301 17797 
CLU_6240 CLU_6381 16508 
CLU_6240 CLU_6398 15562 
CLU_6240 CLU_6409 41929 
CLU_6240 CLU_6410 23189 
CLU_6240 CLU_6411 18722 
CLU_6240 CLU_6412 18713 
CLU_6240 CLU_6414 41384 
CLU_6240 CLU_6415 47351 
CLU_6240 CLU_6417 62468 
CLU_6241 3143309772235 3250 
CLU_6241 3143309772251 1893 
CLU_6241 3143309812059 3845 
CLU_6241 3143305305063 1219 
CLU_6241 3143307781067 0 
CLU_6241 3143309132481 922 
CLU_6241 3143307831331 1151 
CLU_6241 3143300659134 2859 
CLU_6241 3143303180158 4523 
CLU_6241 3143307821506 4461 
CLU_6241 3143302150107 7270 
CLU_6241 3143309775978 4461 
CLU_6241 3143302219107 7616 
CLU_6241 3143302219352 4175 
CLU_6241 3143303180182 2220 
CLU_6241 3143302150042 1422 
CLU_6241 3143302219085 1650 
CLU_6241 3143309812032 2182 
CLU_6241 3143302149915 2576 
CLU_6241 3143307299079 3284 
CLU_6241 3143302150018 3469 
CLU_6241 3143302218984 2399 
CLU_6241 3143306065295 2889 
CLU_6241 3143302219069 7074 
CLU_6241 3143306629296 2958 
CLU_6241 3143302149923 2618 
CLU_6241 3143306065341 3685 
CLU_6241 3143306329705 3068 
CLU_6241 3143306297943 8850 
CLU_6241 3143307780621 4517 
CLU_6241 3143303180166 4461 
CLU_6241 3143302149893 1171 
CLU_6241 3143302150026 5509 
CLU_6241 3143300550108 3404 
CLU_6241 3143303413578 21403 
CLU_6241 3143306329632 8277 
CLU_6241 3143305212588 11343 
CLU_6241 3143309812083 1956 
CLU_6241 3143306023282 2948 
CLU_6241 3143302218968 5527 
CLU_6241 3143309772227 922 
CLU_6241 3143302203480 4618 
CLU_6241 3143302150085 3284 
CLU_6241 3143300211826 7760 
CLU_6241 3143302149931 5264 
CLU_6241 3143309352511 1406 
CLU_6241 3143309251553 3337 
CLU_6241 3143305998220 3244 
CLU_6241 3143309690905 4511 
CLU_6241 3143307608756 3842 
CLU_6241 3143306409911 3404 
CLU_6241 3143307780907 7024 
CLU_6241 3143309936424 5268 
CLU_6241 3143309812075 2953 
CLU_6241 3143306301304 1956 
CLU_6241 3143303688100 3625 
CLU_6241 3143303180115 1893 
CLU_6241 3143305302854 1566 
CLU_6241 3143302219212 541 
CLU_6241 3143302149958 5982 
CLU_6241 3143307951345 3018 
CLU_6241 3143302219077 4493 
CLU_6241 3143302219344 7074 
CLU_6241 3143307607660 7270 
CLU_6241 3143302150069 2063 
CLU_6241 3143307809131 4422 
CLU_6241 3143300186252 8101 
CLU_6241 3143304701852 2550 
CLU_6241 3143307836619 2182 
CLU_6241 3143305212545 6801 
CLU_6241 3143302150077 3842 
CLU_6241 3143302150034 3233 
CLU_6241 3143302219409 47614 
CLU_6241 3143305212529 28258 
CLU_6241 3143302219379 47614 
CLU_6241 CLU_3233 32084 
CLU_6241 CLU_6117 45903 
CLU_6241 CLU_6299 19485 
CLU_6241 CLU_6301 17407 
CLU_6241 CLU_6381 16094 
CLU_6241 CLU_6398 16097 
CLU_6241 CLU_6409 42051 
CLU_6241 CLU_6410 23513 
CLU_6241 CLU_6411 18930 
CLU_6241 CLU_6412 18913 
CLU_6241 CLU_6414 41709 
CLU_6241 CLU_6415 47784 
CLU_6241 CLU_6417 62873 
CLU_6242 3143309772235 3434 
CLU_6242 3143309772251 2121 
CLU_6242 3143309812059 3806 
CLU_6242 3143305305063 2058 
CLU_6242 3143307781067 1151 
CLU_6242 3143309132481 274 
CLU_6242 3143307831331 0 
CLU_6242 3143300659134 1839 
CLU_6242 3143303180158 3974 
CLU_6242 3143307821506 4086 
CLU_6242 3143302150107 6649 
CLU_6242 3143309775978 4086 
CLU_6242 3143302219107 7550 
CLU_6242 3143302219352 4332 
CLU_6242 3143303180182 3307 
CLU_6242 3143302150042 2566 
CLU_6242 3143302219085 2791 
CLU_6242 3143309812032 1044 
CLU_6242 3143302149915 1855 
CLU_6242 3143307299079 4435 
CLU_6242 3143302150018 4360 
CLU_6242 3143302218984 3114 
CLU_6242 3143306065295 2556 
CLU_6242 3143302219069 7544 
CLU_6242 3143306629296 3700 
CLU_6242 3143302149923 2881 
CLU_6242 3143306065341 4029 
CLU_6242 3143306329705 2623 
CLU_6242 3143306297943 8884 
CLU_6242 3143307780621 3825 
CLU_6242 3143303180166 4086 
CLU_6242 3143302149893 2200 
CLU_6242 3143302150026 6462 
CLU_6242 3143300550108 3670 
CLU_6242 3143303413578 20532 
CLU_6242 3143306329632 8274 
CLU_6242 3143305212588 12493 
CLU_6242 3143309812083 1067 
CLU_6242 3143306023282 3500 
CLU_6242 3143302218968 5024 
CLU_6242 3143309772227 274 
CLU_6242 3143302203480 5147 
CLU_6242 3143302150085 4435 
CLU_6242 3143300211826 8142 
CLU_6242 3143302149931 5724 
CLU_6242 3143309352511 1475 
CLU_6242 3143309251553 4216 
CLU_6242 3143305998220 4236 
CLU_6242 3143309690905 5545 
CLU_6242 3143307608756 4481 
CLU_6242 3143306409911 3670 
CLU_6242 3143307780907 7319 
CLU_6242 3143309936424 6300 
CLU_6242 3143309812075 2179 
CLU_6242 3143306301304 1067 
CLU_6242 3143303688100 2691 
CLU_6242 3143303180115 2121 
CLU_6242 3143305302854 2615 
CLU_6242 3143302219212 1499 
CLU_6242 3143302149958 5944 
CLU_6242 3143307951345 1899 
CLU_6242 3143302219077 5410 
CLU_6242 3143302219344 7544 
CLU_6242 3143307607660 6649 
CLU_6242 3143302150069 2875 
CLU_6242 3143307809131 3843 
CLU_6242 3143300186252 8431 
CLU_6242 3143304701852 1849 
CLU_6242 3143307836619 1044 
CLU_6242 3143305212545 7600 
CLU_6242 3143302150077 4481 
CLU_6242 3143302150034 4344 
CLU_6242 3143302219409 47208 
CLU_6242 3143305212529 28164 
CLU_6242 3143302219379 47208 
CLU_6242 CLU_3233 31427 
CLU_6242 CLU_6117 45042 
CLU_6242 CLU_6299 19522 
CLU_6242 CLU_6301 17726 
CLU_6242 CLU_6381 16341 
CLU_6242 CLU_6398 16844 
CLU_6242 CLU_6409 41225 
CLU_6242 CLU_6410 23099 
CLU_6242 CLU_6411 18274 
CLU_6242 CLU_6412 18240 
CLU_6242 CLU_6414 41283 
CLU_6242 CLU_6415 47671 
CLU_6242 CLU_6417 62664 
CLU_6243 3143309772235 3603 
CLU_6243 3143309772251 4301 
CLU_6243 3143309812059 2776 
CLU_6243 3143305305063 5454 
CLU_6243 3143307781067 5878 
CLU_6243 3143309132481 5549 
CLU_6243 3143307831331 5329 
CLU_6243 3143300659134 3887 
CLU_6243 3143303180158 1362 
CLU_6243 3143307821506 1559 
CLU_6243 3143302150107 1433 
CLU_6243 3143309775978 1559 
CLU_6243 3143302219107 3465 
CLU_6243 3143302219352 3329 
CLU_6243 3143303180182 6628 
CLU_6243 3143302150042 6591 
CLU_6243 3143302219085 7116 
CLU_6243 3143309812032 5248 
CLU_6243 3143302149915 6695 
CLU_6243 3143307299079 8247 
CLU_6243 3143302150018 9303 
CLU_6243 3143302218984 8270 
CLU_6243 3143306065295 7682 
CLU_6243 3143302219069 5911 
CLU_6243 3143306629296 8835 
CLU_6243 3143302149923 8210 
CLU_6243 3143306065341 9357 
CLU_6243 3143306329705 7636 
CLU_6243 3143306297943 14055 
CLU_6243 3143307780621 1606 
CLU_6243 3143303180166 1559 
CLU_6243 3143302149893 6994 
CLU_6243 3143302150026 7780 
CLU_6243 3143300550108 8999 
CLU_6243 3143303413578 22809 
CLU_6243 3143306329632 4272 
CLU_6243 3143305212588 15598 
CLU_6243 3143309812083 4284 
CLU_6243 3143306023282 4715 
CLU_6243 3143302218968 409 
CLU_6243 3143309772227 5549 
CLU_6243 3143302203480 4949 
CLU_6243 3143302150085 8247 
CLU_6243 3143300211826 5900 
CLU_6243 3143302149931 4862 
CLU_6243 3143309352511 6802 
CLU_6243 3143309251553 6084 
CLU_6243 3143305998220 6622 
CLU_6243 3143309690905 7675 
CLU_6243 3143307608756 9705 
CLU_6243 3143306409911 8999 
CLU_6243 3143307780907 4930 
CLU_6243 3143309936424 8200 
CLU_6243 3143309812075 3192 
CLU_6243 3143306301304 4284 
CLU_6243 3143303688100 3086 
CLU_6243 3143303180115 4301 
CLU_6243 3143305302854 6121 
CLU_6243 3143302219212 5660 
CLU_6243 3143302149958 2677 
CLU_6243 3143307951345 5474 
CLU_6243 3143302219077 6884 
CLU_6243 3143302219344 5911 
CLU_6243 3143307607660 1433 
CLU_6243 3143302150069 7941 
CLU_6243 3143307809131 8461 
CLU_6243 3143300186252 5861 
CLU_6243 3143304701852 3480 
CLU_6243 3143307836619 5248 
CLU_6243 3143305212545 7665 
CLU_6243 3143302150077 9705 
CLU_6243 3143302150034 8640 
CLU_6243 3143302219409 41887 
CLU_6243 3143305212529 23214 
CLU_6243 3143302219379 41887 
CLU_6243 CLU_3233 26210 
CLU_6243 CLU_6117 40265 
CLU_6243 CLU_6299 14948 
CLU_6243 CLU_6301 23039 
CLU_6243 CLU_6381 21625 
CLU_6243 CLU_6398 15378 
CLU_6243 CLU_6409 36343 
CLU_6243 CLU_6410 17781 
CLU_6243 CLU_6411 13062 
CLU_6243 CLU_6412 13053 
CLU_6243 CLU_6414 35957 
CLU_6243 CLU_6415 42638 
CLU_6243 CLU_6417 57486 
CLU_6244 3143309772235 3342 
CLU_6244 3143309772251 3970 
CLU_6244 3143309812059 2535 
CLU_6244 3143305305063 5121 
CLU_6244 3143307781067 5518 
CLU_6244 3143309132481 5179 
CLU_6244 3143307831331 4958 
CLU_6244 3143300659134 3522 
CLU_6244 3143303180158 996 
CLU_6244 3143307821506 1274 
CLU_6244 3143302150107 1767 
CLU_6244 3143309775978 1274 
CLU_6244 3143302219107 3667 
CLU_6244 3143302219352 3148 
CLU_6244 3143303180182 6320 
CLU_6244 3143302150042 6257 
CLU_6244 3143302219085 6777 
CLU_6244 3143309812032 4879 
CLU_6244 3143302149915 6327 
CLU_6244 3143307299079 7937 
CLU_6244 3143302150018 8950 
CLU_6244 3143302218984 7907 
CLU_6244 3143306065295 7312 
CLU_6244 3143302219069 5908 
CLU_6244 3143306629296 8474 
CLU_6244 3143302149923 7840 
CLU_6244 3143306065341 8986 
CLU_6244 3143306329705 7267 
CLU_6244 3143306297943 13686 
CLU_6244 3143307780621 1248 
CLU_6244 3143303180166 1274 
CLU_6244 3143302149893 6640 
CLU_6244 3143302150026 7595 
CLU_6244 3143300550108 8628 
CLU_6244 3143303413578 22596 
CLU_6244 3143306329632 4482 
CLU_6244 3143305212588 15359 
CLU_6244 3143309812083 3913 
CLU_6244 3143306023282 4454 
CLU_6244 3143302218968 294 
CLU_6244 3143309772227 5179 
CLU_6244 3143302203480 4795 
CLU_6244 3143302150085 7937 
CLU_6244 3143300211826 5954 
CLU_6244 3143302149931 4759 
CLU_6244 3143309352511 6432 
CLU_6244 3143309251553 5833 
CLU_6244 3143305998220 6357 
CLU_6244 3143309690905 7441 
CLU_6244 3143307608756 9340 
CLU_6244 3143306409911 8628 
CLU_6244 3143307780907 4973 
CLU_6244 3143309936424 7987 
CLU_6244 3143309812075 2820 
CLU_6244 3143306301304 3913 
CLU_6244 3143303688100 2734 
CLU_6244 3143303180115 3970 
CLU_6244 3143305302854 5798 
CLU_6244 3143302219212 5309 
CLU_6244 3143302149958 2723 
CLU_6244 3143307951345 5118 
CLU_6244 3143302219077 6674 
CLU_6244 3143302219344 5908 
CLU_6244 3143307607660 1767 
CLU_6244 3143302150069 7581 
CLU_6244 3143307809131 8103 
CLU_6244 3143300186252 5945 
CLU_6244 3143304701852 3109 
CLU_6244 3143307836619 4879 
CLU_6244 3143305212545 7562 
CLU_6244 3143302150077 9340 
CLU_6244 3143302150034 8312 
CLU_6244 3143302219409 42259 
CLU_6244 3143305212529 23563 
CLU_6244 3143302219379 42259 
CLU_6244 CLU_3233 26567 
CLU_6244 CLU_6117 40582 
CLU_6244 CLU_6299 15264 
CLU_6244 CLU_6301 22667 
CLU_6244 CLU_6381 21253 
CLU_6244 CLU_6398 15448 
CLU_6244 CLU_6409 36669 
CLU_6244 CLU_6410 18153 
CLU_6244 CLU_6411 13416 
CLU_6244 CLU_6412 13404 
CLU_6244 CLU_6414 36329 
CLU_6244 CLU_6415 42994 
CLU_6244 CLU_6417 57852 
CLU_6245 3143309772235 2241 
CLU_6245 3143309772251 2689 
CLU_6245 3143309812059 1563 
CLU_6245 3143305305063 3837 
CLU_6245 3143307781067 4242 
CLU_6245 3143309132481 3961 
CLU_6245 3143307831331 3758 
CLU_6245 3143300659134 2564 
CLU_6245 3143303180158 361 
CLU_6245 3143307821506 501 
CLU_6245 3143302150107 3057 
CLU_6245 3143309775978 501 
CLU_6245 3143302219107 4149 
CLU_6245 3143302219352 2336 
CLU_6245 3143303180182 5069 
CLU_6245 3143302150042 4971 
CLU_6245 3143302219085 5488 
CLU_6245 3143309812032 3828 
CLU_6245 3143302149915 5269 
CLU_6245 3143307299079 6679 
CLU_6245 3143302150018 7663 
CLU_6245 3143302218984 6638 
CLU_6245 3143306065295 6204 
CLU_6245 3143302219069 5574 
CLU_6245 3143306629296 7200 
CLU_6245 3143302149923 6625 
CLU_6245 3143306065341 7767 
CLU_6245 3143306329705 6190 
CLU_6245 3143306297943 12587 
CLU_6245 3143307780621 874 
CLU_6245 3143303180166 501 
CLU_6245 3143302149893 5354 
CLU_6245 3143302150026 6640 
CLU_6245 3143300550108 7420 
CLU_6245 3143303413578 22367 
CLU_6245 3143306329632 4950 
CLU_6245 3143305212588 14234 
CLU_6245 3143309812083 2752 
CLU_6245 3143306023282 3325 
CLU_6245 3143302218968 1286 
CLU_6245 3143309772227 3961 
CLU_6245 3143302203480 3989 
CLU_6245 3143302150085 6679 
CLU_6245 3143300211826 5812 
CLU_6245 3143302149931 4125 
CLU_6245 3143309352511 5218 
CLU_6245 3143309251553 4713 
CLU_6245 3143305998220 5194 
CLU_6245 3143309690905 6350 
CLU_6245 3143307608756 8076 
CLU_6245 3143306409911 7420 
CLU_6245 3143307780907 4834 
CLU_6245 3143309936424 6947 
CLU_6245 3143309812075 1740 
CLU_6245 3143306301304 2752 
CLU_6245 3143303688100 1981 
CLU_6245 3143303180115 2689 
CLU_6245 3143305302854 4524 
CLU_6245 3143302219212 4020 
CLU_6245 3143302149958 2770 
CLU_6245 3143307951345 4217 
CLU_6245 3143302219077 5656 
CLU_6245 3143302219344 5574 
CLU_6245 3143307607660 3057 
CLU_6245 3143302150069 6305 
CLU_6245 3143307809131 7141 
CLU_6245 3143300186252 5912 
CLU_6245 3143304701852 1937 
CLU_6245 3143307836619 3828 
CLU_6245 3143305212545 6858 
CLU_6245 3143302150077 8076 
CLU_6245 3143302150034 7031 
CLU_6245 3143302219409 43455 
CLU_6245 3143305212529 24528 
CLU_6245 3143302219379 43455 
CLU_6245 CLU_3233 27850 
CLU_6245 CLU_6117 41858 
CLU_6245 CLU_6299 16058 
CLU_6245 CLU_6301 21484 
CLU_6245 CLU_6381 20096 
CLU_6245 CLU_6398 15256 
CLU_6245 CLU_6409 37952 
CLU_6245 CLU_6410 19346 
CLU_6245 CLU_6411 14702 
CLU_6245 CLU_6412 14692 
CLU_6245 CLU_6414 37534 
CLU_6245 CLU_6415 44003 
CLU_6245 CLU_6417 58936 
CLU_6246 3143309772235 2493 
CLU_6246 3143309772251 3078 
CLU_6246 3143309812059 1730 
CLU_6246 3143305305063 4231 
CLU_6246 3143307781067 4670 
CLU_6246 3143309132481 4395 
CLU_6246 3143307831331 4191 
CLU_6246 3143300659134 2944 
CLU_6246 3143303180158 344 
CLU_6246 3143307821506 451 
CLU_6246 3143302150107 2654 
CLU_6246 3143309775978 451 
CLU_6246 3143302219107 3825 
CLU_6246 3143302219352 2433 
CLU_6246 3143303180182 5428 
CLU_6246 3143302150042 5367 
CLU_6246 3143302219085 5891 
CLU_6246 3143309812032 4236 
CLU_6246 3143302149915 5682 
CLU_6246 3143307299079 7045 
CLU_6246 3143302150018 8082 
CLU_6246 3143302218984 7068 
CLU_6246 3143306065295 6626 
CLU_6246 3143302219069 5507 
CLU_6246 3143306629296 7628 
CLU_6246 3143302149923 7060 
CLU_6246 3143306065341 8201 
CLU_6246 3143306329705 6607 
CLU_6246 3143306297943 13010 
CLU_6246 3143307780621 955 
CLU_6246 3143303180166 451 
CLU_6246 3143302149893 5776 
CLU_6246 3143302150026 6831 
CLU_6246 3143300550108 7854 
CLU_6246 3143303413578 22576 
CLU_6246 3143306329632 4635 
CLU_6246 3143305212588 14515 
CLU_6246 3143309812083 3179 
CLU_6246 3143306023282 3600 
CLU_6246 3143302218968 856 
CLU_6246 3143309772227 4395 
CLU_6246 3143302203480 4102 
CLU_6246 3143302150085 7045 
CLU_6246 3143300211826 5680 
CLU_6246 3143302149931 4164 
CLU_6246 3143309352511 5652 
CLU_6246 3143309251553 4986 
CLU_6246 3143305998220 5492 
CLU_6246 3143309690905 6609 
CLU_6246 3143307608756 8507 
CLU_6246 3143306409911 7854 
CLU_6246 3143307780907 4695 
CLU_6246 3143309936424 7180 
CLU_6246 3143309812075 2145 
CLU_6246 3143306301304 3179 
CLU_6246 3143303688100 2291 
CLU_6246 3143303180115 3078 
CLU_6246 3143305302854 4905 
CLU_6246 3143302219212 4438 
CLU_6246 3143302149958 2544 
CLU_6246 3143307951345 4591 
CLU_6246 3143302219077 5876 
CLU_6246 3143302219344 5507 
CLU_6246 3143307607660 2654 
CLU_6246 3143302150069 6732 
CLU_6246 3143307809131 7536 
CLU_6246 3143300186252 5745 
CLU_6246 3143304701852 2364 
CLU_6246 3143307836619 4236 
CLU_6246 3143305212545 6939 
CLU_6246 3143302150077 8507 
CLU_6246 3143302150034 7420 
CLU_6246 3143302219409 43021 
CLU_6246 3143305212529 24122 
CLU_6246 3143302219379 43021 
CLU_6246 CLU_3233 27429 
CLU_6246 CLU_6117 41476 
CLU_6246 CLU_6299 15685 
CLU_6246 CLU_6301 21917 
CLU_6246 CLU_6381 20527 
CLU_6246 CLU_6398 15160 
CLU_6246 CLU_6409 37561 
CLU_6246 CLU_6410 18912 
CLU_6246 CLU_6411 14283 
CLU_6246 CLU_6412 14276 
CLU_6246 CLU_6414 37099 
CLU_6246 CLU_6415 43591 
CLU_6246 CLU_6417 58513 
CLU_6247 3143309772235 2211 
CLU_6247 3143309772251 2890 
CLU_6247 3143309812059 1427 
CLU_6247 3143305305063 4043 
CLU_6247 3143307781067 4553 
CLU_6247 3143309132481 4338 
CLU_6247 3143307831331 4147 
CLU_6247 3143300659134 3026 
CLU_6247 3143303180158 595 
CLU_6247 3143307821506 142 
CLU_6247 3143302150107 2860 
CLU_6247 3143309775978 142 
CLU_6247 3143302219107 3681 
CLU_6247 3143302219352 2118 
CLU_6247 3143303180182 5200 
CLU_6247 3143302150042 5180 
CLU_6247 3143302219085 5713 
CLU_6247 3143309812032 4271 
CLU_6247 3143302149915 5707 
CLU_6247 3143307299079 6819 
CLU_6247 3143302150018 7931 
CLU_6247 3143302218984 6952 
CLU_6247 3143306065295 6625 
CLU_6247 3143302219069 5215 
CLU_6247 3143306629296 7506 
CLU_6247 3143302149923 6996 
CLU_6247 3143306065341 8132 
CLU_6247 3143306329705 6621 
CLU_6247 3143306297943 13004 
CLU_6247 3143307780621 1218 
CLU_6247 3143303180166 142 
CLU_6247 3143302149893 5636 
CLU_6247 3143302150026 6524 
CLU_6247 3143300550108 7794 
CLU_6247 3143303413578 22804 
CLU_6247 3143306329632 4482 
CLU_6247 3143305212588 14234 
CLU_6247 3143309812083 3168 
CLU_6247 3143306023282 3322 
CLU_6247 3143302218968 1028 
CLU_6247 3143309772227 4338 
CLU_6247 3143302203480 3787 
CLU_6247 3143302150085 6819 
CLU_6247 3143300211826 5410 
CLU_6247 3143302149931 3851 
CLU_6247 3143309352511 5593 
CLU_6247 3143309251553 4704 
CLU_6247 3143305998220 5222 
CLU_6247 3143309690905 6321 
CLU_6247 3143307608756 8396 
CLU_6247 3143306409911 7794 
CLU_6247 3143307780907 4427 
CLU_6247 3143309936424 6883 
CLU_6247 3143309812075 2192 
CLU_6247 3143306301304 3168 
CLU_6247 3143303688100 2445 
CLU_6247 3143303180115 2890 
CLU_6247 3143305302854 4699 
CLU_6247 3143302219212 4290 
CLU_6247 3143302149958 2319 
CLU_6247 3143307951345 4680 
CLU_6247 3143302219077 5576 
CLU_6247 3143302219344 5215 
CLU_6247 3143307607660 2860 
CLU_6247 3143302150069 6607 
CLU_6247 3143307809131 7593 
CLU_6247 3143300186252 5491 
CLU_6247 3143304701852 2359 
CLU_6247 3143307836619 4271 
CLU_6247 3143305212545 6624 
CLU_6247 3143302150077 8396 
CLU_6247 3143302150034 7220 
CLU_6247 3143302219409 43090 
CLU_6247 3143305212529 24088 
CLU_6247 3143302219379 43090 
CLU_6247 CLU_3233 27582 
CLU_6247 CLU_6117 41692 
CLU_6247 CLU_6299 15598 
CLU_6247 CLU_6301 21864 
CLU_6247 CLU_6381 20489 
CLU_6247 CLU_6398 14879 
CLU_6247 CLU_6409 37767 
CLU_6247 CLU_6410 18983 
CLU_6247 CLU_6411 14445 
CLU_6247 CLU_6412 14444 
CLU_6247 CLU_6414 37176 
CLU_6247 CLU_6415 43571 
CLU_6247 CLU_6417 58524 
CLU_6248 3143309772235 3549 
CLU_6248 3143309772251 4324 
CLU_6248 3143309812059 2710 
CLU_6248 3143305305063 5477 
CLU_6248 3143307781067 5952 
CLU_6248 3143309132481 5660 
CLU_6248 3143307831331 5448 
CLU_6248 3143300659134 4060 
CLU_6248 3143303180158 1474 
CLU_6248 3143307821506 1553 
CLU_6248 3143302150107 1457 
CLU_6248 3143309775978 1553 
CLU_6248 3143302219107 3204 
CLU_6248 3143302219352 3213 
CLU_6248 3143303180182 6615 
CLU_6248 3143302150042 6614 
CLU_6248 3143302219085 7147 
CLU_6248 3143309812032 5409 
CLU_6248 3143302149915 6858 
CLU_6248 3143307299079 8236 
CLU_6248 3143302150018 9357 
CLU_6248 3143302218984 8349 
CLU_6248 3143306065295 7834 
CLU_6248 3143302219069 5690 
CLU_6248 3143306629296 8910 
CLU_6248 3143302149923 8325 
CLU_6248 3143306065341 9469 
CLU_6248 3143306329705 7796 
CLU_6248 3143306297943 14213 
CLU_6248 3143307780621 1795 
CLU_6248 3143303180166 1553 
CLU_6248 3143302149893 7054 
CLU_6248 3143302150026 7655 
CLU_6248 3143300550108 9117 
CLU_6248 3143303413578 23068 
CLU_6248 3143306329632 4012 
CLU_6248 3143305212588 15509 
CLU_6248 3143309812083 4414 
CLU_6248 3143306023282 4657 
CLU_6248 3143302218968 426 
CLU_6248 3143309772227 5660 
CLU_6248 3143302203480 4807 
CLU_6248 3143302150085 8236 
CLU_6248 3143300211826 5661 
CLU_6248 3143302149931 4690 
CLU_6248 3143309352511 6917 
CLU_6248 3143309251553 6012 
CLU_6248 3143305998220 6564 
CLU_6248 3143309690905 7588 
CLU_6248 3143307608756 9788 
CLU_6248 3143306409911 9117 
CLU_6248 3143307780907 4694 
CLU_6248 3143309936424 8096 
CLU_6248 3143309812075 3336 
CLU_6248 3143306301304 4414 
CLU_6248 3143303688100 3281 
CLU_6248 3143303180115 4324 
CLU_6248 3143305302854 6129 
CLU_6248 3143302219212 5713 
CLU_6248 3143302149958 2446 
CLU_6248 3143307951345 5664 
CLU_6248 3143302219077 6778 
CLU_6248 3143302219344 5690 
CLU_6248 3143307607660 1457 
CLU_6248 3143302150069 8013 
CLU_6248 3143307809131 8647 
CLU_6248 3143300186252 5613 
CLU_6248 3143304701852 3604 
CLU_6248 3143307836619 5409 
CLU_6248 3143305212545 7489 
CLU_6248 3143302150077 9788 
CLU_6248 3143302150034 8652 
CLU_6248 3143302219409 41760 
CLU_6248 3143305212529 23015 
CLU_6248 3143302219379 41760 
CLU_6248 CLU_3233 26154 
CLU_6248 CLU_6117 40276 
CLU_6248 CLU_6299 14719 
CLU_6248 CLU_6301 23170 
CLU_6248 CLU_6381 21765 
CLU_6248 CLU_6398 15131 
CLU_6248 CLU_6409 36342 
CLU_6248 CLU_6410 17652 
CLU_6248 CLU_6411 13013 
CLU_6248 CLU_6412 13010 
CLU_6248 CLU_6414 35835 
CLU_6248 CLU_6415 42450 
CLU_6248 CLU_6417 57319 
CLU_6249 3143309772235 5007 
CLU_6249 3143309772251 5733 
CLU_6249 3143309812059 4167 
CLU_6249 3143305305063 6885 
CLU_6249 3143307781067 7270 
CLU_6249 3143309132481 6883 
CLU_6249 3143307831331 6649 
CLU_6249 3143300659134 5067 
CLU_6249 3143303180158 2750 
CLU_6249 3143307821506 2989 
CLU_6249 3143302150107 0 
CLU_6249 3143309775978 2989 
CLU_6249 3143302219107 3730 
CLU_6249 3143302219352 4640 
CLU_6249 3143303180182 8059 
CLU_6249 3143302150042 8022 
CLU_6249 3143302219085 8544 
CLU_6249 3143309812032 6449 
CLU_6249 3143302149915 7875 
CLU_6249 3143307299079 9679 
CLU_6249 3143302150018 10713 
CLU_6249 3143302218984 9650 
CLU_6249 3143306065295 8898 
CLU_6249 3143302219069 6775 
CLU_6249 3143306629296 10222 
CLU_6249 3143302149923 9527 
CLU_6249 3143306065341 10675 
CLU_6249 3143306329705 8822 
CLU_6249 3143306297943 15226 
CLU_6249 3143307780621 2828 
CLU_6249 3143303180166 2989 
CLU_6249 3143302149893 8401 
CLU_6249 3143302150026 9056 
CLU_6249 3143300550108 10306 
CLU_6249 3143303413578 22995 
CLU_6249 3143306329632 4440 
CLU_6249 3143305212588 16951 
CLU_6249 3143309812083 5587 
CLU_6249 3143306023282 6115 
CLU_6249 3143302218968 1833 
CLU_6249 3143309772227 6883 
CLU_6249 3143302203480 6188 
CLU_6249 3143302150085 9679 
CLU_6249 3143300211826 6595 
CLU_6249 3143302149931 6000 
CLU_6249 3143309352511 8124 
CLU_6249 3143309251553 7467 
CLU_6249 3143305998220 8021 
CLU_6249 3143309690905 9033 
CLU_6249 3143307608756 11077 
CLU_6249 3143306409911 10306 
CLU_6249 3143307780907 5684 
CLU_6249 3143309936424 9525 
CLU_6249 3143309812075 4475 
CLU_6249 3143306301304 5587 
CLU_6249 3143303688100 4198 
CLU_6249 3143303180115 5733 
CLU_6249 3143305302854 7555 
CLU_6249 3143302219212 7074 
CLU_6249 3143302149958 3553 
CLU_6249 3143307951345 6551 
CLU_6249 3143302219077 8208 
CLU_6249 3143302219344 6775 
CLU_6249 3143307607660 0 
CLU_6249 3143302150069 9332 
CLU_6249 3143307809131 9530 
CLU_6249 3143300186252 6454 
CLU_6249 3143304701852 4806 
CLU_6249 3143307836619 6449 
CLU_6249 3143305212545 8768 
CLU_6249 3143302150077 11077 
CLU_6249 3143302150034 10073 
CLU_6249 3143302219409 40644 
CLU_6249 3143305212529 22317 
CLU_6249 3143302219379 40644 
CLU_6249 CLU_3233 24814 
CLU_6249 CLU_6117 38832 
CLU_6249 CLU_6299 14322 
CLU_6249 CLU_6301 24293 
CLU_6249 CLU_6381 22848 
CLU_6249 CLU_6398 15907 
CLU_6249 CLU_6409 34909 
CLU_6249 CLU_6410 16558 
CLU_6249 CLU_6411 11660 
CLU_6249 CLU_6412 11644 
CLU_6249 CLU_6414 34701 
CLU_6249 CLU_6415 41658 
CLU_6249 CLU_6417 56399 
CLU_6250 3143309772235 4406 
CLU_6250 3143309772251 5724 
CLU_6250 3143309812059 3781 
CLU_6250 3143305305063 6698 
CLU_6250 3143307781067 7616 
CLU_6250 3143309132481 7684 
CLU_6250 3143307831331 7550 
CLU_6250 3143300659134 6696 
CLU_6250 3143303180158 4165 
CLU_6250 3143307821506 3673 
CLU_6250 3143302150107 3730 
CLU_6250 3143309775978 3673 
CLU_6250 3143302219107 0 
CLU_6250 3143302219352 3522 
CLU_6250 3143303180182 7319 
CLU_6250 3143302150042 7707 
CLU_6250 3143302219085 8267 
CLU_6250 3143309812032 7870 
CLU_6250 3143302149915 9267 
CLU_6250 3143307299079 8806 
CLU_6250 3143302150018 10583 
CLU_6250 3143302218984 9897 
CLU_6250 3143306065295 10102 
CLU_6250 3143302219069 3523 
CLU_6250 3143306629296 10382 
CLU_6250 3143302149923 10222 
CLU_6250 3143306065341 11301 
CLU_6250 3143306329705 10142 
CLU_6250 3143306297943 16408 
CLU_6250 3143307780621 4725 
CLU_6250 3143303180166 3673 
CLU_6250 3143302149893 8484 
CLU_6250 3143302150026 6833 
CLU_6250 3143300550108 11016 
CLU_6250 3143303413578 26264 
CLU_6250 3143306329632 817 
CLU_6250 3143305212588 14820 
CLU_6250 3143309812083 6701 
CLU_6250 3143306023282 5158 
CLU_6250 3143302218968 3392 
CLU_6250 3143309772227 7684 
CLU_6250 3143302203480 4205 
CLU_6250 3143302150085 8806 
CLU_6250 3143300211826 3071 
CLU_6250 3143302149931 3651 
CLU_6250 3143309352511 8882 
CLU_6250 3143309251553 6113 
CLU_6250 3143305998220 6747 
CLU_6250 3143309690905 7287 
CLU_6250 3143307608756 11315 
CLU_6250 3143306409911 11016 
CLU_6250 3143307780907 2353 
CLU_6250 3143309936424 7522 
CLU_6250 3143309812075 5842 
CLU_6250 3143306301304 6701 
CLU_6250 3143303688100 6115 
CLU_6250 3143303180115 5724 
CLU_6250 3143305302854 7112 
CLU_6250 3143302219212 7196 
CLU_6250 3143302149958 1633 
CLU_6250 3143307951345 8347 
CLU_6250 3143302219077 6327 
CLU_6250 3143302219344 3523 
CLU_6250 3143307607660 3730 
CLU_6250 3143302150069 9504 
CLU_6250 3143307809131 11209 
CLU_6250 3143300186252 2821 
CLU_6250 3143304701852 5934 
CLU_6250 3143307836619 7870 
CLU_6250 3143305212545 5922 
CLU_6250 3143302150077 11315 
CLU_6250 3143302150034 9463 
CLU_6250 3143302219409 40253 
CLU_6250 3143305212529 20647 
CLU_6250 3143302219379 40253 
CLU_6250 CLU_3233 25610 
CLU_6250 CLU_6117 40489 
CLU_6250 CLU_6299 11982 
CLU_6250 CLU_6301 24987 
CLU_6250 CLU_6381 23704 
CLU_6250 CLU_6398 12181 
CLU_6250 CLU_6409 36423 
CLU_6250 CLU_6410 16266 
CLU_6250 CLU_6411 12776 
CLU_6250 CLU_6412 12855 
CLU_6250 CLU_6414 34402 
CLU_6250 CLU_6415 40170 
CLU_6250 CLU_6417 55272 
CLU_6251 3143309772235 1629 
CLU_6251 3143309772251 2986 
CLU_6251 3143309812059 1198 
CLU_6251 3143305305063 3908 
CLU_6251 3143307781067 4875 
CLU_6251 3143309132481 5054 
CLU_6251 3143307831331 4961 
CLU_6251 3143300659134 4529 
CLU_6251 3143303180158 2663 
CLU_6251 3143307821506 1962 
CLU_6251 3143302150107 4230 
CLU_6251 3143309775978 1962 
CLU_6251 3143302219107 2794 
CLU_6251 3143302219352 727 
CLU_6251 3143303180182 4567 
CLU_6251 3143302150042 4914 
CLU_6251 3143302219085 5475 
CLU_6251 3143309812032 5469 
CLU_6251 3143302149915 6771 
CLU_6251 3143307299079 6108 
CLU_6251 3143302150018 7792 
CLU_6251 3143302218984 7112 
CLU_6251 3143306065295 7507 
CLU_6251 3143302219069 3161 
CLU_6251 3143306629296 7590 
CLU_6251 3143302149923 7493 
CLU_6251 3143306065341 8547 
CLU_6251 3143306329705 7585 
CLU_6251 3143306297943 13716 
CLU_6251 3143307780621 3273 
CLU_6251 3143303180166 1962 
CLU_6251 3143302149893 5696 
CLU_6251 3143302150026 4835 
CLU_6251 3143300550108 8279 
CLU_6251 3143303413578 24667 
CLU_6251 3143306329632 3406 
CLU_6251 3143305212588 12795 
CLU_6251 3143309812083 4268 
CLU_6251 3143306023282 2396 
CLU_6251 3143302218968 2673 
CLU_6251 3143309772227 5054 
CLU_6251 3143302203480 1960 
CLU_6251 3143302150085 6108 
CLU_6251 3143300211826 3460 
CLU_6251 3143302149931 1831 
CLU_6251 3143309352511 6196 
CLU_6251 3143309251553 3518 
CLU_6251 3143305998220 4137 
CLU_6251 3143309690905 4934 
CLU_6251 3143307608756 8524 
CLU_6251 3143306409911 8279 
CLU_6251 3143307780907 2512 
CLU_6251 3143309936424 5351 
CLU_6251 3143309812075 3672 
CLU_6251 3143306301304 4268 
CLU_6251 3143303688100 4231 
CLU_6251 3143303180115 2986 
CLU_6251 3143305302854 4322 
CLU_6251 3143302219212 4430 
CLU_6251 3143302149958 1201 
CLU_6251 3143307951345 6095 
CLU_6251 3143302219077 4045 
CLU_6251 3143302219344 3161 
CLU_6251 3143307607660 4230 
CLU_6251 3143302150069 6717 
CLU_6251 3143307809131 8757 
CLU_6251 3143300186252 3630 
CLU_6251 3143304701852 3614 
CLU_6251 3143307836619 5469 
CLU_6251 3143305212545 4635 
CLU_6251 3143302150077 8524 
CLU_6251 3143302150034 6717 
CLU_6251 3143302219409 43027 
CLU_6251 3143305212529 23392 
CLU_6251 3143302219379 43027 
CLU_6251 CLU_3233 28128 
CLU_6251 CLU_6117 42687 
CLU_6251 CLU_6299 14616 
CLU_6251 CLU_6301 22202 
CLU_6251 CLU_6381 20933 
CLU_6251 CLU_6398 12848 
CLU_6251 CLU_6409 38685 
CLU_6251 CLU_6410 19003 
CLU_6251 CLU_6411 15122 
CLU_6251 CLU_6412 15165 
CLU_6251 CLU_6414 37164 
CLU_6251 CLU_6415 42921 
CLU_6251 CLU_6417 58056 
CLU_6252 3143309772235 926 
CLU_6252 3143309772251 2297 
CLU_6252 3143309812059 812 
CLU_6252 3143305305063 3184 
CLU_6252 3143307781067 4175 
CLU_6252 3143309132481 4406 
CLU_6252 3143307831331 4332 
CLU_6252 3143300659134 4097 
CLU_6252 3143303180158 2649 
CLU_6252 3143307821506 1982 
CLU_6252 3143302150107 4640 
CLU_6252 3143309775978 1982 
CLU_6252 3143302219107 3522 
CLU_6252 3143302219352 0 
CLU_6252 3143303180182 3859 
CLU_6252 3143302150042 4187 
CLU_6252 3143302219085 4748 
CLU_6252 3143309812032 4917 
CLU_6252 3143302149915 6167 
CLU_6252 3143307299079 5419 
CLU_6252 3143302150018 7065 
CLU_6252 3143302218984 6389 
CLU_6252 3143306065295 6860 
CLU_6252 3143302219069 3447 
CLU_6252 3143306629296 6864 
CLU_6252 3143302149923 6793 
CLU_6252 3143306065341 7837 
CLU_6252 3143306329705 6952 
CLU_6252 3143306297943 13024 
CLU_6252 3143307780621 3208 
CLU_6252 3143303180166 1982 
CLU_6252 3143302149893 4972 
CLU_6252 3143302150026 4451 
CLU_6252 3143300550108 7574 
CLU_6252 3143303413578 24292 
CLU_6252 3143306329632 4124 
CLU_6252 3143305212588 12313 
CLU_6252 3143309812083 3723 
CLU_6252 3143306023282 1692 
CLU_6252 3143302218968 2933 
CLU_6252 3143309772227 4406 
CLU_6252 3143302203480 1668 
CLU_6252 3143302150085 5419 
CLU_6252 3143300211826 3893 
CLU_6252 3143302149931 1815 
CLU_6252 3143309352511 5516 
CLU_6252 3143309251553 2899 
CLU_6252 3143305998220 3501 
CLU_6252 3143309690905 4403 
CLU_6252 3143307608756 7798 
CLU_6252 3143306409911 7574 
CLU_6252 3143307780907 3008 
CLU_6252 3143309936424 4885 
CLU_6252 3143309812075 3273 
CLU_6252 3143306301304 3723 
CLU_6252 3143303688100 3928 
CLU_6252 3143303180115 2297 
CLU_6252 3143305302854 3596 
CLU_6252 3143302219212 3717 
CLU_6252 3143302149958 1921 
CLU_6252 3143307951345 5594 
CLU_6252 3143302219077 3567 
CLU_6252 3143302219344 3447 
CLU_6252 3143307607660 4640 
CLU_6252 3143302150069 5992 
CLU_6252 3143307809131 8159 
CLU_6252 3143300186252 4131 
CLU_6252 3143304701852 3144 
CLU_6252 3143307836619 4917 
CLU_6252 3143305212545 4522 
CLU_6252 3143302150077 7798 
CLU_6252 3143302150034 6008 
CLU_6252 3143302219409 43750 
CLU_6252 3143305212529 24108 
CLU_6252 3143302219379 43750 
CLU_6252 CLU_3233 28795 
CLU_6252 CLU_6117 43274 
CLU_6252 CLU_6299 15310 
CLU_6252 CLU_6301 21477 
CLU_6252 CLU_6381 20214 
CLU_6252 CLU_6398 13109 
CLU_6252 CLU_6409 39288 
CLU_6252 CLU_6410 19719 
CLU_6252 CLU_6411 15760 
CLU_6252 CLU_6412 15795 
CLU_6252 CLU_6414 37885 
CLU_6252 CLU_6415 43638 
CLU_6252 CLU_6417 58781 
CLU_6253 3143309772235 991 
CLU_6253 3143309772251 1599 
CLU_6253 3143309812059 1791 
CLU_6253 3143305305063 2013 
CLU_6253 3143307781067 3178 
CLU_6253 3143309132481 3669 
CLU_6253 3143307831331 3683 
CLU_6253 3143300659134 4094 
CLU_6253 3143303180158 3590 
CLU_6253 3143307821506 3053 
CLU_6253 3143302150107 5954 
CLU_6253 3143309775978 3053 
CLU_6253 3143302219107 4906 
CLU_6253 3143302219352 1462 
CLU_6253 3143303180182 2416 
CLU_6253 3143302150042 2851 
CLU_6253 3143302219085 3400 
CLU_6253 3143309812032 4508 
CLU_6253 3143302149915 5525 
CLU_6253 3143307299079 3958 
CLU_6253 3143302150018 5701 
CLU_6253 3143302218984 5157 
CLU_6253 3143306065295 6039 
CLU_6253 3143302219069 3903 
CLU_6253 3143306629296 5585 
CLU_6253 3143302149923 5725 
CLU_6253 3143306065341 6690 
CLU_6253 3143306329705 6185 
CLU_6253 3143306297943 11949 
CLU_6253 3143307780621 4018 
CLU_6253 3143303180166 3053 
CLU_6253 3143302149893 3750 
CLU_6253 3143302150026 3464 
CLU_6253 3143300550108 6472 
CLU_6253 3143303413578 24125 
CLU_6253 3143306329632 5433 
CLU_6253 3143305212588 11039 
CLU_6253 3143309812083 3430 
CLU_6253 3143306023282 259 
CLU_6253 3143302218968 4159 
CLU_6253 3143309772227 3669 
CLU_6253 3143302203480 1466 
CLU_6253 3143302150085 3958 
CLU_6253 3143300211826 4583 
CLU_6253 3143302149931 2087 
CLU_6253 3143309352511 4583 
CLU_6253 3143309251553 1515 
CLU_6253 3143305998220 2076 
CLU_6253 3143309690905 3127 
CLU_6253 3143307608756 6519 
CLU_6253 3143306409911 6472 
CLU_6253 3143307780907 3884 
CLU_6253 3143309936424 3716 
CLU_6253 3143309812075 3440 
CLU_6253 3143306301304 3430 
CLU_6253 3143303688100 4244 
CLU_6253 3143303180115 1599 
CLU_6253 3143305302854 2245 
CLU_6253 3143302219212 2655 
CLU_6253 3143302149958 3354 
CLU_6253 3143307951345 5306 
CLU_6253 3143302219077 2439 
CLU_6253 3143302219344 3903 
CLU_6253 3143307607660 5954 
CLU_6253 3143302150069 4750 
CLU_6253 3143307809131 7490 
CLU_6253 3143300186252 4936 
CLU_6253 3143304701852 3149 
CLU_6253 3143307836619 4508 
CLU_6253 3143305212545 4089 
CLU_6253 3143302150077 6519 
CLU_6253 3143302150034 4565 
CLU_6253 3143302219409 45159 
CLU_6253 3143305212529 25357 
CLU_6253 3143302219379 45159 
CLU_6253 CLU_3233 30257 
CLU_6253 CLU_6117 44695 
CLU_6253 CLU_6299 16469 
CLU_6253 CLU_6301 20193 
CLU_6253 CLU_6381 18973 
CLU_6253 CLU_6398 13202 
CLU_6253 CLU_6409 40722 
CLU_6253 CLU_6410 21152 
CLU_6253 CLU_6411 17215 
CLU_6253 CLU_6412 17246 
CLU_6253 CLU_6414 39305 
CLU_6253 CLU_6415 44883 
CLU_6253 CLU_6417 60084 
CLU_6254 3143309772235 1113 
CLU_6254 3143309772251 1457 
CLU_6254 3143309812059 1947 
CLU_6254 3143305305063 1768 
CLU_6254 3143307781067 2948 
CLU_6254 3143309132481 3472 
CLU_6254 3143307831331 3500 
CLU_6254 3143300659134 4014 
CLU_6254 3143303180158 3686 
CLU_6254 3143307821506 3181 
CLU_6254 3143302150107 6115 
CLU_6254 3143309775978 3181 
CLU_6254 3143302219107 5158 
CLU_6254 3143302219352 1692 
CLU_6254 3143303180182 2171 
CLU_6254 3143302150042 2592 
CLU_6254 3143302219085 3141 
CLU_6254 3143309812032 4355 
CLU_6254 3143302149915 5332 
CLU_6254 3143307299079 3729 
CLU_6254 3143302150018 5443 
CLU_6254 3143302218984 4900 
CLU_6254 3143306065295 5819 
CLU_6254 3143302219069 4126 
CLU_6254 3143306629296 5326 
CLU_6254 3143302149923 5479 
CLU_6254 3143306065341 6437 
CLU_6254 3143306329705 5972 
CLU_6254 3143306297943 11699 
CLU_6254 3143307780621 4084 
CLU_6254 3143303180166 3181 
CLU_6254 3143302149893 3494 
CLU_6254 3143302150026 3455 
CLU_6254 3143300550108 6222 
CLU_6254 3143303413578 23978 
CLU_6254 3143306329632 5691 
CLU_6254 3143305212588 10916 
CLU_6254 3143309812083 3309 
CLU_6254 3143306023282 0 
CLU_6254 3143302218968 4305 
CLU_6254 3143309772227 3472 
CLU_6254 3143302203480 1674 
CLU_6254 3143302150085 3729 
CLU_6254 3143300211826 4822 
CLU_6254 3143302149931 2318 
CLU_6254 3143309352511 4354 
CLU_6254 3143309251553 1388 
CLU_6254 3143305998220 1907 
CLU_6254 3143309690905 3027 
CLU_6254 3143307608756 6260 
CLU_6254 3143306409911 6222 
CLU_6254 3143307780907 4136 
CLU_6254 3143309936424 3649 
CLU_6254 3143309812075 3400 
CLU_6254 3143306301304 3309 
CLU_6254 3143303688100 4218 
CLU_6254 3143303180115 1457 
CLU_6254 3143305302854 1986 
CLU_6254 3143302219212 2419 
CLU_6254 3143302149958 3597 
CLU_6254 3143307951345 5167 
CLU_6254 3143302219077 2404 
CLU_6254 3143302219344 4126 
CLU_6254 3143307607660 6115 
CLU_6254 3143302150069 4492 
CLU_6254 3143307809131 7286 
CLU_6254 3143300186252 5181 
CLU_6254 3143304701852 3086 
CLU_6254 3143307836619 4355 
CLU_6254 3143305212545 4194 
CLU_6254 3143302150077 6260 
CLU_6254 3143302150034 4321 
CLU_6254 3143302219409 45410 
CLU_6254 3143305212529 25616 
CLU_6254 3143302219379 45410 
CLU_6254 CLU_3233 30480 
CLU_6254 CLU_6117 44884 
CLU_6254 CLU_6299 16727 
CLU_6254 CLU_6301 19933 
CLU_6254 CLU_6381 18714 
CLU_6254 CLU_6398 13359 
CLU_6254 CLU_6409 40918 
CLU_6254 CLU_6410 21398 
CLU_6254 CLU_6411 17427 
CLU_6254 CLU_6412 17456 
CLU_6254 CLU_6414 39554 
CLU_6254 CLU_6415 45142 
CLU_6254 CLU_6417 60343 
CLU_6255 3143309772235 1671 
CLU_6255 3143309772251 2116 
CLU_6255 3143309812059 2441 
CLU_6255 3143305305063 2198 
CLU_6255 3143307781067 3416 
CLU_6255 3143309132481 4034 
CLU_6255 3143307831331 4088 
CLU_6255 3143300659134 4694 
CLU_6255 3143303180158 4269 
CLU_6255 3143307821506 3716 
CLU_6255 3143302150107 6578 
CLU_6255 3143309775978 3716 
CLU_6255 3143302219107 5239 
CLU_6255 3143302219352 1984 
CLU_6255 3143303180182 2162 
CLU_6255 3143302150042 2791 
CLU_6255 3143302219085 3300 
CLU_6255 3143309812032 4985 
CLU_6255 3143302149915 5890 
CLU_6255 3143307299079 3568 
CLU_6255 3143302150018 5529 
CLU_6255 3143302218984 5147 
CLU_6255 3143306065295 6306 
CLU_6255 3143302219069 3727 
CLU_6255 3143306629296 5521 
CLU_6255 3143302149923 5842 
CLU_6255 3143306065341 6733 
CLU_6255 3143306329705 6479 
CLU_6255 3143306297943 12012 
CLU_6255 3143307780621 4703 
CLU_6255 3143303180166 3716 
CLU_6255 3143302149893 3784 
CLU_6255 3143302150026 2785 
CLU_6255 3143300550108 6553 
CLU_6255 3143303413578 24604 
CLU_6255 3143306329632 5689 
CLU_6255 3143305212588 10386 
CLU_6255 3143309812083 3971 
CLU_6255 3143306023282 682 
CLU_6255 3143302218968 4803 
CLU_6255 3143309772227 4034 
CLU_6255 3143302203480 1294 
CLU_6255 3143302150085 3568 
CLU_6255 3143300211826 4491 
CLU_6255 3143302149931 1997 
CLU_6255 3143309352511 4814 
CLU_6255 3143309251553 918 
CLU_6255 3143305998220 1536 
CLU_6255 3143309690905 2465 
CLU_6255 3143307608756 6442 
CLU_6255 3143306409911 6553 
CLU_6255 3143307780907 3914 
CLU_6255 3143309936424 3034 
CLU_6255 3143309812075 4081 
CLU_6255 3143306301304 3971 
CLU_6255 3143303688100 4897 
CLU_6255 3143303180115 2116 
CLU_6255 3143305302854 2200 
CLU_6255 3143302219212 2875 
CLU_6255 3143302149958 3770 
CLU_6255 3143307951345 5809 
CLU_6255 3143302219077 1753 
CLU_6255 3143302219344 3727 
CLU_6255 3143307607660 6578 
CLU_6255 3143302150069 4737 
CLU_6255 3143307809131 7817 
CLU_6255 3143300186252 4891 
CLU_6255 3143304701852 3768 
CLU_6255 3143307836619 4985 
CLU_6255 3143305212545 3539 
CLU_6255 3143302150077 6442 
CLU_6255 3143302150034 4259 
CLU_6255 3143302219409 45465 
CLU_6255 3143305212529 25496 
CLU_6255 3143302219379 45465 
CLU_6255 CLU_3233 30727 
CLU_6255 CLU_6117 45258 
CLU_6255 CLU_6299 16548 
CLU_6255 CLU_6301 20062 
CLU_6255 CLU_6381 18885 
CLU_6255 CLU_6398 12756 
CLU_6255 CLU_6409 41269 
CLU_6255 CLU_6410 21505 
CLU_6255 CLU_6411 17723 
CLU_6255 CLU_6412 17763 
CLU_6255 CLU_6414 39628 
CLU_6255 CLU_6415 45011 
CLU_6255 CLU_6417 60263 
CLU_6256 3143309772235 1920 
CLU_6256 3143309772251 1694 
CLU_6256 3143309812059 2768 
CLU_6256 3143305305063 1376 
CLU_6256 3143307781067 2587 
CLU_6256 3143309132481 3294 
CLU_6256 3143307831331 3388 
CLU_6256 3143300659134 4287 
CLU_6256 3143303180158 4401 
CLU_6256 3143307821506 3955 
CLU_6256 3143302150107 6921 
CLU_6256 3143309775978 3955 
CLU_6256 3143302219107 5992 
CLU_6256 3143302219352 2552 
CLU_6256 3143303180182 1327 
CLU_6256 3143302150042 1881 
CLU_6256 3143302219085 2398 
CLU_6256 3143309812032 4354 
CLU_6256 3143302149915 5124 
CLU_6256 3143307299079 2868 
CLU_6256 3143302150018 4658 
CLU_6256 3143302218984 4236 
CLU_6256 3143306065295 5465 
CLU_6256 3143302219069 4635 
CLU_6256 3143306629296 4616 
CLU_6256 3143302149923 4942 
CLU_6256 3143306065341 5822 
CLU_6256 3143306329705 5655 
CLU_6256 3143306297943 11101 
CLU_6256 3143307780621 4736 
CLU_6256 3143303180166 3955 
CLU_6256 3143302149893 2874 
CLU_6256 3143302150026 3131 
CLU_6256 3143300550108 5645 
CLU_6256 3143303413578 23915 
CLU_6256 3143306329632 6496 
CLU_6256 3143305212588 10208 
CLU_6256 3143309812083 3466 
CLU_6256 3143306023282 860 
CLU_6256 3143302218968 5098 
CLU_6256 3143309772227 3294 
CLU_6256 3143302203480 2204 
CLU_6256 3143302150085 2868 
CLU_6256 3143300211826 5402 
CLU_6256 3143302149931 2905 
CLU_6256 3143309352511 3962 
CLU_6256 3143309251553 861 
CLU_6256 3143305998220 1168 
CLU_6256 3143309690905 2439 
CLU_6256 3143307608756 5541 
CLU_6256 3143306409911 5645 
CLU_6256 3143307780907 4809 
CLU_6256 3143309936424 3141 
CLU_6256 3143309812075 3810 
CLU_6256 3143306301304 3466 
CLU_6256 3143303688100 4647 
CLU_6256 3143303180115 1694 
CLU_6256 3143305302854 1288 
CLU_6256 3143302219212 2048 
CLU_6256 3143302149958 4449 
CLU_6256 3143307951345 5205 
CLU_6256 3143302219077 2057 
CLU_6256 3143302219344 4635 
CLU_6256 3143307607660 6921 
CLU_6256 3143302150069 3826 
CLU_6256 3143307809131 7009 
CLU_6256 3143300186252 5800 
CLU_6256 3143304701852 3442 
CLU_6256 3143307836619 4354 
CLU_6256 3143305212545 4230 
CLU_6256 3143302150077 5541 
CLU_6256 3143302150034 3473 
CLU_6256 3143302219409 46245 
CLU_6256 3143305212529 26368 
CLU_6256 3143302219379 46245 
CLU_6256 CLU_3233 31340 
CLU_6256 CLU_6117 45719 
CLU_6256 CLU_6299 17440 
CLU_6256 CLU_6301 19181 
CLU_6256 CLU_6381 17991 
CLU_6256 CLU_6398 13515 
CLU_6256 CLU_6409 41760 
CLU_6256 CLU_6410 22245 
CLU_6256 CLU_6411 18283 
CLU_6256 CLU_6412 18310 
CLU_6256 CLU_6414 40394 
CLU_6256 CLU_6415 45888 
CLU_6256 CLU_6417 61120 
CLU_6257 3143309772235 2495 
CLU_6257 3143309772251 1979 
CLU_6257 3143309812059 3341 
CLU_6257 3143305305063 1248 
CLU_6257 3143307781067 2342 
CLU_6257 3143309132481 3159 
CLU_6257 3143307831331 3299 
CLU_6257 3143300659134 4450 
CLU_6257 3143303180158 4878 
CLU_6257 3143307821506 4480 
CLU_6257 3143302150107 7464 
CLU_6257 3143309775978 4480 
CLU_6257 3143302219107 6624 
CLU_6257 3143302219352 3176 
CLU_6257 3143303180182 694 
CLU_6257 3143302150042 1355 
CLU_6257 3143302219085 1828 
CLU_6257 3143309812032 4318 
CLU_6257 3143302149915 4918 
CLU_6257 3143307299079 2257 
CLU_6257 3143302150018 4045 
CLU_6257 3143302218984 3702 
CLU_6257 3143306065295 5145 
CLU_6257 3143302219069 5159 
CLU_6257 3143306629296 4047 
CLU_6257 3143302149923 4493 
CLU_6257 3143306065341 5311 
CLU_6257 3143306329705 5359 
CLU_6257 3143306297943 10586 
CLU_6257 3143307780621 5163 
CLU_6257 3143303180166 4480 
CLU_6257 3143302149893 2396 
CLU_6257 3143302150026 3174 
CLU_6257 3143300550108 5161 
CLU_6257 3143303413578 23745 
CLU_6257 3143306329632 7125 
CLU_6257 3143305212588 9805 
CLU_6257 3143309812083 3572 
CLU_6257 3143306023282 1484 
CLU_6257 3143302218968 5633 
CLU_6257 3143309772227 3159 
CLU_6257 3143302203480 2773 
CLU_6257 3143302150085 2257 
CLU_6257 3143300211826 5953 
CLU_6257 3143302149931 3479 
CLU_6257 3143309352511 3639 
CLU_6257 3143309251553 1028 
CLU_6257 3143305998220 941 
CLU_6257 3143309690905 2268 
CLU_6257 3143307608756 4963 
CLU_6257 3143306409911 5161 
CLU_6257 3143307780907 5401 
CLU_6257 3143309936424 3016 
CLU_6257 3143309812075 4082 
CLU_6257 3143306301304 3572 
CLU_6257 3143303688100 4914 
CLU_6257 3143303180115 1979 
CLU_6257 3143305302854 831 
CLU_6257 3143302219212 1837 
CLU_6257 3143302149958 5079 
CLU_6257 3143307951345 5179 
CLU_6257 3143302219077 2151 
CLU_6257 3143302219344 5159 
CLU_6257 3143307607660 7464 
CLU_6257 3143302150069 3294 
CLU_6257 3143307809131 6729 
CLU_6257 3143300186252 6366 
CLU_6257 3143304701852 3687 
CLU_6257 3143307836619 4318 
CLU_6257 3143305212545 4499 
CLU_6257 3143302150077 4963 
CLU_6257 3143302150034 2841 
CLU_6257 3143302219409 46877 
CLU_6257 3143305212529 26978 
CLU_6257 3143302219379 46877 
CLU_6257 CLU_3233 31952 
CLU_6257 CLU_6117 46284 
CLU_6257 CLU_6299 18034 
CLU_6257 CLU_6301 18576 
CLU_6257 CLU_6381 17400 
CLU_6257 CLU_6398 13798 
CLU_6257 CLU_6409 42336 
CLU_6257 CLU_6410 22877 
CLU_6257 CLU_6411 18883 
CLU_6257 CLU_6412 18906 
CLU_6257 CLU_6414 41026 
CLU_6257 CLU_6415 46495 
CLU_6257 CLU_6417 61738 
CLU_6258 3143309772235 3141 
CLU_6258 3143309772251 2424 
CLU_6258 3143309812059 3980 
CLU_6258 3143305305063 1423 
CLU_6258 3143307781067 2220 
CLU_6258 3143309132481 3119 
CLU_6258 3143307831331 3307 
CLU_6258 3143300659134 4692 
CLU_6258 3143303180158 5419 
CLU_6258 3143307821506 5070 
CLU_6258 3143302150107 8059 
CLU_6258 3143309775978 5070 
CLU_6258 3143302219107 7319 
CLU_6258 3143302219352 3859 
CLU_6258 3143303180182 0 
CLU_6258 3143302150042 913 
CLU_6258 3143302219085 1248 
CLU_6258 3143309812032 4351 
CLU_6258 3143302149915 4746 
CLU_6258 3143307299079 1620 
CLU_6258 3143302150018 3370 
CLU_6258 3143302218984 3135 
CLU_6258 3143306065295 4834 
CLU_6258 3143302219069 5775 
CLU_6258 3143306629296 3431 
CLU_6258 3143302149923 4030 
CLU_6258 3143306065341 4761 
CLU_6258 3143306329705 5073 
CLU_6258 3143306297943 10015 
CLU_6258 3143307780621 5655 
CLU_6258 3143303180166 5070 
CLU_6258 3143302149893 1944 
CLU_6258 3143302150026 3392 
CLU_6258 3143300550108 4647 
CLU_6258 3143303413578 23545 
CLU_6258 3143306329632 7819 
CLU_6258 3143305212588 9421 
CLU_6258 3143309812083 3776 
CLU_6258 3143306023282 2171 
CLU_6258 3143302218968 6226 
CLU_6258 3143309772227 3119 
CLU_6258 3143302203480 3433 
CLU_6258 3143302150085 1620 
CLU_6258 3143300211826 6589 
CLU_6258 3143302149931 4139 
CLU_6258 3143309352511 3354 
CLU_6258 3143309251553 1544 
CLU_6258 3143305998220 1159 
CLU_6258 3143309690905 2310 
CLU_6258 3143307608756 4330 
CLU_6258 3143306409911 4647 
CLU_6258 3143307780907 6069 
CLU_6258 3143309936424 3063 
CLU_6258 3143309812075 4439 
CLU_6258 3143306301304 3776 
CLU_6258 3143303688100 5252 
CLU_6258 3143303180115 2424 
CLU_6258 3143305302854 708 
CLU_6258 3143302219212 1810 
CLU_6258 3143302149958 5769 
CLU_6258 3143307951345 5206 
CLU_6258 3143302219077 2474 
CLU_6258 3143302219344 5775 
CLU_6258 3143307607660 8059 
CLU_6258 3143302150069 2737 
CLU_6258 3143307809131 6448 
CLU_6258 3143300186252 7012 
CLU_6258 3143304701852 4027 
CLU_6258 3143307836619 4351 
CLU_6258 3143305212545 4899 
CLU_6258 3143302150077 4330 
CLU_6258 3143302150034 2149 
CLU_6258 3143302219409 47572 
CLU_6258 3143305212529 27657 
CLU_6258 3143302219379 47572 
CLU_6258 CLU_3233 32615 
CLU_6258 CLU_6117 46891 
CLU_6258 CLU_6299 18701 
CLU_6258 CLU_6301 17905 
CLU_6258 CLU_6381 16743 
CLU_6258 CLU_6398 14163 
CLU_6258 CLU_6409 42955 
CLU_6258 CLU_6410 23568 
CLU_6258 CLU_6411 19533 
CLU_6258 CLU_6412 19552 
CLU_6258 CLU_6414 41720 
CLU_6258 CLU_6415 47171 
CLU_6258 CLU_6417 62424 
CLU_6259 3143309772235 3503 
CLU_6259 3143309772251 2668 
CLU_6259 3143309812059 4331 
CLU_6259 3143305305063 1574 
CLU_6259 3143307781067 2130 
CLU_6259 3143309132481 3051 
CLU_6259 3143307831331 3264 
CLU_6259 3143300659134 4772 
CLU_6259 3143303180158 5691 
CLU_6259 3143307821506 5379 
CLU_6259 3143302150107 8365 
CLU_6259 3143309775978 5379 
CLU_6259 3143302219107 7730 
CLU_6259 3143302219352 4253 
CLU_6259 3143303180182 431 
CLU_6259 3143302150042 714 
CLU_6259 3143302219085 877 
CLU_6259 3143309812032 4306 
CLU_6259 3143302149915 4569 
CLU_6259 3143307299079 1345 
CLU_6259 3143302150018 2938 
CLU_6259 3143302218984 2742 
CLU_6259 3143306065295 4573 
CLU_6259 3143302219069 6201 
CLU_6259 3143306629296 3014 
CLU_6259 3143302149923 3687 
CLU_6259 3143306065341 4370 
CLU_6259 3143306329705 4826 
CLU_6259 3143306297943 9609 
CLU_6259 3143307780621 5891 
CLU_6259 3143303180166 5379 
CLU_6259 3143302149893 1641 
CLU_6259 3143302150026 3686 
CLU_6259 3143300550108 4273 
CLU_6259 3143303413578 23318 
CLU_6259 3143306329632 8240 
CLU_6259 3143305212588 9313 
CLU_6259 3143309812083 3846 
CLU_6259 3143306023282 2573 
CLU_6259 3143302218968 6534 
CLU_6259 3143309772227 3051 
CLU_6259 3143302203480 3865 
CLU_6259 3143302150085 1345 
CLU_6259 3143300211826 7018 
CLU_6259 3143302149931 4571 
CLU_6259 3143309352511 3126 
CLU_6259 3143309251553 1962 
CLU_6259 3143305998220 1523 
CLU_6259 3143309690905 2544 
CLU_6259 3143307608756 3906 
CLU_6259 3143306409911 4273 
CLU_6259 3143307780907 6501 
CLU_6259 3143309936424 3279 
CLU_6259 3143309812075 4595 
CLU_6259 3143306301304 3846 
CLU_6259 3143303688100 5389 
CLU_6259 3143303180115 2668 
CLU_6259 3143305302854 837 
CLU_6259 3143302219212 1806 
CLU_6259 3143302149958 6169 
CLU_6259 3143307951345 5148 
CLU_6259 3143302219077 2824 
CLU_6259 3143302219344 6201 
CLU_6259 3143307607660 8365 
CLU_6259 3143302150069 2351 
CLU_6259 3143307809131 6196 
CLU_6259 3143300186252 7443 
CLU_6259 3143304701852 4177 
CLU_6259 3143307836619 4306 
CLU_6259 3143305212545 5258 
CLU_6259 3143302150077 3906 
CLU_6259 3143302150034 1760 
CLU_6259 3143302219409 47983 
CLU_6259 3143305212529 28088 
CLU_6259 3143302219379 47983 
CLU_6259 CLU_3233 32977 
CLU_6259 CLU_6117 47196 
CLU_6259 CLU_6299 19133 
CLU_6259 CLU_6301 17473 
CLU_6259 CLU_6381 16312 
CLU_6259 CLU_6398 14492 
CLU_6259 CLU_6409 43272 
CLU_6259 CLU_6410 23970 
CLU_6259 CLU_6411 19882 
CLU_6259 CLU_6412 19897 
CLU_6259 CLU_6414 42128 
CLU_6259 CLU_6415 47602 
CLU_6259 CLU_6417 62853 
CLU_6260 3143309772235 3989 
CLU_6260 3143309772251 2971 
CLU_6260 3143309812059 4786 
CLU_6260 3143305305063 1817 
CLU_6260 3143307781067 1922 
CLU_6260 3143309132481 2823 
CLU_6260 3143307831331 3069 
CLU_6260 3143300659134 4743 
CLU_6260 3143303180158 5982 
CLU_6260 3143307821506 5741 
CLU_6260 3143302150107 8703 
CLU_6260 3143309775978 5741 
CLU_6260 3143302219107 8307 
CLU_6260 3143302219352 4798 
CLU_6260 3143303180182 1128 
CLU_6260 3143302150042 681 
CLU_6260 3143302219085 289 
CLU_6260 3143309812032 4078 
CLU_6260 3143302149915 4130 
CLU_6260 3143307299079 1375 
CLU_6260 3143302150018 2288 
CLU_6260 3143302218984 2035 
CLU_6260 3143306065295 4010 
CLU_6260 3143302219069 6901 
CLU_6260 3143306629296 2304 
CLU_6260 3143302149923 3024 
CLU_6260 3143306065341 3662 
CLU_6260 3143306329705 4281 
CLU_6260 3143306297943 8897 
CLU_6260 3143307780621 6114 
CLU_6260 3143303180166 5741 
CLU_6260 3143302149893 1089 
CLU_6260 3143302150026 4343 
CLU_6260 3143300550108 3578 
CLU_6260 3143303413578 22766 
CLU_6260 3143306329632 8847 
CLU_6260 3143305212588 9425 
CLU_6260 3143309812083 3819 
CLU_6260 3143306023282 3156 
CLU_6260 3143302218968 6884 
CLU_6260 3143309772227 2823 
CLU_6260 3143302203480 4541 
CLU_6260 3143302150085 1375 
CLU_6260 3143300211826 7712 
CLU_6260 3143302149931 5247 
CLU_6260 3143309352511 2634 
CLU_6260 3143309251553 2671 
CLU_6260 3143305998220 2231 
CLU_6260 3143309690905 3164 
CLU_6260 3143307608756 3204 
CLU_6260 3143306409911 3578 
CLU_6260 3143307780907 7170 
CLU_6260 3143309936424 3874 
CLU_6260 3143309812075 4695 
CLU_6260 3143306301304 3819 
CLU_6260 3143303688100 5444 
CLU_6260 3143303180115 2971 
CLU_6260 3143305302854 1208 
CLU_6260 3143302219212 1777 
CLU_6260 3143302149958 6719 
CLU_6260 3143307951345 4885 
CLU_6260 3143302219077 3522 
CLU_6260 3143302219344 6901 
CLU_6260 3143307607660 8703 
CLU_6260 3143302150069 1652 
CLU_6260 3143307809131 5635 
CLU_6260 3143300186252 8130 
CLU_6260 3143304701852 4276 
CLU_6260 3143307836619 4078 
CLU_6260 3143305212545 5956 
CLU_6260 3143302150077 3204 
CLU_6260 3143302150034 1393 
CLU_6260 3143302219409 48549 
CLU_6260 3143305212529 28740 
CLU_6260 3143302219379 48549 
CLU_6260 CLU_3233 33412 
CLU_6260 CLU_6117 47504 
CLU_6260 CLU_6299 19804 
CLU_6260 CLU_6301 16810 
CLU_6260 CLU_6381 15631 
CLU_6260 CLU_6398 15165 
CLU_6260 CLU_6409 43605 
CLU_6260 CLU_6410 24510 
CLU_6260 CLU_6411 20292 
CLU_6260 CLU_6412 20297 
CLU_6260 CLU_6414 42682 
CLU_6260 CLU_6415 48260 
CLU_6260 CLU_6417 63489 
CLU_6261 3143309772235 3911 
CLU_6261 3143309772251 2824 
CLU_6261 3143309812059 4688 
CLU_6261 3143305305063 1675 
CLU_6261 3143307781067 1650 
CLU_6261 3143309132481 2542 
CLU_6261 3143307831331 2791 
CLU_6261 3143300659134 4488 
CLU_6261 3143303180158 5811 
CLU_6261 3143307821506 5598 
CLU_6261 3143302150107 8544 
CLU_6261 3143309775978 5598 
CLU_6261 3143302219107 8267 
CLU_6261 3143302219352 4748 
CLU_6261 3143303180182 1248 
CLU_6261 3143302150042 562 
CLU_6261 3143302219085 0 
CLU_6261 3143309812032 3795 
CLU_6261 3143302149915 3844 
CLU_6261 3143307299079 1663 
CLU_6261 3143302150018 2317 
CLU_6261 3143302218984 1889 
CLU_6261 3143306065295 3746 
CLU_6261 3143302219069 6986 
CLU_6261 3143306629296 2221 
CLU_6261 3143302149923 2810 
CLU_6261 3143306065341 3513 
CLU_6261 3143306329705 4012 
CLU_6261 3143306297943 8773 
CLU_6261 3143307780621 5920 
CLU_6261 3143303180166 5598 
CLU_6261 3143302149893 812 
CLU_6261 3143302150026 4557 
CLU_6261 3143300550108 3402 
CLU_6261 3143303413578 22503 
CLU_6261 3143306329632 8827 
CLU_6261 3143305212588 9706 
CLU_6261 3143309812083 3568 
CLU_6261 3143306023282 3141 
CLU_6261 3143302218968 6733 
CLU_6261 3143309772227 2542 
CLU_6261 3143302203480 4594 
CLU_6261 3143302150085 1663 
CLU_6261 3143300211826 7781 
CLU_6261 3143302149931 5298 
CLU_6261 3143309352511 2352 
CLU_6261 3143309251553 2784 
CLU_6261 3143305998220 2393 
CLU_6261 3143309690905 3396 
CLU_6261 3143307608756 3142 
CLU_6261 3143306409911 3402 
CLU_6261 3143307780907 7208 
CLU_6261 3143309936424 4117 
CLU_6261 3143309812075 4471 
CLU_6261 3143306301304 3568 
CLU_6261 3143303688100 5206 
CLU_6261 3143303180115 2824 
CLU_6261 3143305302854 1157 
CLU_6261 3143302219212 1548 
CLU_6261 3143302149958 6666 
CLU_6261 3143307951345 4598 
CLU_6261 3143302219077 3700 
CLU_6261 3143302219344 6986 
CLU_6261 3143307607660 8544 
CLU_6261 3143302150069 1489 
CLU_6261 3143307809131 5372 
CLU_6261 3143300186252 8190 
CLU_6261 3143304701852 4052 
CLU_6261 3143307836619 3795 
CLU_6261 3143305212545 6132 
CLU_6261 3143302150077 3142 
CLU_6261 3143302150034 1612 
CLU_6261 3143302219409 48492 
CLU_6261 3143305212529 28753 
CLU_6261 3143302219379 48492 
CLU_6261 CLU_3233 33284 
CLU_6261 CLU_6117 47324 
CLU_6261 CLU_6299 19837 
CLU_6261 CLU_6301 16795 
CLU_6261 CLU_6381 15593 
CLU_6261 CLU_6398 15369 
CLU_6261 CLU_6409 43435 
CLU_6261 CLU_6410 24438 
CLU_6261 CLU_6411 20155 
CLU_6261 CLU_6412 20157 
CLU_6261 CLU_6414 42618 
CLU_6261 CLU_6415 48276 
CLU_6261 CLU_6417 63485 
CLU_6262 3143309772235 4402 
CLU_6262 3143309772251 3107 
CLU_6262 3143309812059 5073 
CLU_6262 3143305305063 2136 
CLU_6262 3143307781067 1314 
CLU_6262 3143309132481 1911 
CLU_6262 3143307831331 2185 
CLU_6262 3143300659134 4020 
CLU_6262 3143303180158 5838 
CLU_6262 3143307821506 5765 
CLU_6262 3143302150107 8584 
CLU_6262 3143309775978 5765 
CLU_6262 3143302219107 8807 
CLU_6262 3143302219352 5308 
CLU_6262 3143303180182 2354 
CLU_6262 3143302150042 1465 
CLU_6262 3143302219085 1182 
CLU_6262 3143309812032 3037 
CLU_6262 3143302149915 2773 
CLU_6262 3143307299079 2702 
CLU_6262 3143302150018 2188 
CLU_6262 3143302218984 1102 
CLU_6262 3143306065295 2570 
CLU_6262 3143302219069 7910 
CLU_6262 3143306629296 1646 
CLU_6262 3143302149923 1686 
CLU_6262 3143306065341 2565 
CLU_6262 3143306329705 2844 
CLU_6262 3143306297943 7835 
CLU_6262 3143307780621 5821 
CLU_6262 3143303180166 5765 
CLU_6262 3143302149893 413 
CLU_6262 3143302150026 5723 
CLU_6262 3143300550108 2369 
CLU_6262 3143303413578 21326 
CLU_6262 3143306329632 9433 
CLU_6262 3143305212588 10584 
CLU_6262 3143309812083 3175 
CLU_6262 3143306023282 3871 
CLU_6262 3143302218968 6839 
CLU_6262 3143309772227 1911 
CLU_6262 3143302203480 5465 
CLU_6262 3143302150085 2702 
CLU_6262 3143300211826 8662 
CLU_6262 3143302149931 6153 
CLU_6262 3143309352511 1260 
CLU_6262 3143309251553 3825 
CLU_6262 3143305998220 3514 
CLU_6262 3143309690905 4575 
CLU_6262 3143307608756 2546 
CLU_6262 3143306409911 2369 
CLU_6262 3143307780907 8008 
CLU_6262 3143309936424 5300 
CLU_6262 3143309812075 4230 
CLU_6262 3143306301304 3175 
CLU_6262 3143303688100 4846 
CLU_6262 3143303180115 3107 
CLU_6262 3143305302854 1997 
CLU_6262 3143302219212 1619 
CLU_6262 3143302149958 7176 
CLU_6262 3143307951345 3748 
CLU_6262 3143302219077 4829 
CLU_6262 3143302219344 7910 
CLU_6262 3143307607660 8584 
CLU_6262 3143302150069 749 
CLU_6262 3143307809131 4195 
CLU_6262 3143300186252 9042 
CLU_6262 3143304701852 3839 
CLU_6262 3143307836619 3037 
CLU_6262 3143305212545 7250 
CLU_6262 3143302150077 2546 
CLU_6262 3143302150034 2332 
CLU_6262 3143302219409 48893 
CLU_6262 3143305212529 29416 
CLU_6262 3143302219379 48893 
CLU_6262 CLU_3233 33398 
CLU_6262 CLU_6117 47179 
CLU_6262 CLU_6299 20579 
CLU_6262 CLU_6301 16182 
CLU_6262 CLU_6381 14905 
CLU_6262 CLU_6398 16517 
CLU_6262 CLU_6409 43339 
CLU_6262 CLU_6410 24799 
CLU_6262 CLU_6411 20245 
CLU_6262 CLU_6412 20227 
CLU_6262 CLU_6414 42994 
CLU_6262 CLU_6415 48946 
CLU_6262 CLU_6417 64080 
CLU_6263 3143309772235 4112 
CLU_6263 3143309772251 2766 
CLU_6263 3143309812059 4722 
CLU_6263 3143305305063 1953 
CLU_6263 3143307781067 877 
CLU_6263 3143309132481 1320 
CLU_6263 3143307831331 1593 
CLU_6263 3143300659134 3432 
CLU_6263 3143303180158 5345 
CLU_6263 3143307821506 5318 
CLU_6263 3143302150107 8080 
CLU_6263 3143309775978 5318 
CLU_6263 3143302219107 8490 
CLU_6263 3143302219352 5034 
CLU_6263 3143303180182 2538 
CLU_6263 3143302150042 1626 
CLU_6263 3143302219085 1540 
CLU_6263 3143309812032 2442 
CLU_6263 3143302149915 2303 
CLU_6263 3143307299079 3170 
CLU_6263 3143302150018 2767 
CLU_6263 3143302218984 1571 
CLU_6263 3143306065295 2298 
CLU_6263 3143302219069 7828 
CLU_6263 3143306629296 2150 
CLU_6263 3143302149923 1767 
CLU_6263 3143306065341 2811 
CLU_6263 3143306329705 2536 
CLU_6263 3143306297943 8004 
CLU_6263 3143307780621 5293 
CLU_6263 3143303180166 5318 
CLU_6263 3143302149893 752 
CLU_6263 3143302150026 5929 
CLU_6263 3143300550108 2540 
CLU_6263 3143303413578 21018 
CLU_6263 3143306329632 9145 
CLU_6263 3143305212588 11132 
CLU_6263 3143309812083 2606 
CLU_6263 3143306023282 3722 
CLU_6263 3143302218968 6364 
CLU_6263 3143309772227 1320 
CLU_6263 3143302203480 5368 
CLU_6263 3143302150085 3170 
CLU_6263 3143300211826 8544 
CLU_6263 3143302149931 6036 
CLU_6263 3143309352511 824 
CLU_6263 3143309251553 3891 
CLU_6263 3143305998220 3672 
CLU_6263 3143309690905 4833 
CLU_6263 3143307608756 2999 
CLU_6263 3143306409911 2540 
CLU_6263 3143307780907 7839 
CLU_6263 3143309936424 5577 
CLU_6263 3143309812075 3681 
CLU_6263 3143306301304 2606 
CLU_6263 3143303688100 4269 
CLU_6263 3143303180115 2766 
CLU_6263 3143305302854 2032 
CLU_6263 3143302219212 1325 
CLU_6263 3143302149958 6856 
CLU_6263 3143307951345 3171 
CLU_6263 3143302219077 4976 
CLU_6263 3143302219344 7828 
CLU_6263 3143307607660 8080 
CLU_6263 3143302150069 1289 
CLU_6263 3143307809131 3910 
CLU_6263 3143300186252 8901 
CLU_6263 3143304701852 3301 
CLU_6263 3143307836619 2442 
CLU_6263 3143305212545 7361 
CLU_6263 3143302150077 2999 
CLU_6263 3143302150034 2888 
CLU_6263 3143302219409 48481 
CLU_6263 3143305212529 29129 
CLU_6263 3143302219379 48481 
CLU_6263 CLU_3233 32893 
CLU_6263 CLU_6117 46615 
CLU_6263 CLU_6299 20342 
CLU_6263 CLU_6301 16530 
CLU_6263 CLU_6381 15217 
CLU_6263 CLU_6398 16656 
CLU_6263 CLU_6409 42784 
CLU_6263 CLU_6410 24379 
CLU_6263 CLU_6411 19738 
CLU_6263 CLU_6412 19715 
CLU_6263 CLU_6414 42574 
CLU_6263 CLU_6415 48656 
CLU_6263 CLU_6417 63750 
CLU_6264 3143309772235 3302 
CLU_6264 3143309772251 1950 
CLU_6264 3143309812059 3905 
CLU_6264 3143305305063 1238 
CLU_6264 3143307781067 74 
CLU_6264 3143309132481 970 
CLU_6264 3143307831331 1206 
CLU_6264 3143300659134 2928 
CLU_6264 3143303180158 4596 
CLU_6264 3143307821506 4531 
CLU_6264 3143302150107 7343 
CLU_6264 3143309775978 4531 
CLU_6264 3143302219107 7673 
CLU_6264 3143302219352 4226 
CLU_6264 3143303180182 2192 
CLU_6264 3143302150042 1379 
CLU_6264 3143302219085 1588 
CLU_6264 3143309812032 2231 
CLU_6264 3143302149915 2585 
CLU_6264 3143307299079 3229 
CLU_6264 3143302150018 3394 
CLU_6264 3143302218984 2328 
CLU_6264 3143306065295 2871 
CLU_6264 3143302219069 7104 
CLU_6264 3143306629296 2886 
CLU_6264 3143302149923 2567 
CLU_6264 3143306065341 3627 
CLU_6264 3143306329705 3056 
CLU_6264 3143306297943 8801 
CLU_6264 3143307780621 4591 
CLU_6264 3143303180166 4531 
CLU_6264 3143302149893 1097 
CLU_6264 3143302150026 5497 
CLU_6264 3143300550108 3350 
CLU_6264 3143303413578 21412 
CLU_6264 3143306329632 8332 
CLU_6264 3143305212588 11287 
CLU_6264 3143309812083 2028 
CLU_6264 3143306023282 2979 
CLU_6264 3143302218968 5598 
CLU_6264 3143309772227 970 
CLU_6264 3143302203480 4646 
CLU_6264 3143302150085 3229 
CLU_6264 3143300211826 7795 
CLU_6264 3143302149931 5297 
CLU_6264 3143309352511 1379 
CLU_6264 3143309251553 3337 
CLU_6264 3143305998220 3230 
CLU_6264 3143309690905 4489 
CLU_6264 3143307608756 3772 
CLU_6264 3143306409911 3350 
CLU_6264 3143307780907 7065 
CLU_6264 3143309936424 5245 
CLU_6264 3143309812075 3027 
CLU_6264 3143306301304 2028 
CLU_6264 3143303688100 3697 
CLU_6264 3143303180115 1950 
CLU_6264 3143305302854 1549 
CLU_6264 3143302219212 562 
CLU_6264 3143302149958 6040 
CLU_6264 3143307951345 3062 
CLU_6264 3143302219077 4487 
CLU_6264 3143302219344 7104 
CLU_6264 3143307607660 7343 
CLU_6264 3143302150069 1991 
CLU_6264 3143307809131 4414 
CLU_6264 3143300186252 8139 
CLU_6264 3143304701852 2624 
CLU_6264 3143307836619 2231 
CLU_6264 3143305212545 6805 
CLU_6264 3143302150077 3772 
CLU_6264 3143302150034 3166 
CLU_6264 3143302219409 47681 
CLU_6264 3143305212529 28314 
CLU_6264 3143302219379 47681 
CLU_6264 CLU_3233 32156 
CLU_6264 CLU_6117 45977 
CLU_6264 CLU_6299 19536 
CLU_6264 CLU_6301 17345 
CLU_6264 CLU_6381 16034 
CLU_6264 CLU_6398 16103 
CLU_6264 CLU_6409 42125 
CLU_6264 CLU_6410 23581 
CLU_6264 CLU_6411 19003 
CLU_6264 CLU_6412 18986 
CLU_6264 CLU_6414 41776 
CLU_6264 CLU_6415 47841 
CLU_6264 CLU_6417 62934 
CLU_6265 3143309772235 4080 
CLU_6265 3143309772251 2708 
CLU_6265 3143309812059 4607 
CLU_6265 3143305305063 2117 
CLU_6265 3143307781067 900 
CLU_6265 3143309132481 864 
CLU_6265 3143307831331 1122 
CLU_6265 3143300659134 2948 
CLU_6265 3143303180158 5032 
CLU_6265 3143307821506 5074 
CLU_6265 3143302150107 7739 
CLU_6265 3143309775978 5074 
CLU_6265 3143302219107 8388 
CLU_6265 3143302219352 5006 
CLU_6265 3143303180182 2957 
CLU_6265 3143302150042 2068 
CLU_6265 3143302219085 2074 
CLU_6265 3143309812032 1880 
CLU_6265 3143302149915 1797 
CLU_6265 3143307299079 3724 
CLU_6265 3143302150018 3273 
CLU_6265 3143302218984 1996 
CLU_6265 3143306065295 1991 
CLU_6265 3143302219069 7971 
CLU_6265 3143306629296 2581 
CLU_6265 3143302149923 1853 
CLU_6265 3143306065341 2982 
CLU_6265 3143306329705 2181 
CLU_6265 3143306297943 8029 
CLU_6265 3143307780621 4925 
CLU_6265 3143303180166 5074 
CLU_6265 3143302149893 1316 
CLU_6265 3143302150026 6320 
CLU_6265 3143300550108 2653 
CLU_6265 3143303413578 20592 
CLU_6265 3143306329632 9073 
CLU_6265 3143305212588 11705 
CLU_6265 3143309812083 2181 
CLU_6265 3143306023282 3844 
CLU_6265 3143302218968 6071 
CLU_6265 3143309772227 864 
CLU_6265 3143302203480 5516 
CLU_6265 3143302150085 3724 
CLU_6265 3143300211826 8649 
CLU_6265 3143302149931 6159 
CLU_6265 3143309352511 514 
CLU_6265 3143309251553 4200 
CLU_6265 3143305998220 4051 
CLU_6265 3143309690905 5267 
CLU_6265 3143307608756 3362 
CLU_6265 3143306409911 2653 
CLU_6265 3143307780907 7898 
CLU_6265 3143309936424 6019 
CLU_6265 3143309812075 3286 
CLU_6265 3143306301304 2181 
CLU_6265 3143303688100 3811 
CLU_6265 3143303180115 2708 
CLU_6265 3143305302854 2372 
CLU_6265 3143302219212 1440 
CLU_6265 3143302149958 6759 
CLU_6265 3143307951345 2596 
CLU_6265 3143302219077 5331 
CLU_6265 3143302219344 7971 
CLU_6265 3143307607660 7739 
CLU_6265 3143302150069 1782 
CLU_6265 3143307809131 3546 
CLU_6265 3143300186252 8982 
CLU_6265 3143304701852 2933 
CLU_6265 3143307836619 1880 
CLU_6265 3143305212545 7673 
CLU_6265 3143302150077 3362 
CLU_6265 3143302150034 3463 
CLU_6265 3143302219409 48240 
CLU_6265 3143305212529 29034 
CLU_6265 3143302219379 48240 
CLU_6265 CLU_3233 32534 
CLU_6265 CLU_6117 46161 
CLU_6265 CLU_6299 20305 
CLU_6265 CLU_6301 16720 
CLU_6265 CLU_6381 15369 
CLU_6265 CLU_6398 16973 
CLU_6265 CLU_6409 42347 
CLU_6265 CLU_6410 24132 
CLU_6265 CLU_6411 19380 
CLU_6265 CLU_6412 19349 
CLU_6265 CLU_6414 42322 
CLU_6265 CLU_6415 48555 
CLU_6265 CLU_6417 63604 
CLU_6266 3143309772235 3494 
CLU_6266 3143309772251 2148 
CLU_6266 3143309812059 3920 
CLU_6266 3143305305063 1936 
CLU_6266 3143307781067 922 
CLU_6266 3143309132481 0 
CLU_6266 3143307831331 274 
CLU_6266 3143300659134 2112 
CLU_6266 3143303180158 4190 
CLU_6266 3143307821506 4270 
CLU_6266 3143302150107 6883 
CLU_6266 3143309775978 4270 
CLU_6266 3143302219107 7684 
CLU_6266 3143302219352 4406 
CLU_6266 3143303180182 3119 
CLU_6266 3143302150042 2345 
CLU_6266 3143302219085 2542 
CLU_6266 3143309812032 1261 
CLU_6266 3143302149915 1859 
CLU_6266 3143307299079 4194 
CLU_6266 3143302150018 4087 
CLU_6266 3143302218984 2848 
CLU_6266 3143306065295 2455 
CLU_6266 3143302219069 7554 
CLU_6266 3143306629296 3433 
CLU_6266 3143302149923 2664 
CLU_6266 3143306065341 3809 
CLU_6266 3143306329705 2553 
CLU_6266 3143306297943 8731 
CLU_6266 3143307780621 4064 
CLU_6266 3143303180166 4270 
CLU_6266 3143302149893 1931 
CLU_6266 3143302150026 6332 
CLU_6266 3143300550108 3459 
CLU_6266 3143303413578 20622 
CLU_6266 3143306329632 8395 
CLU_6266 3143305212588 12248 
CLU_6266 3143309812083 1317 
CLU_6266 3143306023282 3472 
CLU_6266 3143302218968 5235 
CLU_6266 3143309772227 0 
CLU_6266 3143302203480 5136 
CLU_6266 3143302150085 4194 
CLU_6266 3143300211826 8176 
CLU_6266 3143302149931 5732 
CLU_6266 3143309352511 1257 
CLU_6266 3143309251553 4104 
CLU_6266 3143305998220 4087 
CLU_6266 3143309690905 5383 
CLU_6266 3143307608756 4226 
CLU_6266 3143306409911 3459 
CLU_6266 3143307780907 7372 
CLU_6266 3143309936424 6140 
CLU_6266 3143309812075 2423 
CLU_6266 3143306301304 1317 
CLU_6266 3143303688100 2958 
CLU_6266 3143303180115 2148 
CLU_6266 3143305302854 2439 
CLU_6266 3143302219212 1329 
CLU_6266 3143302149958 6068 
CLU_6266 3143307951345 2097 
CLU_6266 3143302219077 5290 
CLU_6266 3143302219344 7554 
CLU_6266 3143307607660 6883 
CLU_6266 3143302150069 2603 
CLU_6266 3143307809131 3823 
CLU_6266 3143300186252 8477 
CLU_6266 3143304701852 2076 
CLU_6266 3143307836619 1261 
CLU_6266 3143305212545 7521 
CLU_6266 3143302150077 4226 
CLU_6266 3143302150034 4081 
CLU_6266 3143302219409 47416 
CLU_6266 3143305212529 28314 
CLU_6266 3143302219379 47416 
CLU_6266 CLU_3233 31672 
CLU_6266 CLU_6117 45310 
CLU_6266 CLU_6299 19642 
CLU_6266 CLU_6301 17526 
CLU_6266 CLU_6381 16153 
CLU_6266 CLU_6398 16787 
CLU_6266 CLU_6409 41489 
CLU_6266 CLU_6410 23307 
CLU_6266 CLU_6411 18517 
CLU_6266 CLU_6412 18486 
CLU_6266 CLU_6414 41494 
CLU_6266 CLU_6415 47826 
CLU_6266 CLU_6417 62838 
CLU_6267 3143309772235 4590 
CLU_6267 3143309772251 3218 
CLU_6267 3143309812059 5103 
CLU_6267 3143305305063 2616 
CLU_6267 3143307781067 1406 
CLU_6267 3143309132481 1257 
CLU_6267 3143307831331 1475 
CLU_6267 3143300659134 3216 
CLU_6267 3143303180158 5445 
CLU_6267 3143307821506 5524 
CLU_6267 3143302150107 8124 
CLU_6267 3143309775978 5524 
CLU_6267 3143302219107 8882 
CLU_6267 3143302219352 5516 
CLU_6267 3143303180182 3354 
CLU_6267 3143302150042 2446 
CLU_6267 3143302219085 2352 
CLU_6267 3143309812032 1998 
CLU_6267 3143302149915 1513 
CLU_6267 3143307299079 3951 
CLU_6267 3143302150018 3154 
CLU_6267 3143302218984 1809 
CLU_6267 3143306065295 1507 
CLU_6267 3143302219069 8481 
CLU_6267 3143306629296 2377 
CLU_6267 3143302149923 1408 
CLU_6267 3143306065341 2554 
CLU_6267 3143306329705 1724 
CLU_6267 3143306297943 7528 
CLU_6267 3143307780621 5298 
CLU_6267 3143303180166 5524 
CLU_6267 3143302149893 1545 
CLU_6267 3143302150026 6740 
CLU_6267 3143300550108 2202 
CLU_6267 3143303413578 20195 
CLU_6267 3143306329632 9574 
CLU_6267 3143305212588 11831 
CLU_6267 3143309812083 2538 
CLU_6267 3143306023282 4354 
CLU_6267 3143302218968 6492 
CLU_6267 3143309772227 1257 
CLU_6267 3143302203480 6024 
CLU_6267 3143302150085 3951 
CLU_6267 3143300211826 9162 
CLU_6267 3143302149931 6670 
CLU_6267 3143309352511 0 
CLU_6267 3143309251553 4662 
CLU_6267 3143305998220 4477 
CLU_6267 3143309690905 5655 
CLU_6267 3143307608756 3066 
CLU_6267 3143306409911 2202 
CLU_6267 3143307780907 8413 
CLU_6267 3143309936424 6400 
CLU_6267 3143309812075 3651 
CLU_6267 3143306301304 2538 
CLU_6267 3143303688100 4103 
CLU_6267 3143303180115 3218 
CLU_6267 3143305302854 2814 
CLU_6267 3143302219212 1942 
CLU_6267 3143302149958 7256 
CLU_6267 3143307951345 2587 
CLU_6267 3143302219077 5772 
CLU_6267 3143302219344 8481 
CLU_6267 3143307607660 8124 
CLU_6267 3143302150069 1698 
CLU_6267 3143307809131 3099 
CLU_6267 3143300186252 9497 
CLU_6267 3143304701852 3324 
CLU_6267 3143307836619 1998 
CLU_6267 3143305212545 8137 
CLU_6267 3143302150077 3066 
CLU_6267 3143302150034 3584 
CLU_6267 3143302219409 48674 
CLU_6267 3143305212529 29526 
CLU_6267 3143302219379 48674 
CLU_6267 CLU_3233 32891 
CLU_6267 CLU_6117 46421 
CLU_6267 CLU_6299 20811 
CLU_6267 CLU_6301 16270 
CLU_6267 CLU_6381 14903 
CLU_6267 CLU_6398 17437 
CLU_6267 CLU_6409 42626 
CLU_6267 CLU_6410 24564 
CLU_6267 CLU_6411 19740 
CLU_6267 CLU_6412 19703 
CLU_6267 CLU_6414 42751 
CLU_6267 CLU_6415 49045 
CLU_6267 CLU_6417 64078 
CLU_6268 3143309772235 4417 
CLU_6268 3143309772251 3126 
CLU_6268 3143309812059 4727 
CLU_6268 3143305305063 3001 
CLU_6268 3143307781067 1908 
CLU_6268 3143309132481 1066 
CLU_6268 3143307831331 1009 
CLU_6268 3143300659134 2118 
CLU_6268 3143303180158 4625 
CLU_6268 3143307821506 4848 
CLU_6268 3143302150107 7174 
CLU_6268 3143309775978 4848 
CLU_6268 3143302219107 8417 
CLU_6268 3143302219352 5300 
CLU_6268 3143303180182 4127 
CLU_6268 3143302150042 3296 
CLU_6268 3143302219085 3384 
CLU_6268 3143309812032 755 
CLU_6268 3143302149915 867 
CLU_6268 3143307299079 5044 
CLU_6268 3143302150018 4469 
CLU_6268 3143302218984 3122 
CLU_6268 3143306065295 1744 
CLU_6268 3143302219069 8549 
CLU_6268 3143306629296 3682 
CLU_6268 3143302149923 2507 
CLU_6268 3143306065341 3618 
CLU_6268 3143306329705 1733 
CLU_6268 3143306297943 8127 
CLU_6268 3143307780621 4361 
CLU_6268 3143303180166 4848 
CLU_6268 3143302149893 2648 
CLU_6268 3143302150026 7389 
CLU_6268 3143300550108 3218 
CLU_6268 3143303413578 19555 
CLU_6268 3143306329632 9162 
CLU_6268 3143305212588 13039 
CLU_6268 3143309812083 1727 
CLU_6268 3143306023282 4508 
CLU_6268 3143302218968 5677 
CLU_6268 3143309772227 1066 
CLU_6268 3143302203480 6157 
CLU_6268 3143302150085 5044 
CLU_6268 3143300211826 9136 
CLU_6268 3143302149931 6730 
CLU_6268 3143309352511 1314 
CLU_6268 3143309251553 5170 
CLU_6268 3143305998220 5136 
CLU_6268 3143309690905 6417 
CLU_6268 3143307608756 4313 
CLU_6268 3143306409911 3218 
CLU_6268 3143307780907 8299 
CLU_6268 3143309936424 7174 
CLU_6268 3143309812075 2753 
CLU_6268 3143306301304 1727 
CLU_6268 3143303688100 3012 
CLU_6268 3143303180115 3126 
CLU_6268 3143305302854 3469 
CLU_6268 3143302219212 2377 
CLU_6268 3143302149958 6835 
CLU_6268 3143307951345 1280 
CLU_6268 3143302219077 6353 
CLU_6268 3143302219344 8549 
CLU_6268 3143307607660 7174 
CLU_6268 3143302150069 3005 
CLU_6268 3143307809131 2858 
CLU_6268 3143300186252 9416 
CLU_6268 3143304701852 2531 
CLU_6268 3143307836619 755 
CLU_6268 3143305212545 8586 
CLU_6268 3143302150077 4313 
CLU_6268 3143302150034 4795 
CLU_6268 3143302219409 47811 
CLU_6268 3143305212529 28974 
CLU_6268 3143302219379 47811 
CLU_6268 CLU_3233 31823 
CLU_6268 CLU_6117 45199 
CLU_6268 CLU_6299 20399 
CLU_6268 CLU_6301 17119 
CLU_6268 CLU_6381 15687 
CLU_6268 CLU_6398 17844 
CLU_6268 CLU_6409 41428 
CLU_6268 CLU_6410 23712 
CLU_6268 CLU_6411 18689 
CLU_6268 CLU_6412 18639 
CLU_6268 CLU_6414 41873 
CLU_6268 CLU_6415 48461 
CLU_6268 CLU_6417 63396 
CLU_6269 3143309772235 4083 
CLU_6269 3143309772251 2908 
CLU_6269 3143309812059 4274 
CLU_6269 3143305305063 3070 
CLU_6269 3143307781067 2182 
CLU_6269 3143309132481 1261 
CLU_6269 3143307831331 1044 
CLU_6269 3143300659134 1382 
CLU_6269 3143303180158 3959 
CLU_6269 3143307821506 4243 
CLU_6269 3143302150107 6449 
CLU_6269 3143309775978 4243 
CLU_6269 3143302219107 7870 
CLU_6269 3143302219352 4917 
CLU_6269 3143303180182 4351 
CLU_6269 3143302150042 3604 
CLU_6269 3143302219085 3795 
CLU_6269 3143309812032 0 
CLU_6269 3143302149915 1449 
CLU_6269 3143307299079 5452 
CLU_6269 3143302150018 5127 
CLU_6269 3143302218984 3802 
CLU_6269 3143306065295 2448 
CLU_6269 3143302219069 8268 
CLU_6269 3143306629296 4374 
CLU_6269 3143302149923 3258 
CLU_6269 3143306065341 4373 
CLU_6269 3143306329705 2387 
CLU_6269 3143306297943 8807 
CLU_6269 3143307780621 3654 
CLU_6269 3143303180166 4243 
CLU_6269 3143302149893 3136 
CLU_6269 3143302150026 7462 
CLU_6269 3143300550108 3974 
CLU_6269 3143303413578 19623 
CLU_6269 3143306329632 8635 
CLU_6269 3143305212588 13500 
CLU_6269 3143309812083 1201 
CLU_6269 3143306023282 4355 
CLU_6269 3143302218968 5004 
CLU_6269 3143309772227 1261 
CLU_6269 3143302203480 5946 
CLU_6269 3143302150085 5452 
CLU_6269 3143300211826 8801 
CLU_6269 3143302149931 6469 
CLU_6269 3143309352511 1998 
CLU_6269 3143309251553 5200 
CLU_6269 3143305998220 5258 
CLU_6269 3143309690905 6575 
CLU_6269 3143307608756 5043 
CLU_6269 3143306409911 3974 
CLU_6269 3143307780907 7925 
CLU_6269 3143309936424 7329 
CLU_6269 3143309812075 2091 
CLU_6269 3143306301304 1201 
CLU_6269 3143303688100 2268 
CLU_6269 3143303180115 2908 
CLU_6269 3143305302854 3656 
CLU_6269 3143302219212 2542 
CLU_6269 3143302149958 6323 
CLU_6269 3143307951345 861 
CLU_6269 3143302219077 6400 
CLU_6269 3143302219344 8268 
CLU_6269 3143307607660 6449 
CLU_6269 3143302150069 3643 
CLU_6269 3143307809131 3338 
CLU_6269 3143300186252 9049 
CLU_6269 3143304701852 1936 
CLU_6269 3143307836619 0 
CLU_6269 3143305212545 8522 
CLU_6269 3143302150077 5043 
CLU_6269 3143302150034 5302 
CLU_6269 3143302219409 47093 
CLU_6269 3143305212529 28356 
CLU_6269 3143302219379 47093 
CLU_6269 CLU_3233 31070 
CLU_6269 CLU_6117 44453 
CLU_6269 CLU_6299 19844 
CLU_6269 CLU_6301 17845 
CLU_6269 CLU_6381 16400 
CLU_6269 CLU_6398 17710 
CLU_6269 CLU_6409 40678 
CLU_6269 CLU_6410 23000 
CLU_6269 CLU_6411 17938 
CLU_6269 CLU_6412 17886 
CLU_6269 CLU_6414 41151 
CLU_6269 CLU_6415 47828 
CLU_6269 CLU_6417 62728 
CLU_6270 3143309772235 5281 
CLU_6270 3143309772251 3977 
CLU_6270 3143309812059 5593 
CLU_6270 3143305305063 3749 
CLU_6270 3143307781067 2576 
CLU_6270 3143309132481 1859 
CLU_6270 3143307831331 1855 
CLU_6270 3143300659134 2815 
CLU_6270 3143303180158 5408 
CLU_6270 3143307821506 5673 
CLU_6270 3143302150107 7875 
CLU_6270 3143309775978 5673 
CLU_6270 3143302219107 9267 
CLU_6270 3143302219352 6167 
CLU_6270 3143303180182 4746 
CLU_6270 3143302150042 3865 
CLU_6270 3143302219085 3844 
CLU_6270 3143309812032 1449 
CLU_6270 3143302149915 0 
CLU_6270 3143307299079 5462 
CLU_6270 3143302150018 4484 
CLU_6270 3143302218984 3130 
CLU_6270 3143306065295 1062 
CLU_6270 3143302219069 9398 
CLU_6270 3143306629296 3628 
CLU_6270 3143302149923 2227 
CLU_6270 3143306065341 3213 
CLU_6270 3143306329705 946 
CLU_6270 3143306297943 7362 
CLU_6270 3143307780621 5096 
CLU_6270 3143303180166 5673 
CLU_6270 3143302149893 3048 
CLU_6270 3143302150026 8083 
CLU_6270 3143300550108 2799 
CLU_6270 3143303413578 18827 
CLU_6270 3143306329632 10018 
CLU_6270 3143305212588 13323 
CLU_6270 3143309812083 2567 
CLU_6270 3143306023282 5332 
CLU_6270 3143302218968 6453 
CLU_6270 3143309772227 1859 
CLU_6270 3143302203480 6992 
CLU_6270 3143302150085 5462 
CLU_6270 3143300211826 9996 
CLU_6270 3143302149931 7578 
CLU_6270 3143309352511 1513 
CLU_6270 3143309251553 5906 
CLU_6270 3143305998220 5815 
CLU_6270 3143309690905 7056 
CLU_6270 3143307608756 4094 
CLU_6270 3143306409911 2799 
CLU_6270 3143307780907 9164 
CLU_6270 3143309936424 7809 
CLU_6270 3143309812075 3537 
CLU_6270 3143306301304 2567 
CLU_6270 3143303688100 3678 
CLU_6270 3143303180115 3977 
CLU_6270 3143305302854 4132 
CLU_6270 3143302219212 3092 
CLU_6270 3143302149958 7694 
CLU_6270 3143307951345 1491 
CLU_6270 3143302219077 7069 
CLU_6270 3143302219344 9398 
CLU_6270 3143307607660 7875 
CLU_6270 3143302150069 3126 
CLU_6270 3143307809131 1992 
CLU_6270 3143300186252 10280 
CLU_6270 3143304701852 3354 
CLU_6270 3143307836619 1449 
CLU_6270 3143305212545 9354 
CLU_6270 3143302150077 4094 
CLU_6270 3143302150034 5087 
CLU_6270 3143302219409 48519 
CLU_6270 3143305212529 29795 
CLU_6270 3143302219379 48519 
CLU_6270 CLU_3233 32400 
CLU_6270 CLU_6117 45596 
CLU_6270 CLU_6299 21249 
CLU_6270 CLU_6301 16437 
CLU_6270 CLU_6381 14974 
CLU_6270 CLU_6398 18635 
CLU_6270 CLU_6409 41862 
CLU_6270 CLU_6410 24433 
CLU_6270 CLU_6411 19290 
CLU_6270 CLU_6412 19229 
CLU_6270 CLU_6414 42573 
CLU_6270 CLU_6415 49273 
CLU_6270 CLU_6417 64177 
CLU_6271 3143309772235 1573 
CLU_6271 3143309772251 2905 
CLU_6271 3143309812059 1597 
CLU_6271 3143305305063 3629 
CLU_6271 3143307781067 4720 
CLU_6271 3143309132481 5051 
CLU_6271 3143307831331 5002 
CLU_6271 3143300659134 4880 
CLU_6271 3143303180158 3363 
CLU_6271 3143307821506 2672 
CLU_6271 3143302150107 5076 
CLU_6271 3143309775978 2672 
CLU_6271 3143302219107 3296 
CLU_6271 3143302219352 792 
CLU_6271 3143303180182 4044 
CLU_6271 3143302150042 4520 
CLU_6271 3143302219085 5069 
CLU_6271 3143309812032 5649 
CLU_6271 3143302149915 6852 
CLU_6271 3143307299079 5509 
CLU_6271 3143302150018 7365 
CLU_6271 3143302218984 6812 
CLU_6271 3143306065295 7493 
CLU_6271 3143302219069 2662 
CLU_6271 3143306629296 7251 
CLU_6271 3143302149923 7319 
CLU_6271 3143306065341 8320 
CLU_6271 3143306329705 7604 
CLU_6271 3143306297943 13556 
CLU_6271 3143307780621 3946 
CLU_6271 3143303180166 2672 
CLU_6271 3143302149893 5399 
CLU_6271 3143302150026 3992 
CLU_6271 3143300550108 8084 
CLU_6271 3143303413578 25077 
CLU_6271 3143306329632 3775 
CLU_6271 3143305212588 11970 
CLU_6271 3143309812083 4465 
CLU_6271 3143306023282 1928 
CLU_6271 3143302218968 3494 
CLU_6271 3143309772227 5051 
CLU_6271 3143302203480 1117 
CLU_6271 3143302150085 5509 
CLU_6271 3143300211826 3152 
CLU_6271 3143302149931 1054 
CLU_6271 3143309352511 6099 
CLU_6271 3143309251553 2828 
CLU_6271 3143305998220 3461 
CLU_6271 3143309690905 4147 
CLU_6271 3143307608756 8185 
CLU_6271 3143306409911 8084 
CLU_6271 3143307780907 2321 
CLU_6271 3143309936424 4528 
CLU_6271 3143309812075 4062 
CLU_6271 3143306301304 4465 
CLU_6271 3143303688100 4720 
CLU_6271 3143303180115 2905 
CLU_6271 3143305302854 3914 
CLU_6271 3143302219212 4226 
CLU_6271 3143302149958 1870 
CLU_6271 3143307951345 6351 
CLU_6271 3143302219077 3234 
CLU_6271 3143302219344 2662 
CLU_6271 3143307607660 5076 
CLU_6271 3143302150069 6407 
CLU_6271 3143307809131 8844 
CLU_6271 3143300186252 3428 
CLU_6271 3143304701852 3921 
CLU_6271 3143307836619 5649 
CLU_6271 3143305212545 3832 
CLU_6271 3143302150077 8185 
CLU_6271 3143302150034 6178 
CLU_6271 3143302219409 43535 
CLU_6271 3143305212529 23689 
CLU_6271 3143302219379 43535 
CLU_6271 CLU_3233 28819 
CLU_6271 CLU_6117 43465 
CLU_6271 CLU_6299 14817 
CLU_6271 CLU_6301 21861 
CLU_6271 CLU_6381 20636 
CLU_6271 CLU_6398 12317 
CLU_6271 CLU_6409 39450 
CLU_6271 CLU_6410 19563 
CLU_6271 CLU_6411 15858 
CLU_6271 CLU_6412 15909 
CLU_6271 CLU_6414 37692 
CLU_6271 CLU_6415 43216 
CLU_6271 CLU_6417 58416 
CLU_6272 3143309772235 1886 
CLU_6272 3143309772251 3114 
CLU_6272 3143309812059 2092 
CLU_6272 3143305305063 3679 
CLU_6272 3143307781067 4833 
CLU_6272 3143309132481 5256 
CLU_6272 3143307831331 5235 
CLU_6272 3143300659134 5280 
CLU_6272 3143303180158 3908 
CLU_6272 3143307821506 3223 
CLU_6272 3143302150107 5626 
CLU_6272 3143309775978 3223 
CLU_6272 3143302219107 3602 
CLU_6272 3143302219352 1282 
CLU_6272 3143303180182 3890 
CLU_6272 3143302150042 4463 
CLU_6272 3143302219085 4995 
CLU_6272 3143309812032 5954 
CLU_6272 3143302149915 7091 
CLU_6272 3143307299079 5266 
CLU_6272 3143302150018 7252 
CLU_6272 3143302218984 6800 
CLU_6272 3143306065295 7669 
CLU_6272 3143302219069 2315 
CLU_6272 3143306629296 7206 
CLU_6272 3143302149923 7391 
CLU_6272 3143306065341 8350 
CLU_6272 3143306329705 7800 
CLU_6272 3143306297943 13614 
CLU_6272 3143307780621 4482 
CLU_6272 3143303180166 3223 
CLU_6272 3143302149893 5403 
CLU_6272 3143302150026 3468 
CLU_6272 3143300550108 8137 
CLU_6272 3143303413578 25470 
CLU_6272 3143306329632 3986 
CLU_6272 3143305212588 11471 
CLU_6272 3143309812083 4794 
CLU_6272 3143306023282 1914 
CLU_6272 3143302218968 4058 
CLU_6272 3143309772227 5256 
CLU_6272 3143302203480 619 
CLU_6272 3143302150085 5266 
CLU_6272 3143300211826 2929 
CLU_6272 3143302149931 542 
CLU_6272 3143309352511 6233 
CLU_6272 3143309251553 2538 
CLU_6272 3143305998220 3170 
CLU_6272 3143309690905 3715 
CLU_6272 3143307608756 8135 
CLU_6272 3143306409911 8137 
CLU_6272 3143307780907 2225 
CLU_6272 3143309936424 4043 
CLU_6272 3143309812075 4490 
CLU_6272 3143306301304 4794 
CLU_6272 3143303688100 5184 
CLU_6272 3143303180115 3114 
CLU_6272 3143305302854 3859 
CLU_6272 3143302219212 4316 
CLU_6272 3143302149958 2316 
CLU_6272 3143307951345 6691 
CLU_6272 3143302219077 2774 
CLU_6272 3143302219344 2315 
CLU_6272 3143307607660 5626 
CLU_6272 3143302150069 6391 
CLU_6272 3143307809131 9075 
CLU_6272 3143300186252 3270 
CLU_6272 3143304701852 4312 
CLU_6272 3143307836619 5954 
CLU_6272 3143305212545 3272 
CLU_6272 3143302150077 8135 
CLU_6272 3143302150034 5983 
CLU_6272 3143302219409 43763 
CLU_6272 3143305212529 23771 
CLU_6272 3143302219379 43763 
CLU_6272 CLU_3233 29194 
CLU_6272 CLU_6117 43919 
CLU_6272 CLU_6299 14842 
CLU_6272 CLU_6301 21781 
CLU_6272 CLU_6381 20588 
CLU_6272 CLU_6398 11882 
CLU_6272 CLU_6409 39891 
CLU_6272 CLU_6410 19839 
CLU_6272 CLU_6411 16278 
CLU_6272 CLU_6412 16337 
CLU_6272 CLU_6414 37937 
CLU_6272 CLU_6415 43290 
CLU_6272 CLU_6417 58534 
CLU_6273 3143309772235 4725 
CLU_6273 3143309772251 6028 
CLU_6273 3143309812059 4621 
CLU_6273 3143305305063 6590 
CLU_6273 3143307781067 7760 
CLU_6273 3143309132481 8176 
CLU_6273 3143307831331 8142 
CLU_6273 3143300659134 7969 
CLU_6273 3143303180158 6003 
CLU_6273 3143307821506 5325 
CLU_6273 3143302150107 6595 
CLU_6273 3143309775978 5325 
CLU_6273 3143302219107 3071 
CLU_6273 3143302219352 3893 
CLU_6273 3143303180182 6589 
CLU_6273 3143302150042 7282 
CLU_6273 3143302219085 7781 
CLU_6273 3143309812032 8801 
CLU_6273 3143302149915 9996 
CLU_6273 3143307299079 7719 
CLU_6273 3143302150018 9941 
CLU_6273 3143302218984 9638 
CLU_6273 3143306065295 10597 
CLU_6273 3143302219069 892 
CLU_6273 3143306629296 10001 
CLU_6273 3143302149923 10297 
CLU_6273 3143306065341 11221 
CLU_6273 3143306329705 10724 
CLU_6273 3143306297943 16497 
CLU_6273 3143307780621 6627 
CLU_6273 3143303180166 5325 
CLU_6273 3143302149893 8269 
CLU_6273 3143302150026 4741 
CLU_6273 3143300550108 11028 
CLU_6273 3143303413578 28127 
CLU_6273 3143306329632 2770 
CLU_6273 3143305212588 12338 
CLU_6273 3143309812083 7612 
CLU_6273 3143306023282 4822 
CLU_6273 3143302218968 5660 
CLU_6273 3143309772227 8176 
CLU_6273 3143302203480 3199 
CLU_6273 3143302150085 7719 
CLU_6273 3143300211826 0 
CLU_6273 3143302149931 2510 
CLU_6273 3143309352511 9162 
CLU_6273 3143309251553 5075 
CLU_6273 3143305998220 5635 
CLU_6273 3143309690905 5606 
CLU_6273 3143307608756 10915 
CLU_6273 3143306409911 11028 
CLU_6273 3143307780907 986 
CLU_6273 3143309936424 5553 
CLU_6273 3143309812075 7122 
CLU_6273 3143306301304 7612 
CLU_6273 3143303688100 7689 
CLU_6273 3143303180115 6028 
CLU_6273 3143305302854 6691 
CLU_6273 3143302219212 7238 
CLU_6273 3143302149958 3231 
CLU_6273 3143307951345 9488 
CLU_6273 3143302219077 4688 
CLU_6273 3143302219344 892 
CLU_6273 3143307607660 6595 
CLU_6273 3143302150069 9229 
CLU_6273 3143307809131 11986 
CLU_6273 3143300186252 499 
CLU_6273 3143304701852 7030 
CLU_6273 3143307836619 8801 
CLU_6273 3143305212545 3296 
CLU_6273 3143302150077 10915 
CLU_6273 3143302150034 8528 
CLU_6273 3143302219409 41649 
CLU_6273 3143305212529 21211 
CLU_6273 3143302219379 41649 
CLU_6273 CLU_3233 27864 
CLU_6273 CLU_6117 43104 
CLU_6273 CLU_6299 12174 
CLU_6273 CLU_6301 24453 
CLU_6273 CLU_6381 23325 
CLU_6273 CLU_6398 9498 
CLU_6273 CLU_6409 38982 
CLU_6273 CLU_6410 18021 
CLU_6273 CLU_6411 15370 
CLU_6273 CLU_6412 15484 
CLU_6273 CLU_6414 35899 
CLU_6273 CLU_6415 40680 
CLU_6273 CLU_6417 56030 
CLU_6274 3143309772235 2308 
CLU_6274 3143309772251 3586 
CLU_6274 3143309812059 2373 
CLU_6274 3143305305063 4186 
CLU_6274 3143307781067 5333 
CLU_6274 3143309132481 5734 
CLU_6274 3143307831331 5704 
CLU_6274 3143300659134 5655 
CLU_6274 3143303180158 4085 
CLU_6274 3143307821506 3387 
CLU_6274 3143302150107 5563 
CLU_6274 3143309775978 3387 
CLU_6274 3143302219107 3226 
CLU_6274 3143302219352 1571 
CLU_6274 3143303180182 4384 
CLU_6274 3143302150042 4971 
CLU_6274 3143302219085 5500 
CLU_6274 3143309812032 6392 
CLU_6274 3143302149915 7559 
CLU_6274 3143307299079 5729 
CLU_6274 3143302150018 7750 
CLU_6274 3143302218984 7309 
CLU_6274 3143306065295 8157 
CLU_6274 3143302219069 1889 
CLU_6274 3143306629296 7713 
CLU_6274 3143302149923 7898 
CLU_6274 3143306065341 8859 
CLU_6274 3143306329705 8282 
CLU_6274 3143306297943 14122 
CLU_6274 3143307780621 4682 
CLU_6274 3143303180166 3387 
CLU_6274 3143302149893 5912 
CLU_6274 3143302150026 3678 
CLU_6274 3143300550108 8645 
CLU_6274 3143303413578 25853 
CLU_6274 3143306329632 3548 
CLU_6274 3143305212588 11701 
CLU_6274 3143309812083 5217 
CLU_6274 3143306023282 2423 
CLU_6274 3143302218968 4106 
CLU_6274 3143309772227 5734 
CLU_6274 3143302203480 1006 
CLU_6274 3143302150085 5729 
CLU_6274 3143300211826 2442 
CLU_6274 3143302149931 456 
CLU_6274 3143309352511 6730 
CLU_6274 3143309251553 2996 
CLU_6274 3143305998220 3621 
CLU_6274 3143309690905 4060 
CLU_6274 3143307608756 8641 
CLU_6274 3143306409911 8645 
CLU_6274 3143307780907 1715 
CLU_6274 3143309936424 4318 
CLU_6274 3143309812075 4841 
CLU_6274 3143306301304 5217 
CLU_6274 3143303688100 5498 
CLU_6274 3143303180115 3586 
CLU_6274 3143305302854 4367 
CLU_6274 3143302219212 4819 
CLU_6274 3143302149958 2106 
CLU_6274 3143307951345 7109 
CLU_6274 3143302219077 3100 
CLU_6274 3143302219344 1889 
CLU_6274 3143307607660 5563 
CLU_6274 3143302150069 6900 
CLU_6274 3143307809131 9547 
CLU_6274 3143300186252 2768 
CLU_6274 3143304701852 4694 
CLU_6274 3143307836619 6392 
CLU_6274 3143305212545 3216 
CLU_6274 3143302150077 8641 
CLU_6274 3143302150034 6462 
CLU_6274 3143302219409 43311 
CLU_6274 3143305212529 23273 
CLU_6274 3143302219379 43311 
CLU_6274 CLU_3233 28837 
CLU_6274 CLU_6117 43642 
CLU_6274 CLU_6299 14336 
CLU_6274 CLU_6301 22282 
CLU_6274 CLU_6381 21094 
CLU_6274 CLU_6398 11537 
CLU_6274 CLU_6409 39598 
CLU_6274 CLU_6410 19413 
CLU_6274 CLU_6411 15967 
CLU_6274 CLU_6412 16034 
CLU_6274 CLU_6414 37492 
CLU_6274 CLU_6415 42789 
CLU_6274 CLU_6417 58042 
CLU_6275 3143309772235 3418 
CLU_6275 3143309772251 3708 
CLU_6275 3143309812059 4149 
CLU_6275 3143305305063 3355 
CLU_6275 3143307781067 4493 
CLU_6275 3143309132481 5290 
CLU_6275 3143307831331 5410 
CLU_6275 3143300659134 6319 
CLU_6275 3143303180158 6011 
CLU_6275 3143307821506 5433 
CLU_6275 3143302150107 8208 
CLU_6275 3143309775978 5433 
CLU_6275 3143302219107 6327 
CLU_6275 3143302219352 3567 
CLU_6275 3143303180182 2474 
CLU_6275 3143302150042 3376 
CLU_6275 3143302219085 3700 
CLU_6275 3143309812032 6400 
CLU_6275 3143302149915 7069 
CLU_6275 3143307299079 3119 
CLU_6275 3143302150018 5505 
CLU_6275 3143302218984 5557 
CLU_6275 3143306065295 7272 
CLU_6275 3143302219069 3802 
CLU_6275 3143306629296 5772 
CLU_6275 3143302149923 6502 
CLU_6275 3143306065341 7182 
CLU_6275 3143306329705 7496 
CLU_6275 3143306297943 12381 
CLU_6275 3143307780621 6456 
CLU_6275 3143303180166 5433 
CLU_6275 3143302149893 4419 
CLU_6275 3143302150026 1076 
CLU_6275 3143300550108 7098 
CLU_6275 3143303413578 25896 
CLU_6275 3143306329632 6600 
CLU_6275 3143305212588 8754 
CLU_6275 3143309812083 5520 
CLU_6275 3143306023282 2404 
CLU_6275 3143302218968 6482 
CLU_6275 3143309772227 5290 
CLU_6275 3143302203480 2155 
CLU_6275 3143302150085 3119 
CLU_6275 3143300211826 4688 
CLU_6275 3143302149931 2681 
CLU_6275 3143309352511 5772 
CLU_6275 3143309251553 1200 
CLU_6275 3143305998220 1315 
CLU_6275 3143309690905 967 
CLU_6275 3143307608756 6610 
CLU_6275 3143306409911 7098 
CLU_6275 3143307780907 4463 
CLU_6275 3143309936424 1317 
CLU_6275 3143309812075 5777 
CLU_6275 3143306301304 5520 
CLU_6275 3143303688100 6605 
CLU_6275 3143303180115 3708 
CLU_6275 3143305302854 2960 
CLU_6275 3143302219212 3983 
CLU_6275 3143302149958 5085 
CLU_6275 3143307951345 7254 
CLU_6275 3143302219077 0 
CLU_6275 3143302219344 3802 
CLU_6275 3143307607660 8208 
CLU_6275 3143302150069 5173 
CLU_6275 3143307809131 8870 
CLU_6275 3143300186252 5168 
CLU_6275 3143304701852 5436 
CLU_6275 3143307836619 6400 
CLU_6275 3143305212545 2434 
CLU_6275 3143302150077 6610 
CLU_6275 3143302150034 3974 
CLU_6275 3143302219409 46252 
CLU_6275 3143305212529 25895 
CLU_6275 3143302219379 46252 
CLU_6275 CLU_3233 31937 
CLU_6275 CLU_6117 46692 
CLU_6275 CLU_6299 16841 
CLU_6275 CLU_6301 19869 
CLU_6275 CLU_6381 18811 
CLU_6275 CLU_6398 11690 
CLU_6275 CLU_6409 42666 
CLU_6275 CLU_6410 22448 
CLU_6275 CLU_6411 19050 
CLU_6275 CLU_6412 19111 
CLU_6275 CLU_6414 40466 
CLU_6275 CLU_6415 45347 
CLU_6275 CLU_6417 60717 
CLU_6276 3143309772235 4321 
CLU_6276 3143309772251 4555 
CLU_6276 3143309812059 5048 
CLU_6276 3143305305063 4083 
CLU_6276 3143307781067 5151 
CLU_6276 3143309132481 5995 
CLU_6276 3143307831331 6139 
CLU_6276 3143300659134 7158 
CLU_6276 3143303180158 6913 
CLU_6276 3143307821506 6333 
CLU_6276 3143302150107 9083 
CLU_6276 3143309775978 6333 
CLU_6276 3143302219107 7036 
CLU_6276 3143302219352 4449 
CLU_6276 3143303180182 2994 
CLU_6276 3143302150042 3906 
CLU_6276 3143302219085 4130 
CLU_6276 3143309812032 7153 
CLU_6276 3143302149915 7717 
CLU_6276 3143307299079 3186 
CLU_6276 3143302150018 5640 
CLU_6276 3143302218984 5900 
CLU_6276 3143306065295 7825 
CLU_6276 3143302219069 4201 
CLU_6276 3143306629296 6034 
CLU_6276 3143302149923 6933 
CLU_6276 3143306065341 7500 
CLU_6276 3143306329705 8068 
CLU_6276 3143306297943 12595 
CLU_6276 3143307780621 7358 
CLU_6276 3143303180166 6333 
CLU_6276 3143302149893 4906 
CLU_6276 3143302150026 467 
CLU_6276 3143300550108 7462 
CLU_6276 3143303413578 26534 
CLU_6276 3143306329632 7240 
CLU_6276 3143305212588 7906 
CLU_6276 3143309812083 6332 
CLU_6276 3143306023282 3297 
CLU_6276 3143302218968 7372 
CLU_6276 3143309772227 5995 
CLU_6276 3143302203480 2957 
CLU_6276 3143302150085 3186 
CLU_6276 3143300211826 5092 
CLU_6276 3143302149931 3392 
CLU_6276 3143309352511 6349 
CLU_6276 3143309251553 2015 
CLU_6276 3143305998220 1909 
CLU_6276 3143309690905 764 
CLU_6276 3143307608756 6806 
CLU_6276 3143306409911 7462 
CLU_6276 3143307780907 5021 
CLU_6276 3143309936424 487 
CLU_6276 3143309812075 6646 
CLU_6276 3143306301304 6332 
CLU_6276 3143303688100 7478 
CLU_6276 3143303180115 4555 
CLU_6276 3143305302854 3586 
CLU_6276 3143302219212 4668 
CLU_6276 3143302149958 5885 
CLU_6276 3143307951345 8012 
CLU_6276 3143302219077 902 
CLU_6276 3143302219344 4201 
CLU_6276 3143307607660 9083 
CLU_6276 3143302150069 5542 
CLU_6276 3143307809131 9442 
CLU_6276 3143300186252 5587 
CLU_6276 3143304701852 6295 
CLU_6276 3143307836619 7153 
CLU_6276 3143305212545 2288 
CLU_6276 3143302150077 6806 
CLU_6276 3143302150034 4053 
CLU_6276 3143302219409 46738 
CLU_6276 3143305212529 26210 
CLU_6276 3143302219379 46738 
CLU_6276 CLU_3233 32626 
CLU_6276 CLU_6117 47475 
CLU_6276 CLU_6299 17126 
CLU_6276 CLU_6301 19760 
CLU_6276 CLU_6381 18767 
CLU_6276 CLU_6398 11271 
CLU_6276 CLU_6409 43434 
CLU_6276 CLU_6410 23025 
CLU_6276 CLU_6411 19800 
CLU_6276 CLU_6412 19869 
CLU_6276 CLU_6414 40978 
CLU_6276 CLU_6415 45613 
CLU_6276 CLU_6417 61035 
CLU_6277 3143309772235 4748 
CLU_6277 3143309772251 4010 
CLU_6277 3143309812059 5592 
CLU_6277 3143305305063 2917 
CLU_6277 3143307781067 3284 
CLU_6277 3143309132481 4194 
CLU_6277 3143307831331 4435 
CLU_6277 3143300659134 6058 
CLU_6277 3143303180158 7026 
CLU_6277 3143307821506 6690 
CLU_6277 3143302150107 9679 
CLU_6277 3143309775978 6690 
CLU_6277 3143302219107 8806 
CLU_6277 3143302219352 5419 
CLU_6277 3143303180182 1620 
CLU_6277 3143302150042 1913 
CLU_6277 3143302219085 1663 
CLU_6277 3143309812032 5452 
CLU_6277 3143302149915 5462 
CLU_6277 3143307299079 0 
CLU_6277 3143302150018 2454 
CLU_6277 3143302218984 2913 
CLU_6277 3143306065295 5231 
CLU_6277 3143302219069 6853 
CLU_6277 3143306629296 2922 
CLU_6277 3143302149923 4069 
CLU_6277 3143306065341 4424 
CLU_6277 3143306329705 5520 
CLU_6277 3143306297943 9416 
CLU_6277 3143307780621 7236 
CLU_6277 3143303180166 6690 
CLU_6277 3143302149893 2418 
CLU_6277 3143302150026 3653 
CLU_6277 3143300550108 4453 
CLU_6277 3143303413578 23937 
CLU_6277 3143306329632 9249 
CLU_6277 3143305212588 8059 
CLU_6277 3143309812083 5129 
CLU_6277 3143306023282 3729 
CLU_6277 3143302218968 7846 
CLU_6277 3143309772227 4194 
CLU_6277 3143302203480 4730 
CLU_6277 3143302150085 0 
CLU_6277 3143300211826 7719 
CLU_6277 3143302149931 5414 
CLU_6277 3143309352511 3951 
CLU_6277 3143309251553 2733 
CLU_6277 3143305998220 2115 
CLU_6277 3143309690905 2430 
CLU_6277 3143307608756 3633 
CLU_6277 3143306409911 4453 
CLU_6277 3143307780907 7337 
CLU_6277 3143309936424 2999 
CLU_6277 3143309812075 5927 
CLU_6277 3143306301304 5129 
CLU_6277 3143303688100 6711 
CLU_6277 3143303180115 4010 
CLU_6277 3143305302854 2182 
CLU_6277 3143302219212 3069 
CLU_6277 3143302149958 7302 
CLU_6277 3143307951345 6261 
CLU_6277 3143302219077 3119 
CLU_6277 3143302219344 6853 
CLU_6277 3143307607660 9679 
CLU_6277 3143302150069 2631 
CLU_6277 3143307809131 6838 
CLU_6277 3143300186252 8178 
CLU_6277 3143304701852 5508 
CLU_6277 3143307836619 5452 
CLU_6277 3143305212545 5434 
CLU_6277 3143302150077 3633 
CLU_6277 3143302150034 869 
CLU_6277 3143302219409 49028 
CLU_6277 3143305212529 28914 
CLU_6277 3143302219379 49028 
CLU_6277 CLU_3233 34207 
CLU_6277 CLU_6117 48511 
CLU_6277 CLU_6299 19893 
CLU_6277 CLU_6301 16759 
CLU_6277 CLU_6381 15691 
CLU_6277 CLU_6398 14391 
CLU_6277 CLU_6409 44575 
CLU_6277 CLU_6410 25072 
CLU_6277 CLU_6411 21140 
CLU_6277 CLU_6412 21162 
CLU_6277 CLU_6414 43195 
CLU_6277 CLU_6415 48397 
CLU_6277 CLU_6417 63719 
CLU_6278 3143309772235 4566 
CLU_6278 3143309772251 3454 
CLU_6278 3143309812059 5338 
CLU_6278 3143305305063 2315 
CLU_6278 3143307781067 2073 
CLU_6278 3143309132481 2884 
CLU_6278 3143307831331 3151 
CLU_6278 3143300659134 4929 
CLU_6278 3143303180158 6413 
CLU_6278 3143307821506 6225 
CLU_6278 3143302150107 9154 
CLU_6278 3143309775978 6225 
CLU_6278 3143302219107 8923 
CLU_6278 3143302219352 5404 
CLU_6278 3143303180182 1796 
CLU_6278 3143302150042 1218 
CLU_6278 3143302219085 656 
CLU_6278 3143309812032 4092 
CLU_6278 3143302149915 3908 
CLU_6278 3143307299079 1602 
CLU_6278 3143302150018 1661 
CLU_6278 3143302218984 1419 
CLU_6278 3143306065295 3629 
CLU_6278 3143302219069 7571 
CLU_6278 3143306629296 1638 
CLU_6278 3143302149923 2501 
CLU_6278 3143306065341 3033 
CLU_6278 3143306329705 3919 
CLU_6278 3143306297943 8241 
CLU_6278 3143307780621 6492 
CLU_6278 3143303180166 6225 
CLU_6278 3143302149893 956 
CLU_6278 3143302150026 4927 
CLU_6278 3143300550108 2982 
CLU_6278 3143303413578 22345 
CLU_6278 3143306329632 9479 
CLU_6278 3143305212588 9457 
CLU_6278 3143309812083 4029 
CLU_6278 3143306023282 3790 
CLU_6278 3143302218968 7353 
CLU_6278 3143309772227 2884 
CLU_6278 3143302203480 5207 
CLU_6278 3143302150085 1602 
CLU_6278 3143300211826 8380 
CLU_6278 3143302149931 5913 
CLU_6278 3143309352511 2396 
CLU_6278 3143309251553 3338 
CLU_6278 3143305998220 2880 
CLU_6278 3143309690905 3724 
CLU_6278 3143307608756 2535 
CLU_6278 3143306409911 2982 
CLU_6278 3143307780907 7832 
CLU_6278 3143309936424 4402 
CLU_6278 3143309812075 4994 
CLU_6278 3143306301304 4029 
CLU_6278 3143303688100 5694 
CLU_6278 3143303180115 3454 
CLU_6278 3143305302854 1810 
CLU_6278 3143302219212 2099 
CLU_6278 3143302149958 7322 
CLU_6278 3143307951345 4845 
CLU_6278 3143302219077 4153 
CLU_6278 3143302219344 7571 
CLU_6278 3143307607660 9154 
CLU_6278 3143302150069 1071 
CLU_6278 3143307809131 5236 
CLU_6278 3143300186252 8798 
CLU_6278 3143304701852 4581 
CLU_6278 3143307836619 4092 
CLU_6278 3143305212545 6583 
CLU_6278 3143302150077 2535 
CLU_6278 3143302150034 1213 
CLU_6278 3143302219409 49148 
CLU_6278 3143305212529 29393 
CLU_6278 3143302219379 49148 
CLU_6278 CLU_3233 33916 
CLU_6278 CLU_6117 47904 
CLU_6278 CLU_6299 20465 
CLU_6278 CLU_6301 16155 
CLU_6278 CLU_6381 14967 
CLU_6278 CLU_6398 15751 
CLU_6278 CLU_6409 44027 
CLU_6278 CLU_6410 25093 
CLU_6278 CLU_6411 20782 
CLU_6278 CLU_6412 20780 
CLU_6278 CLU_6414 43274 
CLU_6278 CLU_6415 48915 
CLU_6278 CLU_6417 64133 
CLU_6279 3143309772235 5373 
CLU_6279 3143309772251 4216 
CLU_6279 3143309812059 6130 
CLU_6279 3143305305063 3097 
CLU_6279 3143307781067 2649 
CLU_6279 3143309132481 3332 
CLU_6279 3143307831331 3606 
CLU_6279 3143300659134 5437 
CLU_6279 3143303180158 7117 
CLU_6279 3143307821506 6970 
CLU_6279 3143302150107 9867 
CLU_6279 3143309775978 6970 
CLU_6279 3143302219107 9742 
CLU_6279 3143302219352 6222 
CLU_6279 3143303180182 2602 
CLU_6279 3143302150042 2035 
CLU_6279 3143302219085 1476 
CLU_6279 3143309812032 4444 
CLU_6279 3143302149915 3985 
CLU_6279 3143307299079 2011 
CLU_6279 3143302150018 858 
CLU_6279 3143302218984 973 
CLU_6279 3143306065295 3488 
CLU_6279 3143302219069 8373 
CLU_6279 3143306629296 918 
CLU_6279 3143302149923 2169 
CLU_6279 3143306065341 2413 
CLU_6279 3143306329705 3796 
CLU_6279 3143306297943 7507 
CLU_6279 3143307780621 7155 
CLU_6279 3143303180166 6970 
CLU_6279 3143302149893 1480 
CLU_6279 3143302150026 5575 
CLU_6279 3143300550108 2452 
CLU_6279 3143303413578 22018 
CLU_6279 3143306329632 10304 
CLU_6279 3143305212588 9358 
CLU_6279 3143309812083 4576 
CLU_6279 3143306023282 4616 
CLU_6279 3143302218968 8084 
CLU_6279 3143309772227 3332 
CLU_6279 3143302203480 6026 
CLU_6279 3143302150085 2011 
CLU_6279 3143300211826 9191 
CLU_6279 3143302149931 6732 
CLU_6279 3143309352511 2543 
CLU_6279 3143309251553 4131 
CLU_6279 3143305998220 3640 
CLU_6279 3143309690905 4352 
CLU_6279 3143307608756 1742 
CLU_6279 3143306409911 2452 
CLU_6279 3143307780907 8655 
CLU_6279 3143309936424 4982 
CLU_6279 3143309812075 5602 
CLU_6279 3143306301304 4576 
CLU_6279 3143303688100 6250 
CLU_6279 3143303180115 4216 
CLU_6279 3143305302854 2634 
CLU_6279 3143302219212 2793 
CLU_6279 3143302149958 8137 
CLU_6279 3143307951345 5117 
CLU_6279 3143302219077 4876 
CLU_6279 3143302219344 8373 
CLU_6279 3143307607660 9867 
CLU_6279 3143302150069 859 
CLU_6279 3143307809131 5020 
CLU_6279 3143300186252 9613 
CLU_6279 3143304701852 5199 
CLU_6279 3143307836619 4444 
CLU_6279 3143305212545 7287 
CLU_6279 3143302150077 1742 
CLU_6279 3143302150034 1279 
CLU_6279 3143302219409 49957 
CLU_6279 3143305212529 30220 
CLU_6279 3143302219379 49957 
CLU_6279 CLU_3233 34658 
CLU_6279 CLU_6117 48552 
CLU_6279 CLU_6299 21289 
CLU_6279 CLU_6301 15328 
CLU_6279 CLU_6381 14146 
CLU_6279 CLU_6398 16373 
CLU_6279 CLU_6409 44695 
CLU_6279 CLU_6410 25894 
CLU_6279 CLU_6411 21515 
CLU_6279 CLU_6412 21507 
CLU_6279 CLU_6414 44079 
CLU_6279 CLU_6415 49742 
CLU_6279 CLU_6417 64960 
CLU_6280 3143309772235 5133 
CLU_6280 3143309772251 3900 
CLU_6280 3143309812059 5851 
CLU_6280 3143305305063 2837 
CLU_6280 3143307781067 2197 
CLU_6280 3143309132481 2801 
CLU_6280 3143307831331 3074 
CLU_6280 3143300659134 4913 
CLU_6280 3143303180158 6714 
CLU_6280 3143307821506 6612 
CLU_6280 3143302150107 9463 
CLU_6280 3143309775978 6612 
CLU_6280 3143302219107 9533 
CLU_6280 3143302219352 6014 
CLU_6280 3143303180182 2628 
CLU_6280 3143302150042 1896 
CLU_6280 3143302219085 1393 
CLU_6280 3143309812032 3875 
CLU_6280 3143302149915 3393 
CLU_6280 3143307299079 2398 
CLU_6280 3143302150018 1288 
CLU_6280 3143302218984 534 
CLU_6280 3143306065295 2930 
CLU_6280 3143302219069 8378 
CLU_6280 3143306629296 852 
CLU_6280 3143302149923 1674 
CLU_6280 3143306065341 2151 
CLU_6280 3143306329705 3235 
CLU_6280 3143306297943 7386 
CLU_6280 3143307780621 6714 
CLU_6280 3143303180166 6612 
CLU_6280 3143302149893 1080 
CLU_6280 3143302150026 5813 
CLU_6280 3143300550108 2098 
CLU_6280 3143303413578 21549 
CLU_6280 3143306329632 10128 
CLU_6280 3143305212588 9942 
CLU_6280 3143309812083 4075 
CLU_6280 3143306023282 4475 
CLU_6280 3143302218968 7704 
CLU_6280 3143309772227 2801 
CLU_6280 3143302203480 5978 
CLU_6280 3143302150085 2398 
CLU_6280 3143300211826 9170 
CLU_6280 3143302149931 6680 
CLU_6280 3143309352511 1952 
CLU_6280 3143309251553 4172 
CLU_6280 3143305998220 3746 
CLU_6280 3143309690905 4607 
CLU_6280 3143307608756 1787 
CLU_6280 3143306409911 2098 
CLU_6280 3143307780907 8580 
CLU_6280 3143309936424 5279 
CLU_6280 3143309812075 5129 
CLU_6280 3143306301304 4075 
CLU_6280 3143303688100 5745 
CLU_6280 3143303180115 3900 
CLU_6280 3143305302854 2500 
CLU_6280 3143302219212 2428 
CLU_6280 3143302149958 7912 
CLU_6280 3143307951345 4532 
CLU_6280 3143302219077 5031 
CLU_6280 3143302219344 8378 
CLU_6280 3143307607660 9463 
CLU_6280 3143302150069 269 
CLU_6280 3143307809131 4492 
CLU_6280 3143300186252 9574 
CLU_6280 3143304701852 4736 
CLU_6280 3143307836619 3875 
CLU_6280 3143305212545 7463 
CLU_6280 3143302150077 1787 
CLU_6280 3143302150034 1782 
CLU_6280 3143302219409 49692 
CLU_6280 3143305212529 30088 
CLU_6280 3143302219379 49692 
CLU_6280 CLU_3233 34273 
CLU_6280 CLU_6117 48079 
CLU_6280 CLU_6299 21199 
CLU_6280 CLU_6301 15469 
CLU_6280 CLU_6381 14238 
CLU_6280 CLU_6398 16637 
CLU_6280 CLU_6409 44238 
CLU_6280 CLU_6410 25610 
CLU_6280 CLU_6411 21122 
CLU_6280 CLU_6412 21107 
CLU_6280 CLU_6414 43802 
CLU_6280 CLU_6415 49616 
CLU_6280 CLU_6417 64793 
CLU_6281 3143309772235 5491 
CLU_6281 3143309772251 4208 
CLU_6281 3143309812059 6174 
CLU_6281 3143305305063 3206 
CLU_6281 3143307781067 2399 
CLU_6281 3143309132481 2848 
CLU_6281 3143307831331 3114 
CLU_6281 3143300659134 4944 
CLU_6281 3143303180158 6911 
CLU_6281 3143307821506 6860 
CLU_6281 3143302150107 9650 
CLU_6281 3143309775978 6860 
CLU_6281 3143302219107 9897 
CLU_6281 3143302219352 6389 
CLU_6281 3143303180182 3135 
CLU_6281 3143302150042 2357 
CLU_6281 3143302219085 1889 
CLU_6281 3143309812032 3802 
CLU_6281 3143302149915 3130 
CLU_6281 3143307299079 2913 
CLU_6281 3143302150018 1360 
CLU_6281 3143302218984 0 
CLU_6281 3143306065295 2537 
CLU_6281 3143302219069 8858 
CLU_6281 3143306629296 585 
CLU_6281 3143302149923 1195 
CLU_6281 3143306065341 1627 
CLU_6281 3143306329705 2848 
CLU_6281 3143306297943 6885 
CLU_6281 3143307780621 6865 
CLU_6281 3143303180166 6860 
CLU_6281 3143302149893 1417 
CLU_6281 3143302150026 6347 
CLU_6281 3143300550108 1564 
CLU_6281 3143303413578 21056 
CLU_6281 3143306329632 10512 
CLU_6281 3143305212588 10289 
CLU_6281 3143309812083 4159 
CLU_6281 3143306023282 4900 
CLU_6281 3143302218968 7923 
CLU_6281 3143309772227 2848 
CLU_6281 3143302203480 6441 
CLU_6281 3143302150085 2913 
CLU_6281 3143300211826 9638 
CLU_6281 3143302149931 7139 
CLU_6281 3143309352511 1809 
CLU_6281 3143309251553 4673 
CLU_6281 3143305998220 4265 
CLU_6281 3143309690905 5142 
CLU_6281 3143307608756 1445 
CLU_6281 3143306409911 1564 
CLU_6281 3143307780907 9025 
CLU_6281 3143309936424 5813 
CLU_6281 3143309812075 5247 
CLU_6281 3143306301304 4159 
CLU_6281 3143303688100 5805 
CLU_6281 3143303180115 4208 
CLU_6281 3143305302854 2949 
CLU_6281 3143302219212 2720 
CLU_6281 3143302149958 8268 
CLU_6281 3143307951345 4383 
CLU_6281 3143302219077 5557 
CLU_6281 3143302219344 8858 
CLU_6281 3143307607660 9650 
CLU_6281 3143302150069 409 
CLU_6281 3143307809131 4048 
CLU_6281 3143300186252 10035 
CLU_6281 3143304701852 4871 
CLU_6281 3143307836619 3802 
CLU_6281 3143305212545 7990 
CLU_6281 3143302150077 1445 
CLU_6281 3143302150034 2245 
CLU_6281 3143302219409 49996 
CLU_6281 3143305212529 30489 
CLU_6281 3143302219379 49996 
CLU_6281 CLU_3233 34465 
CLU_6281 CLU_6117 48157 
CLU_6281 CLU_6299 21626 
CLU_6281 CLU_6301 15090 
CLU_6281 CLU_6381 13830 
CLU_6281 CLU_6398 17171 
CLU_6281 CLU_6409 44338 
CLU_6281 CLU_6410 25901 
CLU_6281 CLU_6411 21309 
CLU_6281 CLU_6412 21287 
CLU_6281 CLU_6414 44096 
CLU_6281 CLU_6415 50018 
CLU_6281 CLU_6417 65168 
CLU_6282 3143309772235 5099 
CLU_6282 3143309772251 3832 
CLU_6282 3143309812059 5794 
CLU_6282 3143305305063 2808 
CLU_6282 3143307781067 2063 
CLU_6282 3143309132481 2603 
CLU_6282 3143307831331 2875 
CLU_6282 3143300659134 4714 
CLU_6282 3143303180158 6587 
CLU_6282 3143307821506 6511 
CLU_6282 3143302150107 9332 
CLU_6282 3143309775978 6511 
CLU_6282 3143302219107 9504 
CLU_6282 3143302219352 5992 
CLU_6282 3143303180182 2737 
CLU_6282 3143302150042 1948 
CLU_6282 3143302219085 1489 
CLU_6282 3143309812032 3643 
CLU_6282 3143302149915 3126 
CLU_6282 3143307299079 2631 
CLU_6282 3143302150018 1490 
CLU_6282 3143302218984 409 
CLU_6282 3143306065295 2664 
CLU_6282 3143302219069 8450 
CLU_6282 3143306629296 900 
CLU_6282 3143302149923 1438 
CLU_6282 3143306065341 2024 
CLU_6282 3143306329705 2968 
CLU_6282 3143306297943 7291 
CLU_6282 3143307780621 6565 
CLU_6282 3143303180166 6511 
CLU_6282 3143302149893 1020 
CLU_6282 3143302150026 5984 
CLU_6282 3143300550108 1927 
CLU_6282 3143303413578 21307 
CLU_6282 3143306329632 10114 
CLU_6282 3143305212588 10212 
CLU_6282 3143309812083 3895 
CLU_6282 3143306023282 4492 
CLU_6282 3143302218968 7588 
CLU_6282 3143309772227 2603 
CLU_6282 3143302203480 6031 
CLU_6282 3143302150085 2631 
CLU_6282 3143300211826 9229 
CLU_6282 3143302149931 6729 
CLU_6282 3143309352511 1698 
CLU_6282 3143309251553 4271 
CLU_6282 3143305998220 3875 
CLU_6282 3143309690905 4788 
CLU_6282 3143307608756 1816 
CLU_6282 3143306409911 1927 
CLU_6282 3143307780907 8615 
CLU_6282 3143309936424 5473 
CLU_6282 3143309812075 4965 
CLU_6282 3143306301304 3895 
CLU_6282 3143303688100 5558 
CLU_6282 3143303180115 3832 
CLU_6282 3143305302854 2540 
CLU_6282 3143302219212 2347 
CLU_6282 3143302149958 7878 
CLU_6282 3143307951345 4283 
CLU_6282 3143302219077 5173 
CLU_6282 3143302219344 8450 
CLU_6282 3143307607660 9332 
CLU_6282 3143302150069 0 
CLU_6282 3143307809131 4234 
CLU_6282 3143300186252 9625 
CLU_6282 3143304701852 4578 
CLU_6282 3143307836619 3643 
CLU_6282 3143305212545 7607 
CLU_6282 3143302150077 1816 
CLU_6282 3143302150034 2044 
CLU_6282 3143302219409 49626 
CLU_6282 3143305212529 30087 
CLU_6282 3143302219379 49626 
CLU_6282 CLU_3233 34147 
CLU_6282 CLU_6117 47904 
CLU_6282 CLU_6299 21220 
CLU_6282 CLU_6301 15485 
CLU_6282 CLU_6381 14232 
CLU_6282 CLU_6398 16809 
CLU_6282 CLU_6409 44072 
CLU_6282 CLU_6410 25536 
CLU_6282 CLU_6411 20993 
CLU_6282 CLU_6412 20975 
CLU_6282 CLU_6414 43730 
CLU_6282 CLU_6415 49616 
CLU_6282 CLU_6417 64774 
CLU_6283 3143309772235 5160 
CLU_6283 3143309772251 3822 
CLU_6283 3143309812059 5781 
CLU_6283 3143305305063 2944 
CLU_6283 3143307781067 1937 
CLU_6283 3143309132481 2211 
CLU_6283 3143307831331 2465 
CLU_6283 3143300659134 4270 
CLU_6283 3143303180158 6360 
CLU_6283 3143307821506 6363 
CLU_6283 3143302150107 9079 
CLU_6283 3143309775978 6363 
CLU_6283 3143302219107 9546 
CLU_6283 3143302219352 6078 
CLU_6283 3143303180182 3207 
CLU_6283 3143302150042 2328 
CLU_6283 3143302219085 1994 
CLU_6283 3143309812032 3084 
CLU_6283 3143302149915 2406 
CLU_6283 3143307299079 3340 
CLU_6283 3143302150018 2096 
CLU_6283 3143302218984 737 
CLU_6283 3143306065295 1915 
CLU_6283 3143302219069 8766 
CLU_6283 3143306629296 1292 
CLU_6283 3143302149923 823 
CLU_6283 3143306065341 1758 
CLU_6283 3143306329705 2216 
CLU_6283 3143306297943 6996 
CLU_6283 3143307780621 6270 
CLU_6283 3143303180166 6363 
CLU_6283 3143302149893 1278 
CLU_6283 3143302150026 6552 
CLU_6283 3143300550108 1519 
CLU_6283 3143303413578 20601 
CLU_6283 3143306329632 10196 
CLU_6283 3143305212588 10957 
CLU_6283 3143309812083 3528 
CLU_6283 3143306023282 4703 
CLU_6283 3143302218968 7390 
CLU_6283 3143309772227 2211 
CLU_6283 3143302203480 6315 
CLU_6283 3143302150085 3340 
CLU_6283 3143300211826 9509 
CLU_6283 3143302149931 6999 
CLU_6283 3143309352511 1085 
CLU_6283 3143309251553 4690 
CLU_6283 3143305998220 4366 
CLU_6283 3143309690905 5383 
CLU_6283 3143307608756 2015 
CLU_6283 3143306409911 1519 
CLU_6283 3143307780907 8837 
CLU_6283 3143309936424 6092 
CLU_6283 3143309812075 4633 
CLU_6283 3143306301304 3528 
CLU_6283 3143303688100 5146 
CLU_6283 3143303180115 3822 
CLU_6283 3143305302854 2861 
CLU_6283 3143302219212 2360 
CLU_6283 3143302149958 7913 
CLU_6283 3143307951345 3647 
CLU_6283 3143302219077 5680 
CLU_6283 3143302219344 8766 
CLU_6283 3143307607660 9079 
CLU_6283 3143302150069 752 
CLU_6283 3143307809131 3500 
CLU_6283 3143300186252 9882 
CLU_6283 3143304701852 4276 
CLU_6283 3143307836619 3084 
CLU_6283 3143305212545 8106 
CLU_6283 3143302150077 2015 
CLU_6283 3143302150034 2793 
CLU_6283 3143302219409 49531 
CLU_6283 3143305212529 30181 
CLU_6283 3143302219379 49531 
CLU_6283 CLU_3233 33880 
CLU_6283 CLU_6117 47486 
CLU_6283 CLU_6299 21377 
CLU_6283 CLU_6301 15470 
CLU_6283 CLU_6381 14158 
CLU_6283 CLU_6398 17361 
CLU_6283 CLU_6409 43682 
CLU_6283 CLU_6410 25427 
CLU_6283 CLU_6411 20724 
CLU_6283 CLU_6412 20695 
CLU_6283 CLU_6414 43621 
CLU_6283 CLU_6415 49710 
CLU_6283 CLU_6417 64810 
CLU_6284 3143309772235 4565 
CLU_6284 3143309772251 3221 
CLU_6284 3143309812059 5177 
CLU_6284 3143305305063 2382 
CLU_6284 3143307781067 1331 
CLU_6284 3143309132481 1661 
CLU_6284 3143307831331 1926 
CLU_6284 3143300659134 3758 
CLU_6284 3143303180158 5768 
CLU_6284 3143307821506 5760 
CLU_6284 3143302150107 8496 
CLU_6284 3143309775978 5760 
CLU_6284 3143302219107 8945 
CLU_6284 3143302219352 5486 
CLU_6284 3143303180182 2819 
CLU_6284 3143302150042 1910 
CLU_6284 3143302219085 1697 
CLU_6284 3143309812032 2660 
CLU_6284 3143302149915 2257 
CLU_6284 3143307299079 3232 
CLU_6284 3143302150018 2470 
CLU_6284 3143302218984 1187 
CLU_6284 3143306065295 2049 
CLU_6284 3143302219069 8241 
CLU_6284 3143306629296 1773 
CLU_6284 3143302149923 1329 
CLU_6284 3143306065341 2355 
CLU_6284 3143306329705 2317 
CLU_6284 3143306297943 7561 
CLU_6284 3143307780621 5695 
CLU_6284 3143303180166 5760 
CLU_6284 3143302149893 892 
CLU_6284 3143302150026 6207 
CLU_6284 3143300550108 2090 
CLU_6284 3143303413578 20805 
CLU_6284 3143306329632 9599 
CLU_6284 3143305212588 11076 
CLU_6284 3143309812083 2974 
CLU_6284 3143306023282 4149 
CLU_6284 3143302218968 6794 
CLU_6284 3143309772227 1661 
CLU_6284 3143302203480 5783 
CLU_6284 3143302150085 3232 
CLU_6284 3143300211826 8968 
CLU_6284 3143302149931 6458 
CLU_6284 3143309352511 755 
CLU_6284 3143309251553 4240 
CLU_6284 3143305998220 3973 
CLU_6284 3143309690905 5076 
CLU_6284 3143307608756 2582 
CLU_6284 3143306409911 2090 
CLU_6284 3143307780907 8276 
CLU_6284 3143309936424 5807 
CLU_6284 3143309812075 4068 
CLU_6284 3143306301304 2974 
CLU_6284 3143303688100 4618 
CLU_6284 3143303180115 3221 
CLU_6284 3143305302854 2385 
CLU_6284 3143302219212 1772 
CLU_6284 3143302149958 7311 
CLU_6284 3143307951345 3314 
CLU_6284 3143302219077 5286 
CLU_6284 3143302219344 8241 
CLU_6284 3143307607660 8496 
CLU_6284 3143302150069 982 
CLU_6284 3143307809131 3674 
CLU_6284 3143300186252 9331 
CLU_6284 3143304701852 3700 
CLU_6284 3143307836619 2660 
CLU_6284 3143305212545 7693 
CLU_6284 3143302150077 2582 
CLU_6284 3143302150034 2830 
CLU_6284 3143302219409 48927 
CLU_6284 3143305212529 29583 
CLU_6284 3143302219379 48927 
CLU_6284 CLU_3233 33304 
CLU_6284 CLU_6117 46969 
CLU_6284 CLU_6299 20792 
CLU_6284 CLU_6301 16077 
CLU_6284 CLU_6381 14762 
CLU_6284 CLU_6398 16977 
CLU_6284 CLU_6409 43151 
CLU_6284 CLU_6410 24823 
CLU_6284 CLU_6411 20148 
CLU_6284 CLU_6412 20122 
CLU_6284 CLU_6414 43017 
CLU_6284 CLU_6415 49111 
CLU_6284 CLU_6417 64205 
CLU_6285 3143309772235 5598 
CLU_6285 3143309772251 4232 
CLU_6285 3143309812059 6045 
CLU_6285 3143305305063 3708 
CLU_6285 3143307781067 2491 
CLU_6285 3143309132481 2125 
CLU_6285 3143307831331 2256 
CLU_6285 3143300659134 3677 
CLU_6285 3143303180158 6151 
CLU_6285 3143307821506 6323 
CLU_6285 3143302150107 8731 
CLU_6285 3143309775978 6323 
CLU_6285 3143302219107 9803 
CLU_6285 3143302219352 6517 
CLU_6285 3143303180182 4413 
CLU_6285 3143302150042 3499 
CLU_6285 3143302219085 3329 
CLU_6285 3143309812032 2303 
CLU_6285 3143302149915 1074 
CLU_6285 3143307299079 4830 
CLU_6285 3143302150018 3520 
CLU_6285 3143302218984 2202 
CLU_6285 3143306065295 420 
CLU_6285 3143302219069 9558 
CLU_6285 3143306629296 2641 
CLU_6285 3143302149923 1172 
CLU_6285 3143306065341 2144 
CLU_6285 3143306329705 690 
CLU_6285 3143306297943 6632 
CLU_6285 3143307780621 5913 
CLU_6285 3143303180166 6323 
CLU_6285 3143302149893 2520 
CLU_6285 3143302150026 7806 
CLU_6285 3143300550108 1731 
CLU_6285 3143303413578 19174 
CLU_6285 3143306329632 10520 
CLU_6285 3143305212588 12486 
CLU_6285 3143309812083 3215 
CLU_6285 3143306023282 5432 
CLU_6285 3143302218968 7205 
CLU_6285 3143309772227 2125 
CLU_6285 3143302203480 7105 
CLU_6285 3143302150085 4830 
CLU_6285 3143300211826 10224 
CLU_6285 3143302149931 7742 
CLU_6285 3143309352511 1096 
CLU_6285 3143309251553 5755 
CLU_6285 3143305998220 5551 
CLU_6285 3143309690905 6695 
CLU_6285 3143307608756 3032 
CLU_6285 3143306409911 1731 
CLU_6285 3143307780907 9454 
CLU_6285 3143309936424 7432 
CLU_6285 3143309812075 4289 
CLU_6285 3143306301304 3215 
CLU_6285 3143303688100 4569 
CLU_6285 3143303180115 4232 
CLU_6285 3143305302854 3902 
CLU_6285 3143302219212 3031 
CLU_6285 3143302149958 8191 
CLU_6285 3143307951345 2544 
CLU_6285 3143302219077 6853 
CLU_6285 3143302219344 9558 
CLU_6285 3143307607660 8731 
CLU_6285 3143302150069 2292 
CLU_6285 3143307809131 2044 
CLU_6285 3143300186252 10548 
CLU_6285 3143304701852 4030 
CLU_6285 3143307836619 2303 
CLU_6285 3143305212545 9229 
CLU_6285 3143302150077 3032 
CLU_6285 3143302150034 4330 
CLU_6285 3143302219409 49363 
CLU_6285 3143305212529 30420 
CLU_6285 3143302219379 49363 
CLU_6285 CLU_3233 33369 
CLU_6285 CLU_6117 46649 
CLU_6285 CLU_6299 21768 
CLU_6285 CLU_6301 15565 
CLU_6285 CLU_6381 14143 
CLU_6285 CLU_6398 18528 
CLU_6285 CLU_6409 42905 
CLU_6285 CLU_6410 25261 
CLU_6285 CLU_6411 20241 
CLU_6285 CLU_6412 20188 
CLU_6285 CLU_6414 43426 
CLU_6285 CLU_6415 49925 
CLU_6285 CLU_6417 64900 
CLU_6286 3143309772235 5230 
CLU_6286 3143309772251 3858 
CLU_6286 3143309812059 5727 
CLU_6286 3143305305063 3249 
CLU_6286 3143307781067 2047 
CLU_6286 3143309132481 1833 
CLU_6286 3143307831331 2013 
CLU_6286 3143300659134 3621 
CLU_6286 3143303180158 5979 
CLU_6286 3143307821506 6097 
CLU_6286 3143302150107 8619 
CLU_6286 3143309775978 6097 
CLU_6286 3143302219107 9502 
CLU_6286 3143302219352 6155 
CLU_6286 3143303180182 3896 
CLU_6286 3143302150042 2982 
CLU_6286 3143302219085 2804 
CLU_6286 3143309812032 2297 
CLU_6286 3143302149915 1354 
CLU_6286 3143307299079 4313 
CLU_6286 3143302150018 3131 
CLU_6286 3143302218984 1780 
CLU_6286 3143306065295 943 
CLU_6286 3143302219069 9121 
CLU_6286 3143306629296 2275 
CLU_6286 3143302149923 962 
CLU_6286 3143306065341 2082 
CLU_6286 3143306329705 1212 
CLU_6286 3143306297943 6905 
CLU_6286 3143307780621 5791 
CLU_6286 3143303180166 6097 
CLU_6286 3143302149893 1996 
CLU_6286 3143302150026 7289 
CLU_6286 3143300550108 1694 
CLU_6286 3143303413578 19699 
CLU_6286 3143306329632 10202 
CLU_6286 3143305212588 12028 
CLU_6286 3143309812083 3043 
CLU_6286 3143306023282 4995 
CLU_6286 3143302218968 7031 
CLU_6286 3143309772227 1833 
CLU_6286 3143302203480 6663 
CLU_6286 3143302150085 4313 
CLU_6286 3143300211826 9806 
CLU_6286 3143302149931 7312 
CLU_6286 3143309352511 644 
CLU_6286 3143309251553 5258 
CLU_6286 3143305998220 5038 
CLU_6286 3143309690905 6173 
CLU_6286 3143307608756 2796 
CLU_6286 3143306409911 1694 
CLU_6286 3143307780907 9057 
CLU_6286 3143309936424 6908 
CLU_6286 3143309812075 4147 
CLU_6286 3143306301304 3043 
CLU_6286 3143303688100 4518 
CLU_6286 3143303180115 3858 
CLU_6286 3143305302854 3401 
CLU_6286 3143302219212 2579 
CLU_6286 3143302149958 7879 
CLU_6286 3143307951345 2707 
CLU_6286 3143302219077 6345 
CLU_6286 3143302219344 9121 
CLU_6286 3143307607660 8619 
CLU_6286 3143302150069 1816 
CLU_6286 3143307809131 2569 
CLU_6286 3143300186252 10141 
CLU_6286 3143304701852 3849 
CLU_6286 3143307836619 2297 
CLU_6286 3143305212545 8730 
CLU_6286 3143302150077 2796 
CLU_6286 3143302150034 3836 
CLU_6286 3143302219409 49214 
CLU_6286 3143305212529 30141 
CLU_6286 3143302219379 49214 
CLU_6286 CLU_3233 33336 
CLU_6286 CLU_6117 46743 
CLU_6286 CLU_6299 21442 
CLU_6286 CLU_6301 15716 
CLU_6286 CLU_6381 14328 
CLU_6286 CLU_6398 18026 
CLU_6286 CLU_6409 42974 
CLU_6286 CLU_6410 25106 
CLU_6286 CLU_6411 20193 
CLU_6286 CLU_6412 20149 
CLU_6286 CLU_6414 43285 
CLU_6286 CLU_6415 49656 
CLU_6286 CLU_6417 64670 
CLU_6287 3143309772235 5946 
CLU_6287 3143309772251 4588 
CLU_6287 3143309812059 6362 
CLU_6287 3143305305063 4108 
CLU_6287 3143307781067 2889 
CLU_6287 3143309132481 2455 
CLU_6287 3143307831331 2556 
CLU_6287 3143300659134 3831 
CLU_6287 3143303180158 6369 
CLU_6287 3143307821506 6578 
CLU_6287 3143302150107 8898 
CLU_6287 3143309775978 6578 
CLU_6287 3143302219107 10102 
CLU_6287 3143302219352 6860 
CLU_6287 3143303180182 4834 
CLU_6287 3143302150042 3920 
CLU_6287 3143302219085 3746 
CLU_6287 3143309812032 2448 
CLU_6287 3143302149915 1062 
CLU_6287 3143307299079 5231 
CLU_6287 3143302150018 3818 
CLU_6287 3143302218984 2537 
CLU_6287 3143306065295 0 
CLU_6287 3143302219069 9942 
CLU_6287 3143306629296 2932 
CLU_6287 3143302149923 1418 
CLU_6287 3143306065341 2225 
CLU_6287 3143306329705 311 
CLU_6287 3143306297943 6384 
CLU_6287 3143307780621 6097 
CLU_6287 3143303180166 6578 
CLU_6287 3143302149893 2939 
CLU_6287 3143302150026 8226 
CLU_6287 3143300550108 1815 
CLU_6287 3143303413578 18757 
CLU_6287 3143306329632 10830 
CLU_6287 3143305212588 12825 
CLU_6287 3143309812083 3456 
CLU_6287 3143306023282 5819 
CLU_6287 3143302218968 7422 
CLU_6287 3143309772227 2455 
CLU_6287 3143302203480 7494 
CLU_6287 3143302150085 5231 
CLU_6287 3143300211826 10597 
CLU_6287 3143302149931 8124 
CLU_6287 3143309352511 1507 
CLU_6287 3143309251553 6169 
CLU_6287 3143305998220 5971 
CLU_6287 3143309690905 7116 
CLU_6287 3143307608756 3221 
CLU_6287 3143306409911 1815 
CLU_6287 3143307780907 9815 
CLU_6287 3143309936424 7852 
CLU_6287 3143309812075 4498 
CLU_6287 3143306301304 3456 
CLU_6287 3143303688100 4710 
CLU_6287 3143303180115 4588 
CLU_6287 3143305302854 4319 
CLU_6287 3143302219212 3430 
CLU_6287 3143302149958 8500 
CLU_6287 3143307951345 2548 
CLU_6287 3143302219077 7272 
CLU_6287 3143302219344 9942 
CLU_6287 3143307607660 8898 
CLU_6287 3143302150069 2664 
CLU_6287 3143307809131 1625 
CLU_6287 3143300186252 10914 
CLU_6287 3143304701852 4267 
CLU_6287 3143307836619 2448 
CLU_6287 3143305212545 9644 
CLU_6287 3143302150077 3221 
CLU_6287 3143302150034 4708 
CLU_6287 3143302219409 49541 
CLU_6287 3143305212529 30696 
CLU_6287 3143302219379 49541 
CLU_6287 CLU_3233 33461 
CLU_6287 CLU_6117 46638 
CLU_6287 CLU_6299 22077 
CLU_6287 CLU_6301 15398 
CLU_6287 CLU_6381 13952 
CLU_6287 CLU_6398 18944 
CLU_6287 CLU_6409 42913 
CLU_6287 CLU_6410 25447 
CLU_6287 CLU_6411 20347 
CLU_6287 CLU_6412 20288 
CLU_6287 CLU_6414 43600 
CLU_6287 CLU_6415 50192 
CLU_6287 CLU_6417 65139 
CLU_6288 3143309772235 5605 
CLU_6288 3143309772251 4256 
CLU_6288 3143309812059 5998 
CLU_6288 3143305305063 3840 
CLU_6288 3143307781067 2623 
CLU_6288 3143309132481 2111 
CLU_6288 3143307831331 2192 
CLU_6288 3143300659134 3437 
CLU_6288 3143303180158 5976 
CLU_6288 3143307821506 6192 
CLU_6288 3143302150107 8504 
CLU_6288 3143309775978 6192 
CLU_6288 3143302219107 9729 
CLU_6288 3143302219352 6514 
CLU_6288 3143303180182 4656 
CLU_6288 3143302150042 3747 
CLU_6288 3143302219085 3626 
CLU_6288 3143309812032 2054 
CLU_6288 3143302149915 697 
CLU_6288 3143307299079 5171 
CLU_6288 3143302150018 3939 
CLU_6288 3143302218984 2612 
CLU_6288 3143306065295 394 
CLU_6288 3143302219069 9637 
CLU_6288 3143306629296 3062 
CLU_6288 3143302149923 1592 
CLU_6288 3143306065341 2524 
CLU_6288 3143306329705 449 
CLU_6288 3143306297943 6776 
CLU_6288 3143307780621 5702 
CLU_6288 3143303180166 6192 
CLU_6288 3143302149893 2814 
CLU_6288 3143302150026 8041 
CLU_6288 3143300550108 2109 
CLU_6288 3143303413578 18895 
CLU_6288 3143306329632 10461 
CLU_6288 3143305212588 12886 
CLU_6288 3143309812083 3068 
CLU_6288 3143306023282 5523 
CLU_6288 3143302218968 7028 
CLU_6288 3143309772227 2111 
CLU_6288 3143302203480 7197 
CLU_6288 3143302150085 5171 
CLU_6288 3143300211826 10278 
CLU_6288 3143302149931 7816 
CLU_6288 3143309352511 1301 
CLU_6288 3143309251553 5940 
CLU_6288 3143305998220 5775 
CLU_6288 3143309690905 6956 
CLU_6288 3143307608756 3448 
CLU_6288 3143306409911 2109 
CLU_6288 3143307780907 9482 
CLU_6288 3143309936424 7700 
CLU_6288 3143309812075 4104 
CLU_6288 3143306301304 3068 
CLU_6288 3143303688100 4318 
CLU_6288 3143303180115 4256 
CLU_6288 3143305302854 4105 
CLU_6288 3143302219212 3163 
CLU_6288 3143302149958 8131 
CLU_6288 3143307951345 2188 
CLU_6288 3143302219077 7065 
CLU_6288 3143302219344 9637 
CLU_6288 3143307607660 8504 
CLU_6288 3143302150069 2680 
CLU_6288 3143307809131 1806 
CLU_6288 3143300186252 10586 
CLU_6288 3143304701852 3878 
CLU_6288 3143307836619 2054 
CLU_6288 3143305212545 9413 
CLU_6288 3143302150077 3448 
CLU_6288 3143302150034 4705 
CLU_6288 3143302219409 49147 
CLU_6288 3143305212529 30313 
CLU_6288 3143302219379 49147 
CLU_6288 CLU_3233 33080 
CLU_6288 CLU_6117 46293 
CLU_6288 CLU_6299 21707 
CLU_6288 CLU_6301 15792 
CLU_6288 CLU_6381 14347 
CLU_6288 CLU_6398 18713 
CLU_6288 CLU_6409 42560 
CLU_6288 CLU_6410 25053 
CLU_6288 CLU_6411 19962 
CLU_6288 CLU_6412 19904 
CLU_6288 CLU_6414 43206 
CLU_6288 CLU_6415 49806 
CLU_6288 CLU_6417 64748 
CLU_6289 3143309772235 6046 
CLU_6289 3143309772251 4701 
CLU_6289 3143309812059 6425 
CLU_6289 3143305305063 4287 
CLU_6289 3143307781067 3068 
CLU_6289 3143309132481 2553 
CLU_6289 3143307831331 2623 
CLU_6289 3143300659134 3760 
CLU_6289 3143303180158 6340 
CLU_6289 3143307821506 6581 
CLU_6289 3143302150107 8822 
CLU_6289 3143309775978 6581 
CLU_6289 3143302219107 10142 
CLU_6289 3143302219352 6952 
CLU_6289 3143303180182 5073 
CLU_6289 3143302150042 4162 
CLU_6289 3143302219085 4012 
CLU_6289 3143309812032 2387 
CLU_6289 3143302149915 946 
CLU_6289 3143307299079 5520 
CLU_6289 3143302150018 4130 
CLU_6289 3143302218984 2848 
CLU_6289 3143306065295 311 
CLU_6289 3143302219069 10086 
CLU_6289 3143306629296 3243 
CLU_6289 3143302149923 1728 
CLU_6289 3143306065341 2491 
CLU_6289 3143306329705 0 
CLU_6289 3143306297943 6419 
CLU_6289 3143307780621 6040 
CLU_6289 3143303180166 6581 
CLU_6289 3143302149893 3202 
CLU_6289 3143302150026 8463 
CLU_6289 3143300550108 2085 
CLU_6289 3143303413578 18493 
CLU_6289 3143306329632 10880 
CLU_6289 3143305212588 13136 
CLU_6289 3143309812083 3460 
CLU_6289 3143306023282 5972 
CLU_6289 3143302218968 7388 
CLU_6289 3143309772227 2553 
CLU_6289 3143302203480 7647 
CLU_6289 3143302150085 5520 
CLU_6289 3143300211826 10724 
CLU_6289 3143302149931 8265 
CLU_6289 3143309352511 1724 
CLU_6289 3143309251553 6378 
CLU_6289 3143305998220 6201 
CLU_6289 3143309690905 7366 
CLU_6289 3143307608756 3515 
CLU_6289 3143306409911 2085 
CLU_6289 3143307780907 9925 
CLU_6289 3143309936424 8106 
CLU_6289 3143309812075 4467 
CLU_6289 3143306301304 3460 
CLU_6289 3143303688100 4625 
CLU_6289 3143303180115 4701 
CLU_6289 3143305302854 4537 
CLU_6289 3143302219212 3609 
CLU_6289 3143302149958 8551 
CLU_6289 3143307951345 2385 
CLU_6289 3143302219077 7496 
CLU_6289 3143302219344 10086 
CLU_6289 3143307607660 8822 
CLU_6289 3143302150069 2968 
CLU_6289 3143307809131 1375 
CLU_6289 3143300186252 11030 
CLU_6289 3143304701852 4262 
CLU_6289 3143307836619 2387 
CLU_6289 3143305212545 9852 
CLU_6289 3143302150077 3515 
CLU_6289 3143302150034 5010 
CLU_6289 3143302219409 49465 
CLU_6289 3143305212529 30707 
CLU_6289 3143302219379 49465 
CLU_6289 CLU_3233 33322 
CLU_6289 CLU_6117 46434 
CLU_6289 CLU_6299 22123 
CLU_6289 CLU_6301 15493 
CLU_6289 CLU_6381 14028 
CLU_6289 CLU_6398 19153 
CLU_6289 CLU_6409 42721 
CLU_6289 CLU_6410 25379 
CLU_6289 CLU_6411 20220 
CLU_6289 CLU_6412 20156 
CLU_6289 CLU_6414 43519 
CLU_6289 CLU_6415 50192 
CLU_6289 CLU_6417 65113 
CLU_6290 3143309772235 7273 
CLU_6290 3143309772251 5961 
CLU_6290 3143309812059 7573 
CLU_6290 3143305305063 5636 
CLU_6290 3143307781067 4422 
CLU_6290 3143309132481 3823 
CLU_6290 3143307831331 3843 
CLU_6290 3143300659134 4597 
CLU_6290 3143303180158 7239 
CLU_6290 3143307821506 7573 
CLU_6290 3143302150107 9530 
CLU_6290 3143309775978 7573 
CLU_6290 3143302219107 11209 
CLU_6290 3143302219352 8159 
CLU_6290 3143303180182 6448 
CLU_6290 3143302150042 5536 
CLU_6290 3143302219085 5372 
CLU_6290 3143309812032 3338 
CLU_6290 3143302149915 1992 
CLU_6290 3143307299079 6838 
CLU_6290 3143302150018 5220 
CLU_6290 3143302218984 4048 
CLU_6290 3143306065295 1625 
CLU_6290 3143302219069 11377 
CLU_6290 3143306629296 4344 
CLU_6290 3143302149923 2857 
CLU_6290 3143306065341 3229 
CLU_6290 3143306329705 1375 
CLU_6290 3143306297943 5798 
CLU_6290 3143307780621 6855 
CLU_6290 3143303180166 7573 
CLU_6290 3143302149893 4565 
CLU_6290 3143302150026 9838 
CLU_6290 3143300550108 2897 
CLU_6290 3143303413578 17131 
CLU_6290 3143306329632 11972 
CLU_6290 3143305212588 14267 
CLU_6290 3143309812083 4519 
CLU_6290 3143306023282 7286 
CLU_6290 3143302218968 8260 
CLU_6290 3143309772227 3823 
CLU_6290 3143302203480 8956 
CLU_6290 3143302150085 6838 
CLU_6290 3143300211826 11986 
CLU_6290 3143302149931 9555 
CLU_6290 3143309352511 3099 
CLU_6290 3143309251553 7746 
CLU_6290 3143305998220 7576 
CLU_6290 3143309690905 8738 
CLU_6290 3143307608756 4388 
CLU_6290 3143306409911 2897 
CLU_6290 3143307780907 11157 
CLU_6290 3143309936424 9476 
CLU_6290 3143309812075 5402 
CLU_6290 3143306301304 4519 
CLU_6290 3143303688100 5377 
CLU_6290 3143303180115 5961 
CLU_6290 3143305302854 5910 
CLU_6290 3143302219212 4960 
CLU_6290 3143302149958 9655 
CLU_6290 3143307951345 2989 
CLU_6290 3143302219077 8870 
CLU_6290 3143302219344 11377 
CLU_6290 3143307607660 9530 
CLU_6290 3143302150069 4234 
CLU_6290 3143307809131 0 
CLU_6290 3143300186252 12272 
CLU_6290 3143304701852 5275 
CLU_6290 3143307836619 3338 
CLU_6290 3143305212545 11219 
CLU_6290 3143302150077 4388 
CLU_6290 3143302150034 6273 
CLU_6290 3143302219409 50090 
CLU_6290 3143305212529 31652 
CLU_6290 3143302219379 50090 
CLU_6290 CLU_3233 33681 
CLU_6290 CLU_6117 46445 
CLU_6290 CLU_6299 23180 
CLU_6290 CLU_6301 15031 
CLU_6290 CLU_6381 13490 
CLU_6290 CLU_6398 20517 
CLU_6290 CLU_6409 42801 
CLU_6290 CLU_6410 26053 
CLU_6290 CLU_6411 20656 
CLU_6290 CLU_6412 20571 
CLU_6290 CLU_6414 44131 
CLU_6290 CLU_6415 51098 
CLU_6290 CLU_6417 65922 
CLU_6291 3143309772235 5979 
CLU_6291 3143309772251 4728 
CLU_6291 3143309812059 6686 
CLU_6291 3143305305063 3683 
CLU_6291 3143307781067 2958 
CLU_6291 3143309132481 3433 
CLU_6291 3143307831331 3700 
CLU_6291 3143300659134 5529 
CLU_6291 3143303180158 7479 
CLU_6291 3143307821506 7411 
CLU_6291 3143302150107 10222 
CLU_6291 3143309775978 7411 
CLU_6291 3143302219107 10382 
CLU_6291 3143302219352 6864 
CLU_6291 3143303180182 3431 
CLU_6291 3143302150042 2742 
CLU_6291 3143302219085 2221 
CLU_6291 3143309812032 4374 
CLU_6291 3143302149915 3628 
CLU_6291 3143307299079 2922 
CLU_6291 3143302150018 887 
CLU_6291 3143302218984 585 
CLU_6291 3143306065295 2932 
CLU_6291 3143302219069 9201 
CLU_6291 3143306629296 0 
CLU_6291 3143302149923 1519 
CLU_6291 3143306065341 1506 
CLU_6291 3143306329705 3243 
CLU_6291 3143306297943 6609 
CLU_6291 3143307780621 7442 
CLU_6291 3143303180166 7411 
CLU_6291 3143302149893 1907 
CLU_6291 3143302150026 6491 
CLU_6291 3143300550108 1596 
CLU_6291 3143303413578 21207 
CLU_6291 3143306329632 10979 
CLU_6291 3143305212588 9927 
CLU_6291 3143309812083 4743 
CLU_6291 3143306023282 5326 
CLU_6291 3143302218968 8485 
CLU_6291 3143309772227 3433 
CLU_6291 3143302203480 6815 
CLU_6291 3143302150085 2922 
CLU_6291 3143300211826 10001 
CLU_6291 3143302149931 7518 
CLU_6291 3143309352511 2377 
CLU_6291 3143309251553 4975 
CLU_6291 3143305998220 4515 
CLU_6291 3143309690905 5270 
CLU_6291 3143307608756 935 
CLU_6291 3143306409911 1596 
CLU_6291 3143307780907 9424 
CLU_6291 3143309936424 5900 
CLU_6291 3143309812075 5829 
CLU_6291 3143306301304 4743 
CLU_6291 3143303688100 6391 
CLU_6291 3143303180115 4728 
CLU_6291 3143305302854 3347 
CLU_6291 3143302219212 3245 
CLU_6291 3143302149958 8759 
CLU_6291 3143307951345 4932 
CLU_6291 3143302219077 5772 
CLU_6291 3143302219344 9201 
CLU_6291 3143307607660 10222 
CLU_6291 3143302150069 900 
CLU_6291 3143307809131 4344 
CLU_6291 3143300186252 10411 
CLU_6291 3143304701852 5451 
CLU_6291 3143307836619 4374 
CLU_6291 3143305212545 8192 
CLU_6291 3143302150077 935 
CLU_6291 3143302150034 2144 
CLU_6291 3143302219409 50523 
CLU_6291 3143305212529 30940 
CLU_6291 3143302219379 50523 
CLU_6291 CLU_3233 35037 
CLU_6291 CLU_6117 48742 
CLU_6291 CLU_6299 22047 
CLU_6291 CLU_6301 14617 
CLU_6291 CLU_6381 13387 
CLU_6291 CLU_6398 17292 
CLU_6291 CLU_6409 44923 
CLU_6291 CLU_6410 26435 
CLU_6291 CLU_6411 21882 
CLU_6291 CLU_6412 21861 
CLU_6291 CLU_6414 44629 
CLU_6291 CLU_6415 50467 
CLU_6291 CLU_6417 65644 
CLU_6292 3143309772235 5869 
CLU_6292 3143309772251 4509 
CLU_6292 3143309812059 6443 
CLU_6292 3143305305063 3712 
CLU_6292 3143307781067 2618 
CLU_6292 3143309132481 2664 
CLU_6292 3143307831331 2881 
CLU_6292 3143300659134 4567 
CLU_6292 3143303180158 6853 
CLU_6292 3143307821506 6923 
CLU_6292 3143302150107 9527 
CLU_6292 3143309775978 6923 
CLU_6292 3143302219107 10222 
CLU_6292 3143302219352 6793 
CLU_6292 3143303180182 4030 
CLU_6292 3143302150042 3151 
CLU_6292 3143302219085 2810 
CLU_6292 3143309812032 3258 
CLU_6292 3143302149915 2227 
CLU_6292 3143307299079 4069 
CLU_6292 3143302150018 2406 
CLU_6292 3143302218984 1195 
CLU_6292 3143306065295 1418 
CLU_6292 3143302219069 9565 
CLU_6292 3143306629296 1519 
CLU_6292 3143302149923 0 
CLU_6292 3143306065341 1148 
CLU_6292 3143306329705 1728 
CLU_6292 3143306297943 6237 
CLU_6292 3143307780621 6699 
CLU_6292 3143303180166 6923 
CLU_6292 3143302149893 2100 
CLU_6292 3143302150026 7365 
CLU_6292 3143300550108 800 
CLU_6292 3143303413578 19874 
CLU_6292 3143306329632 10893 
CLU_6292 3143305212588 11438 
CLU_6292 3143309812083 3939 
CLU_6292 3143306023282 5479 
CLU_6292 3143302218968 7900 
CLU_6292 3143309772227 2664 
CLU_6292 3143302203480 7110 
CLU_6292 3143302150085 4069 
CLU_6292 3143300211826 10297 
CLU_6292 3143302149931 7787 
CLU_6292 3143309352511 1408 
CLU_6292 3143309251553 5511 
CLU_6292 3143305998220 5189 
CLU_6292 3143309690905 6188 
CLU_6292 3143307608756 1866 
CLU_6292 3143306409911 800 
CLU_6292 3143307780907 9605 
CLU_6292 3143309936424 6889 
CLU_6292 3143309812075 5051 
CLU_6292 3143306301304 3939 
CLU_6292 3143303688100 5463 
CLU_6292 3143303180115 4509 
CLU_6292 3143305302854 3676 
CLU_6292 3143302219212 3093 
CLU_6292 3143302149958 8590 
CLU_6292 3143307951345 3649 
CLU_6292 3143302219077 6502 
CLU_6292 3143302219344 9565 
CLU_6292 3143307607660 9527 
CLU_6292 3143302150069 1438 
CLU_6292 3143307809131 2857 
CLU_6292 3143300186252 10661 
CLU_6292 3143304701852 4731 
CLU_6292 3143307836619 3258 
CLU_6292 3143305212545 8929 
CLU_6292 3143302150077 1866 
CLU_6292 3143302150034 3437 
CLU_6292 3143302219409 50081 
CLU_6292 3143305212529 30868 
CLU_6292 3143302219379 50081 
CLU_6292 CLU_3233 34275 
CLU_6292 CLU_6117 47705 
CLU_6292 CLU_6299 22103 
CLU_6292 CLU_6301 14869 
CLU_6292 CLU_6381 13516 
CLU_6292 CLU_6398 18180 
CLU_6292 CLU_6409 43936 
CLU_6292 CLU_6410 25971 
CLU_6292 CLU_6411 21127 
CLU_6292 CLU_6412 21087 
CLU_6292 CLU_6414 44159 
CLU_6292 CLU_6415 50393 
CLU_6292 CLU_6417 65455 
CLU_6293 3143309772235 6152 
CLU_6293 3143309772251 4800 
CLU_6293 3143309812059 6744 
CLU_6293 3143305305063 3963 
CLU_6293 3143307781067 2906 
CLU_6293 3143309132481 2997 
CLU_6293 3143307831331 3218 
CLU_6293 3143300659134 4909 
CLU_6293 3143303180158 7187 
CLU_6293 3143307821506 7248 
CLU_6293 3143302150107 9865 
CLU_6293 3143309775978 7248 
CLU_6293 3143302219107 10520 
CLU_6293 3143302219352 7075 
CLU_6293 3143303180182 4184 
CLU_6293 3143302150042 3329 
CLU_6293 3143302219085 2946 
CLU_6293 3143309812032 3598 
CLU_6293 3143302149915 2532 
CLU_6293 3143307299079 4093 
CLU_6293 3143302150018 2244 
CLU_6293 3143302218984 1179 
CLU_6293 3143306065295 1654 
CLU_6293 3143302219069 9788 
CLU_6293 3143306629296 1370 
CLU_6293 3143302149923 342 
CLU_6293 3143306065341 811 
CLU_6293 3143306329705 1955 
CLU_6293 3143306297943 5976 
CLU_6293 3143307780621 7038 
CLU_6293 3143303180166 7248 
CLU_6293 3143302149893 2287 
CLU_6293 3143302150026 7479 
CLU_6293 3143300550108 500 
CLU_6293 3143303413578 19889 
CLU_6293 3143306329632 11183 
CLU_6293 3143305212588 11291 
CLU_6293 3143309812083 4278 
CLU_6293 3143306023282 5724 
CLU_6293 3143302218968 8232 
CLU_6293 3143309772227 2997 
CLU_6293 3143302203480 7339 
CLU_6293 3143302150085 4093 
CLU_6293 3143300211826 10533 
CLU_6293 3143302149931 8022 
CLU_6293 3143309352511 1743 
CLU_6293 3143309251553 5690 
CLU_6293 3143305998220 5338 
CLU_6293 3143309690905 6287 
CLU_6293 3143307608756 1574 
CLU_6293 3143306409911 500 
CLU_6293 3143307780907 9857 
CLU_6293 3143309936424 6972 
CLU_6293 3143309812075 5390 
CLU_6293 3143306301304 4278 
CLU_6293 3143303688100 5805 
CLU_6293 3143303180115 4800 
CLU_6293 3143305302854 3877 
CLU_6293 3143302219212 3362 
CLU_6293 3143302149958 8887 
CLU_6293 3143307951345 3973 
CLU_6293 3143302219077 6646 
CLU_6293 3143302219344 9788 
CLU_6293 3143307607660 9865 
CLU_6293 3143302150069 1499 
CLU_6293 3143307809131 2976 
CLU_6293 3143300186252 10904 
CLU_6293 3143304701852 5067 
CLU_6293 3143307836619 3598 
CLU_6293 3143305212545 9079 
CLU_6293 3143302150077 1574 
CLU_6293 3143302150034 3409 
CLU_6293 3143302219409 50410 
CLU_6293 3143305212529 31164 
CLU_6293 3143302219379 50410 
CLU_6293 CLU_3233 34617 
CLU_6293 CLU_6117 48042 
CLU_6293 CLU_6299 22382 
CLU_6293 CLU_6301 14546 
CLU_6293 CLU_6381 13203 
CLU_6293 CLU_6398 18302 
CLU_6293 CLU_6409 44275 
CLU_6293 CLU_6410 26301 
CLU_6293 CLU_6411 21469 
CLU_6293 CLU_6412 21428 
CLU_6293 CLU_6414 44490 
CLU_6293 CLU_6415 50690 
CLU_6293 CLU_6417 65765 
CLU_6294 3143309772235 6606 
CLU_6294 3143309772251 5245 
CLU_6294 3143309812059 7173 
CLU_6294 3143305305063 4447 
CLU_6294 3143307781067 3356 
CLU_6294 3143309132481 3353 
CLU_6294 3143307831331 3554 
CLU_6294 3143300659134 5161 
CLU_6294 3143303180158 7527 
CLU_6294 3143307821506 7623 
CLU_6294 3143302150107 10173 
CLU_6294 3143309775978 7623 
CLU_6294 3143302219107 10953 
CLU_6294 3143302219352 7531 
CLU_6294 3143303180182 4701 
CLU_6294 3143302150042 3843 
CLU_6294 3143302219085 3463 
CLU_6294 3143309812032 3811 
CLU_6294 3143302149915 2601 
CLU_6294 3143307299079 4581 
CLU_6294 3143302150018 2598 
CLU_6294 3143302218984 1672 
CLU_6294 3143306065295 1600 
CLU_6294 3143302219069 10290 
CLU_6294 3143306629296 1767 
CLU_6294 3143302149923 738 
CLU_6294 3143306065341 625 
CLU_6294 3143306329705 1865 
CLU_6294 3143306297943 5498 
CLU_6294 3143307780621 7345 
CLU_6294 3143303180166 7623 
CLU_6294 3143302149893 2799 
CLU_6294 3143302150026 7993 
CLU_6294 3143300550108 226 
CLU_6294 3143303413578 19442 
CLU_6294 3143306329632 11628 
CLU_6294 3143305212588 11620 
CLU_6294 3143309812083 4595 
CLU_6294 3143306023282 6213 
CLU_6294 3143302218968 8578 
CLU_6294 3143309772227 3353 
CLU_6294 3143302203480 7838 
CLU_6294 3143302150085 4581 
CLU_6294 3143300211826 11028 
CLU_6294 3143302149931 8517 
CLU_6294 3143309352511 2099 
CLU_6294 3143309251553 6205 
CLU_6294 3143305998220 5855 
CLU_6294 3143309690905 6799 
CLU_6294 3143307608756 1718 
CLU_6294 3143306409911 226 
CLU_6294 3143307780907 10342 
CLU_6294 3143309936424 7480 
CLU_6294 3143309812075 5701 
CLU_6294 3143306301304 4595 
CLU_6294 3143303688100 6059 
CLU_6294 3143303180115 5245 
CLU_6294 3143305302854 4386 
CLU_6294 3143302219212 3831 
CLU_6294 3143302149958 9322 
CLU_6294 3143307951345 4084 
CLU_6294 3143302219077 7164 
CLU_6294 3143302219344 10290 
CLU_6294 3143307607660 10173 
CLU_6294 3143302150069 2010 
CLU_6294 3143307809131 2676 
CLU_6294 3143300186252 11395 
CLU_6294 3143304701852 5398 
CLU_6294 3143307836619 3811 
CLU_6294 3143305212545 9596 
CLU_6294 3143302150077 1718 
CLU_6294 3143302150034 3870 
CLU_6294 3143302219409 50762 
CLU_6294 3143305212529 31600 
CLU_6294 3143302219379 50762 
CLU_6294 CLU_3233 34877 
CLU_6294 CLU_6117 48191 
CLU_6294 CLU_6299 22842 
CLU_6294 CLU_6301 14173 
CLU_6294 CLU_6381 12803 
CLU_6294 CLU_6398 18818 
CLU_6294 CLU_6409 44447 
CLU_6294 CLU_6410 26653 
CLU_6294 CLU_6411 21738 
CLU_6294 CLU_6412 21691 
CLU_6294 CLU_6414 44835 
CLU_6294 CLU_6415 51123 
CLU_6294 CLU_6417 66174 
CLU_6295 3143309772235 6918 
CLU_6295 3143309772251 5577 
CLU_6295 3143309812059 7530 
CLU_6295 3143305305063 4691 
CLU_6295 3143307781067 3685 
CLU_6295 3143309132481 3809 
CLU_6295 3143307831331 4029 
CLU_6295 3143300659134 5703 
CLU_6295 3143303180158 7999 
CLU_6295 3143307821506 8056 
CLU_6295 3143302150107 10675 
CLU_6295 3143309775978 8056 
CLU_6295 3143302219107 11301 
CLU_6295 3143302219352 7837 
CLU_6295 3143303180182 4761 
CLU_6295 3143302150042 3957 
CLU_6295 3143302219085 3513 
CLU_6295 3143309812032 4373 
CLU_6295 3143302149915 3213 
CLU_6295 3143307299079 4424 
CLU_6295 3143302150018 2222 
CLU_6295 3143302218984 1627 
CLU_6295 3143306065295 2225 
CLU_6295 3143302219069 10456 
CLU_6295 3143306629296 1506 
CLU_6295 3143302149923 1148 
CLU_6295 3143306065341 0 
CLU_6295 3143306329705 2491 
CLU_6295 3143306297943 5279 
CLU_6295 3143307780621 7847 
CLU_6295 3143303180166 8056 
CLU_6295 3143302149893 2951 
CLU_6295 3143302150026 7952 
CLU_6295 3143300550108 414 
CLU_6295 3143303413578 19770 
CLU_6295 3143306329632 11954 
CLU_6295 3143305212588 11151 
CLU_6295 3143309812083 5087 
CLU_6295 3143306023282 6437 
CLU_6295 3143302218968 9044 
CLU_6295 3143309772227 3809 
CLU_6295 3143302203480 8021 
CLU_6295 3143302150085 4424 
CLU_6295 3143300211826 11221 
CLU_6295 3143302149931 8713 
CLU_6295 3143309352511 2554 
CLU_6295 3143309251553 6295 
CLU_6295 3143305998220 5893 
CLU_6295 3143309690905 6738 
CLU_6295 3143307608756 1178 
CLU_6295 3143306409911 414 
CLU_6295 3143307780907 10574 
CLU_6295 3143309936424 7388 
CLU_6295 3143309812075 6200 
CLU_6295 3143306301304 5087 
CLU_6295 3143303688100 6600 
CLU_6295 3143303180115 5577 
CLU_6295 3143305302854 4534 
CLU_6295 3143302219212 4119 
CLU_6295 3143302149958 9667 
CLU_6295 3143307951345 4689 
CLU_6295 3143302219077 7182 
CLU_6295 3143302219344 10456 
CLU_6295 3143307607660 10675 
CLU_6295 3143302150069 2024 
CLU_6295 3143307809131 3229 
CLU_6295 3143300186252 11605 
CLU_6295 3143304701852 5878 
CLU_6295 3143307836619 4373 
CLU_6295 3143305212545 9614 
CLU_6295 3143302150077 1178 
CLU_6295 3143302150034 3648 
CLU_6295 3143302219409 51221 
CLU_6295 3143305212529 31939 
CLU_6295 3143302219379 51221 
CLU_6295 CLU_3233 35417 
CLU_6295 CLU_6117 48789 
CLU_6295 CLU_6299 23132 
CLU_6295 CLU_6301 13741 
CLU_6295 CLU_6381 12409 
CLU_6295 CLU_6398 18769 
CLU_6295 CLU_6409 45036 
CLU_6295 CLU_6410 27112 
CLU_6295 CLU_6411 22271 
CLU_6295 CLU_6412 22229 
CLU_6295 CLU_6414 45301 
CLU_6295 CLU_6415 51467 
CLU_6295 CLU_6417 66557 
CLU_6296 3143309772235 5885 
CLU_6296 3143309772251 4514 
CLU_6296 3143309812059 6367 
CLU_6296 3143305305063 3903 
CLU_6296 3143307781067 2706 
CLU_6296 3143309132481 2454 
CLU_6296 3143307831331 2609 
CLU_6296 3143300659134 4090 
CLU_6296 3143303180158 6539 
CLU_6296 3143307821506 6692 
CLU_6296 3143302150107 9137 
CLU_6296 3143309775978 6692 
CLU_6296 3143302219107 10137 
CLU_6296 3143302219352 6809 
CLU_6296 3143303180182 4485 
CLU_6296 3143302150042 3575 
CLU_6296 3143302219085 3340 
CLU_6296 3143309812032 2720 
CLU_6296 3143302149915 1480 
CLU_6296 3143307299079 4757 
CLU_6296 3143302150018 3255 
CLU_6296 3143302218984 1992 
CLU_6296 3143306065295 565 
CLU_6296 3143302219069 9779 
CLU_6296 3143306629296 2368 
CLU_6296 3143302149923 852 
CLU_6296 3143306065341 1732 
CLU_6296 3143306329705 875 
CLU_6296 3143306297943 6277 
CLU_6296 3143307780621 6315 
CLU_6296 3143303180166 6692 
CLU_6296 3143302149893 2552 
CLU_6296 3143302150026 7872 
CLU_6296 3143300550108 1318 
CLU_6296 3143303413578 19191 
CLU_6296 3143306329632 10843 
CLU_6296 3143305212588 12273 
CLU_6296 3143309812083 3600 
CLU_6296 3143306023282 5654 
CLU_6296 3143302218968 7594 
CLU_6296 3143309772227 2454 
CLU_6296 3143302203480 7320 
CLU_6296 3143302150085 4757 
CLU_6296 3143300211826 10466 
CLU_6296 3143302149931 7971 
CLU_6296 3143309352511 1304 
CLU_6296 3143309251553 5884 
CLU_6296 3143305998220 5638 
CLU_6296 3143309690905 6733 
CLU_6296 3143307608756 2670 
CLU_6296 3143306409911 1318 
CLU_6296 3143307780907 9717 
CLU_6296 3143309936424 7458 
CLU_6296 3143309812075 4685 
CLU_6296 3143306301304 3600 
CLU_6296 3143303688100 4985 
CLU_6296 3143303180115 4514 
CLU_6296 3143305302854 4024 
CLU_6296 3143302219212 3236 
CLU_6296 3143302149958 8518 
CLU_6296 3143307951345 2961 
CLU_6296 3143302219077 6949 
CLU_6296 3143302219344 9779 
CLU_6296 3143307607660 9137 
CLU_6296 3143302150069 2152 
CLU_6296 3143307809131 2083 
CLU_6296 3143300186252 10802 
CLU_6296 3143304701852 4414 
CLU_6296 3143307836619 2720 
CLU_6296 3143305212545 9349 
CLU_6296 3143302150077 2670 
CLU_6296 3143302150034 4195 
CLU_6296 3143302219409 49762 
CLU_6296 3143305212529 30768 
CLU_6296 3143302219379 49762 
CLU_6296 CLU_3233 33789 
CLU_6296 CLU_6117 47068 
CLU_6296 CLU_6299 22087 
CLU_6296 CLU_6301 15164 
CLU_6296 CLU_6381 13752 
CLU_6296 CLU_6398 18639 
CLU_6296 CLU_6409 43326 
CLU_6296 CLU_6410 25658 
CLU_6296 CLU_6411 20659 
CLU_6296 CLU_6412 20607 
CLU_6296 CLU_6414 43828 
CLU_6296 CLU_6415 50278 
CLU_6296 CLU_6417 65272 
CLU_6297 3143309772235 6347 
CLU_6297 3143309772251 4978 
CLU_6297 3143309812059 6803 
CLU_6297 3143305305063 4400 
CLU_6297 3143307781067 3197 
CLU_6297 3143309132481 2883 
CLU_6297 3143307831331 3014 
CLU_6297 3143300659134 4370 
CLU_6297 3143303180158 6886 
CLU_6297 3143307821506 7074 
CLU_6297 3143302150107 9436 
CLU_6297 3143309775978 7074 
CLU_6297 3143302219107 10562 
CLU_6297 3143302219352 7268 
CLU_6297 3143303180182 4987 
CLU_6297 3143302150042 4078 
CLU_6297 3143302219085 3832 
CLU_6297 3143309812032 2988 
CLU_6297 3143302149915 1613 
CLU_6297 3143307299079 5213 
CLU_6297 3143302150018 3567 
CLU_6297 3143302218984 2382 
CLU_6297 3143306065295 551 
CLU_6297 3143302219069 10272 
CLU_6297 3143306629296 2685 
CLU_6297 3143302149923 1189 
CLU_6297 3143306065341 1759 
CLU_6297 3143306329705 749 
CLU_6297 3143306297943 5880 
CLU_6297 3143307780621 6629 
CLU_6297 3143303180166 7074 
CLU_6297 3143302149893 3050 
CLU_6297 3143302150026 8371 
CLU_6297 3143300550108 1364 
CLU_6297 3143303413578 18724 
CLU_6297 3143306329632 11278 
CLU_6297 3143305212588 12612 
CLU_6297 3143309812083 3959 
CLU_6297 3143306023282 6145 
CLU_6297 3143302218968 7940 
CLU_6297 3143309772227 2883 
CLU_6297 3143302203480 7814 
CLU_6297 3143302150085 5213 
CLU_6297 3143300211826 10951 
CLU_6297 3143302149931 8461 
CLU_6297 3143309352511 1791 
CLU_6297 3143309251553 6389 
CLU_6297 3143305998220 6141 
CLU_6297 3143309690905 7228 
CLU_6297 3143307608756 2834 
CLU_6297 3143306409911 1364 
CLU_6297 3143307780907 10193 
CLU_6297 3143309936424 7949 
CLU_6297 3143309812075 5018 
CLU_6297 3143306301304 3959 
CLU_6297 3143303688100 5254 
CLU_6297 3143303180115 4978 
CLU_6297 3143305302854 4530 
CLU_6297 3143302219212 3730 
CLU_6297 3143302149958 8950 
CLU_6297 3143307951345 3096 
CLU_6297 3143302219077 7453 
CLU_6297 3143302219344 10272 
CLU_6297 3143307607660 9436 
CLU_6297 3143302150069 2588 
CLU_6297 3143307809131 1668 
CLU_6297 3143300186252 11282 
CLU_6297 3143304701852 4773 
CLU_6297 3143307836619 2988 
CLU_6297 3143305212545 9854 
CLU_6297 3143302150077 2834 
CLU_6297 3143302150034 4616 
CLU_6297 3143302219409 50077 
CLU_6297 3143305212529 31177 
CLU_6297 3143302219379 50077 
CLU_6297 CLU_3233 34012 
CLU_6297 CLU_6117 47175 
CLU_6297 CLU_6299 22526 
CLU_6297 CLU_6301 14857 
CLU_6297 CLU_6381 13419 
CLU_6297 CLU_6398 19143 
CLU_6297 CLU_6409 43456 
CLU_6297 CLU_6410 25980 
CLU_6297 CLU_6411 20897 
CLU_6297 CLU_6412 20838 
CLU_6297 CLU_6414 44137 
CLU_6297 CLU_6415 50680 
CLU_6297 CLU_6417 65647 
CLU_6298 3143309772235 8436 
CLU_6298 3143309772251 7068 
CLU_6298 3143309812059 8872 
CLU_6298 3143305305063 6470 
CLU_6298 3143307781067 5278 
CLU_6298 3143309132481 4958 
CLU_6298 3143307831331 5068 
CLU_6298 3143300659134 6218 
CLU_6298 3143303180158 8822 
CLU_6298 3143307821506 9069 
CLU_6298 3143302150107 11253 
CLU_6298 3143309775978 9069 
CLU_6298 3143302219107 12614 
CLU_6298 3143302219352 9355 
CLU_6298 3143303180182 6928 
CLU_6298 3143302150042 6040 
CLU_6298 3143302219085 5712 
CLU_6298 3143309812032 4862 
CLU_6298 3143302149915 3414 
CLU_6298 3143307299079 6871 
CLU_6298 3143302150018 4751 
CLU_6298 3143302218984 3964 
CLU_6298 3143306065295 2512 
CLU_6298 3143302219069 12349 
CLU_6298 3143306629296 4004 
CLU_6298 3143302149923 2901 
CLU_6298 3143306065341 2529 
CLU_6298 3143306329705 2488 
CLU_6298 3143306297943 3977 
CLU_6298 3143307780621 8502 
CLU_6298 3143303180166 9069 
CLU_6298 3143302149893 4989 
CLU_6298 3143302150026 10264 
CLU_6298 3143300550108 2420 
CLU_6298 3143303413578 17246 
CLU_6298 3143306329632 13342 
CLU_6298 3143305212588 13573 
CLU_6298 3143309812083 5947 
CLU_6298 3143306023282 8225 
CLU_6298 3143302218968 9867 
CLU_6298 3143309772227 4958 
CLU_6298 3143302203480 9889 
CLU_6298 3143302150085 6871 
CLU_6298 3143300211826 13038 
CLU_6298 3143302149931 10543 
CLU_6298 3143309352511 3876 
CLU_6298 3143309251553 8391 
CLU_6298 3143305998220 8088 
CLU_6298 3143309690905 9079 
CLU_6298 3143307608756 3639 
CLU_6298 3143306409911 2420 
CLU_6298 3143307780907 12284 
CLU_6298 3143309936424 9767 
CLU_6298 3143309812075 6950 
CLU_6298 3143306301304 5947 
CLU_6298 3143303688100 7059 
CLU_6298 3143303180115 7068 
CLU_6298 3143305302854 6539 
CLU_6298 3143302219212 5806 
CLU_6298 3143302149958 11012 
CLU_6298 3143307951345 4715 
CLU_6298 3143302219077 9402 
CLU_6298 3143302219344 12349 
CLU_6298 3143307607660 11253 
CLU_6298 3143302150069 4294 
CLU_6298 3143307809131 1891 
CLU_6298 3143300186252 13372 
CLU_6298 3143304701852 6751 
CLU_6298 3143307836619 4862 
CLU_6298 3143305212545 11826 
CLU_6298 3143302150077 3639 
CLU_6298 3143302150034 6141 
CLU_6298 3143302219409 51874 
CLU_6298 3143305212529 33194 
CLU_6298 3143302219379 51874 
CLU_6298 CLU_3233 35554 
CLU_6298 CLU_6117 48324 
CLU_6298 CLU_6299 24590 
CLU_6298 CLU_6301 13168 
CLU_6298 CLU_6381 11650 
CLU_6298 CLU_6398 21081 
CLU_6298 CLU_6409 44688 
CLU_6298 CLU_6410 27808 
CLU_6298 CLU_6411 22507 
CLU_6298 CLU_6412 22428 
CLU_6298 CLU_6414 45921 
CLU_6298 CLU_6415 52681 
CLU_6298 CLU_6417 67590 
CLU_6299 3143309772235 16235 
CLU_6299 3143309772251 17601 
CLU_6299 3143309812059 15722 
CLU_6299 3143305305063 18444 
CLU_6299 3143307781067 19485 
CLU_6299 3143309132481 19642 
CLU_6299 3143307831331 19522 
CLU_6299 3143300659134 18622 
CLU_6299 3143303180158 16003 
CLU_6299 3143307821506 15611 
CLU_6299 3143302150107 14322 
CLU_6299 3143309775978 15611 
CLU_6299 3143302219107 11982 
CLU_6299 3143302219352 15310 
CLU_6299 3143303180182 18701 
CLU_6299 3143302150042 19305 
CLU_6299 3143302219085 19837 
CLU_6299 3143309812032 19844 
CLU_6299 3143302149915 21249 
CLU_6299 3143307299079 19893 
CLU_6299 3143302150018 22071 
CLU_6299 3143302218984 21626 
CLU_6299 3143306065295 22077 
CLU_6299 3143302219069 13046 
CLU_6299 3143306629296 22047 
CLU_6299 3143302149923 22103 
CLU_6299 3143306065341 23132 
CLU_6299 3143306329705 22123 
CLU_6299 3143306297943 28332 
CLU_6299 3143307780621 16480 
CLU_6299 3143303180166 15611 
CLU_6299 3143302149893 20216 
CLU_6299 3143302150026 16716 
CLU_6299 3143300550108 22882 
CLU_6299 3143303413578 37051 
CLU_6299 3143306329632 11247 
CLU_6299 3143305212588 23103 
CLU_6299 3143309812083 18682 
CLU_6299 3143306023282 16727 
CLU_6299 3143302218968 15051 
CLU_6299 3143309772227 19642 
CLU_6299 3143302203480 15267 
CLU_6299 3143302150085 19893 
CLU_6299 3143300211826 12174 
CLU_6299 3143302149931 14561 
CLU_6299 3143309352511 20811 
CLU_6299 3143309251553 17224 
CLU_6299 3143305998220 17802 
CLU_6299 3143309690905 17722 
CLU_6299 3143307608756 22977 
CLU_6299 3143306409911 22882 
CLU_6299 3143307780907 12633 
CLU_6299 3143309936424 17545 
CLU_6299 3143309812075 17787 
CLU_6299 3143306301304 18682 
CLU_6299 3143303688100 17951 
CLU_6299 3143303180115 17601 
CLU_6299 3143305302854 18699 
CLU_6299 3143302219212 19020 
CLU_6299 3143302149958 13577 
CLU_6299 3143307951345 20274 
CLU_6299 3143302219077 16841 
CLU_6299 3143302219344 13046 
CLU_6299 3143307607660 14322 
CLU_6299 3143302150069 21220 
CLU_6299 3143307809131 23180 
CLU_6299 3143300186252 11717 
CLU_6299 3143304701852 17907 
CLU_6299 3143307836619 19844 
CLU_6299 3143305212545 14968 
CLU_6299 3143302150077 22977 
CLU_6299 3143302150034 20697 
CLU_6299 3143302219409 30311 
CLU_6299 3143305212529 9100 
CLU_6299 3143302219379 30311 
CLU_6299 CLU_3233 19845 
CLU_6299 CLU_6117 36222 
CLU_6299 CLU_6299 0 
CLU_6299 CLU_6301 36604 
CLU_6299 CLU_6381 35431 
CLU_6299 CLU_6398 12244 
CLU_6299 CLU_6409 31917 
CLU_6299 CLU_6410 9271 
CLU_6299 CLU_6411 11986 
CLU_6299 CLU_6412 12297 
CLU_6299 CLU_6414 24863 
CLU_6299 CLU_6415 28507 
CLU_6299 CLU_6417 43913 
CLU_6300 3143309772235 8422 
CLU_6300 3143309772251 8971 
CLU_6300 3143309812059 8966 
CLU_6300 3143305305063 8611 
CLU_6300 3143307781067 9682 
CLU_6300 3143309132481 10529 
CLU_6300 3143307831331 10669 
CLU_6300 3143300659134 11579 
CLU_6300 3143303180158 10852 
CLU_6300 3143307821506 10186 
CLU_6300 3143302150107 12481 
CLU_6300 3143309775978 10186 
CLU_6300 3143302219107 9436 
CLU_6300 3143302219352 8205 
CLU_6300 3143303180182 7498 
CLU_6300 3143302150042 8397 
CLU_6300 3143302219085 8546 
CLU_6300 3143309812032 11675 
CLU_6300 3143302149915 12241 
CLU_6300 3143307299079 7251 
CLU_6300 3143302150018 9567 
CLU_6300 3143302218984 10156 
CLU_6300 3143306065295 12288 
CLU_6300 3143302219069 5912 
CLU_6300 3143306629296 10162 
CLU_6300 3143302149923 11278 
CLU_6300 3143306065341 11668 
CLU_6300 3143306329705 12545 
CLU_6300 3143306297943 16428 
CLU_6300 3143307780621 11389 
CLU_6300 3143303180166 10186 
CLU_6300 3143302149893 9349 
CLU_6300 3143302150026 4214 
CLU_6300 3143300550108 11705 
CLU_6300 3143303413578 31036 
CLU_6300 3143306329632 9244 
CLU_6300 3143305212588 6714 
CLU_6300 3143309812083 10801 
CLU_6300 3143306023282 7581 
CLU_6300 3143302218968 11032 
CLU_6300 3143309772227 10529 
CLU_6300 3143302203480 6540 
CLU_6300 3143302150085 7251 
CLU_6300 3143300211826 6478 
CLU_6300 3143302149931 6528 
CLU_6300 3143309352511 10841 
CLU_6300 3143309251553 6484 
CLU_6300 3143305998220 6443 
CLU_6300 3143309690905 5188 
CLU_6300 3143307608756 10780 
CLU_6300 3143306409911 11705 
CLU_6300 3143307780907 7083 
CLU_6300 3143309936424 4440 
CLU_6300 3143309812075 10978 
CLU_6300 3143306301304 10801 
CLU_6300 3143303688100 11787 
CLU_6300 3143303180115 8971 
CLU_6300 3143305302854 8116 
CLU_6300 3143302219212 9203 
CLU_6300 3143302149958 8941 
CLU_6300 3143307951345 12533 
CLU_6300 3143302219077 5285 
CLU_6300 3143302219344 5912 
CLU_6300 3143307607660 12481 
CLU_6300 3143302150069 9845 
CLU_6300 3143307809131 13914 
CLU_6300 3143300186252 6884 
CLU_6300 3143304701852 10666 
CLU_6300 3143307836619 11675 
CLU_6300 3143305212545 3725 
CLU_6300 3143302150077 10780 
CLU_6300 3143302150034 8026 
CLU_6300 3143302219409 46657 
CLU_6300 3143305212529 25380 
CLU_6300 3143302219379 46657 
CLU_6300 CLU_3233 33969 
CLU_6300 CLU_6117 49467 
CLU_6300 CLU_6299 16389 
CLU_6300 CLU_6301 22444 
CLU_6300 CLU_6381 21709 
CLU_6300 CLU_6398 7546 
CLU_6300 CLU_6409 45311 
CLU_6300 CLU_6410 23761 
CLU_6300 CLU_6411 21776 
CLU_6300 CLU_6412 21905 
CLU_6300 CLU_6414 41093 
CLU_6300 CLU_6415 44333 
CLU_6300 CLU_6417 59961 
CLU_6301 3143309772235 20582 
CLU_6301 3143309772251 19280 
CLU_6301 3143309812059 21246 
CLU_6301 3143305305063 18293 
CLU_6301 3143307781067 17407 
CLU_6301 3143309132481 17526 
CLU_6301 3143307831331 17726 
CLU_6301 3143300659134 19228 
CLU_6301 3143303180158 21695 
CLU_6301 3143307821506 21792 
CLU_6301 3143302150107 24293 
CLU_6301 3143309775978 21792 
CLU_6301 3143302219107 24987 
CLU_6301 3143302219352 21477 
CLU_6301 3143303180182 17905 
CLU_6301 3143302150042 17341 
CLU_6301 3143302219085 16795 
CLU_6301 3143309812032 17845 
CLU_6301 3143302149915 16437 
CLU_6301 3143307299079 16759 
CLU_6301 3143302150018 14534 
CLU_6301 3143302218984 15090 
CLU_6301 3143306065295 15398 
CLU_6301 3143302219069 23601 
CLU_6301 3143306629296 14617 
CLU_6301 3143302149923 14869 
CLU_6301 3143306065341 13741 
CLU_6301 3143306329705 15493 
CLU_6301 3143306297943 9253 
CLU_6301 3143307780621 21478 
CLU_6301 3143303180166 21792 
CLU_6301 3143302149893 16505 
CLU_6301 3143302150026 20214 
CLU_6301 3143300550108 14070 
CLU_6301 3143303413578 20978 
CLU_6301 3143306329632 25597 
CLU_6301 3143305212588 17659 
CLU_6301 3143309812083 18756 
CLU_6301 3143306023282 19933 
CLU_6301 3143302218968 22748 
CLU_6301 3143309772227 17526 
CLU_6301 3143302203480 21338 
CLU_6301 3143302150085 16759 
CLU_6301 3143300211826 24453 
CLU_6301 3143302149931 22043 
CLU_6301 3143309352511 16270 
CLU_6301 3143309251553 19384 
CLU_6301 3143305998220 18818 
CLU_6301 3143309690905 19071 
CLU_6301 3143307608756 13682 
CLU_6301 3143306409911 14070 
CLU_6301 3143307780907 23974 
CLU_6301 3143309936424 19420 
CLU_6301 3143309812075 19849 
CLU_6301 3143306301304 18756 
CLU_6301 3143303688100 20109 
CLU_6301 3143303180115 19280 
CLU_6301 3143305302854 17947 
CLU_6301 3143302219212 17797 
CLU_6301 3143302149958 23358 
CLU_6301 3143307951345 17846 
CLU_6301 3143302219077 19869 
CLU_6301 3143302219344 23601 
CLU_6301 3143307607660 24293 
CLU_6301 3143302150069 15485 
CLU_6301 3143307809131 15031 
CLU_6301 3143300186252 24896 
CLU_6301 3143304701852 19565 
CLU_6301 3143307836619 17845 
CLU_6301 3143305212545 22043 
CLU_6301 3143302150077 13682 
CLU_6301 3143302150034 15929 
CLU_6301 3143302219409 64926 
CLU_6301 3143305212529 45548 
CLU_6301 3143302219379 64926 
CLU_6301 CLU_3233 48712 
CLU_6301 CLU_6117 61041 
CLU_6301 CLU_6299 36604 
CLU_6301 CLU_6301 0 
CLU_6301 CLU_6381 1728 
CLU_6301 CLU_6398 29967 
CLU_6301 CLU_6409 57549 
CLU_6301 CLU_6410 40821 
CLU_6301 CLU_6411 35675 
CLU_6301 CLU_6412 35596 
CLU_6301 CLU_6414 58991 
CLU_6301 CLU_6415 65070 
CLU_6301 CLU_6417 80259 
CLU_6302 3143309772235 23587 
CLU_6302 3143309772251 22527 
CLU_6302 3143309812059 23522 
CLU_6302 3143305305063 22555 
CLU_6302 3143307781067 21403 
CLU_6302 3143309132481 20622 
CLU_6302 3143307831331 20532 
CLU_6302 3143300659134 20198 
CLU_6302 3143303180158 22235 
CLU_6302 3143307821506 22867 
CLU_6302 3143302150107 22995 
CLU_6302 3143309775978 22867 
CLU_6302 3143302219107 26264 
CLU_6302 3143302219352 24292 
CLU_6302 3143303180182 23545 
CLU_6302 3143302150042 22641 
CLU_6302 3143302219085 22503 
CLU_6302 3143309812032 19623 
CLU_6302 3143302149915 18827 
CLU_6302 3143307299079 23937 
CLU_6302 3143302150018 21992 
CLU_6302 3143302218984 21056 
CLU_6302 3143306065295 18757 
CLU_6302 3143302219069 27739 
CLU_6302 3143306629296 21207 
CLU_6302 3143302149923 19874 
CLU_6302 3143306065341 19770 
CLU_6302 3143306329705 18493 
CLU_6302 3143306297943 16847 
CLU_6302 3143307780621 21625 
CLU_6302 3143303180166 22867 
CLU_6302 3143302149893 21694 
CLU_6302 3143302150026 26909 
CLU_6302 3143300550108 19611 
CLU_6302 3143303413578 0 
CLU_6302 3143306329632 27077 
CLU_6302 3143305212588 30673 
CLU_6302 3143309812083 20710 
CLU_6302 3143306023282 23978 
CLU_6302 3143302218968 22875 
CLU_6302 3143309772227 20622 
CLU_6302 3143302203480 25540 
CLU_6302 3143302150085 23937 
CLU_6302 3143300211826 28127 
CLU_6302 3143302149931 26005 
CLU_6302 3143309352511 20195 
CLU_6302 3143309251553 24722 
CLU_6302 3143305998220 24639 
CLU_6302 3143309690905 25851 
CLU_6302 3143307608756 20880 
CLU_6302 3143306409911 19611 
CLU_6302 3143307780907 27169 
CLU_6302 3143309936424 26595 
CLU_6302 3143309812075 21021 
CLU_6302 3143306301304 20710 
CLU_6302 3143303688100 20441 
CLU_6302 3143303180115 22527 
CLU_6302 3143305302854 22956 
CLU_6302 3143302219212 21913 
CLU_6302 3143302149958 25119 
CLU_6302 3143307951345 18820 
CLU_6302 3143302219077 25896 
CLU_6302 3143302219344 27739 
CLU_6302 3143307607660 22995 
CLU_6302 3143302150069 21307 
CLU_6302 3143307809131 17131 
CLU_6302 3143300186252 28269 
CLU_6302 3143304701852 21161 
CLU_6302 3143307836619 19623 
CLU_6302 3143305212545 28131 
CLU_6302 3143302150077 20880 
CLU_6302 3143302150034 23298 
CLU_6302 3143302219409 58076 
CLU_6302 3143305212529 43962 
CLU_6302 3143302219379 58076 
CLU_6302 CLU_3233 39845 
CLU_6302 CLU_6117 47497 
CLU_6302 CLU_6299 37051 
CLU_6302 CLU_6301 20978 
CLU_6302 CLU_6381 19474 
CLU_6302 CLU_6398 37322 
CLU_6302 CLU_6409 44957 
CLU_6302 CLU_6410 36221 
CLU_6302 CLU_6411 29444 
CLU_6302 CLU_6412 29193 
CLU_6302 CLU_6414 52249 
CLU_6302 CLU_6415 62198 
CLU_6302 CLU_6417 75546 
CLU_6303 3143309772235 2969 
CLU_6303 3143309772251 3712 
CLU_6303 3143309812059 2141 
CLU_6303 3143305305063 4865 
CLU_6303 3143307781067 5351 
CLU_6303 3143309132481 5086 
CLU_6303 3143307831331 4881 
CLU_6303 3143300659134 3581 
CLU_6303 3143303180158 942 
CLU_6303 3143307821506 943 
CLU_6303 3143302150107 2049 
CLU_6303 3143309775978 943 
CLU_6303 3143302219107 3348 
CLU_6303 3143302219352 2711 
CLU_6303 3143303180182 6011 
CLU_6303 3143302150042 6002 
CLU_6303 3143302219085 6534 
CLU_6303 3143309812032 4901 
CLU_6303 3143302149915 6349 
CLU_6303 3143307299079 7631 
CLU_6303 3143302150018 8747 
CLU_6303 3143302218984 7750 
CLU_6303 3143306065295 7305 
CLU_6303 3143302219069 5452 
CLU_6303 3143306629296 8308 
CLU_6303 3143302149923 7751 
CLU_6303 3143306065341 8893 
CLU_6303 3143306329705 7279 
CLU_6303 3143306297943 13688 
CLU_6303 3143307780621 1400 
CLU_6303 3143303180166 943 
CLU_6303 3143302149893 6447 
CLU_6303 3143302150026 7163 
CLU_6303 3143300550108 8546 
CLU_6303 3143303413578 22939 
CLU_6303 3143306329632 4165 
CLU_6303 3143305212588 14964 
CLU_6303 3143309812083 3864 
CLU_6303 3143306023282 4081 
CLU_6303 3143302218968 225 
CLU_6303 3143309772227 5086 
CLU_6303 3143302203480 4347 
CLU_6303 3143302150085 7631 
CLU_6303 3143300211826 5516 
CLU_6303 3143302149931 4298 
CLU_6303 3143309352511 6344 
CLU_6303 3143309251553 5449 
CLU_6303 3143305998220 5988 
CLU_6303 3143309690905 7042 
CLU_6303 3143307608756 9191 
CLU_6303 3143306409911 8546 
CLU_6303 3143307780907 4533 
CLU_6303 3143309936424 7572 
CLU_6303 3143309812075 2812 
CLU_6303 3143306301304 3864 
CLU_6303 3143303688100 2862 
CLU_6303 3143303180115 3712 
CLU_6303 3143305302854 5519 
CLU_6303 3143302219212 5104 
CLU_6303 3143302149958 2291 
CLU_6303 3143307951345 5214 
CLU_6303 3143302219077 6257 
CLU_6303 3143302219344 5452 
CLU_6303 3143307607660 2049 
CLU_6303 3143302150069 7411 
CLU_6303 3143307809131 8179 
CLU_6303 3143300186252 5522 
CLU_6303 3143304701852 3049 
CLU_6303 3143307836619 4901 
CLU_6303 3143305212545 7102 
CLU_6303 3143302150077 9191 
CLU_6303 3143302150034 8041 
CLU_6303 3143302219409 42329 
CLU_6303 3143305212529 23472 
CLU_6303 3143302219379 42329 
CLU_6303 CLU_3233 26764 
CLU_6303 CLU_6117 40879 
CLU_6303 CLU_6299 15088 
CLU_6303 CLU_6301 22608 
CLU_6303 CLU_6381 21215 
CLU_6303 CLU_6398 15013 
CLU_6303 CLU_6409 36949 
CLU_6303 CLU_6410 18220 
CLU_6303 CLU_6411 13624 
CLU_6303 CLU_6412 13622 
CLU_6303 CLU_6414 36408 
CLU_6303 CLU_6415 42930 
CLU_6303 CLU_6417 57835 
CLU_6304 3143309772235 2418 
CLU_6304 3143309772251 3604 
CLU_6304 3143309812059 2627 
CLU_6304 3143305305063 4083 
CLU_6304 3143307781067 5264 
CLU_6304 3143309132481 5732 
CLU_6304 3143307831331 5724 
CLU_6304 3143300659134 5819 
CLU_6304 3143303180158 4416 
CLU_6304 3143307821506 3725 
CLU_6304 3143302150107 6000 
CLU_6304 3143309775978 3725 
CLU_6304 3143302219107 3651 
CLU_6304 3143302219352 1815 
CLU_6304 3143303180182 4139 
CLU_6304 3143302150042 4786 
CLU_6304 3143302219085 5298 
CLU_6304 3143309812032 6469 
CLU_6304 3143302149915 7578 
CLU_6304 3143307299079 5414 
CLU_6304 3143302150018 7509 
CLU_6304 3143302218984 7139 
CLU_6304 3143306065295 8124 
CLU_6304 3143302219069 1821 
CLU_6304 3143306629296 7518 
CLU_6304 3143302149923 7787 
CLU_6304 3143306065341 8713 
CLU_6304 3143306329705 8265 
CLU_6304 3143306297943 13988 
CLU_6304 3143307780621 4999 
CLU_6304 3143303180166 3725 
CLU_6304 3143302149893 5761 
CLU_6304 3143302150026 3225 
CLU_6304 3143300550108 8517 
CLU_6304 3143303413578 26005 
CLU_6304 3143306329632 3928 
CLU_6304 3143305212588 11247 
CLU_6304 3143309812083 5318 
CLU_6304 3143306023282 2318 
CLU_6304 3143302218968 4504 
CLU_6304 3143309772227 5732 
CLU_6304 3143302203480 706 
CLU_6304 3143302150085 5414 
CLU_6304 3143300211826 2510 
CLU_6304 3143302149931 0 
CLU_6304 3143309352511 6670 
CLU_6304 3143309251553 2688 
CLU_6304 3143305998220 3298 
CLU_6304 3143309690905 3646 
CLU_6304 3143307608756 8440 
CLU_6304 3143306409911 8517 
CLU_6304 3143307780907 1934 
CLU_6304 3143309936424 3877 
CLU_6304 3143309812075 5032 
CLU_6304 3143306301304 5318 
CLU_6304 3143303688100 5727 
CLU_6304 3143303180115 3604 
CLU_6304 3143305302854 4189 
CLU_6304 3143302219212 4737 
CLU_6304 3143302149958 2561 
CLU_6304 3143307951345 7217 
CLU_6304 3143302219077 2681 
CLU_6304 3143302219344 1821 
CLU_6304 3143307607660 6000 
CLU_6304 3143302150069 6729 
CLU_6304 3143307809131 9555 
CLU_6304 3143300186252 2895 
CLU_6304 3143304701852 4851 
CLU_6304 3143307836619 6469 
CLU_6304 3143305212545 2804 
CLU_6304 3143302150077 8440 
CLU_6304 3143302150034 6172 
CLU_6304 3143302219409 43658 
CLU_6304 3143305212529 23532 
CLU_6304 3143302219379 43658 
CLU_6304 CLU_3233 29259 
CLU_6304 CLU_6117 44090 
CLU_6304 CLU_6299 14561 
CLU_6304 CLU_6301 22043 
CLU_6304 CLU_6381 20879 
CLU_6304 CLU_6398 11341 
CLU_6304 CLU_6409 40043 
CLU_6304 CLU_6410 19792 
CLU_6304 CLU_6411 16408 
CLU_6304 CLU_6412 16477 
CLU_6304 CLU_6414 37849 
CLU_6304 CLU_6415 43038 
CLU_6304 CLU_6417 58319 
CLU_6305 3143309772235 450 
CLU_6305 3143309772251 1152 
CLU_6305 3143309812059 818 
CLU_6305 3143305305063 2220 
CLU_6305 3143307781067 3041 
CLU_6305 3143309132481 3183 
CLU_6305 3143307831331 3098 
CLU_6305 3143300659134 2964 
CLU_6305 3143303180158 2283 
CLU_6305 3143307821506 1836 
CLU_6305 3143302150107 4820 
CLU_6305 3143309775978 1836 
CLU_6305 3143302219107 4575 
CLU_6305 3143302219352 1240 
CLU_6305 3143303180182 3245 
CLU_6305 3143302150042 3329 
CLU_6305 3143302219085 3884 
CLU_6305 3143309812032 3686 
CLU_6305 3143302149915 4927 
CLU_6305 3143307299079 4865 
CLU_6305 3143302150018 6175 
CLU_6305 3143302218984 5356 
CLU_6305 3143306065295 5637 
CLU_6305 3143302219069 4610 
CLU_6305 3143306629296 5868 
CLU_6305 3143302149923 5649 
CLU_6305 3143306065341 6726 
CLU_6305 3143306329705 5721 
CLU_6305 3143306297943 11856 
CLU_6305 3143307780621 2673 
CLU_6305 3143303180166 1836 
CLU_6305 3143302149893 3960 
CLU_6305 3143302150026 4814 
CLU_6305 3143300550108 6441 
CLU_6305 3143303413578 23150 
CLU_6305 3143306329632 5247 
CLU_6305 3143305212588 12312 
CLU_6305 3143309812083 2499 
CLU_6305 3143306023282 1411 
CLU_6305 3143302218968 2989 
CLU_6305 3143309772227 3183 
CLU_6305 3143302203480 2461 
CLU_6305 3143302150085 4865 
CLU_6305 3143300211826 5115 
CLU_6305 3143302149931 2857 
CLU_6305 3143309352511 4330 
CLU_6305 3143309251553 2796 
CLU_6305 3143305998220 3273 
CLU_6305 3143309690905 4438 
CLU_6305 3143307608756 6792 
CLU_6305 3143306409911 6441 
CLU_6305 3143307780907 4247 
CLU_6305 3143309936424 5056 
CLU_6305 3143309812075 2205 
CLU_6305 3143306301304 2499 
CLU_6305 3143303688100 2964 
CLU_6305 3143303180115 1152 
CLU_6305 3143305302854 2797 
CLU_6305 3143302219212 2638 
CLU_6305 3143302149958 2941 
CLU_6305 3143307951345 4387 
CLU_6305 3143302219077 3790 
CLU_6305 3143302219344 4610 
CLU_6305 3143307607660 4820 
CLU_6305 3143302150069 4975 
CLU_6305 3143307809131 6918 
CLU_6305 3143300186252 5367 
CLU_6305 3143304701852 1995 
CLU_6305 3143307836619 3686 
CLU_6305 3143305212545 5301 
CLU_6305 3143302150077 6792 
CLU_6305 3143302150034 5315 
CLU_6305 3143302219409 44659 
CLU_6305 3143305212529 25219 
CLU_6305 3143302219379 44659 
CLU_6305 CLU_3233 29422 
CLU_6305 CLU_6117 43647 
CLU_6305 CLU_6299 16480 
CLU_6305 CLU_6301 20433 
CLU_6305 CLU_6381 19133 
CLU_6305 CLU_6398 14195 
CLU_6305 CLU_6409 39710 
CLU_6305 CLU_6410 20581 
CLU_6305 CLU_6411 16314 
CLU_6305 CLU_6412 16326 
CLU_6305 CLU_6414 38771 
CLU_6305 CLU_6415 44745 
CLU_6305 CLU_6417 59837 
CLU_6306 3143309772235 3071 
CLU_6306 3143309772251 1870 
CLU_6306 3143309812059 3797 
CLU_6306 3143305305063 775 
CLU_6306 3143307781067 870 
CLU_6306 3143309132481 1783 
CLU_6306 3143307831331 1991 
CLU_6306 3143300659134 3554 
CLU_6306 3143303180158 4820 
CLU_6306 3143307821506 4633 
CLU_6306 3143302150107 7560 
CLU_6306 3143309775978 4633 
CLU_6306 3143302219107 7474 
CLU_6306 3143302219352 3958 
CLU_6306 3143303180182 1352 
CLU_6306 3143302150042 591 
CLU_6306 3143302219085 1000 
CLU_6306 3143309812032 3034 
CLU_6306 3143302149915 3407 
CLU_6306 3143307299079 2504 
CLU_6306 3143302150018 3203 
CLU_6306 3143302218984 2435 
CLU_6306 3143306065295 3587 
CLU_6306 3143302219069 6548 
CLU_6306 3143306629296 2908 
CLU_6306 3143302149923 3017 
CLU_6306 3143306065341 3949 
CLU_6306 3143306329705 3802 
CLU_6306 3143306297943 9215 
CLU_6306 3143307780621 4920 
CLU_6306 3143303180166 4633 
CLU_6306 3143302149893 1018 
CLU_6306 3143302150026 4684 
CLU_6306 3143300550108 3741 
CLU_6306 3143303413578 22226 
CLU_6306 3143306329632 8079 
CLU_6306 3143305212588 10552 
CLU_6306 3143309812083 2626 
CLU_6306 3143306023282 2487 
CLU_6306 3143302218968 5758 
CLU_6306 3143309772227 1783 
CLU_6306 3143302203480 4094 
CLU_6306 3143302150085 2504 
CLU_6306 3143300211826 7287 
CLU_6306 3143302149931 4776 
CLU_6306 3143309352511 2081 
CLU_6306 3143309251553 2583 
CLU_6306 3143305998220 2414 
CLU_6306 3143309690905 3653 
CLU_6306 3143307608756 3841 
CLU_6306 3143306409911 3741 
CLU_6306 3143307780907 6624 
CLU_6306 3143309936424 4409 
CLU_6306 3143309812075 3482 
CLU_6306 3143306301304 2626 
CLU_6306 3143303688100 4234 
CLU_6306 3143303180115 1870 
CLU_6306 3143305302854 735 
CLU_6306 3143302219212 568 
CLU_6306 3143302149958 5850 
CLU_6306 3143307951345 3880 
CLU_6306 3143302219077 3695 
CLU_6306 3143302219344 6548 
CLU_6306 3143307607660 7560 
CLU_6306 3143302150069 2035 
CLU_6306 3143307809131 5175 
CLU_6306 3143300186252 7661 
CLU_6306 3143304701852 3062 
CLU_6306 3143307836619 3034 
CLU_6306 3143305212545 6057 
CLU_6306 3143302150077 3841 
CLU_6306 3143302150034 2603 
CLU_6306 3143302219409 47637 
CLU_6306 3143305212529 28053 
CLU_6306 3143302219379 47637 
CLU_6306 CLU_3233 32325 
CLU_6306 CLU_6117 46326 
CLU_6306 CLU_6299 19200 
CLU_6306 CLU_6301 17519 
CLU_6306 CLU_6381 16265 
CLU_6306 CLU_6398 15356 
CLU_6306 CLU_6409 42441 
CLU_6306 CLU_6410 23562 
CLU_6306 CLU_6411 19188 
CLU_6306 CLU_6412 19185 
CLU_6306 CLU_6414 41751 
CLU_6306 CLU_6415 47583 
CLU_6306 CLU_6417 62739 
CLU_6307 3143309772235 3599 
CLU_6307 3143309772251 2350 
CLU_6307 3143309812059 4303 
CLU_6307 3143305305063 1311 
CLU_6307 3143307781067 849 
CLU_6307 3143309132481 1728 
CLU_6307 3143307831331 1979 
CLU_6307 3143300659134 3706 
CLU_6307 3143303180158 5218 
CLU_6307 3143307821506 5079 
CLU_6307 3143302150107 7968 
CLU_6307 3143309775978 5079 
CLU_6307 3143302219107 8005 
CLU_6307 3143302219352 4495 
CLU_6307 3143303180182 1669 
CLU_6307 3143302150042 759 
CLU_6307 3143302219085 813 
CLU_6307 3143309812032 2982 
CLU_6307 3143302149915 3118 
CLU_6307 3143307299079 2471 
CLU_6307 3143302150018 2749 
CLU_6307 3143302218984 1894 
CLU_6307 3143306065295 3167 
CLU_6307 3143302219069 7082 
CLU_6307 3143306629296 2384 
CLU_6307 3143302149923 2490 
CLU_6307 3143306065341 3402 
CLU_6307 3143306329705 3404 
CLU_6307 3143306297943 8671 
CLU_6307 3143307780621 5269 
CLU_6307 3143303180166 5079 
CLU_6307 3143302149893 478 
CLU_6307 3143302150026 5060 
CLU_6307 3143300550108 3200 
CLU_6307 3143303413578 21881 
CLU_6307 3143306329632 8618 
CLU_6307 3143305212588 10520 
CLU_6307 3143309812083 2796 
CLU_6307 3143306023282 3035 
CLU_6307 3143302218968 6186 
CLU_6307 3143309772227 1728 
CLU_6307 3143302203480 4632 
CLU_6307 3143302150085 2471 
CLU_6307 3143300211826 7828 
CLU_6307 3143302149931 5318 
CLU_6307 3143309352511 1686 
CLU_6307 3143309251553 3049 
CLU_6307 3143305998220 2805 
CLU_6307 3143309690905 3969 
CLU_6307 3143307608756 3313 
CLU_6307 3143306409911 3200 
CLU_6307 3143307780907 7171 
CLU_6307 3143309936424 4715 
CLU_6307 3143309812075 3754 
CLU_6307 3143306301304 2796 
CLU_6307 3143303688100 4456 
CLU_6307 3143303180115 2350 
CLU_6307 3143305302854 1194 
CLU_6307 3143302219212 894 
CLU_6307 3143302149958 6379 
CLU_6307 3143307951345 3791 
CLU_6307 3143302219077 4112 
CLU_6307 3143302219344 7082 
CLU_6307 3143307607660 7968 
CLU_6307 3143302150069 1499 
CLU_6307 3143307809131 4779 
CLU_6307 3143300186252 8205 
CLU_6307 3143304701852 3342 
CLU_6307 3143307836619 2982 
CLU_6307 3143305212545 6508 
CLU_6307 3143302150077 3313 
CLU_6307 3143302150034 2384 
CLU_6307 3143302219409 48143 
CLU_6307 3143305212529 28596 
CLU_6307 3143302219379 48143 
CLU_6307 CLU_3233 32761 
CLU_6307 CLU_6117 46679 
CLU_6307 CLU_6299 19747 
CLU_6307 CLU_6301 16983 
CLU_6307 CLU_6381 15722 
CLU_6307 CLU_6398 15798 
CLU_6307 CLU_6409 42811 
CLU_6307 CLU_6410 24060 
CLU_6307 CLU_6411 19616 
CLU_6307 CLU_6412 19607 
CLU_6307 CLU_6414 42252 
CLU_6307 CLU_6415 48126 
CLU_6307 CLU_6417 63275 
CLU_6308 3143309772235 4078 
CLU_6308 3143309772251 2822 
CLU_6308 3143309812059 4779 
CLU_6308 3143305305063 1788 
CLU_6308 3143307781067 1171 
CLU_6308 3143309132481 1931 
CLU_6308 3143307831331 2200 
CLU_6308 3143300659134 3999 
CLU_6308 3143303180158 5651 
CLU_6308 3143307821506 5534 
CLU_6308 3143302150107 8401 
CLU_6308 3143309775978 5534 
CLU_6308 3143302219107 8484 
CLU_6308 3143302219352 4972 
CLU_6308 3143303180182 1944 
CLU_6308 3143302150042 1051 
CLU_6308 3143302219085 812 
CLU_6308 3143309812032 3136 
CLU_6308 3143302149915 3048 
CLU_6308 3143307299079 2418 
CLU_6308 3143302150018 2313 
CLU_6308 3143302218984 1417 
CLU_6308 3143306065295 2939 
CLU_6308 3143302219069 7510 
CLU_6308 3143306629296 1907 
CLU_6308 3143302149923 2100 
CLU_6308 3143306065341 2951 
CLU_6308 3143306329705 3202 
CLU_6308 3143306297943 8228 
CLU_6308 3143307780621 5675 
CLU_6308 3143303180166 5534 
CLU_6308 3143302149893 0 
CLU_6308 3143302150026 5321 
CLU_6308 3143300550108 2772 
CLU_6308 3143303413578 21694 
CLU_6308 3143306329632 9095 
CLU_6308 3143305212588 10393 
CLU_6308 3143309812083 3115 
CLU_6308 3143306023282 3494 
CLU_6308 3143302218968 6631 
CLU_6308 3143309772227 1931 
CLU_6308 3143302203480 5070 
CLU_6308 3143302150085 2418 
CLU_6308 3143300211826 8269 
CLU_6308 3143302149931 5761 
CLU_6308 3143309352511 1545 
CLU_6308 3143309251553 3411 
CLU_6308 3143305998220 3103 
CLU_6308 3143309690905 4184 
CLU_6308 3143307608756 2834 
CLU_6308 3143306409911 2772 
CLU_6308 3143307780907 7628 
CLU_6308 3143309936424 4914 
CLU_6308 3143309812075 4124 
CLU_6308 3143306301304 3115 
CLU_6308 3143303688100 4789 
CLU_6308 3143303180115 2822 
CLU_6308 3143305302854 1591 
CLU_6308 3143302219212 1348 
CLU_6308 3143302149958 6857 
CLU_6308 3143307951345 3898 
CLU_6308 3143302219077 4419 
CLU_6308 3143302219344 7510 
CLU_6308 3143307607660 8401 
CLU_6308 3143302150069 1020 
CLU_6308 3143307809131 4565 
CLU_6308 3143300186252 8653 
CLU_6308 3143304701852 3719 
CLU_6308 3143307836619 3136 
CLU_6308 3143305212545 6838 
CLU_6308 3143302150077 2834 
CLU_6308 3143302150034 2165 
CLU_6308 3143302219409 48617 
CLU_6308 3143305212529 29071 
CLU_6308 3143302219379 48617 
CLU_6308 CLU_3233 33205 
CLU_6308 CLU_6117 47072 
CLU_6308 CLU_6299 20216 
CLU_6308 CLU_6301 16505 
CLU_6308 CLU_6381 15247 
CLU_6308 CLU_6398 16108 
CLU_6308 CLU_6409 43215 
CLU_6308 CLU_6410 24532 
CLU_6308 CLU_6411 20056 
CLU_6308 CLU_6412 20044 
CLU_6308 CLU_6414 42725 
CLU_6308 CLU_6415 48601 
CLU_6308 CLU_6417 63753 
CLU_6309 3143309772235 2069 
CLU_6309 3143309772251 2774 
CLU_6309 3143309812059 1284 
CLU_6309 3143305305063 3926 
CLU_6309 3143307781067 4461 
CLU_6309 3143309132481 4270 
CLU_6309 3143307831331 4086 
CLU_6309 3143300659134 3023 
CLU_6309 3143303180158 700 
CLU_6309 3143307821506 0 
CLU_6309 3143302150107 2989 
CLU_6309 3143309775978 0 
CLU_6309 3143302219107 3673 
CLU_6309 3143302219352 1982 
CLU_6309 3143303180182 5070 
CLU_6309 3143302150042 5062 
CLU_6309 3143302219085 5598 
CLU_6309 3143309812032 4243 
CLU_6309 3143302149915 5673 
CLU_6309 3143307299079 6690 
CLU_6309 3143302150018 7826 
CLU_6309 3143302218984 6860 
CLU_6309 3143306065295 6578 
CLU_6309 3143302219069 5111 
CLU_6309 3143306629296 7411 
CLU_6309 3143302149923 6923 
CLU_6309 3143306065341 8056 
CLU_6309 3143306329705 6581 
CLU_6309 3143306297943 12954 
CLU_6309 3143307780621 1314 
CLU_6309 3143303180166 0 
CLU_6309 3143302149893 5534 
CLU_6309 3143302150026 6382 
CLU_6309 3143300550108 7722 
CLU_6309 3143303413578 22867 
CLU_6309 3143306329632 4468 
CLU_6309 3143305212588 14091 
CLU_6309 3143309812083 3123 
CLU_6309 3143306023282 3181 
CLU_6309 3143302218968 1155 
CLU_6309 3143309772227 4270 
CLU_6309 3143302203480 3651 
CLU_6309 3143302150085 6690 
CLU_6309 3143300211826 5325 
CLU_6309 3143302149931 3725 
CLU_6309 3143309352511 5524 
CLU_6309 3143309251553 4563 
CLU_6309 3143305998220 5082 
CLU_6309 3143309690905 6178 
CLU_6309 3143307608756 8304 
CLU_6309 3143306409911 7722 
CLU_6309 3143307780907 4344 
CLU_6309 3143309936424 6740 
CLU_6309 3143309812075 2176 
CLU_6309 3143306301304 3123 
CLU_6309 3143303688100 2478 
CLU_6309 3143303180115 2774 
CLU_6309 3143305302854 4576 
CLU_6309 3143302219212 4187 
CLU_6309 3143302149958 2269 
CLU_6309 3143307951345 4676 
CLU_6309 3143302219077 5433 
CLU_6309 3143302219344 5111 
CLU_6309 3143307607660 2989 
CLU_6309 3143302150069 6511 
CLU_6309 3143307809131 7573 
CLU_6309 3143300186252 5416 
CLU_6309 3143304701852 2319 
CLU_6309 3143307836619 4243 
CLU_6309 3143305212545 6492 
CLU_6309 3143302150077 8304 
CLU_6309 3143302150034 7098 
CLU_6309 3143302219409 43170 
CLU_6309 3143305212529 24125 
CLU_6309 3143302219379 43170 
CLU_6309 CLU_3233 27691 
CLU_6309 CLU_6117 41821 
CLU_6309 CLU_6299 15611 
CLU_6309 CLU_6301 21792 
CLU_6309 CLU_6381 20424 
CLU_6309 CLU_6398 14784 
CLU_6309 CLU_6409 37893 
CLU_6309 CLU_6410 19064 
CLU_6309 CLU_6411 14557 
CLU_6309 CLU_6412 14559 
CLU_6309 CLU_6414 37258 
CLU_6309 CLU_6415 43614 
CLU_6309 CLU_6417 58579 
CLU_6310 3143309772235 2493 
CLU_6310 3143309772251 2540 
CLU_6310 3143309812059 3307 
CLU_6310 3143305305063 2168 
CLU_6310 3143307781067 3337 
CLU_6310 3143309132481 4104 
CLU_6310 3143307831331 4216 
CLU_6310 3143300659134 5143 
CLU_6310 3143303180158 5074 
CLU_6310 3143307821506 4563 
CLU_6310 3143302150107 7467 
CLU_6310 3143309775978 4563 
CLU_6310 3143302219107 6113 
CLU_6310 3143302219352 2899 
CLU_6310 3143303180182 1544 
CLU_6310 3143302150042 2362 
CLU_6310 3143302219085 2784 
CLU_6310 3143309812032 5200 
CLU_6310 3143302149915 5906 
CLU_6310 3143307299079 2733 
CLU_6310 3143302150018 4866 
CLU_6310 3143302218984 4673 
CLU_6310 3143306065295 6169 
CLU_6310 3143302219069 4244 
CLU_6310 3143306629296 4975 
CLU_6310 3143302149923 5511 
CLU_6310 3143306065341 6295 
CLU_6310 3143306329705 6378 
CLU_6310 3143306297943 11557 
CLU_6310 3143307780621 5462 
CLU_6310 3143303180166 4563 
CLU_6310 3143302149893 3411 
CLU_6310 3143302150026 2271 
CLU_6310 3143300550108 6164 
CLU_6310 3143303413578 24722 
CLU_6310 3143306329632 6525 
CLU_6310 3143305212588 9529 
CLU_6310 3143309812083 4327 
CLU_6310 3143306023282 1388 
CLU_6310 3143302218968 5674 
CLU_6310 3143309772227 4104 
CLU_6310 3143302203480 1998 
CLU_6310 3143302150085 2733 
CLU_6310 3143300211826 5075 
CLU_6310 3143302149931 2688 
CLU_6310 3143309352511 4662 
CLU_6310 3143309251553 0 
CLU_6310 3143305998220 634 
CLU_6310 3143309690905 1646 
CLU_6310 3143307608756 5868 
CLU_6310 3143306409911 6164 
CLU_6310 3143307780907 4620 
CLU_6310 3143309936424 2308 
CLU_6310 3143309812075 4641 
CLU_6310 3143306301304 4327 
CLU_6310 3143303688100 5476 
CLU_6310 3143303180115 2540 
CLU_6310 3143305302854 1859 
CLU_6310 3143302219212 2813 
CLU_6310 3143302149958 4677 
CLU_6310 3143307951345 6054 
CLU_6310 3143302219077 1200 
CLU_6310 3143302219344 4244 
CLU_6310 3143307607660 7467 
CLU_6310 3143302150069 4271 
CLU_6310 3143307809131 7746 
CLU_6310 3143300186252 5512 
CLU_6310 3143304701852 4283 
CLU_6310 3143307836619 5200 
CLU_6310 3143305212545 3474 
CLU_6310 3143302150077 5868 
CLU_6310 3143302150034 3485 
CLU_6310 3143302219409 46301 
CLU_6310 3143305212529 26215 
CLU_6310 3143302219379 46301 
CLU_6310 CLU_3233 31636 
CLU_6310 CLU_6117 46174 
CLU_6310 CLU_6299 17224 
CLU_6310 CLU_6301 19384 
CLU_6310 CLU_6381 18250 
CLU_6310 CLU_6398 12775 
CLU_6310 CLU_6409 42187 
CLU_6310 CLU_6410 22371 
CLU_6310 CLU_6411 18640 
CLU_6310 CLU_6412 18681 
CLU_6310 CLU_6414 40476 
CLU_6310 CLU_6415 45714 
CLU_6310 CLU_6417 61007 
CLU_6311 3143309772235 4806 
CLU_6311 3143309772251 3562 
CLU_6311 3143309812059 5047 
CLU_6311 3143305305063 3522 
CLU_6311 3143307781067 2448 
CLU_6311 3143309132481 1586 
CLU_6311 3143307831331 1486 
CLU_6311 3143300659134 2138 
CLU_6311 3143303180158 4750 
CLU_6311 3143307821506 5044 
CLU_6311 3143302150107 7193 
CLU_6311 3143309775978 5044 
CLU_6311 3143302219107 8668 
CLU_6311 3143302219352 5665 
CLU_6311 3143303180182 4668 
CLU_6311 3143302150042 3837 
CLU_6311 3143302219085 3916 
CLU_6311 3143309812032 800 
CLU_6311 3143302149915 685 
CLU_6311 3143307299079 5573 
CLU_6311 3143302150018 4883 
CLU_6311 3143302218984 3525 
CLU_6311 3143306065295 1738 
CLU_6311 3143302219069 8970 
CLU_6311 3143306629296 4064 
CLU_6311 3143302149923 2769 
CLU_6311 3143306065341 3821 
CLU_6311 3143306329705 1630 
CLU_6311 3143306297943 8039 
CLU_6311 3143307780621 4422 
CLU_6311 3143303180166 5044 
CLU_6311 3143302149893 3167 
CLU_6311 3143302150026 7918 
CLU_6311 3143300550108 3410 
CLU_6311 3143303413578 19046 
CLU_6311 3143306329632 9430 
CLU_6311 3143305212588 13548 
CLU_6311 3143309812083 1980 
CLU_6311 3143306023282 4975 
CLU_6311 3143302218968 5790 
CLU_6311 3143309772227 1586 
CLU_6311 3143302203480 6606 
CLU_6311 3143302150085 5573 
CLU_6311 3143300211826 9531 
CLU_6311 3143302149931 7159 
CLU_6311 3143309352511 1753 
CLU_6311 3143309251553 5689 
CLU_6311 3143305998220 5670 
CLU_6311 3143309690905 6955 
CLU_6311 3143307608756 4622 
CLU_6311 3143306409911 3410 
CLU_6311 3143307780907 8673 
CLU_6311 3143309936424 7713 
CLU_6311 3143309812075 2887 
CLU_6311 3143306301304 1980 
CLU_6311 3143303688100 2995 
CLU_6311 3143303180115 3562 
CLU_6311 3143305302854 4007 
CLU_6311 3143302219212 2910 
CLU_6311 3143302149958 7115 
CLU_6311 3143307951345 880 
CLU_6311 3143302219077 6877 
CLU_6311 3143302219344 8970 
CLU_6311 3143307607660 7193 
CLU_6311 3143302150069 3449 
CLU_6311 3143307809131 2541 
CLU_6311 3143300186252 9794 
CLU_6311 3143304701852 2736 
CLU_6311 3143307836619 800 
CLU_6311 3143305212545 9086 
CLU_6311 3143302150077 4622 
CLU_6311 3143302150034 5298 
CLU_6311 3143302219409 47835 
CLU_6311 3143305212529 29154 
CLU_6311 3143302219379 47835 
CLU_6311 CLU_3233 31724 
CLU_6311 CLU_6117 44968 
CLU_6311 CLU_6299 20643 
CLU_6311 CLU_6301 17122 
CLU_6311 CLU_6381 15658 
CLU_6311 CLU_6398 18328 
CLU_6311 CLU_6409 41222 
CLU_6311 CLU_6410 23751 
CLU_6311 CLU_6411 18609 
CLU_6311 CLU_6412 18550 
CLU_6311 CLU_6414 41889 
CLU_6311 CLU_6415 48622 
CLU_6311 CLU_6417 63510 
CLU_6312 3143309772235 3385 
CLU_6312 3143309772251 4636 
CLU_6312 3143309812059 3428 
CLU_6312 3143305305063 5148 
CLU_6312 3143307781067 6327 
CLU_6312 3143309132481 6776 
CLU_6312 3143307831331 6758 
CLU_6312 3143300659134 6733 
CLU_6312 3143303180158 5047 
CLU_6312 3143307821506 4347 
CLU_6312 3143302150107 6197 
CLU_6312 3143309775978 4347 
CLU_6312 3143302219107 3245 
CLU_6312 3143302219352 2639 
CLU_6312 3143303180182 5156 
CLU_6312 3143302150042 5835 
CLU_6312 3143302219085 6338 
CLU_6312 3143309812032 7467 
CLU_6312 3143302149915 8613 
CLU_6312 3143307299079 6346 
CLU_6312 3143302150018 8518 
CLU_6312 3143302218984 8191 
CLU_6312 3143306065295 9180 
CLU_6312 3143302219069 809 
CLU_6312 3143306629296 8559 
CLU_6312 3143302149923 8851 
CLU_6312 3143306065341 9772 
CLU_6312 3143306329705 9317 
CLU_6312 3143306297943 15049 
CLU_6312 3143307780621 5659 
CLU_6312 3143303180166 4347 
CLU_6312 3143302149893 6820 
CLU_6312 3143302150026 3687 
CLU_6312 3143300550108 9580 
CLU_6312 3143303413578 26930 
CLU_6312 3143306329632 3311 
CLU_6312 3143305212588 11598 
CLU_6312 3143309812083 6296 
CLU_6312 3143306023282 3382 
CLU_6312 3143302218968 4928 
CLU_6312 3143309772227 6776 
CLU_6312 3143302203480 1750 
CLU_6312 3143302150085 6346 
CLU_6312 3143300211826 1448 
CLU_6312 3143302149931 1065 
CLU_6312 3143309352511 7732 
CLU_6312 3143309251553 3659 
CLU_6312 3143305998220 4241 
CLU_6312 3143309690905 4369 
CLU_6312 3143307608756 9475 
CLU_6312 3143306409911 9580 
CLU_6312 3143307780907 1059 
CLU_6312 3143309936424 4445 
CLU_6312 3143309812075 5913 
CLU_6312 3143306301304 6296 
CLU_6312 3143303688100 6552 
CLU_6312 3143303180115 4636 
CLU_6312 3143305302854 5242 
CLU_6312 3143302219212 5801 
CLU_6312 3143302149958 2644 
CLU_6312 3143307951345 8189 
CLU_6312 3143302219077 3414 
CLU_6312 3143302219344 809 
CLU_6312 3143307607660 6197 
CLU_6312 3143302150069 7781 
CLU_6312 3143307809131 10597 
CLU_6312 3143300186252 1856 
CLU_6312 3143304701852 5773 
CLU_6312 3143307836619 7467 
CLU_6312 3143305212545 2693 
CLU_6312 3143302150077 9475 
CLU_6312 3143302150034 7135 
CLU_6312 3143302219409 42838 
CLU_6312 3143305212529 22568 
CLU_6312 3143302219379 42838 
CLU_6312 CLU_3233 28702 
CLU_6312 CLU_6117 43716 
CLU_6312 CLU_6299 13564 
CLU_6312 CLU_6301 23043 
CLU_6312 CLU_6381 21899 
CLU_6312 CLU_6398 10484 
CLU_6312 CLU_6409 39636 
CLU_6312 CLU_6410 19066 
CLU_6312 CLU_6411 15986 
CLU_6312 CLU_6412 16074 
CLU_6312 CLU_6414 37055 
CLU_6312 CLU_6415 42059 
CLU_6312 CLU_6417 57374 
CLU_6313 3143309772235 2010 
CLU_6313 3143309772251 3045 
CLU_6313 3143309812059 2430 
CLU_6313 3143305305063 3420 
CLU_6313 3143307781067 4618 
CLU_6313 3143309132481 5136 
CLU_6313 3143307831331 5147 
CLU_6313 3143300659134 5407 
CLU_6313 3143303180158 4312 
CLU_6313 3143307821506 3651 
CLU_6313 3143302150107 6188 
CLU_6313 3143309775978 3651 
CLU_6313 3143302219107 4205 
CLU_6313 3143302219352 1668 
CLU_6313 3143303180182 3433 
CLU_6313 3143302150042 4085 
CLU_6313 3143302219085 4594 
CLU_6313 3143309812032 5946 
CLU_6313 3143302149915 6992 
CLU_6313 3143307299079 4730 
CLU_6313 3143302150018 6803 
CLU_6313 3143302218984 6441 
CLU_6313 3143306065295 7494 
CLU_6313 3143302219069 2460 
CLU_6313 3143306629296 6815 
CLU_6313 3143302149923 7110 
CLU_6313 3143306065341 8021 
CLU_6313 3143306329705 7647 
CLU_6313 3143306297943 13299 
CLU_6313 3143307780621 4855 
CLU_6313 3143303180166 3651 
CLU_6313 3143302149893 5070 
CLU_6313 3143302150026 2875 
CLU_6313 3143300550108 7832 
CLU_6313 3143303413578 25540 
CLU_6313 3143306329632 4553 
CLU_6313 3143305212588 10862 
CLU_6313 3143309812083 4829 
CLU_6313 3143306023282 1674 
CLU_6313 3143302218968 4565 
CLU_6313 3143309772227 5136 
CLU_6313 3143302203480 0 
CLU_6313 3143302150085 4730 
CLU_6313 3143300211826 3199 
CLU_6313 3143302149931 706 
CLU_6313 3143309352511 6024 
CLU_6313 3143309251553 1998 
CLU_6313 3143305998220 2618 
CLU_6313 3143309690905 3098 
CLU_6313 3143307608756 7735 
CLU_6313 3143306409911 7832 
CLU_6313 3143307780907 2637 
CLU_6313 3143309936424 3427 
CLU_6313 3143309812075 4666 
CLU_6313 3143306301304 4829 
CLU_6313 3143303688100 5412 
CLU_6313 3143303180115 3045 
CLU_6313 3143305302854 3492 
CLU_6313 3143302219212 4084 
CLU_6313 3143302149958 2933 
CLU_6313 3143307951345 6723 
CLU_6313 3143302219077 2155 
CLU_6313 3143302219344 2460 
CLU_6313 3143307607660 6188 
CLU_6313 3143302150069 6031 
CLU_6313 3143307809131 8956 
CLU_6313 3143300186252 3596 
CLU_6313 3143304701852 4440 
CLU_6313 3143307836619 5946 
CLU_6313 3143305212545 2881 
CLU_6313 3143302150077 7735 
CLU_6313 3143302150034 5477 
CLU_6313 3143302219409 44316 
CLU_6313 3143305212529 24234 
CLU_6313 3143302219379 44316 
CLU_6313 CLU_3233 29806 
CLU_6313 CLU_6117 44538 
CLU_6313 CLU_6299 15267 
CLU_6313 CLU_6301 21338 
CLU_6313 CLU_6381 20173 
CLU_6313 CLU_6398 11782 
CLU_6313 CLU_6409 40511 
CLU_6313 CLU_6410 20417 
CLU_6313 CLU_6411 16897 
CLU_6313 CLU_6412 16956 
CLU_6313 CLU_6414 38498 
CLU_6313 CLU_6415 43742 
CLU_6313 CLU_6417 59016 
CLU_6314 3143309772235 3098 
CLU_6314 3143309772251 3226 
CLU_6314 3143309812059 3880 
CLU_6314 3143305305063 2797 
CLU_6314 3143307781067 3923 
CLU_6314 3143309132481 4729 
CLU_6314 3143307831331 4856 
CLU_6314 3143300659134 5828 
CLU_6314 3143303180158 5695 
CLU_6314 3143307821506 5155 
CLU_6314 3143302150107 8009 
CLU_6314 3143309775978 5155 
CLU_6314 3143302219107 6389 
CLU_6314 3143302219352 3385 
CLU_6314 3143303180182 1912 
CLU_6314 3143302150042 2808 
CLU_6314 3143302219085 3148 
CLU_6314 3143309812032 5855 
CLU_6314 3143302149915 6500 
CLU_6314 3143307299079 2713 
CLU_6314 3143302150018 5035 
CLU_6314 3143302218984 5018 
CLU_6314 3143306065295 6699 
CLU_6314 3143302219069 4140 
CLU_6314 3143306629296 5256 
CLU_6314 3143302149923 5942 
CLU_6314 3143306065341 6645 
CLU_6314 3143306329705 6923 
CLU_6314 3143306297943 11865 
CLU_6314 3143307780621 6105 
CLU_6314 3143303180166 5155 
CLU_6314 3143302149893 3854 
CLU_6314 3143302150026 1607 
CLU_6314 3143300550108 6550 
CLU_6314 3143303413578 25327 
CLU_6314 3143306329632 6728 
CLU_6314 3143305212588 8948 
CLU_6314 3143309812083 5006 
CLU_6314 3143306023282 2021 
CLU_6314 3143302218968 6242 
CLU_6314 3143309772227 4729 
CLU_6314 3143302203480 2185 
CLU_6314 3143302150085 2713 
CLU_6314 3143300211826 5010 
CLU_6314 3143302149931 2806 
CLU_6314 3143309352511 5199 
CLU_6314 3143309251553 686 
CLU_6314 3143305998220 755 
CLU_6314 3143309690905 1025 
CLU_6314 3143307608756 6112 
CLU_6314 3143306409911 6550 
CLU_6314 3143307780907 4683 
CLU_6314 3143309936424 1633 
CLU_6314 3143309812075 5325 
CLU_6314 3143306301304 5006 
CLU_6314 3143303688100 6159 
CLU_6314 3143303180115 3226 
CLU_6314 3143305302854 2386 
CLU_6314 3143302219212 3416 
CLU_6314 3143302149958 5046 
CLU_6314 3143307951345 6712 
CLU_6314 3143302219077 573 
CLU_6314 3143302219344 4140 
CLU_6314 3143307607660 8009 
CLU_6314 3143302150069 4629 
CLU_6314 3143307809131 8296 
CLU_6314 3143300186252 5475 
CLU_6314 3143304701852 4969 
CLU_6314 3143307836619 5855 
CLU_6314 3143305212545 2987 
CLU_6314 3143302150077 6112 
CLU_6314 3143302150034 3543 
CLU_6314 3143302219409 46460 
CLU_6314 3143305212529 26216 
CLU_6314 3143302219379 46460 
CLU_6314 CLU_3233 31980 
CLU_6314 CLU_6117 46626 
CLU_6314 CLU_6299 17184 
CLU_6314 CLU_6301 19470 
CLU_6314 CLU_6381 18384 
CLU_6314 CLU_6398 12259 
CLU_6314 CLU_6409 42620 
CLU_6314 CLU_6410 22594 
CLU_6314 CLU_6411 19035 
CLU_6314 CLU_6412 19085 
CLU_6314 CLU_6414 40655 
CLU_6314 CLU_6415 45690 
CLU_6314 CLU_6417 61029 
CLU_6315 3143309772235 4421 
CLU_6315 3143309772251 4784 
CLU_6315 3143309812059 5102 
CLU_6315 3143305305063 4403 
CLU_6315 3143307781067 5509 
CLU_6315 3143309132481 6332 
CLU_6315 3143307831331 6462 
CLU_6315 3143300659134 7396 
CLU_6315 3143303180158 6989 
CLU_6315 3143307821506 6382 
CLU_6315 3143302150107 9056 
CLU_6315 3143309775978 6382 
CLU_6315 3143302219107 6833 
CLU_6315 3143302219352 4451 
CLU_6315 3143303180182 3392 
CLU_6315 3143302150042 4306 
CLU_6315 3143302219085 4557 
CLU_6315 3143309812032 7462 
CLU_6315 3143302149915 8083 
CLU_6315 3143307299079 3653 
CLU_6315 3143302150018 6107 
CLU_6315 3143302218984 6347 
CLU_6315 3143306065295 8226 
CLU_6315 3143302219069 3857 
CLU_6315 3143306629296 6491 
CLU_6315 3143302149923 7365 
CLU_6315 3143306065341 7952 
CLU_6315 3143306329705 8463 
CLU_6315 3143306297943 13060 
CLU_6315 3143307780621 7460 
CLU_6315 3143303180166 6382 
CLU_6315 3143302149893 5321 
CLU_6315 3143302150026 0 
CLU_6315 3143300550108 7908 
CLU_6315 3143303413578 26909 
CLU_6315 3143306329632 6992 
CLU_6315 3143305212588 8022 
CLU_6315 3143309812083 6596 
CLU_6315 3143306023282 3455 
CLU_6315 3143302218968 7385 
CLU_6315 3143309772227 6332 
CLU_6315 3143302203480 2875 
CLU_6315 3143302150085 3653 
CLU_6315 3143300211826 4741 
CLU_6315 3143302149931 3225 
CLU_6315 3143309352511 6740 
CLU_6315 3143309251553 2271 
CLU_6315 3143305998220 2269 
CLU_6315 3143309690905 1226 
CLU_6315 3143307608756 7270 
CLU_6315 3143306409911 7908 
CLU_6315 3143307780907 4740 
CLU_6315 3143309936424 829 
CLU_6315 3143309812075 6843 
CLU_6315 3143306301304 6596 
CLU_6315 3143303688100 7669 
CLU_6315 3143303180115 4784 
CLU_6315 3143305302854 3952 
CLU_6315 3143302219212 5012 
CLU_6315 3143302149958 5765 
CLU_6315 3143307951345 8319 
CLU_6315 3143302219077 1076 
CLU_6315 3143302219344 3857 
CLU_6315 3143307607660 9056 
CLU_6315 3143302150069 5984 
CLU_6315 3143307809131 9838 
CLU_6315 3143300186252 5240 
CLU_6315 3143304701852 6508 
CLU_6315 3143307836619 7462 
CLU_6315 3143305212545 1829 
CLU_6315 3143302150077 7270 
CLU_6315 3143302150034 4521 
CLU_6315 3143302219409 46389 
CLU_6315 3143305212529 25805 
CLU_6315 3143302219379 46389 
CLU_6315 CLU_3233 32386 
CLU_6315 CLU_6117 47309 
CLU_6315 CLU_6299 16716 
CLU_6315 CLU_6301 20214 
CLU_6315 CLU_6381 19228 
CLU_6315 CLU_6398 10825 
CLU_6315 CLU_6409 43254 
CLU_6315 CLU_6410 22722 
CLU_6315 CLU_6411 19610 
CLU_6315 CLU_6412 19685 
CLU_6315 CLU_6414 40641 
CLU_6315 CLU_6415 45194 
CLU_6315 CLU_6417 60629 
CLU_6316 3143309772235 3947 
CLU_6316 3143309772251 3937 
CLU_6316 3143309812059 4742 
CLU_6316 3143305305063 3320 
CLU_6316 3143307781067 4325 
CLU_6316 3143309132481 5194 
CLU_6316 3143307831331 5354 
CLU_6316 3143300659134 6499 
CLU_6316 3143303180158 6536 
CLU_6316 3143307821506 6011 
CLU_6316 3143302150107 8878 
CLU_6316 3143309775978 6011 
CLU_6316 3143302219107 7192 
CLU_6316 3143302219352 4255 
CLU_6316 3143303180182 2131 
CLU_6316 3143302150042 3034 
CLU_6316 3143302219085 3237 
CLU_6316 3143309812032 6384 
CLU_6316 3143302149915 6874 
CLU_6316 3143307299079 2343 
CLU_6316 3143302150018 4786 
CLU_6316 3143302218984 5004 
CLU_6316 3143306065295 6947 
CLU_6316 3143302219069 4698 
CLU_6316 3143306629296 5148 
CLU_6316 3143302149923 6037 
CLU_6316 3143306065341 6608 
CLU_6316 3143306329705 7194 
CLU_6316 3143306297943 11726 
CLU_6316 3143307780621 6928 
CLU_6316 3143303180166 6011 
CLU_6316 3143302149893 4019 
CLU_6316 3143302150026 1344 
CLU_6316 3143300550108 6566 
CLU_6316 3143303413578 25675 
CLU_6316 3143306329632 7491 
CLU_6316 3143305212588 8084 
CLU_6316 3143309812083 5637 
CLU_6316 3143306023282 2851 
CLU_6316 3143302218968 7106 
CLU_6316 3143309772227 5194 
CLU_6316 3143302203480 2993 
CLU_6316 3143302150085 2343 
CLU_6316 3143300211826 5587 
CLU_6316 3143302149931 3564 
CLU_6316 3143309352511 5480 
CLU_6316 3143309251553 1466 
CLU_6316 3143305998220 1138 
CLU_6316 3143309690905 194 
CLU_6316 3143307608756 5936 
CLU_6316 3143306409911 6566 
CLU_6316 3143307780907 5370 
CLU_6316 3143309936424 946 
CLU_6316 3143309812075 6058 
CLU_6316 3143306301304 5637 
CLU_6316 3143303688100 6895 
CLU_6316 3143303180115 3937 
CLU_6316 3143305302854 2760 
CLU_6316 3143302219212 3864 
CLU_6316 3143302149958 5893 
CLU_6316 3143307951345 7245 
CLU_6316 3143302219077 907 
CLU_6316 3143302219344 4698 
CLU_6316 3143307607660 8878 
CLU_6316 3143302150069 4645 
CLU_6316 3143307809131 8567 
CLU_6316 3143300186252 6070 
CLU_6316 3143304701852 5684 
CLU_6316 3143307836619 6384 
CLU_6316 3143305212545 3090 
CLU_6316 3143302150077 5936 
CLU_6316 3143302150034 3212 
CLU_6316 3143302219409 47160 
CLU_6316 3143305212529 26787 
CLU_6316 3143302219379 47160 
CLU_6316 CLU_3233 32799 
CLU_6316 CLU_6117 47485 
CLU_6316 CLU_6299 17724 
CLU_6316 CLU_6301 19032 
CLU_6316 CLU_6381 18003 
CLU_6316 CLU_6398 12166 
CLU_6316 CLU_6409 43474 
CLU_6316 CLU_6410 23347 
CLU_6316 CLU_6411 19878 
CLU_6316 CLU_6412 19932 
CLU_6316 CLU_6414 41372 
CLU_6316 CLU_6415 46229 
CLU_6316 CLU_6417 61610 
CLU_6317 3143309772235 4633 
CLU_6317 3143309772251 3797 
CLU_6317 3143309812059 5467 
CLU_6317 3143305305063 2673 
CLU_6317 3143307781067 2933 
CLU_6317 3143309132481 3833 
CLU_6317 3143307831331 4080 
CLU_6317 3143300659134 5739 
CLU_6317 3143303180158 6824 
CLU_6317 3143307821506 6521 
CLU_6317 3143302150107 9507 
CLU_6317 3143309775978 6521 
CLU_6317 3143302219107 8789 
CLU_6317 3143302219352 5352 
CLU_6317 3143303180182 1495 
CLU_6317 3143302150042 1607 
CLU_6317 3143302219085 1291 
CLU_6317 3143309812032 5087 
CLU_6317 3143302149915 5063 
CLU_6317 3143307299079 404 
CLU_6317 3143302150018 2186 
CLU_6317 3143302218984 2529 
CLU_6317 3143306065295 4827 
CLU_6317 3143302219069 6989 
CLU_6317 3143306629296 2574 
CLU_6317 3143302149923 3674 
CLU_6317 3143306065341 4066 
CLU_6317 3143306329705 5115 
CLU_6317 3143306297943 9120 
CLU_6317 3143307780621 7005 
CLU_6317 3143303180166 6521 
CLU_6317 3143302149893 2024 
CLU_6317 3143302150026 3940 
CLU_6317 3143300550108 4080 
CLU_6317 3143303413578 23537 
CLU_6317 3143306329632 9263 
CLU_6317 3143305212588 8414 
CLU_6317 3143309812083 4813 
CLU_6317 3143306023282 3660 
CLU_6317 3143302218968 7675 
CLU_6317 3143309772227 3833 
CLU_6317 3143302203480 4787 
CLU_6317 3143302150085 404 
CLU_6317 3143300211826 7843 
CLU_6317 3143302149931 5482 
CLU_6317 3143309352511 3551 
CLU_6317 3143309251553 2794 
CLU_6317 3143305998220 2208 
CLU_6317 3143309690905 2713 
CLU_6317 3143307608756 3330 
CLU_6317 3143306409911 4080 
CLU_6317 3143307780907 7414 
CLU_6317 3143309936424 3326 
CLU_6317 3143309812075 5649 
CLU_6317 3143306301304 4813 
CLU_6317 3143303688100 6418 
CLU_6317 3143303180115 3797 
CLU_6317 3143305302854 1959 
CLU_6317 3143302219212 2756 
CLU_6317 3143302149958 7255 
CLU_6317 3143307951345 5887 
CLU_6317 3143302219077 3323 
CLU_6317 3143302219344 6989 
CLU_6317 3143307607660 9507 
CLU_6317 3143302150069 2235 
CLU_6317 3143307809131 6434 
CLU_6317 3143300186252 8292 
CLU_6317 3143304701852 5229 
CLU_6317 3143307836619 5087 
CLU_6317 3143305212545 5689 
CLU_6317 3143302150077 3330 
CLU_6317 3143302150034 690 
CLU_6317 3143302219409 49034 
CLU_6317 3143305212529 29009 
CLU_6317 3143302219379 49034 
CLU_6317 CLU_3233 34109 
CLU_6317 CLU_6117 48336 
CLU_6317 CLU_6299 20009 
CLU_6317 CLU_6301 16611 
CLU_6317 CLU_6381 15513 
CLU_6317 CLU_6398 14719 
CLU_6317 CLU_6409 44415 
CLU_6317 CLU_6410 25049 
CLU_6317 CLU_6411 21020 
CLU_6317 CLU_6412 21037 
CLU_6317 CLU_6414 43191 
CLU_6317 CLU_6415 48505 
CLU_6317 CLU_6417 63802 
CLU_6318 3143309772235 5399 
CLU_6318 3143309772251 4290 
CLU_6318 3143309812059 6175 
CLU_6318 3143305305063 3152 
CLU_6318 3143307781067 2814 
CLU_6318 3143309132481 3542 
CLU_6318 3143307831331 3815 
CLU_6318 3143300659134 5636 
CLU_6318 3143303180158 7232 
CLU_6318 3143307821506 7058 
CLU_6318 3143302150107 9978 
CLU_6318 3143309775978 7058 
CLU_6318 3143302219107 9741 
CLU_6318 3143302219352 6227 
CLU_6318 3143303180182 2518 
CLU_6318 3143302150042 2049 
CLU_6318 3143302219085 1488 
CLU_6318 3143309812032 4683 
CLU_6318 3143302149915 4269 
CLU_6318 3143307299079 1763 
CLU_6318 3143302150018 853 
CLU_6318 3143302218984 1273 
CLU_6318 3143306065295 3788 
CLU_6318 3143302219069 8266 
CLU_6318 3143306629296 1162 
CLU_6318 3143302149923 2468 
CLU_6318 3143306065341 2668 
CLU_6318 3143306329705 4096 
CLU_6318 3143306297943 7693 
CLU_6318 3143307780621 7293 
CLU_6318 3143303180166 7058 
CLU_6318 3143302149893 1644 
CLU_6318 3143302150026 5370 
CLU_6318 3143300550108 2730 
CLU_6318 3143303413578 22311 
CLU_6318 3143306329632 10285 
CLU_6318 3143305212588 9065 
CLU_6318 3143309812083 4759 
CLU_6318 3143306023282 4594 
CLU_6318 3143302218968 8182 
CLU_6318 3143309772227 3542 
CLU_6318 3143302203480 5951 
CLU_6318 3143302150085 1763 
CLU_6318 3143300211826 9095 
CLU_6318 3143302149931 6657 
CLU_6318 3143309352511 2812 
CLU_6318 3143309251553 4023 
CLU_6318 3143305998220 3504 
CLU_6318 3143309690905 4144 
CLU_6318 3143307608756 1905 
CLU_6318 3143306409911 2730 
CLU_6318 3143307780907 8586 
CLU_6318 3143309936424 4754 
CLU_6318 3143309812075 5764 
CLU_6318 3143306301304 4759 
CLU_6318 3143303688100 6433 
CLU_6318 3143303180115 4290 
CLU_6318 3143305302854 2631 
CLU_6318 3143302219212 2908 
CLU_6318 3143302149958 8148 
CLU_6318 3143307951345 5375 
CLU_6318 3143302219077 4709 
CLU_6318 3143302219344 8266 
CLU_6318 3143307607660 9978 
CLU_6318 3143302150069 1146 
CLU_6318 3143307809131 5321 
CLU_6318 3143300186252 9525 
CLU_6318 3143304701852 5356 
CLU_6318 3143307836619 4683 
CLU_6318 3143305212545 7104 
CLU_6318 3143302150077 1905 
CLU_6318 3143302150034 992 
CLU_6318 3143302219409 49976 
CLU_6318 3143305212529 30170 
CLU_6318 3143302219379 49976 
CLU_6318 CLU_3233 34750 
CLU_6318 CLU_6117 48702 
CLU_6318 CLU_6299 21219 
CLU_6318 CLU_6301 15387 
CLU_6318 CLU_6381 14230 
CLU_6318 CLU_6398 16148 
CLU_6318 CLU_6409 44834 
CLU_6318 CLU_6410 25927 
CLU_6318 CLU_6411 21613 
CLU_6318 CLU_6412 21609 
CLU_6318 CLU_6414 44105 
CLU_6318 CLU_6415 49686 
CLU_6318 CLU_6417 64925 
CLU_6319 3143309772235 5044 
CLU_6319 3143309772251 3693 
CLU_6319 3143309812059 5450 
CLU_6319 3143305305063 3293 
CLU_6319 3143307781067 2080 
CLU_6319 3143309132481 1550 
CLU_6319 3143307831331 1645 
CLU_6319 3143300659134 3030 
CLU_6319 3143303180158 5502 
CLU_6319 3143307821506 5685 
CLU_6319 3143302150107 8079 
CLU_6319 3143309775978 5685 
CLU_6319 3143302219107 9193 
CLU_6319 3143302219352 5955 
CLU_6319 3143303180182 4169 
CLU_6319 3143302150042 3270 
CLU_6319 3143302219085 3204 
CLU_6319 3143309812032 1663 
CLU_6319 3143302149915 683 
CLU_6319 3143307299079 4801 
CLU_6319 3143302150018 3820 
CLU_6319 3143302218984 2461 
CLU_6319 3143306065295 911 
CLU_6319 3143302219069 9075 
CLU_6319 3143306629296 2977 
CLU_6319 3143302149923 1652 
CLU_6319 3143306065341 2727 
CLU_6319 3143306329705 1011 
CLU_6319 3143306297943 7268 
CLU_6319 3143307780621 5261 
CLU_6319 3143303180166 5685 
CLU_6319 3143302149893 2398 
CLU_6319 3143302150026 7540 
CLU_6319 3143300550108 2322 
CLU_6319 3143303413578 19376 
CLU_6319 3143306329632 9919 
CLU_6319 3143305212588 12640 
CLU_6319 3143309812083 2570 
CLU_6319 3143306023282 4963 
CLU_6319 3143302218968 6556 
CLU_6319 3143309772227 1550 
CLU_6319 3143302203480 6637 
CLU_6319 3143302150085 4801 
CLU_6319 3143300211826 9714 
CLU_6319 3143302149931 7253 
CLU_6319 3143309352511 852 
CLU_6319 3143309251553 5411 
CLU_6319 3143305998220 5270 
CLU_6319 3143309690905 6478 
CLU_6319 3143307608756 3504 
CLU_6319 3143306409911 2322 
CLU_6319 3143307780907 8919 
CLU_6319 3143309936424 7227 
CLU_6319 3143309812075 3638 
CLU_6319 3143306301304 2570 
CLU_6319 3143303688100 3924 
CLU_6319 3143303180115 3693 
CLU_6319 3143305302854 3592 
CLU_6319 3143302219212 2617 
CLU_6319 3143302149958 7589 
CLU_6319 3143307951345 1999 
CLU_6319 3143302219077 6550 
CLU_6319 3143302219344 9075 
CLU_6319 3143307607660 8079 
CLU_6319 3143302150069 2444 
CLU_6319 3143307809131 2342 
CLU_6319 3143300186252 10022 
CLU_6319 3143304701852 3385 
CLU_6319 3143307836619 1663 
CLU_6319 3143305212545 8880 
CLU_6319 3143302150077 3504 
CLU_6319 3143302150034 4407 
CLU_6319 3143302219409 48711 
CLU_6319 3143305212529 29795 
CLU_6319 3143302219379 48711 
CLU_6319 CLU_3233 32733 
CLU_6319 CLU_6117 46066 
CLU_6319 CLU_6299 21166 
CLU_6319 CLU_6301 16217 
CLU_6319 CLU_6381 14794 
CLU_6319 CLU_6398 18177 
CLU_6319 CLU_6409 42308 
CLU_6319 CLU_6410 24609 
CLU_6319 CLU_6411 19600 
CLU_6319 CLU_6412 19549 
CLU_6319 CLU_6414 42774 
CLU_6319 CLU_6415 49294 
CLU_6319 CLU_6417 64258 
CLU_6320 3143309772235 4317 
CLU_6320 3143309772251 5459 
CLU_6320 3143309812059 4478 
CLU_6320 3143305305063 5795 
CLU_6320 3143307781067 7008 
CLU_6320 3143309132481 7555 
CLU_6320 3143307831331 7567 
CLU_6320 3143300659134 7718 
CLU_6320 3143303180158 6162 
CLU_6320 3143307821506 5462 
CLU_6320 3143302150107 7305 
CLU_6320 3143309775978 5462 
CLU_6320 3143302219107 4146 
CLU_6320 3143302219352 3671 
CLU_6320 3143303180182 5538 
CLU_6320 3143302150042 6317 
CLU_6320 3143302219085 6772 
CLU_6320 3143309812032 8350 
CLU_6320 3143302149915 9412 
CLU_6320 3143307299079 6500 
CLU_6320 3143302150018 8818 
CLU_6320 3143302218984 8659 
CLU_6320 3143306065295 9894 
CLU_6320 3143302219069 637 
CLU_6320 3143306629296 8969 
CLU_6320 3143302149923 9429 
CLU_6320 3143306065341 10273 
CLU_6320 3143306329705 10055 
CLU_6320 3143306297943 15545 
CLU_6320 3143307780621 6769 
CLU_6320 3143303180166 5462 
CLU_6320 3143302149893 7348 
CLU_6320 3143302150026 3324 
CLU_6320 3143300550108 10120 
CLU_6320 3143303413578 27904 
CLU_6320 3143306329632 4036 
CLU_6320 3143305212588 10920 
CLU_6320 3143309812083 7210 
CLU_6320 3143306023282 4086 
CLU_6320 3143302218968 6063 
CLU_6320 3143309772227 7555 
CLU_6320 3143302203480 2420 
CLU_6320 3143302150085 6500 
CLU_6320 3143300211826 1443 
CLU_6320 3143302149931 1899 
CLU_6320 3143309352511 8411 
CLU_6320 3143309251553 3993 
CLU_6320 3143305998220 4486 
CLU_6320 3143309690905 4266 
CLU_6320 3143307608756 9857 
CLU_6320 3143306409911 10120 
CLU_6320 3143307780907 1793 
CLU_6320 3143309936424 4146 
CLU_6320 3143309812075 6924 
CLU_6320 3143306301304 7210 
CLU_6320 3143303688100 7600 
CLU_6320 3143303180115 5459 
CLU_6320 3143305302854 5757 
CLU_6320 3143302219212 6469 
CLU_6320 3143302149958 3758 
CLU_6320 3143307951345 9109 
CLU_6320 3143302219077 3398 
CLU_6320 3143302219344 637 
CLU_6320 3143307607660 7305 
CLU_6320 3143302150069 8253 
CLU_6320 3143307809131 11372 
CLU_6320 3143300186252 1941 
CLU_6320 3143304701852 6750 
CLU_6320 3143307836619 8350 
CLU_6320 3143305212545 1872 
CLU_6320 3143302150077 9857 
CLU_6320 3143302150034 7339 
CLU_6320 3143302219409 43067 
CLU_6320 3143305212529 22527 
CLU_6320 3143302219379 43067 
CLU_6320 CLU_3233 29288 
CLU_6320 CLU_6117 44466 
CLU_6320 CLU_6299 13456 
CLU_6320 CLU_6301 23260 
CLU_6320 CLU_6381 22180 
CLU_6320 CLU_6398 9446 
CLU_6320 CLU_6409 40358 
CLU_6320 CLU_6410 19465 
CLU_6320 CLU_6411 16725 
CLU_6320 CLU_6412 16830 
CLU_6320 CLU_6414 37328 
CLU_6320 CLU_6415 41959 
CLU_6320 CLU_6417 57352 
CLU_6321 3143309772235 4386 
CLU_6321 3143309772251 5585 
CLU_6321 3143309812059 4472 
CLU_6321 3143305305063 5990 
CLU_6321 3143307781067 7194 
CLU_6321 3143309132481 7704 
CLU_6321 3143307831331 7703 
CLU_6321 3143300659134 7761 
CLU_6321 3143303180158 6086 
CLU_6321 3143307821506 5387 
CLU_6321 3143302150107 7088 
CLU_6321 3143309775978 5387 
CLU_6321 3143302219107 3827 
CLU_6321 3143302219352 3678 
CLU_6321 3143303180182 5810 
CLU_6321 3143302150042 6565 
CLU_6321 3143302219085 7035 
CLU_6321 3143309812032 8452 
CLU_6321 3143302149915 9555 
CLU_6321 3143307299079 6827 
CLU_6321 3143302150018 9118 
CLU_6321 3143302218984 8916 
CLU_6321 3143306065295 10072 
CLU_6321 3143302219069 315 
CLU_6321 3143306629296 9242 
CLU_6321 3143302149923 9654 
CLU_6321 3143306065341 10522 
CLU_6321 3143306329705 10224 
CLU_6321 3143306297943 15799 
CLU_6321 3143307780621 6700 
CLU_6321 3143303180166 5387 
CLU_6321 3143302149893 7585 
CLU_6321 3143302150026 3711 
CLU_6321 3143300550108 10357 
CLU_6321 3143303413578 27959 
CLU_6321 3143306329632 3676 
CLU_6321 3143305212588 11308 
CLU_6321 3143309812083 7295 
CLU_6321 3143306023282 4252 
CLU_6321 3143302218968 5921 
CLU_6321 3143309772227 7704 
CLU_6321 3143302203480 2578 
CLU_6321 3143302150085 6827 
CLU_6321 3143300211826 1047 
CLU_6321 3143302149931 1983 
CLU_6321 3143309352511 8600 
CLU_6321 3143309251553 4269 
CLU_6321 3143305998220 4786 
CLU_6321 3143309690905 4628 
CLU_6321 3143307608756 10138 
CLU_6321 3143306409911 10357 
CLU_6321 3143307780907 1479 
CLU_6321 3143309936424 4530 
CLU_6321 3143309812075 6949 
CLU_6321 3143306301304 7295 
CLU_6321 3143303688100 7598 
CLU_6321 3143303180115 5585 
CLU_6321 3143305302854 5994 
CLU_6321 3143302219212 6658 
CLU_6321 3143302149958 3564 
CLU_6321 3143307951345 9192 
CLU_6321 3143302219077 3741 
CLU_6321 3143302219344 315 
CLU_6321 3143307607660 7088 
CLU_6321 3143302150069 8508 
CLU_6321 3143307809131 11527 
CLU_6321 3143300186252 1545 
CLU_6321 3143304701852 6798 
CLU_6321 3143307836619 8452 
CLU_6321 3143305212545 2260 
CLU_6321 3143302150077 10138 
CLU_6321 3143302150034 7657 
CLU_6321 3143302219409 42678 
CLU_6321 3143305212529 22164 
CLU_6321 3143302219379 42678 
CLU_6321 CLU_3233 28897 
CLU_6321 CLU_6117 44092 
CLU_6321 CLU_6299 13100 
CLU_6321 CLU_6301 23585 
CLU_6321 CLU_6381 22491 
CLU_6321 CLU_6398 9437 
CLU_6321 CLU_6409 39980 
CLU_6321 CLU_6410 19069 
CLU_6321 CLU_6411 16352 
CLU_6321 CLU_6412 16459 
CLU_6321 CLU_6414 36936 
CLU_6321 CLU_6415 41606 
CLU_6321 CLU_6417 56988 
CLU_6322 3143309772235 6911 
CLU_6322 3143309772251 5647 
CLU_6322 3143309812059 7610 
CLU_6322 3143305305063 4616 
CLU_6322 3143307781067 3842 
CLU_6322 3143309132481 4226 
CLU_6322 3143307831331 4481 
CLU_6322 3143300659134 6278 
CLU_6322 3143303180158 8344 
CLU_6322 3143307821506 8304 
CLU_6322 3143302150107 11077 
CLU_6322 3143309775978 8304 
CLU_6322 3143302219107 11315 
CLU_6322 3143302219352 7798 
CLU_6322 3143303180182 4330 
CLU_6322 3143302150042 3672 
CLU_6322 3143302219085 3142 
CLU_6322 3143309812032 5043 
CLU_6322 3143302149915 4094 
CLU_6322 3143307299079 3633 
CLU_6322 3143302150018 1212 
CLU_6322 3143302218984 1445 
CLU_6322 3143306065295 3221 
CLU_6322 3143302219069 10105 
CLU_6322 3143306629296 935 
CLU_6322 3143302149923 1866 
CLU_6322 3143306065341 1178 
CLU_6322 3143306329705 3515 
CLU_6322 3143306297943 5790 
CLU_6322 3143307780621 8277 
CLU_6322 3143303180166 8304 
CLU_6322 3143302149893 2834 
CLU_6322 3143302150026 7270 
CLU_6322 3143300550108 1493 
CLU_6322 3143303413578 20880 
CLU_6322 3143306329632 11914 
CLU_6322 3143305212588 9978 
CLU_6322 3143309812083 5543 
CLU_6322 3143306023282 6260 
CLU_6322 3143302218968 9362 
CLU_6322 3143309772227 4226 
CLU_6322 3143302203480 7735 
CLU_6322 3143302150085 3633 
CLU_6322 3143300211826 10915 
CLU_6322 3143302149931 8440 
CLU_6322 3143309352511 3066 
CLU_6322 3143309251553 5868 
CLU_6322 3143305998220 5383 
CLU_6322 3143309690905 6043 
CLU_6322 3143307608756 0 
CLU_6322 3143306409911 1493 
CLU_6322 3143307780907 10351 
CLU_6322 3143309936424 6632 
CLU_6322 3143309812075 6646 
CLU_6322 3143306301304 5543 
CLU_6322 3143303688100 7158 
CLU_6322 3143303180115 5647 
CLU_6322 3143305302854 4278 
CLU_6322 3143302219212 4161 
CLU_6322 3143302149958 9691 
CLU_6322 3143307951345 5503 
CLU_6322 3143302219077 6610 
CLU_6322 3143302219344 10105 
CLU_6322 3143307607660 11077 
CLU_6322 3143302150069 1816 
CLU_6322 3143307809131 4388 
CLU_6322 3143300186252 11329 
CLU_6322 3143304701852 6282 
CLU_6322 3143307836619 5043 
CLU_6322 3143305212545 9010 
CLU_6322 3143302150077 0 
CLU_6322 3143302150034 2787 
CLU_6322 3143302219409 51439 
CLU_6322 3143305212529 31874 
CLU_6322 3143302219379 51439 
CLU_6322 CLU_3233 35886 
CLU_6322 CLU_6117 49487 
CLU_6322 CLU_6299 22977 
CLU_6322 CLU_6301 13682 
CLU_6322 CLU_6381 12455 
CLU_6322 CLU_6398 18020 
CLU_6322 CLU_6409 45691 
CLU_6322 CLU_6410 27346 
CLU_6322 CLU_6411 22730 
CLU_6322 CLU_6412 22703 
CLU_6322 CLU_6414 45541 
CLU_6322 CLU_6415 51402 
CLU_6322 CLU_6417 66579 
CLU_6323 3143309772235 6292 
CLU_6323 3143309772251 4931 
CLU_6323 3143309812059 6861 
CLU_6323 3143305305063 4135 
CLU_6323 3143307781067 3041 
CLU_6323 3143309132481 3055 
CLU_6323 3143307831331 3262 
CLU_6323 3143300659134 4900 
CLU_6323 3143303180158 7236 
CLU_6323 3143307821506 7322 
CLU_6323 3143302150107 9894 
CLU_6323 3143309775978 7322 
CLU_6323 3143302219107 10641 
CLU_6323 3143302219352 7217 
CLU_6323 3143303180182 4415 
CLU_6323 3143302150042 3548 
CLU_6323 3143302219085 3183 
CLU_6323 3143309812032 3563 
CLU_6323 3143302149915 2416 
CLU_6323 3143307299079 4359 
CLU_6323 3143302150018 2497 
CLU_6323 3143302218984 1446 
CLU_6323 3143306065295 1476 
CLU_6323 3143302219069 9983 
CLU_6323 3143306629296 1630 
CLU_6323 3143302149923 424 
CLU_6323 3143306065341 811 
CLU_6323 3143306329705 1765 
CLU_6323 3143306297943 5812 
CLU_6323 3143307780621 7065 
CLU_6323 3143303180166 7322 
CLU_6323 3143302149893 2500 
CLU_6323 3143302150026 7727 
CLU_6323 3143300550108 413 
CLU_6323 3143303413578 19619 
CLU_6323 3143306329632 11314 
CLU_6323 3143305212588 11542 
CLU_6323 3143309812083 4310 
CLU_6323 3143306023282 5901 
CLU_6323 3143302218968 8286 
CLU_6323 3143309772227 3055 
CLU_6323 3143302203480 7528 
CLU_6323 3143302150085 4359 
CLU_6323 3143300211826 10717 
CLU_6323 3143302149931 8207 
CLU_6323 3143309352511 1798 
CLU_6323 3143309251553 5910 
CLU_6323 3143305998220 5572 
CLU_6323 3143309690905 6539 
CLU_6323 3143307608756 1750 
CLU_6323 3143306409911 413 
CLU_6323 3143307780907 10028 
CLU_6323 3143309936424 7228 
CLU_6323 3143309812075 5419 
CLU_6323 3143306301304 4310 
CLU_6323 3143303688100 5798 
CLU_6323 3143303180115 4931 
CLU_6323 3143305302854 4084 
CLU_6323 3143302219212 3517 
CLU_6323 3143302149958 9009 
CLU_6323 3143307951345 3883 
CLU_6323 3143302219077 6883 
CLU_6323 3143302219344 9983 
CLU_6323 3143307607660 9894 
CLU_6323 3143302150069 1755 
CLU_6323 3143307809131 2725 
CLU_6323 3143300186252 11083 
CLU_6323 3143304701852 5109 
CLU_6323 3143307836619 3563 
CLU_6323 3143305212545 9313 
CLU_6323 3143302150077 1750 
CLU_6323 3143302150034 3679 
CLU_6323 3143302219409 50469 
CLU_6323 3143305212529 31288 
CLU_6323 3143302219379 50469 
CLU_6323 CLU_3233 34616 
CLU_6323 CLU_6117 47979 
CLU_6323 CLU_6299 22527 
CLU_6323 CLU_6301 14471 
CLU_6323 CLU_6381 13108 
CLU_6323 CLU_6398 18548 
CLU_6323 CLU_6409 44224 
CLU_6323 CLU_6410 26360 
CLU_6323 CLU_6411 21474 
CLU_6323 CLU_6412 21429 
CLU_6323 CLU_6414 44545 
CLU_6323 CLU_6415 50811 
CLU_6323 CLU_6417 65867 
CLU_6324 3143309772235 9859 
CLU_6324 3143309772251 8495 
CLU_6324 3143309812059 10276 
CLU_6324 3143305305063 7907 
CLU_6324 3143307781067 6715 
CLU_6324 3143309132481 6372 
CLU_6324 3143307831331 6469 
CLU_6324 3143300659134 7505 
CLU_6324 3143303180158 10136 
CLU_6324 3143307821506 10420 
CLU_6324 3143302150107 12481 
CLU_6324 3143309775978 10420 
CLU_6324 3143302219107 13999 
CLU_6324 3143302219352 10776 
CLU_6324 3143303180182 8339 
CLU_6324 3143302150042 7459 
CLU_6324 3143302219085 7111 
CLU_6324 3143309812032 6183 
CLU_6324 3143302149915 4747 
CLU_6324 3143307299079 8191 
CLU_6324 3143302150018 5949 
CLU_6324 3143302218984 5315 
CLU_6324 3143306065295 3918 
CLU_6324 3143302219069 13787 
CLU_6324 3143306629296 5280 
CLU_6324 3143302149923 4309 
CLU_6324 3143306065341 3774 
CLU_6324 3143306329705 3857 
CLU_6324 3143306297943 2946 
CLU_6324 3143307780621 9781 
CLU_6324 3143303180166 10420 
CLU_6324 3143302149893 6407 
CLU_6324 3143302150026 11650 
CLU_6324 3143300550108 3751 
CLU_6324 3143303413578 16192 
CLU_6324 3143306329632 14737 
CLU_6324 3143305212588 14494 
CLU_6324 3143309812083 7308 
CLU_6324 3143306023282 9662 
CLU_6324 3143302218968 11170 
CLU_6324 3143309772227 6372 
CLU_6324 3143302203480 11327 
CLU_6324 3143302150085 8191 
CLU_6324 3143300211826 14474 
CLU_6324 3143302149931 11980 
CLU_6324 3143309352511 5312 
CLU_6324 3143309251553 9815 
CLU_6324 3143305998220 9497 
CLU_6324 3143309690905 10454 
CLU_6324 3143307608756 4769 
CLU_6324 3143306409911 3751 
CLU_6324 3143307780907 13716 
CLU_6324 3143309936424 11128 
CLU_6324 3143309812075 8274 
CLU_6324 3143306301304 7308 
CLU_6324 3143303688100 8313 
CLU_6324 3143303180115 8495 
CLU_6324 3143305302854 7967 
CLU_6324 3143302219212 7244 
CLU_6324 3143302149958 12407 
CLU_6324 3143307951345 5932 
CLU_6324 3143302219077 10810 
CLU_6324 3143302219344 13787 
CLU_6324 3143307607660 12481 
CLU_6324 3143302150069 5666 
CLU_6324 3143307809131 2954 
CLU_6324 3143300186252 14806 
CLU_6324 3143304701852 8101 
CLU_6324 3143307836619 6183 
CLU_6324 3143305212545 13239 
CLU_6324 3143302150077 4769 
CLU_6324 3143302150034 7423 
CLU_6324 3143302219409 53038 
CLU_6324 3143305212529 34540 
CLU_6324 3143302219379 53038 
CLU_6324 CLU_3233 36539 
CLU_6324 CLU_6117 49018 
CLU_6324 CLU_6299 25980 
CLU_6324 CLU_6301 12192 
CLU_6324 CLU_6381 10609 
CLU_6324 CLU_6398 22474 
CLU_6324 CLU_6409 45445 
CLU_6324 CLU_6410 29008 
CLU_6324 CLU_6411 23560 
CLU_6324 CLU_6412 23468 
CLU_6324 CLU_6414 47077 
CLU_6324 CLU_6415 54008 
CLU_6324 CLU_6417 68866 
CLU_6325 3143309772235 5036 
CLU_6325 3143309772251 6384 
CLU_6325 3143309812059 4476 
CLU_6325 3143305305063 7306 
CLU_6325 3143307781067 8277 
CLU_6325 3143309132481 8395 
CLU_6325 3143307831331 8274 
CLU_6325 3143300659134 7485 
CLU_6325 3143303180158 4976 
CLU_6325 3143307821506 4468 
CLU_6325 3143302150107 4440 
CLU_6325 3143309775978 4468 
CLU_6325 3143302219107 817 
CLU_6325 3143302219352 4124 
CLU_6325 3143303180182 7819 
CLU_6325 3143302150042 8272 
CLU_6325 3143302219085 8827 
CLU_6325 3143309812032 8635 
CLU_6325 3143302149915 10018 
CLU_6325 3143307299079 9249 
CLU_6325 3143302150018 11134 
CLU_6325 3143302218984 10512 
CLU_6325 3143306065295 10830 
CLU_6325 3143302219069 3398 
CLU_6325 3143306629296 10979 
CLU_6325 3143302149923 10893 
CLU_6325 3143306065341 11954 
CLU_6325 3143306329705 10880 
CLU_6325 3143306297943 17102 
CLU_6325 3143307780621 5541 
CLU_6325 3143303180166 4468 
CLU_6325 3143302149893 9095 
CLU_6325 3143302150026 6992 
CLU_6325 3143300550108 11681 
CLU_6325 3143303413578 27077 
CLU_6325 3143306329632 0 
CLU_6325 3143305212588 14893 
CLU_6325 3143309812083 7456 
CLU_6325 3143306023282 5691 
CLU_6325 3143302218968 4208 
CLU_6325 3143309772227 8395 
CLU_6325 3143302203480 4553 
CLU_6325 3143302150085 9249 
CLU_6325 3143300211826 2770 
CLU_6325 3143302149931 3928 
CLU_6325 3143309352511 9574 
CLU_6325 3143309251553 6525 
CLU_6325 3143305998220 7156 
CLU_6325 3143309690905 7567 
CLU_6325 3143307608756 11914 
CLU_6325 3143306409911 11681 
CLU_6325 3143307780907 2290 
CLU_6325 3143309936424 7727 
CLU_6325 3143309812075 6626 
CLU_6325 3143306301304 7456 
CLU_6325 3143303688100 6921 
CLU_6325 3143303180115 6384 
CLU_6325 3143305302854 7670 
CLU_6325 3143302219212 7836 
CLU_6325 3143302149958 2330 
CLU_6325 3143307951345 9133 
CLU_6325 3143302219077 6600 
CLU_6325 3143302219344 3398 
CLU_6325 3143307607660 4440 
CLU_6325 3143302150069 10114 
CLU_6325 3143307809131 11972 
CLU_6325 3143300186252 2415 
CLU_6325 3143304701852 6701 
CLU_6325 3143307836619 8635 
CLU_6325 3143305212545 5885 
CLU_6325 3143302150077 11914 
CLU_6325 3143302150034 9946 
CLU_6325 3143302219409 39778 
CLU_6325 3143305212529 19985 
CLU_6325 3143302219379 39778 
CLU_6325 CLU_3233 25394 
CLU_6325 CLU_6117 40442 
CLU_6325 CLU_6299 11247 
CLU_6325 CLU_6301 25597 
CLU_6325 CLU_6381 24338 
CLU_6325 CLU_6398 11527 
CLU_6325 CLU_6409 36347 
CLU_6325 CLU_6410 15866 
CLU_6325 CLU_6411 12702 
CLU_6325 CLU_6412 12801 
CLU_6325 CLU_6414 33950 
CLU_6325 CLU_6415 39515 
CLU_6325 CLU_6417 54664 
CLU_6326 3143309772235 6570 
CLU_6326 3143309772251 7106 
CLU_6326 3143309812059 7140 
CLU_6326 3143305305063 6774 
CLU_6326 3143307781067 7872 
CLU_6326 3143309132481 8702 
CLU_6326 3143307831331 8832 
CLU_6326 3143300659134 9712 
CLU_6326 3143303180158 9034 
CLU_6326 3143307821506 8379 
CLU_6326 3143302150107 10785 
CLU_6326 3143309775978 8379 
CLU_6326 3143302219107 7962 
CLU_6326 3143302219352 6397 
CLU_6326 3143303180182 5720 
CLU_6326 3143302150042 6629 
CLU_6326 3143302219085 6825 
CLU_6326 3143309812032 9829 
CLU_6326 3143302149915 10442 
CLU_6326 3143307299079 5669 
CLU_6326 3143302150018 8076 
CLU_6326 3143302218984 8523 
CLU_6326 3143306065295 10544 
CLU_6326 3143302219069 4485 
CLU_6326 3143306629296 8589 
CLU_6326 3143302149923 9604 
CLU_6326 3143306065341 10085 
CLU_6326 3143306329705 10791 
CLU_6326 3143306297943 15023 
CLU_6326 3143307780621 9558 
CLU_6326 3143303180166 8379 
CLU_6326 3143302149893 7615 
CLU_6326 3143302150026 2370 
CLU_6326 3143300550108 10086 
CLU_6326 3143303413578 29262 
CLU_6326 3143306329632 7883 
CLU_6326 3143305212588 7222 
CLU_6326 3143309812083 8939 
CLU_6326 3143306023282 5715 
CLU_6326 3143302218968 9267 
CLU_6326 3143309772227 8702 
CLU_6326 3143302203480 4728 
CLU_6326 3143302150085 5669 
CLU_6326 3143300211826 5196 
CLU_6326 3143302149931 4788 
CLU_6326 3143309352511 9074 
CLU_6326 3143309251553 4631 
CLU_6326 3143305998220 4628 
CLU_6326 3143309690905 3430 
CLU_6326 3143307608756 9280 
CLU_6326 3143306409911 10086 
CLU_6326 3143307780907 5626 
CLU_6326 3143309936424 2715 
CLU_6326 3143309812075 9113 
CLU_6326 3143306301304 8939 
CLU_6326 3143303688100 9923 
CLU_6326 3143303180115 7106 
CLU_6326 3143305302854 6310 
CLU_6326 3143302219212 7380 
CLU_6326 3143302149958 7283 
CLU_6326 3143307951345 10685 
CLU_6326 3143302219077 3430 
CLU_6326 3143302219344 4485 
CLU_6326 3143307607660 10785 
CLU_6326 3143302150069 8188 
CLU_6326 3143307809131 12165 
CLU_6326 3143300186252 5658 
CLU_6326 3143304701852 8800 
CLU_6326 3143307836619 9829 
CLU_6326 3143305212545 2052 
CLU_6326 3143302150077 9280 
CLU_6326 3143302150034 6494 
CLU_6326 3143302219409 46275 
CLU_6326 3143305212529 25266 
CLU_6326 3143302219379 46275 
CLU_6326 CLU_3233 33015 
CLU_6326 CLU_6117 48298 
CLU_6326 CLU_6299 16184 
CLU_6326 CLU_6301 21573 
CLU_6326 CLU_6381 20723 
CLU_6326 CLU_6398 8756 
CLU_6326 CLU_6409 44179 
CLU_6326 CLU_6410 23005 
CLU_6326 CLU_6411 20560 
CLU_6326 CLU_6412 20670 
CLU_6326 CLU_6414 40625 
CLU_6326 CLU_6415 44451 
CLU_6326 CLU_6417 60004 
CLU_6327 3143309772235 12023 
CLU_6327 3143309772251 11783 
CLU_6327 3143309812059 12826 
CLU_6327 3143305305063 10843 
CLU_6327 3143307781067 11343 
CLU_6327 3143309132481 12248 
CLU_6327 3143307831331 12493 
CLU_6327 3143300659134 14086 
CLU_6327 3143303180158 14595 
CLU_6327 3143307821506 14091 
CLU_6327 3143302150107 16951 
CLU_6327 3143309775978 14091 
CLU_6327 3143302219107 14820 
CLU_6327 3143302219352 12313 
CLU_6327 3143303180182 9421 
CLU_6327 3143302150042 9960 
CLU_6327 3143302219085 9706 
CLU_6327 3143309812032 13500 
CLU_6327 3143302149915 13323 
CLU_6327 3143307299079 8059 
CLU_6327 3143302150018 9047 
CLU_6327 3143302218984 10289 
CLU_6327 3143306065295 12825 
CLU_6327 3143302219069 11545 
CLU_6327 3143306629296 9927 
CLU_6327 3143302149923 11438 
CLU_6327 3143306065341 11151 
CLU_6327 3143306329705 13136 
CLU_6327 3143306297943 14220 
CLU_6327 3143307780621 14944 
CLU_6327 3143303180166 14091 
CLU_6327 3143302149893 10393 
CLU_6327 3143302150026 8022 
CLU_6327 3143300550108 11412 
CLU_6327 3143303413578 30673 
CLU_6327 3143306329632 14893 
CLU_6327 3143305212588 0 
CLU_6327 3143309812083 13160 
CLU_6327 3143306023282 10916 
CLU_6327 3143302218968 15190 
CLU_6327 3143309772227 12248 
CLU_6327 3143302203480 10862 
CLU_6327 3143302150085 8059 
CLU_6327 3143300211826 12338 
CLU_6327 3143302149931 11247 
CLU_6327 3143309352511 11831 
CLU_6327 3143309251553 9529 
CLU_6327 3143305998220 9043 
CLU_6327 3143309690905 7922 
CLU_6327 3143307608756 9978 
CLU_6327 3143306409911 11412 
CLU_6327 3143307780907 12602 
CLU_6327 3143309936424 7444 
CLU_6327 3143309812075 13856 
CLU_6327 3143306301304 13160 
CLU_6327 3143303688100 14673 
CLU_6327 3143303180115 11783 
CLU_6327 3143305302854 10108 
CLU_6327 3143302219212 11109 
CLU_6327 3143302149958 13782 
CLU_6327 3143307951345 14289 
CLU_6327 3143302219077 8754 
CLU_6327 3143302219344 11545 
CLU_6327 3143307607660 16951 
CLU_6327 3143302150069 10212 
CLU_6327 3143307809131 14267 
CLU_6327 3143300186252 12819 
CLU_6327 3143304701852 13447 
CLU_6327 3143307836619 13500 
CLU_6327 3143305212545 9048 
CLU_6327 3143302150077 9978 
CLU_6327 3143302150034 8251 
CLU_6327 3143302219409 53352 
CLU_6327 3143305212529 32090 
CLU_6327 3143302219379 53352 
CLU_6327 CLU_3233 40202 
CLU_6327 CLU_6117 55310 
CLU_6327 CLU_6299 23103 
CLU_6327 CLU_6301 17659 
CLU_6327 CLU_6381 17335 
CLU_6327 CLU_6398 13254 
CLU_6327 CLU_6409 51234 
CLU_6327 CLU_6410 30226 
CLU_6327 CLU_6411 27585 
CLU_6327 CLU_6412 27671 
CLU_6327 CLU_6414 47758 
CLU_6327 CLU_6415 50947 
CLU_6327 CLU_6417 66607 
CLU_6328 3143309772235 3026 
CLU_6328 3143309772251 1849 
CLU_6328 3143309812059 3276 
CLU_6328 3143305305063 2179 
CLU_6328 3143307781067 1631 
CLU_6328 3143309132481 953 
CLU_6328 3143307831331 706 
CLU_6328 3143300659134 1228 
CLU_6328 3143303180158 3280 
CLU_6328 3143307821506 3427 
CLU_6328 3143302150107 5944 
CLU_6328 3143309775978 3427 
CLU_6328 3143302219107 6961 
CLU_6328 3143302219352 3879 
CLU_6328 3143303180182 3559 
CLU_6328 3143302150042 2943 
CLU_6328 3143302219085 3264 
CLU_6328 3143309812032 1066 
CLU_6328 3143302149915 2319 
CLU_6328 3143307299079 4854 
CLU_6328 3143302150018 5010 
CLU_6328 3143302218984 3797 
CLU_6328 3143306065295 3157 
CLU_6328 3143302219069 7205 
CLU_6328 3143306629296 4382 
CLU_6328 3143302149923 3584 
CLU_6328 3143306065341 4733 
CLU_6328 3143306329705 3181 
CLU_6328 3143306297943 9526 
CLU_6328 3143307780621 3119 
CLU_6328 3143303180166 3427 
CLU_6328 3143302149893 2777 
CLU_6328 3143302150026 6497 
CLU_6328 3143300550108 4369 
CLU_6328 3143303413578 20677 
CLU_6328 3143306329632 7704 
CLU_6328 3143305212588 12902 
CLU_6328 3143309812083 363 
CLU_6328 3143306023282 3303 
CLU_6328 3143302218968 4332 
CLU_6328 3143309772227 953 
CLU_6328 3143302203480 4880 
CLU_6328 3143302150085 4854 
CLU_6328 3143300211826 7750 
CLU_6328 3143302149931 5404 
CLU_6328 3143309352511 2180 
CLU_6328 3143309251553 4226 
CLU_6328 3143305998220 4350 
CLU_6328 3143309690905 5681 
CLU_6328 3143307608756 5180 
CLU_6328 3143306409911 4369 
CLU_6328 3143307780907 6887 
CLU_6328 3143309936424 6426 
CLU_6328 3143309812075 1473 
CLU_6328 3143306301304 363 
CLU_6328 3143303688100 2024 
CLU_6328 3143303180115 1849 
CLU_6328 3143305302854 2851 
CLU_6328 3143302219212 1793 
CLU_6328 3143302149958 5377 
CLU_6328 3143307951345 1864 
CLU_6328 3143302219077 5426 
CLU_6328 3143302219344 7205 
CLU_6328 3143307607660 5944 
CLU_6328 3143302150069 3537 
CLU_6328 3143307809131 4298 
CLU_6328 3143300186252 8008 
CLU_6328 3143304701852 1150 
CLU_6328 3143307836619 1066 
CLU_6328 3143305212545 7485 
CLU_6328 3143302150077 5180 
CLU_6328 3143302150034 4861 
CLU_6328 3143302219409 46515 
CLU_6328 3143305212529 27539 
CLU_6328 3143302219379 46515 
CLU_6328 CLU_3233 30722 
CLU_6328 CLU_6117 44367 
CLU_6328 CLU_6299 18943 
CLU_6328 CLU_6301 18415 
CLU_6328 CLU_6381 17020 
CLU_6328 CLU_6398 16650 
CLU_6328 CLU_6409 40541 
CLU_6328 CLU_6410 22407 
CLU_6328 CLU_6411 17568 
CLU_6328 CLU_6412 17535 
CLU_6328 CLU_6414 40587 
CLU_6328 CLU_6415 47036 
CLU_6328 CLU_6417 62005 
CLU_6329 3143309772235 699 
CLU_6329 3143309772251 1642 
CLU_6329 3143309812059 343 
CLU_6329 3143305305063 2734 
CLU_6329 3143307781067 3511 
CLU_6329 3143309132481 3576 
CLU_6329 3143307831331 3464 
CLU_6329 3143300659134 3068 
CLU_6329 3143303180158 1903 
CLU_6329 3143307821506 1375 
CLU_6329 3143302150107 4338 
CLU_6329 3143309775978 1375 
CLU_6329 3143302219107 4122 
CLU_6329 3143302219352 1032 
CLU_6329 3143303180182 3746 
CLU_6329 3143302150042 3845 
CLU_6329 3143302219085 4399 
CLU_6329 3143309812032 3949 
CLU_6329 3143302149915 5256 
CLU_6329 3143307299079 5365 
CLU_6329 3143302150018 6688 
CLU_6329 3143302218984 5851 
CLU_6329 3143306065295 6019 
CLU_6329 3143302219069 4479 
CLU_6329 3143306629296 6369 
CLU_6329 3143302149923 6103 
CLU_6329 3143306065341 7194 
CLU_6329 3143306329705 6084 
CLU_6329 3143306297943 12288 
CLU_6329 3143307780621 2369 
CLU_6329 3143303180166 1375 
CLU_6329 3143302149893 4462 
CLU_6329 3143302150026 5095 
CLU_6329 3143300550108 6899 
CLU_6329 3143303413578 23260 
CLU_6329 3143306329632 4819 
CLU_6329 3143305212588 12722 
CLU_6329 3143309812083 2748 
CLU_6329 3143306023282 1807 
CLU_6329 3143302218968 2513 
CLU_6329 3143309772227 3576 
CLU_6329 3143302203480 2538 
CLU_6329 3143302150085 5365 
CLU_6329 3143300211826 4906 
CLU_6329 3143302149931 2813 
CLU_6329 3143309352511 4761 
CLU_6329 3143309251553 3192 
CLU_6329 3143305998220 3707 
CLU_6329 3143309690905 4817 
CLU_6329 3143307608756 7290 
CLU_6329 3143306409911 6899 
CLU_6329 3143307780907 3995 
CLU_6329 3143309936424 5401 
CLU_6329 3143309812075 2241 
CLU_6329 3143306301304 2748 
CLU_6329 3143303688100 2913 
CLU_6329 3143303180115 1642 
CLU_6329 3143305302854 3312 
CLU_6329 3143302219212 3130 
CLU_6329 3143302149958 2495 
CLU_6329 3143307951345 4591 
CLU_6329 3143302219077 4107 
CLU_6329 3143302219344 4479 
CLU_6329 3143307607660 4338 
CLU_6329 3143302150069 5474 
CLU_6329 3143307809131 7239 
CLU_6329 3143300186252 5119 
CLU_6329 3143304701852 2123 
CLU_6329 3143307836619 3949 
CLU_6329 3143305212545 5418 
CLU_6329 3143302150077 7290 
CLU_6329 3143302150034 5828 
CLU_6329 3143302219409 44154 
CLU_6329 3143305212529 24768 
CLU_6329 3143302219379 44154 
CLU_6329 CLU_3233 28907 
CLU_6329 CLU_6117 43154 
CLU_6329 CLU_6299 16066 
CLU_6329 CLU_6301 20915 
CLU_6329 CLU_6381 19604 
CLU_6329 CLU_6398 14135 
CLU_6329 CLU_6409 39210 
CLU_6329 CLU_6410 20073 
CLU_6329 CLU_6411 15801 
CLU_6329 CLU_6412 15815 
CLU_6329 CLU_6414 38264 
CLU_6329 CLU_6415 44290 
CLU_6329 CLU_6417 59363 
CLU_6330 3143309772235 640 
CLU_6330 3143309772251 1545 
CLU_6330 3143309812059 432 
CLU_6330 3143305305063 2636 
CLU_6330 3143307781067 3415 
CLU_6330 3143309132481 3490 
CLU_6330 3143307831331 3382 
CLU_6330 3143300659134 3027 
CLU_6330 3143303180158 1958 
CLU_6330 3143307821506 1451 
CLU_6330 3143302150107 4421 
CLU_6330 3143309775978 1451 
CLU_6330 3143302219107 4213 
CLU_6330 3143302219352 1070 
CLU_6330 3143303180182 3656 
CLU_6330 3143302150042 3748 
CLU_6330 3143302219085 4302 
CLU_6330 3143309812032 3883 
CLU_6330 3143302149915 5180 
CLU_6330 3143307299079 5275 
CLU_6330 3143302150018 6590 
CLU_6330 3143302218984 5754 
CLU_6330 3143306065295 5935 
CLU_6330 3143302219069 4515 
CLU_6330 3143306629296 6271 
CLU_6330 3143302149923 6010 
CLU_6330 3143306065341 7100 
CLU_6330 3143306329705 6003 
CLU_6330 3143306297943 12198 
CLU_6330 3143307780621 2407 
CLU_6330 3143303180166 1451 
CLU_6330 3143302149893 4364 
CLU_6330 3143302150026 5053 
CLU_6330 3143300550108 6806 
CLU_6330 3143303413578 23223 
CLU_6330 3143306329632 4907 
CLU_6330 3143305212588 12654 
CLU_6330 3143309812083 2682 
CLU_6330 3143306023282 1738 
CLU_6330 3143302218968 2594 
CLU_6330 3143309772227 3490 
CLU_6330 3143302203480 2531 
CLU_6330 3143302150085 5275 
CLU_6330 3143300211826 4957 
CLU_6330 3143302149931 2831 
CLU_6330 3143309352511 4670 
CLU_6330 3143309251553 3125 
CLU_6330 3143305998220 3633 
CLU_6330 3143309690905 4755 
CLU_6330 3143307608756 7192 
CLU_6330 3143306409911 6806 
CLU_6330 3143307780907 4053 
CLU_6330 3143309936424 5346 
CLU_6330 3143309812075 2209 
CLU_6330 3143306301304 2682 
CLU_6330 3143303688100 2899 
CLU_6330 3143303180115 1545 
CLU_6330 3143305302854 3217 
CLU_6330 3143302219212 3033 
CLU_6330 3143302149958 2585 
CLU_6330 3143307951345 4534 
CLU_6330 3143302219077 4057 
CLU_6330 3143302219344 4515 
CLU_6330 3143307607660 4421 
CLU_6330 3143302150069 5376 
CLU_6330 3143307809131 7165 
CLU_6330 3143300186252 5177 
CLU_6330 3143304701852 2074 
CLU_6330 3143307836619 3883 
CLU_6330 3143305212545 5408 
CLU_6330 3143302150077 7192 
CLU_6330 3143302150034 5734 
CLU_6330 3143302219409 44252 
CLU_6330 3143305212529 24860 
CLU_6330 3143302219379 44252 
CLU_6330 CLU_3233 29002 
CLU_6330 CLU_6117 43241 
CLU_6330 CLU_6299 16153 
CLU_6330 CLU_6301 20819 
CLU_6330 CLU_6381 19509 
CLU_6330 CLU_6398 14161 
CLU_6330 CLU_6409 39300 
CLU_6330 CLU_6410 20171 
CLU_6330 CLU_6411 15895 
CLU_6330 CLU_6412 15908 
CLU_6330 CLU_6414 38362 
CLU_6330 CLU_6415 44383 
CLU_6330 CLU_6417 59458 
CLU_6331 3143309772235 3193 
CLU_6331 3143309772251 3913 
CLU_6331 3143309812059 2367 
CLU_6331 3143305305063 5067 
CLU_6331 3143307781067 5527 
CLU_6331 3143309132481 5235 
CLU_6331 3143307831331 5024 
CLU_6331 3143300659134 3666 
CLU_6331 3143303180158 1054 
CLU_6331 3143307821506 1155 
CLU_6331 3143302150107 1833 
CLU_6331 3143309775978 1155 
CLU_6331 3143302219107 3392 
CLU_6331 3143302219352 2933 
CLU_6331 3143303180182 6226 
CLU_6331 3143302150042 6204 
CLU_6331 3143302219085 6733 
CLU_6331 3143309812032 5004 
CLU_6331 3143302149915 6453 
CLU_6331 3143307299079 7846 
CLU_6331 3143302150018 8935 
CLU_6331 3143302218984 7923 
CLU_6331 3143306065295 7422 
CLU_6331 3143302219069 5622 
CLU_6331 3143306629296 8485 
CLU_6331 3143302149923 7900 
CLU_6331 3143306065341 9044 
CLU_6331 3143306329705 7388 
CLU_6331 3143306297943 13803 
CLU_6331 3143307780621 1430 
CLU_6331 3143303180166 1155 
CLU_6331 3143302149893 6631 
CLU_6331 3143302150026 7385 
CLU_6331 3143300550108 8693 
CLU_6331 3143303413578 22875 
CLU_6331 3143306329632 4208 
CLU_6331 3143305212588 15190 
CLU_6331 3143309812083 3994 
CLU_6331 3143306023282 4305 
CLU_6331 3143302218968 0 
CLU_6331 3143309772227 5235 
CLU_6331 3143302203480 4565 
CLU_6331 3143302150085 7846 
CLU_6331 3143300211826 5660 
CLU_6331 3143302149931 4504 
CLU_6331 3143309352511 6492 
CLU_6331 3143309251553 5674 
CLU_6331 3143305998220 6212 
CLU_6331 3143309690905 7268 
CLU_6331 3143307608756 9362 
CLU_6331 3143306409911 8693 
CLU_6331 3143307780907 4680 
CLU_6331 3143309936424 7797 
CLU_6331 3143309812075 2924 
CLU_6331 3143306301304 3994 
CLU_6331 3143303688100 2913 
CLU_6331 3143303180115 3913 
CLU_6331 3143305302854 5727 
CLU_6331 3143302219212 5292 
CLU_6331 3143302149958 2429 
CLU_6331 3143307951345 5284 
CLU_6331 3143302219077 6482 
CLU_6331 3143302219344 5622 
CLU_6331 3143307607660 1833 
CLU_6331 3143302150069 7588 
CLU_6331 3143307809131 8260 
CLU_6331 3143300186252 5650 
CLU_6331 3143304701852 3183 
CLU_6331 3143307836619 5004 
CLU_6331 3143305212545 7308 
CLU_6331 3143302150077 9362 
CLU_6331 3143302150034 8248 
CLU_6331 3143302219409 42183 
CLU_6331 3143305212529 23394 
CLU_6331 3143302219379 42183 
CLU_6331 CLU_3233 26575 
CLU_6331 CLU_6117 40665 
CLU_6331 CLU_6299 15051 
CLU_6331 CLU_6301 22748 
CLU_6331 CLU_6381 21347 
CLU_6331 CLU_6398 15154 
CLU_6331 CLU_6409 36739 
CLU_6331 CLU_6410 18075 
CLU_6331 CLU_6411 13431 
CLU_6331 CLU_6412 13427 
CLU_6331 CLU_6414 36259 
CLU_6331 CLU_6415 42840 
CLU_6331 CLU_6417 57724 
CLU_6332 3143309772235 1434 
CLU_6332 3143309772251 2500 
CLU_6332 3143309812059 589 
CLU_6332 3143305305063 3597 
CLU_6332 3143307781067 4349 
CLU_6332 3143309132481 4342 
CLU_6332 3143307831331 4204 
CLU_6332 3143300659134 3502 
CLU_6332 3143303180158 1569 
CLU_6332 3143307821506 878 
CLU_6332 3143302150107 3605 
CLU_6332 3143309775978 878 
CLU_6332 3143302219107 3347 
CLU_6332 3143302219352 1119 
CLU_6332 3143303180182 4569 
CLU_6332 3143302150042 4705 
CLU_6332 3143302219085 5261 
CLU_6332 3143309812032 4562 
CLU_6332 3143302149915 5934 
CLU_6332 3143307299079 6181 
CLU_6332 3143302150018 7552 
CLU_6332 3143302218984 6705 
CLU_6332 3143306065295 6755 
CLU_6332 3143302219069 4285 
CLU_6332 3143306629296 7228 
CLU_6332 3143302149923 6920 
CLU_6332 3143306065341 8024 
CLU_6332 3143306329705 6798 
CLU_6332 3143306297943 13072 
CLU_6332 3143307780621 2164 
CLU_6332 3143303180166 878 
CLU_6332 3143302149893 5322 
CLU_6332 3143302150026 5559 
CLU_6332 3143300550108 7719 
CLU_6332 3143303413578 23570 
CLU_6332 3143306329632 4084 
CLU_6332 3143305212588 13359 
CLU_6332 3143309812083 3374 
CLU_6332 3143306023282 2520 
CLU_6332 3143302218968 1837 
CLU_6332 3143309772227 4342 
CLU_6332 3143302203480 2784 
CLU_6332 3143302150085 6181 
CLU_6332 3143300211826 4564 
CLU_6332 3143302149931 2847 
CLU_6332 3143309352511 5557 
CLU_6332 3143309251553 3862 
CLU_6332 3143305998220 4422 
CLU_6332 3143309690905 5437 
CLU_6332 3143307608756 8146 
CLU_6332 3143306409911 7719 
CLU_6332 3143307780907 3599 
CLU_6332 3143309936424 5960 
CLU_6332 3143309812075 2634 
CLU_6332 3143306301304 3374 
CLU_6332 3143303688100 3128 
CLU_6332 3143303180115 2500 
CLU_6332 3143305302854 4164 
CLU_6332 3143302219212 3985 
CLU_6332 3143302149958 1761 
CLU_6332 3143307951345 5115 
CLU_6332 3143302219077 4645 
CLU_6332 3143302219344 4285 
CLU_6332 3143307607660 3605 
CLU_6332 3143302150069 6332 
CLU_6332 3143307809131 7893 
CLU_6332 3143300186252 4702 
CLU_6332 3143304701852 2643 
CLU_6332 3143307836619 4562 
CLU_6332 3143305212545 5615 
CLU_6332 3143302150077 8146 
CLU_6332 3143302150034 6672 
CLU_6332 3143302219409 43294 
CLU_6332 3143305212529 23972 
CLU_6332 3143302219379 43294 
CLU_6332 CLU_3233 28060 
CLU_6332 CLU_6117 42368 
CLU_6332 CLU_6299 15325 
CLU_6332 CLU_6301 21756 
CLU_6332 CLU_6381 20433 
CLU_6332 CLU_6398 13973 
CLU_6332 CLU_6409 38410 
CLU_6332 CLU_6410 19211 
CLU_6332 CLU_6411 14965 
CLU_6332 CLU_6412 14983 
CLU_6332 CLU_6414 37402 
CLU_6332 CLU_6415 43488 
CLU_6332 CLU_6417 58535 
CLU_6333 3143309772235 1013 
CLU_6333 3143309772251 2363 
CLU_6333 3143309812059 1112 
CLU_6333 3143305305063 3155 
CLU_6333 3143307781067 4206 
CLU_6333 3143309132481 4502 
CLU_6333 3143307831331 4447 
CLU_6333 3143300659134 4327 
CLU_6333 3143303180158 2970 
CLU_6333 3143307821506 2306 
CLU_6333 3143302150107 4938 
CLU_6333 3143309775978 2306 
CLU_6333 3143302219107 3612 
CLU_6333 3143302219352 323 
CLU_6333 3143303180182 3715 
CLU_6333 3143302150042 4107 
CLU_6333 3143302219085 4665 
CLU_6333 3143309812032 5084 
CLU_6333 3143302149915 6294 
CLU_6333 3143307299079 5245 
CLU_6333 3143302150018 6977 
CLU_6333 3143302218984 6358 
CLU_6333 3143306065295 6949 
CLU_6333 3143302219069 3217 
CLU_6333 3143306629296 6815 
CLU_6333 3143302149923 6817 
CLU_6333 3143306065341 7838 
CLU_6333 3143306329705 7055 
CLU_6333 3143306297943 13053 
CLU_6333 3143307780621 3524 
CLU_6333 3143303180166 2306 
CLU_6333 3143302149893 4940 
CLU_6333 3143302150026 4138 
CLU_6333 3143300550108 7589 
CLU_6333 3143303413578 24525 
CLU_6333 3143306329632 4166 
CLU_6333 3143305212588 12023 
CLU_6333 3143309812083 3900 
CLU_6333 3143306023282 1547 
CLU_6333 3143302218968 3249 
CLU_6333 3143309772227 4502 
CLU_6333 3143302203480 1345 
CLU_6333 3143302150085 5245 
CLU_6333 3143300211826 3717 
CLU_6333 3143302149931 1525 
CLU_6333 3143309352511 5572 
CLU_6333 3143309251553 2662 
CLU_6333 3143305998220 3277 
CLU_6333 3143309690905 4125 
CLU_6333 3143307608756 7750 
CLU_6333 3143306409911 7589 
CLU_6333 3143307780907 2872 
CLU_6333 3143309936424 4588 
CLU_6333 3143309812075 3520 
CLU_6333 3143306301304 3900 
CLU_6333 3143303688100 4202 
CLU_6333 3143303180115 2363 
CLU_6333 3143305302854 3508 
CLU_6333 3143302219212 3726 
CLU_6333 3143302149958 2058 
CLU_6333 3143307951345 5787 
CLU_6333 3143302219077 3271 
CLU_6333 3143302219344 3217 
CLU_6333 3143307607660 4938 
CLU_6333 3143302150069 5956 
CLU_6333 3143307809131 8286 
CLU_6333 3143300186252 3985 
CLU_6333 3143304701852 3365 
CLU_6333 3143307836619 5084 
CLU_6333 3143305212545 4203 
CLU_6333 3143302150077 7750 
CLU_6333 3143302150034 5865 
CLU_6333 3143302219409 43863 
CLU_6333 3143305212529 24131 
CLU_6333 3143302219379 43863 
CLU_6333 CLU_3233 28992 
CLU_6333 CLU_6117 43522 
CLU_6333 CLU_6299 15295 
CLU_6333 CLU_6301 21433 
CLU_6333 CLU_6381 20188 
CLU_6333 CLU_6398 12850 
CLU_6333 CLU_6409 39528 
CLU_6333 CLU_6410 19853 
CLU_6333 CLU_6411 15979 
CLU_6333 CLU_6412 16019 
CLU_6333 CLU_6414 38006 
CLU_6333 CLU_6415 43660 
CLU_6333 CLU_6417 58831 
CLU_6334 3143309772235 5291 
CLU_6334 3143309772251 4016 
CLU_6334 3143309812059 5562 
CLU_6334 3143305305063 3867 
CLU_6334 3143307781067 2723 
CLU_6334 3143309132481 1945 
CLU_6334 3143307831331 1901 
CLU_6334 3143300659134 2663 
CLU_6334 3143303180158 5283 
CLU_6334 3143307821506 5579 
CLU_6334 3143302150107 7704 
CLU_6334 3143309775978 5579 
CLU_6334 3143302219107 9199 
CLU_6334 3143302219352 6163 
CLU_6334 3143303180182 4919 
CLU_6334 3143302150042 4051 
CLU_6334 3143302219085 4058 
CLU_6334 3143309812032 1335 
CLU_6334 3143302149915 282 
CLU_6334 3143307299079 5690 
CLU_6334 3143302150018 4762 
CLU_6334 3143302218984 3406 
CLU_6334 3143306065295 1303 
CLU_6334 3143302219069 9436 
CLU_6334 3143306629296 3908 
CLU_6334 3143302149923 2508 
CLU_6334 3143306065341 3483 
CLU_6334 3143306329705 1143 
CLU_6334 3143306297943 7522 
CLU_6334 3143307780621 4947 
CLU_6334 3143303180166 5579 
CLU_6334 3143302149893 3272 
CLU_6334 3143302150026 8231 
CLU_6334 3143300550108 3069 
CLU_6334 3143303413578 18690 
CLU_6334 3143306329632 9959 
CLU_6334 3143305212588 13579 
CLU_6334 3143309812083 2504 
CLU_6334 3143306023282 5400 
CLU_6334 3143302218968 6321 
CLU_6334 3143309772227 1945 
CLU_6334 3143302203480 7049 
CLU_6334 3143302150085 5690 
CLU_6334 3143300211826 10015 
CLU_6334 3143302149931 7620 
CLU_6334 3143309352511 1754 
CLU_6334 3143309251553 6033 
CLU_6334 3143305998220 5968 
CLU_6334 3143309690905 7225 
CLU_6334 3143307608756 4375 
CLU_6334 3143306409911 3069 
CLU_6334 3143307780907 9168 
CLU_6334 3143309936424 7981 
CLU_6334 3143309812075 3422 
CLU_6334 3143306301304 2504 
CLU_6334 3143303688100 3506 
CLU_6334 3143303180115 4016 
CLU_6334 3143305302854 4288 
CLU_6334 3143302219212 3224 
CLU_6334 3143302149958 7641 
CLU_6334 3143307951345 1246 
CLU_6334 3143302219077 7207 
CLU_6334 3143302219344 9436 
CLU_6334 3143307607660 7704 
CLU_6334 3143302150069 3392 
CLU_6334 3143307809131 2014 
CLU_6334 3143300186252 10287 
CLU_6334 3143304701852 3269 
CLU_6334 3143307836619 1335 
CLU_6334 3143305212545 9465 
CLU_6334 3143302150077 4375 
CLU_6334 3143302150034 5336 
CLU_6334 3143302219409 48341 
CLU_6334 3143305212529 29689 
CLU_6334 3143302219379 48341 
CLU_6334 CLU_3233 32179 
CLU_6334 CLU_6117 45337 
CLU_6334 CLU_6299 21176 
CLU_6334 CLU_6301 16631 
CLU_6334 CLU_6381 15156 
CLU_6334 CLU_6398 18732 
CLU_6334 CLU_6409 41610 
CLU_6334 CLU_6410 24262 
CLU_6334 CLU_6411 19077 
CLU_6334 CLU_6412 19013 
CLU_6334 CLU_6414 42393 
CLU_6334 CLU_6415 49156 
CLU_6334 CLU_6417 64037 
CLU_6335 3143309772235 5619 
CLU_6335 3143309772251 4355 
CLU_6335 3143309812059 5867 
CLU_6335 3143305305063 4219 
CLU_6335 3143307781067 3072 
CLU_6335 3143309132481 2296 
CLU_6335 3143307831331 2246 
CLU_6335 3143300659134 2876 
CLU_6335 3143303180158 5513 
CLU_6335 3143307821506 5837 
CLU_6335 3143302150107 7874 
CLU_6335 3143309775978 5837 
CLU_6335 3143302219107 9476 
CLU_6335 3143302219352 6482 
CLU_6335 3143303180182 5261 
CLU_6335 3143302150042 4388 
CLU_6335 3143302219085 4379 
CLU_6335 3143309812032 1606 
CLU_6335 3143302149915 537 
CLU_6335 3143307299079 6000 
CLU_6335 3143302150018 4976 
CLU_6335 3143302218984 3629 
CLU_6335 3143306065295 1337 
CLU_6335 3143302219069 9773 
CLU_6335 3143306629296 4108 
CLU_6335 3143302149923 2659 
CLU_6335 3143306065341 3561 
CLU_6335 3143306329705 1107 
CLU_6335 3143306297943 7359 
CLU_6335 3143307780621 5149 
CLU_6335 3143303180166 5837 
CLU_6335 3143302149893 3585 
CLU_6335 3143302150026 8580 
CLU_6335 3143300550108 3149 
CLU_6335 3143303413578 18339 
CLU_6335 3143306329632 10242 
CLU_6335 3143305212588 13852 
CLU_6335 3143309812083 2798 
CLU_6335 3143306023282 5746 
CLU_6335 3143302218968 6542 
CLU_6335 3143309772227 2296 
CLU_6335 3143302203480 7392 
CLU_6335 3143302150085 6000 
CLU_6335 3143300211826 10344 
CLU_6335 3143302149931 7958 
CLU_6335 3143309352511 2051 
CLU_6335 3143309251553 6384 
CLU_6335 3143305998220 6316 
CLU_6335 3143309690905 7569 
CLU_6335 3143307608756 4515 
CLU_6335 3143306409911 3149 
CLU_6335 3143307780907 9490 
CLU_6335 3143309936424 8324 
CLU_6335 3143309812075 3668 
CLU_6335 3143306301304 2798 
CLU_6335 3143303688100 3687 
CLU_6335 3143303180115 4355 
CLU_6335 3143305302854 4635 
CLU_6335 3143302219212 3574 
CLU_6335 3143302149958 7930 
CLU_6335 3143307951345 1337 
CLU_6335 3143302219077 7557 
CLU_6335 3143302219344 9773 
CLU_6335 3143307607660 7874 
CLU_6335 3143302150069 3646 
CLU_6335 3143307809131 1735 
CLU_6335 3143300186252 10610 
CLU_6335 3143304701852 3541 
CLU_6335 3143307836619 1606 
CLU_6335 3143305212545 9816 
CLU_6335 3143302150077 4515 
CLU_6335 3143302150034 5620 
CLU_6335 3143302219409 48493 
CLU_6335 3143305212529 29926 
CLU_6335 3143302219379 48493 
CLU_6335 CLU_3233 32258 
CLU_6335 CLU_6117 45327 
CLU_6335 CLU_6299 21445 
CLU_6335 CLU_6301 16511 
CLU_6335 CLU_6381 15018 
CLU_6335 CLU_6398 19082 
CLU_6335 CLU_6409 41617 
CLU_6335 CLU_6410 24426 
CLU_6335 CLU_6411 19174 
CLU_6335 CLU_6412 19104 
CLU_6335 CLU_6414 42541 
CLU_6335 CLU_6415 49382 
CLU_6335 CLU_6417 64238 
CLU_6336 3143309772235 6358 
CLU_6336 3143309772251 5105 
CLU_6336 3143309812059 6582 
CLU_6336 3143305305063 4960 
CLU_6336 3143307781067 3797 
CLU_6336 3143309132481 3045 
CLU_6336 3143307831331 2998 
CLU_6336 3143300659134 3483 
CLU_6336 3143303180158 6122 
CLU_6336 3143307821506 6488 
CLU_6336 3143302150107 8373 
CLU_6336 3143309775978 6488 
CLU_6336 3143302219107 10146 
CLU_6336 3143302219352 7213 
CLU_6336 3143303180182 5965 
CLU_6336 3143302150042 5078 
CLU_6336 3143302219085 5028 
CLU_6336 3143309812032 2307 
CLU_6336 3143302149915 1222 
CLU_6336 3143307299079 6616 
CLU_6336 3143302150018 5386 
CLU_6336 3143302218984 4079 
CLU_6336 3143306065295 1574 
CLU_6336 3143302219069 10520 
CLU_6336 3143306629296 4501 
CLU_6336 3143302149923 2992 
CLU_6336 3143306065341 3716 
CLU_6336 3143306329705 1267 
CLU_6336 3143306297943 6944 
CLU_6336 3143307780621 5718 
CLU_6336 3143303180166 6488 
CLU_6336 3143302149893 4222 
CLU_6336 3143302150026 9305 
CLU_6336 3143300550108 3322 
CLU_6336 3143303413578 17606 
CLU_6336 3143306329632 10921 
CLU_6336 3143305212588 14362 
CLU_6336 3143309812083 3509 
CLU_6336 3143306023282 6499 
CLU_6336 3143302218968 7132 
CLU_6336 3143309772227 3045 
CLU_6336 3143302203480 8143 
CLU_6336 3143302150085 6616 
CLU_6336 3143300211826 11083 
CLU_6336 3143302149931 8706 
CLU_6336 3143309352511 2676 
CLU_6336 3143309251553 7122 
CLU_6336 3143305998220 7037 
CLU_6336 3143309690905 8275 
CLU_6336 3143307608756 4776 
CLU_6336 3143306409911 3322 
CLU_6336 3143307780907 10222 
CLU_6336 3143309936424 9028 
CLU_6336 3143309812075 4311 
CLU_6336 3143306301304 3509 
CLU_6336 3143303688100 4235 
CLU_6336 3143303180115 5105 
CLU_6336 3143305302854 5354 
CLU_6336 3143302219212 4309 
CLU_6336 3143302149958 8620 
CLU_6336 3143307951345 1848 
CLU_6336 3143302219077 8290 
CLU_6336 3143302219344 10520 
CLU_6336 3143307607660 8373 
CLU_6336 3143302150069 4157 
CLU_6336 3143307809131 1159 
CLU_6336 3143300186252 11344 
CLU_6336 3143304701852 4222 
CLU_6336 3143307836619 2307 
CLU_6336 3143305212545 10562 
CLU_6336 3143302150077 4776 
CLU_6336 3143302150034 6178 
CLU_6336 3143302219409 48932 
CLU_6336 3143305212529 30526 
CLU_6336 3143302219379 48932 
CLU_6336 CLU_3233 32559 
CLU_6336 CLU_6117 45438 
CLU_6336 CLU_6299 22099 
CLU_6336 CLU_6301 16161 
CLU_6336 CLU_6381 14633 
CLU_6336 CLU_6398 19832 
CLU_6336 CLU_6409 41766 
CLU_6336 CLU_6410 24894 
CLU_6336 CLU_6411 19516 
CLU_6336 CLU_6412 19435 
CLU_6336 CLU_6414 42973 
CLU_6336 CLU_6415 49960 
CLU_6336 CLU_6417 64769 
CLU_6337 3143309772235 3871 
CLU_6337 3143309772251 4215 
CLU_6337 3143309812059 4571 
CLU_6337 3143305305063 3859 
CLU_6337 3143307781067 4986 
CLU_6337 3143309132481 5793 
CLU_6337 3143307831331 5917 
CLU_6337 3143300659134 6827 
CLU_6337 3143303180158 6450 
CLU_6337 3143307821506 5854 
CLU_6337 3143302150107 8573 
CLU_6337 3143309775978 5854 
CLU_6337 3143302219107 6508 
CLU_6337 3143302219352 3947 
CLU_6337 3143303180182 2919 
CLU_6337 3143302150042 3830 
CLU_6337 3143302219085 4121 
CLU_6337 3143309812032 6909 
CLU_6337 3143302149915 7562 
CLU_6337 3143307299079 3380 
CLU_6337 3143302150018 5811 
CLU_6337 3143302218984 5951 
CLU_6337 3143306065295 7741 
CLU_6337 3143302219069 3743 
CLU_6337 3143306629296 6134 
CLU_6337 3143302149923 6931 
CLU_6337 3143306065341 7570 
CLU_6337 3143306329705 7970 
CLU_6337 3143306297943 12731 
CLU_6337 3143307780621 6911 
CLU_6337 3143303180166 5854 
CLU_6337 3143302149893 4862 
CLU_6337 3143302150026 569 
CLU_6337 3143300550108 7503 
CLU_6337 3143303413578 26390 
CLU_6337 3143306329632 6723 
CLU_6337 3143305212588 8433 
CLU_6337 3143309812083 6030 
CLU_6337 3143306023282 2888 
CLU_6337 3143302218968 6877 
CLU_6337 3143309772227 5793 
CLU_6337 3143302203480 2429 
CLU_6337 3143302150085 3380 
CLU_6337 3143300211826 4636 
CLU_6337 3143302149931 2861 
CLU_6337 3143309352511 6246 
CLU_6337 3143309251553 1711 
CLU_6337 3143305998220 1770 
CLU_6337 3143309690905 1002 
CLU_6337 3143307608756 6946 
CLU_6337 3143306409911 7503 
CLU_6337 3143307780907 4519 
CLU_6337 3143309936424 1015 
CLU_6337 3143309812075 6274 
CLU_6337 3143306301304 6030 
CLU_6337 3143303688100 7100 
CLU_6337 3143303180115 4215 
CLU_6337 3143305302854 3441 
CLU_6337 3143302219212 4480 
CLU_6337 3143302149958 5354 
CLU_6337 3143307951345 7764 
CLU_6337 3143302219077 511 
CLU_6337 3143302219344 3743 
CLU_6337 3143307607660 8573 
CLU_6337 3143302150069 5576 
CLU_6337 3143307809131 9345 
CLU_6337 3143300186252 5128 
CLU_6337 3143304701852 5938 
CLU_6337 3143307836619 6909 
CLU_6337 3143305212545 2064 
CLU_6337 3143302150077 6946 
CLU_6337 3143302150034 4248 
CLU_6337 3143302219409 46267 
CLU_6337 3143305212529 25801 
CLU_6337 3143302219379 46267 
CLU_6337 CLU_3233 32103 
CLU_6337 CLU_6117 46943 
CLU_6337 CLU_6299 16727 
CLU_6337 CLU_6301 20070 
CLU_6337 CLU_6381 19045 
CLU_6337 CLU_6398 11249 
CLU_6337 CLU_6409 42902 
CLU_6337 CLU_6410 22526 
CLU_6337 CLU_6411 19269 
CLU_6337 CLU_6412 19337 
CLU_6337 CLU_6414 40499 
CLU_6337 CLU_6415 45225 
CLU_6337 CLU_6417 60626 
CLU_6338 3143309772235 4117 
CLU_6338 3143309772251 4129 
CLU_6338 3143309812059 4906 
CLU_6338 3143305305063 3513 
CLU_6338 3143307781067 4511 
CLU_6338 3143309132481 5383 
CLU_6338 3143307831331 5545 
CLU_6338 3143300659134 6692 
CLU_6338 3143303180158 6711 
CLU_6338 3143307821506 6178 
CLU_6338 3143302150107 9033 
CLU_6338 3143309775978 6178 
CLU_6338 3143302219107 7287 
CLU_6338 3143302219352 4403 
CLU_6338 3143303180182 2310 
CLU_6338 3143302150042 3209 
CLU_6338 3143302219085 3396 
CLU_6338 3143309812032 6575 
CLU_6338 3143302149915 7056 
CLU_6338 3143307299079 2430 
CLU_6338 3143302150018 4882 
CLU_6338 3143302218984 5142 
CLU_6338 3143306065295 7116 
CLU_6338 3143302219069 4714 
CLU_6338 3143306629296 5270 
CLU_6338 3143302149923 6188 
CLU_6338 3143306065341 6738 
CLU_6338 3143306329705 7366 
CLU_6338 3143306297943 11833 
CLU_6338 3143307780621 7107 
CLU_6338 3143303180166 6178 
CLU_6338 3143302149893 4184 
CLU_6338 3143302150026 1226 
CLU_6338 3143300550108 6706 
CLU_6338 3143303413578 25851 
CLU_6338 3143306329632 7567 
CLU_6338 3143305212588 7922 
CLU_6338 3143309812083 5831 
CLU_6338 3143306023282 3027 
CLU_6338 3143302218968 7268 
CLU_6338 3143309772227 5383 
CLU_6338 3143302203480 3098 
CLU_6338 3143302150085 2430 
CLU_6338 3143300211826 5606 
CLU_6338 3143302149931 3646 
CLU_6338 3143309352511 5655 
CLU_6338 3143309251553 1646 
CLU_6338 3143305998220 1332 
CLU_6338 3143309690905 0 
CLU_6338 3143307608756 6043 
CLU_6338 3143306409911 6706 
CLU_6338 3143307780907 5422 
CLU_6338 3143309936424 757 
CLU_6338 3143309812075 6249 
CLU_6338 3143306301304 5831 
CLU_6338 3143303688100 7086 
CLU_6338 3143303180115 4129 
CLU_6338 3143305302854 2948 
CLU_6338 3143302219212 4054 
CLU_6338 3143302149958 6012 
CLU_6338 3143307951345 7437 
CLU_6338 3143302219077 967 
CLU_6338 3143302219344 4714 
CLU_6338 3143307607660 9033 
CLU_6338 3143302150069 4788 
CLU_6338 3143307809131 8738 
CLU_6338 3143300186252 6093 
CLU_6338 3143304701852 5876 
CLU_6338 3143307836619 6575 
CLU_6338 3143305212545 3012 
CLU_6338 3143302150077 6043 
CLU_6338 3143302150034 3299 
CLU_6338 3143302219409 47206 
CLU_6338 3143305212529 26792 
CLU_6338 3143302219379 47206 
CLU_6338 CLU_3233 32897 
CLU_6338 CLU_6117 47613 
CLU_6338 CLU_6299 17722 
CLU_6338 CLU_6301 19071 
CLU_6338 CLU_6381 18056 
CLU_6338 CLU_6398 12031 
CLU_6338 CLU_6409 43597 
CLU_6338 CLU_6410 23414 
CLU_6338 CLU_6411 19992 
CLU_6338 CLU_6412 20049 
CLU_6338 CLU_6414 41424 
CLU_6338 CLU_6415 46223 
CLU_6338 CLU_6417 61617 
CLU_6339 3143309772235 5341 
CLU_6339 3143309772251 5587 
CLU_6339 3143309812059 6048 
CLU_6339 3143305305063 5069 
CLU_6339 3143307781067 6090 
CLU_6339 3143309132481 6958 
CLU_6339 3143307831331 7114 
CLU_6339 3143300659134 8186 
CLU_6339 3143303180158 7926 
CLU_6339 3143307821506 7332 
CLU_6339 3143302150107 10029 
CLU_6339 3143309775978 7332 
CLU_6339 3143302219107 7767 
CLU_6339 3143302219352 5416 
CLU_6339 3143303180182 3888 
CLU_6339 3143302150042 4781 
CLU_6339 3143302219085 4933 
CLU_6339 3143309812032 8139 
CLU_6339 3143302149915 8634 
CLU_6339 3143307299079 3738 
CLU_6339 3143302150018 6156 
CLU_6339 3143302218984 6597 
CLU_6339 3143306065295 8672 
CLU_6339 3143302219069 4654 
CLU_6339 3143306629296 6658 
CLU_6339 3143302149923 7690 
CLU_6339 3143306065341 8154 
CLU_6339 3143306329705 8928 
CLU_6339 3143306297943 13113 
CLU_6339 3143307780621 8381 
CLU_6339 3143303180166 7332 
CLU_6339 3143302149893 5733 
CLU_6339 3143302150026 975 
CLU_6339 3143300550108 8158 
CLU_6339 3143303413578 27419 
CLU_6339 3143306329632 7889 
CLU_6339 3143305212588 7064 
CLU_6339 3143309812083 7350 
CLU_6339 3143306023282 4331 
CLU_6339 3143302218968 8349 
CLU_6339 3143309772227 6958 
CLU_6339 3143302203480 3850 
CLU_6339 3143302150085 3738 
CLU_6339 3143300211826 5517 
CLU_6339 3143302149931 4186 
CLU_6339 3143309352511 7224 
CLU_6339 3143309251553 3046 
CLU_6339 3143305998220 2880 
CLU_6339 3143309690905 1579 
CLU_6339 3143307608756 7357 
CLU_6339 3143306409911 8158 
CLU_6339 3143307780907 5614 
CLU_6339 3143309936424 824 
CLU_6339 3143309812075 7683 
CLU_6339 3143306301304 7350 
CLU_6339 3143303688100 8515 
CLU_6339 3143303180115 5587 
CLU_6339 3143305302854 4525 
CLU_6339 3143302219212 5628 
CLU_6339 3143302149958 6734 
CLU_6339 3143307951345 9000 
CLU_6339 3143302219077 1928 
CLU_6339 3143302219344 4654 
CLU_6339 3143307607660 10029 
CLU_6339 3143302150069 6267 
CLU_6339 3143307809131 10297 
CLU_6339 3143300186252 6016 
CLU_6339 3143304701852 7330 
CLU_6339 3143307836619 8139 
CLU_6339 3143305212545 2334 
CLU_6339 3143302150077 7357 
CLU_6339 3143302150034 4569 
CLU_6339 3143302219409 47116 
CLU_6339 3143305212529 26395 
CLU_6339 3143302219379 47116 
CLU_6339 CLU_3233 33276 
CLU_6339 CLU_6117 48253 
CLU_6339 CLU_6299 17295 
CLU_6339 CLU_6301 19905 
CLU_6339 CLU_6381 18988 
CLU_6339 CLU_6398 10666 
CLU_6339 CLU_6409 44190 
CLU_6339 CLU_6410 23537 
CLU_6339 CLU_6411 20542 
CLU_6339 CLU_6412 20622 
CLU_6339 CLU_6414 41393 
CLU_6339 CLU_6415 45723 
CLU_6339 CLU_6417 61203 
CLU_6340 3143309772235 4604 
CLU_6340 3143309772251 3924 
CLU_6340 3143309812059 5450 
CLU_6340 3143305305063 2861 
CLU_6340 3143307781067 3319 
CLU_6340 3143309132481 4237 
CLU_6340 3143307831331 4471 
CLU_6340 3143300659134 6050 
CLU_6340 3143303180158 6927 
CLU_6340 3143307821506 6571 
CLU_6340 3143302150107 9559 
CLU_6340 3143309775978 6571 
CLU_6340 3143302219107 8612 
CLU_6340 3143302219352 5250 
CLU_6340 3143303180182 1507 
CLU_6340 3143302150042 1917 
CLU_6340 3143302219085 1737 
CLU_6340 3143309812032 5498 
CLU_6340 3143302149915 5569 
CLU_6340 3143307299079 246 
CLU_6340 3143302150018 2696 
CLU_6340 3143302218984 3109 
CLU_6340 3143306065295 5379 
CLU_6340 3143302219069 6616 
CLU_6340 3143306629296 3142 
CLU_6340 3143302149923 4249 
CLU_6340 3143306065341 4640 
CLU_6340 3143306329705 5663 
CLU_6340 3143306297943 9655 
CLU_6340 3143307780621 7156 
CLU_6340 3143303180166 6571 
CLU_6340 3143302149893 2521 
CLU_6340 3143302150026 3410 
CLU_6340 3143300550108 4658 
CLU_6340 3143303413578 24105 
CLU_6340 3143306329632 9044 
CLU_6340 3143305212588 8043 
CLU_6340 3143309812083 5122 
CLU_6340 3143306023282 3565 
CLU_6340 3143302218968 7726 
CLU_6340 3143309772227 4237 
CLU_6340 3143302203480 4515 
CLU_6340 3143302150085 246 
CLU_6340 3143300211826 7484 
CLU_6340 3143302149931 5194 
CLU_6340 3143309352511 4064 
CLU_6340 3143309251553 2521 
CLU_6340 3143305998220 1897 
CLU_6340 3143309690905 2186 
CLU_6340 3143307608756 3869 
CLU_6340 3143306409911 4658 
CLU_6340 3143307780907 7113 
CLU_6340 3143309936424 2765 
CLU_6340 3143309812075 5885 
CLU_6340 3143306301304 5122 
CLU_6340 3143303688100 6679 
CLU_6340 3143303180115 3924 
CLU_6340 3143305302854 2119 
CLU_6340 3143302219212 3066 
CLU_6340 3143302149958 7122 
CLU_6340 3143307951345 6318 
CLU_6340 3143302219077 2875 
CLU_6340 3143302219344 6616 
CLU_6340 3143307607660 9559 
CLU_6340 3143302150069 2811 
CLU_6340 3143307809131 6993 
CLU_6340 3143300186252 7946 
CLU_6340 3143304701852 5467 
CLU_6340 3143307836619 5498 
CLU_6340 3143305212545 5188 
CLU_6340 3143302150077 3869 
CLU_6340 3143302150034 1115 
CLU_6340 3143302219409 48822 
CLU_6340 3143305212529 28684 
CLU_6340 3143302219379 48822 
CLU_6340 CLU_3233 34044 
CLU_6340 CLU_6117 48387 
CLU_6340 CLU_6299 19659 
CLU_6340 CLU_6301 17000 
CLU_6340 CLU_6381 15936 
CLU_6340 CLU_6398 14159 
CLU_6340 CLU_6409 44444 
CLU_6340 CLU_6410 24878 
CLU_6340 CLU_6411 20988 
CLU_6340 CLU_6412 21013 
CLU_6340 CLU_6414 42994 
CLU_6340 CLU_6415 48164 
CLU_6340 CLU_6417 63491 
CLU_6341 3143309772235 6227 
CLU_6341 3143309772251 5076 
CLU_6341 3143309812059 6990 
CLU_6341 3143305305063 3957 
CLU_6341 3143307781067 3472 
CLU_6341 3143309132481 4091 
CLU_6341 3143307831331 4364 
CLU_6341 3143300659134 6203 
CLU_6341 3143303180158 7966 
CLU_6341 3143307821506 7829 
CLU_6341 3143302150107 10716 
CLU_6341 3143309775978 7829 
CLU_6341 3143302219107 10586 
CLU_6341 3143302219352 7068 
CLU_6341 3143303180182 3372 
CLU_6341 3143302150042 2881 
CLU_6341 3143302219085 2320 
CLU_6341 3143309812032 5131 
CLU_6341 3143302149915 4488 
CLU_6341 3143307299079 2455 
CLU_6341 3143302150018 3 
CLU_6341 3143302218984 1363 
CLU_6341 3143306065295 3821 
CLU_6341 3143302219069 9109 
CLU_6341 3143306629296 890 
CLU_6341 3143302149923 2409 
CLU_6341 3143306065341 2224 
CLU_6341 3143306329705 4133 
CLU_6341 3143306297943 6965 
CLU_6341 3143307780621 7988 
CLU_6341 3143303180166 7829 
CLU_6341 3143302149893 2316 
CLU_6341 3143302150026 6107 
CLU_6341 3143300550108 2407 
CLU_6341 3143303413578 21994 
CLU_6341 3143306329632 11136 
CLU_6341 3143305212588 9044 
CLU_6341 3143309812083 5367 
CLU_6341 3143306023282 5445 
CLU_6341 3143302218968 8939 
CLU_6341 3143309772227 4091 
CLU_6341 3143302203480 6805 
CLU_6341 3143302150085 2455 
CLU_6341 3143300211826 9942 
CLU_6341 3143302149931 7511 
CLU_6341 3143309352511 3157 
CLU_6341 3143309251553 4868 
CLU_6341 3143305998220 4334 
CLU_6341 3143309690905 4882 
CLU_6341 3143307608756 1213 
CLU_6341 3143306409911 2407 
CLU_6341 3143307780907 9441 
CLU_6341 3143309936424 5445 
CLU_6341 3143309812075 6416 
CLU_6341 3143306301304 5367 
CLU_6341 3143303688100 7038 
CLU_6341 3143303180115 5076 
CLU_6341 3143305302854 3473 
CLU_6341 3143302219212 3647 
CLU_6341 3143302149958 8986 
CLU_6341 3143307951345 5741 
CLU_6341 3143302219077 5506 
CLU_6341 3143302219344 9109 
CLU_6341 3143307607660 10716 
CLU_6341 3143302150069 1494 
CLU_6341 3143307809131 5223 
CLU_6341 3143300186252 10375 
CLU_6341 3143304701852 6020 
CLU_6341 3143307836619 5131 
CLU_6341 3143305212545 7874 
CLU_6341 3143302150077 1213 
CLU_6341 3143302150034 1593 
CLU_6341 3143302219409 50811 
CLU_6341 3143305212529 31026 
CLU_6341 3143302219379 50811 
CLU_6341 CLU_3233 35514 
CLU_6341 CLU_6117 49369 
CLU_6341 CLU_6299 22072 
CLU_6341 CLU_6301 14532 
CLU_6341 CLU_6381 13382 
CLU_6341 CLU_6398 16822 
CLU_6341 CLU_6409 45523 
CLU_6341 CLU_6410 26752 
CLU_6341 CLU_6411 22368 
CLU_6341 CLU_6412 22358 
CLU_6341 CLU_6414 44935 
CLU_6341 CLU_6415 50542 
CLU_6341 CLU_6417 65780 
CLU_6342 3143309772235 4617 
CLU_6342 3143309772251 5857 
CLU_6342 3143309812059 4633 
CLU_6342 3143305305063 6314 
CLU_6342 3143307781067 7510 
CLU_6342 3143309132481 7990 
CLU_6342 3143307831331 7978 
CLU_6342 3143300659134 7956 
CLU_6342 3143303180158 6167 
CLU_6342 3143307821506 5473 
CLU_6342 3143302150107 7005 
CLU_6342 3143309775978 5473 
CLU_6342 3143302219107 3615 
CLU_6342 3143302219352 3858 
CLU_6342 3143303180182 6187 
CLU_6342 3143302150042 6925 
CLU_6342 3143302219085 7404 
CLU_6342 3143309812032 8698 
CLU_6342 3143302149915 9833 
CLU_6342 3143307299079 7231 
CLU_6342 3143302150018 9508 
CLU_6342 3143302218984 9280 
CLU_6342 3143306065295 10378 
CLU_6342 3143302219069 436 
CLU_6342 3143306629296 9616 
CLU_6342 3143302149923 9996 
CLU_6342 3143306065341 10881 
CLU_6342 3143306329705 10522 
CLU_6342 3143306297943 16160 
CLU_6342 3143307780621 6787 
CLU_6342 3143303180166 5473 
CLU_6342 3143302149893 7937 
CLU_6342 3143302150026 4127 
CLU_6342 3143300550108 10708 
CLU_6342 3143303413578 28151 
CLU_6342 3143306329632 3390 
CLU_6342 3143305212588 11673 
CLU_6342 3143309812083 7528 
CLU_6342 3143306023282 4562 
CLU_6342 3143302218968 5931 
CLU_6342 3143309772227 7990 
CLU_6342 3143302203480 2894 
CLU_6342 3143302150085 7231 
CLU_6342 3143300211826 665 
CLU_6342 3143302149931 2257 
CLU_6342 3143309352511 8916 
CLU_6342 3143309251553 4651 
CLU_6342 3143305998220 5179 
CLU_6342 3143309690905 5045 
CLU_6342 3143307608756 10517 
CLU_6342 3143306409911 10708 
CLU_6342 3143307780907 1323 
CLU_6342 3143309936424 4947 
CLU_6342 3143309812075 7129 
CLU_6342 3143306301304 7528 
CLU_6342 3143303688100 7749 
CLU_6342 3143303180115 5857 
CLU_6342 3143305302854 6348 
CLU_6342 3143302219212 6978 
CLU_6342 3143302149958 3530 
CLU_6342 3143307951345 9421 
CLU_6342 3143302219077 4154 
CLU_6342 3143302219344 436 
CLU_6342 3143307607660 7005 
CLU_6342 3143302150069 8872 
CLU_6342 3143307809131 11813 
CLU_6342 3143300186252 1151 
CLU_6342 3143304701852 6999 
CLU_6342 3143307836619 8698 
CLU_6342 3143305212545 2634 
CLU_6342 3143302150077 10517 
CLU_6342 3143302150034 8058 
CLU_6342 3143302219409 42264 
CLU_6342 3143305212529 21747 
CLU_6342 3143302219379 42264 
CLU_6342 CLU_3233 28528 
CLU_6342 CLU_6117 43763 
CLU_6342 CLU_6299 12686 
CLU_6342 CLU_6301 23987 
CLU_6342 CLU_6381 22886 
CLU_6342 CLU_6398 9313 
CLU_6342 CLU_6409 39643 
CLU_6342 CLU_6410 18671 
CLU_6342 CLU_6411 16026 
CLU_6342 CLU_6412 16139 
CLU_6342 CLU_6414 36525 
CLU_6342 CLU_6415 41193 
CLU_6342 CLU_6417 56572 
CLU_6343 3143309772235 6557 
CLU_6343 3143309772251 5263 
CLU_6343 3143309812059 7229 
CLU_6343 3143305305063 4275 
CLU_6343 3143307781067 3418 
CLU_6343 3143309132481 3741 
CLU_6343 3143307831331 3991 
CLU_6343 3143300659134 5772 
CLU_6343 3143303180158 7889 
CLU_6343 3143307821506 7874 
CLU_6343 3143302150107 10611 
CLU_6343 3143309775978 7874 
CLU_6343 3143302219107 10963 
CLU_6343 3143302219352 7458 
CLU_6343 3143303180182 4139 
CLU_6343 3143302150042 3407 
CLU_6343 3143302219085 2909 
CLU_6343 3143309812032 4522 
CLU_6343 3143302149915 3562 
CLU_6343 3143307299079 3642 
CLU_6343 3143302150018 1390 
CLU_6343 3143302218984 1070 
CLU_6343 3143306065295 2704 
CLU_6343 3143302219069 9895 
CLU_6343 3143306629296 732 
CLU_6343 3143302149923 1335 
CLU_6343 3143306065341 833 
CLU_6343 3143306329705 3002 
CLU_6343 3143306297943 5885 
CLU_6343 3143307780621 7802 
CLU_6343 3143303180166 7874 
CLU_6343 3143302149893 2487 
CLU_6343 3143302150026 7224 
CLU_6343 3143300550108 1048 
CLU_6343 3143303413578 20602 
CLU_6343 3143306329632 11582 
CLU_6343 3143305212588 10364 
CLU_6343 3143309812083 5057 
CLU_6343 3143306023282 5967 
CLU_6343 3143302218968 8915 
CLU_6343 3143309772227 3741 
CLU_6343 3143302203480 7492 
CLU_6343 3143302150085 3642 
CLU_6343 3143300211826 10686 
CLU_6343 3143302149931 8193 
CLU_6343 3143309352511 2555 
CLU_6343 3143309251553 5683 
CLU_6343 3143305998220 5237 
CLU_6343 3143309690905 6002 
CLU_6343 3143307608756 532 
CLU_6343 3143306409911 1048 
CLU_6343 3143307780907 10086 
CLU_6343 3143309936424 6628 
CLU_6343 3143309812075 6164 
CLU_6343 3143306301304 5057 
CLU_6343 3143303688100 6656 
CLU_6343 3143303180115 5263 
CLU_6343 3143305302854 4006 
CLU_6343 3143302219212 3775 
CLU_6343 3143302149958 9333 
CLU_6343 3143307951345 4971 
CLU_6343 3143302219077 6501 
CLU_6343 3143302219344 9895 
CLU_6343 3143307607660 10611 
CLU_6343 3143302150069 1475 
CLU_6343 3143307809131 3935 
CLU_6343 3143300186252 11088 
CLU_6343 3143304701852 5808 
CLU_6343 3143307836619 4522 
CLU_6343 3143305212545 8923 
CLU_6343 3143302150077 532 
CLU_6343 3143302150034 2841 
CLU_6343 3143302219409 51032 
CLU_6343 3143305212529 31559 
CLU_6343 3143302219379 51032 
CLU_6343 CLU_3233 35412 
CLU_6343 CLU_6117 48971 
CLU_6343 CLU_6299 22694 
CLU_6343 CLU_6301 14024 
CLU_6343 CLU_6381 12759 
CLU_6343 CLU_6398 18021 
CLU_6343 CLU_6409 45182 
CLU_6343 CLU_6410 26932 
CLU_6343 CLU_6411 22257 
CLU_6343 CLU_6412 22227 
CLU_6343 CLU_6414 45127 
CLU_6343 CLU_6415 51089 
CLU_6343 CLU_6417 66235 
CLU_6344 3143309772235 6652 
CLU_6344 3143309772251 5297 
CLU_6344 3143309812059 7238 
CLU_6344 3143305305063 4462 
CLU_6344 3143307781067 3404 
CLU_6344 3143309132481 3459 
CLU_6344 3143307831331 3670 
CLU_6344 3143300659134 5314 
CLU_6344 3143303180158 7644 
CLU_6344 3143307821506 7722 
CLU_6344 3143302150107 10306 
CLU_6344 3143309775978 7722 
CLU_6344 3143302219107 11016 
CLU_6344 3143302219352 7574 
CLU_6344 3143303180182 4647 
CLU_6344 3143302150042 3806 
CLU_6344 3143302219085 3402 
CLU_6344 3143309812032 3974 
CLU_6344 3143302149915 2799 
CLU_6344 3143307299079 4453 
CLU_6344 3143302150018 2405 
CLU_6344 3143302218984 1564 
CLU_6344 3143306065295 1815 
CLU_6344 3143302219069 10280 
CLU_6344 3143306629296 1596 
CLU_6344 3143302149923 800 
CLU_6344 3143306065341 414 
CLU_6344 3143306329705 2085 
CLU_6344 3143306297943 5477 
CLU_6344 3143307780621 7477 
CLU_6344 3143303180166 7722 
CLU_6344 3143302149893 2772 
CLU_6344 3143302150026 7908 
CLU_6344 3143300550108 0 
CLU_6344 3143303413578 19611 
CLU_6344 3143306329632 11681 
CLU_6344 3143305212588 11412 
CLU_6344 3143309812083 4721 
CLU_6344 3143306023282 6222 
CLU_6344 3143302218968 8693 
CLU_6344 3143309772227 3459 
CLU_6344 3143302203480 7832 
CLU_6344 3143302150085 4453 
CLU_6344 3143300211826 11028 
CLU_6344 3143302149931 8517 
CLU_6344 3143309352511 2202 
CLU_6344 3143309251553 6164 
CLU_6344 3143305998220 5795 
CLU_6344 3143309690905 6706 
CLU_6344 3143307608756 1493 
CLU_6344 3143306409911 0 
CLU_6344 3143307780907 10357 
CLU_6344 3143309936424 7376 
CLU_6344 3143309812075 5830 
CLU_6344 3143306301304 4721 
CLU_6344 3143303688100 6211 
CLU_6344 3143303180115 5297 
CLU_6344 3143305302854 4363 
CLU_6344 3143302219212 3863 
CLU_6344 3143302149958 9382 
CLU_6344 3143307951345 4276 
CLU_6344 3143302219077 7098 
CLU_6344 3143302219344 10280 
CLU_6344 3143307607660 10306 
CLU_6344 3143302150069 1927 
CLU_6344 3143307809131 2897 
CLU_6344 3143300186252 11402 
CLU_6344 3143304701852 5519 
CLU_6344 3143307836619 3974 
CLU_6344 3143305212545 9531 
CLU_6344 3143302150077 1493 
CLU_6344 3143302150034 3722 
CLU_6344 3143302219409 50875 
CLU_6344 3143305212529 31661 
CLU_6344 3143302219379 50875 
CLU_6344 CLU_3233 35030 
CLU_6344 CLU_6117 48379 
CLU_6344 CLU_6299 22882 
CLU_6344 CLU_6301 14070 
CLU_6344 CLU_6381 12716 
CLU_6344 CLU_6398 18733 
CLU_6344 CLU_6409 44628 
CLU_6344 CLU_6410 26766 
CLU_6344 CLU_6411 21888 
CLU_6344 CLU_6412 21843 
CLU_6344 CLU_6414 44952 
CLU_6344 CLU_6415 51186 
CLU_6344 CLU_6417 66254 
CLU_6345 3143309772235 5972 
CLU_6345 3143309772251 4600 
CLU_6345 3143309812059 6483 
CLU_6345 3143305305063 3926 
CLU_6345 3143307781067 2754 
CLU_6345 3143309132481 2594 
CLU_6345 3143307831331 2770 
CLU_6345 3143300659134 4315 
CLU_6345 3143303180158 6726 
CLU_6345 3143307821506 6856 
CLU_6345 3143302150107 9346 
CLU_6345 3143309775978 6856 
CLU_6345 3143302219107 10261 
CLU_6345 3143302219352 6898 
CLU_6345 3143303180182 4418 
CLU_6345 3143302150042 3515 
CLU_6345 3143302219085 3240 
CLU_6345 3143309812032 2956 
CLU_6345 3143302149915 1758 
CLU_6345 3143307299079 4598 
CLU_6345 3143302150018 3001 
CLU_6345 3143302218984 1774 
CLU_6345 3143306065295 840 
CLU_6345 3143302219069 9806 
CLU_6345 3143306629296 2114 
CLU_6345 3143302149923 596 
CLU_6345 3143306065341 1456 
CLU_6345 3143306329705 1144 
CLU_6345 3143306297943 6147 
CLU_6345 3143307780621 6521 
CLU_6345 3143303180166 6856 
CLU_6345 3143302149893 2474 
CLU_6345 3143302150026 7791 
CLU_6345 3143300550108 1043 
CLU_6345 3143303413578 19339 
CLU_6345 3143306329632 10957 
CLU_6345 3143305212588 12034 
CLU_6345 3143309812083 3786 
CLU_6345 3143306023282 5688 
CLU_6345 3143302218968 7780 
CLU_6345 3143309772227 2594 
CLU_6345 3143302203480 7346 
CLU_6345 3143302150085 4598 
CLU_6345 3143300211826 10509 
CLU_6345 3143302149931 8006 
CLU_6345 3143309352511 1383 
CLU_6345 3143309251553 5851 
CLU_6345 3143305998220 5576 
CLU_6345 3143309690905 6637 
CLU_6345 3143307608756 2386 
CLU_6345 3143306409911 1043 
CLU_6345 3143307780907 9778 
CLU_6345 3143309936424 7352 
CLU_6345 3143309812075 4882 
CLU_6345 3143306301304 3786 
CLU_6345 3143303688100 5212 
CLU_6345 3143303180115 4600 
CLU_6345 3143305302854 3994 
CLU_6345 3143302219212 3270 
CLU_6345 3143302149958 8636 
CLU_6345 3143307951345 3233 
CLU_6345 3143302219077 6891 
CLU_6345 3143302219344 9806 
CLU_6345 3143307607660 9346 
CLU_6345 3143302150069 1972 
CLU_6345 3143307809131 2274 
CLU_6345 3143300186252 10854 
CLU_6345 3143304701852 4597 
CLU_6345 3143307836619 2956 
CLU_6345 3143305212545 9303 
CLU_6345 3143302150077 2386 
CLU_6345 3143302150034 4002 
CLU_6345 3143302219409 49958 
CLU_6345 3143305212529 30901 
CLU_6345 3143302219379 49958 
CLU_6345 CLU_3233 34026 
CLU_6345 CLU_6117 47336 
CLU_6345 CLU_6299 22194 
CLU_6345 CLU_6301 14969 
CLU_6345 CLU_6381 13573 
CLU_6345 CLU_6398 18581 
CLU_6345 CLU_6409 43589 
CLU_6345 CLU_6410 25851 
CLU_6345 CLU_6411 20891 
CLU_6345 CLU_6412 20841 
CLU_6345 CLU_6414 44026 
CLU_6345 CLU_6415 50416 
CLU_6345 CLU_6417 65431 
CLU_6346 3143309772235 3441 
CLU_6346 3143309772251 3122 
CLU_6346 3143309812059 3075 
CLU_6346 3143305305063 4053 
CLU_6346 3143307781067 3913 
CLU_6346 3143309132481 3275 
CLU_6346 3143307831331 3010 
CLU_6346 3143300659134 1234 
CLU_6346 3143303180158 1727 
CLU_6346 3143307821506 2303 
CLU_6346 3143302150107 3867 
CLU_6346 3143309775978 2303 
CLU_6346 3143302219107 5892 
CLU_6346 3143302219352 3886 
CLU_6346 3143303180182 5464 
CLU_6346 3143302150042 5061 
CLU_6346 3143302219085 5473 
CLU_6346 3143309812032 2606 
CLU_6346 3143302149915 4013 
CLU_6346 3143307299079 6950 
CLU_6346 3143302150018 7341 
CLU_6346 3143302218984 6123 
CLU_6346 3143306065295 5047 
CLU_6346 3143302219069 7280 
CLU_6346 3143306629296 6709 
CLU_6346 3143302149923 5797 
CLU_6346 3143306065341 6935 
CLU_6346 3143306329705 4959 
CLU_6346 3143306297943 11358 
CLU_6346 3143307780621 1204 
CLU_6346 3143303180166 2303 
CLU_6346 3143302149893 5082 
CLU_6346 3143302150026 7767 
CLU_6346 3143300550108 6547 
CLU_6346 3143303413578 20570 
CLU_6346 3143306329632 6704 
CLU_6346 3143305212588 14879 
CLU_6346 3143309812083 1976 
CLU_6346 3143306023282 4312 
CLU_6346 3143302218968 2634 
CLU_6346 3143309772227 3275 
CLU_6346 3143302203480 5422 
CLU_6346 3143302150085 6950 
CLU_6346 3143300211826 7579 
CLU_6346 3143302149931 5698 
CLU_6346 3143309352511 4433 
CLU_6346 3143309251553 5606 
CLU_6346 3143305998220 5943 
CLU_6346 3143309690905 7231 
CLU_6346 3143307608756 7484 
CLU_6346 3143306409911 6547 
CLU_6346 3143307780907 6609 
CLU_6346 3143309936424 7914 
CLU_6346 3143309812075 1025 
CLU_6346 3143306301304 1976 
CLU_6346 3143303688100 337 
CLU_6346 3143303180115 3122 
CLU_6346 3143305302854 4795 
CLU_6346 3143302219212 3928 
CLU_6346 3143302149958 4571 
CLU_6346 3143307951345 2702 
CLU_6346 3143302219077 6713 
CLU_6346 3143302219344 7280 
CLU_6346 3143307607660 3867 
CLU_6346 3143302150069 5869 
CLU_6346 3143307809131 5691 
CLU_6346 3143300186252 7700 
CLU_6346 3143304701852 1443 
CLU_6346 3143307836619 2606 
CLU_6346 3143305212545 8292 
CLU_6346 3143302150077 7484 
CLU_6346 3143302150034 7086 
CLU_6346 3143302219409 44506 
CLU_6346 3143305212529 25999 
CLU_6346 3143302219379 44506 
CLU_6346 CLU_3233 28482 
CLU_6346 CLU_6117 42035 
CLU_6346 CLU_6299 17684 
CLU_6346 CLU_6301 20445 
CLU_6346 CLU_6381 18987 
CLU_6346 CLU_6398 16969 
CLU_6346 CLU_6409 38215 
CLU_6346 CLU_6410 20425 
CLU_6346 CLU_6411 15342 
CLU_6346 CLU_6412 15295 
CLU_6346 CLU_6414 38560 
CLU_6346 CLU_6415 45418 
CLU_6346 CLU_6417 60233 
CLU_6347 3143309772235 2086 
CLU_6347 3143309772251 2248 
CLU_6347 3143309812059 2894 
CLU_6347 3143305305063 2055 
CLU_6347 3143307781067 3264 
CLU_6347 3143309132481 3970 
CLU_6347 3143307831331 4057 
CLU_6347 3143300659134 4860 
CLU_6347 3143303180158 4674 
CLU_6347 3143307821506 4153 
CLU_6347 3143302150107 7052 
CLU_6347 3143309775978 4153 
CLU_6347 3143302219107 5746 
CLU_6347 3143302219352 2487 
CLU_6347 3143303180182 1730 
CLU_6347 3143302150042 2451 
CLU_6347 3143302219085 2925 
CLU_6347 3143309812032 5009 
CLU_6347 3143302149915 5803 
CLU_6347 3143307299079 3067 
CLU_6347 3143302150018 5097 
CLU_6347 3143302218984 4801 
CLU_6347 3143306065295 6136 
CLU_6347 3143302219069 4060 
CLU_6347 3143306629296 5142 
CLU_6347 3143302149923 5569 
CLU_6347 3143306065341 6409 
CLU_6347 3143306329705 6329 
CLU_6347 3143306297943 11685 
CLU_6347 3143307780621 5074 
CLU_6347 3143303180166 4153 
CLU_6347 3143302149893 3481 
CLU_6347 3143302150026 2537 
CLU_6347 3143300550108 6252 
CLU_6347 3143303413578 24588 
CLU_6347 3143306329632 6183 
CLU_6347 3143305212588 9938 
CLU_6347 3143309812083 4076 
CLU_6347 3143306023282 991 
CLU_6347 3143302218968 5261 
CLU_6347 3143309772227 3970 
CLU_6347 3143302203480 1708 
CLU_6347 3143302150085 3067 
CLU_6347 3143300211826 4862 
CLU_6347 3143302149931 2412 
CLU_6347 3143309352511 4631 
CLU_6347 3143309251553 416 
CLU_6347 3143305998220 1021 
CLU_6347 3143309690905 2036 
CLU_6347 3143307608756 6052 
CLU_6347 3143306409911 6252 
CLU_6347 3143307780907 4346 
CLU_6347 3143309936424 2665 
CLU_6347 3143309812075 4316 
CLU_6347 3143306301304 4076 
CLU_6347 3143303688100 5146 
CLU_6347 3143303180115 2248 
CLU_6347 3143305302854 1893 
CLU_6347 3143302219212 2726 
CLU_6347 3143302149958 4285 
CLU_6347 3143307951345 5854 
CLU_6347 3143302219077 1463 
CLU_6347 3143302219344 4060 
CLU_6347 3143307607660 7052 
CLU_6347 3143302150069 4394 
CLU_6347 3143307809131 7686 
CLU_6347 3143300186252 5282 
CLU_6347 3143304701852 3973 
CLU_6347 3143307836619 5009 
CLU_6347 3143305212545 3552 
CLU_6347 3143302150077 6052 
CLU_6347 3143302150034 3780 
CLU_6347 3143302219409 45961 
CLU_6347 3143305212529 25942 
CLU_6347 3143302219379 45961 
CLU_6347 CLU_3233 31242 
CLU_6347 CLU_6117 45761 
CLU_6347 CLU_6299 16973 
CLU_6347 CLU_6301 19630 
CLU_6347 CLU_6381 18474 
CLU_6347 CLU_6398 12836 
CLU_6347 CLU_6409 41776 
CLU_6347 CLU_6410 22011 
CLU_6347 CLU_6411 18236 
CLU_6347 CLU_6412 18275 
CLU_6347 CLU_6414 40128 
CLU_6347 CLU_6415 45450 
CLU_6347 CLU_6417 60721 
CLU_6348 3143309772235 3155 
CLU_6348 3143309772251 2622 
CLU_6348 3143309812059 4003 
CLU_6348 3143305305063 1739 
CLU_6348 3143307781067 2637 
CLU_6348 3143309132481 3524 
CLU_6348 3143307831331 3701 
CLU_6348 3143300659134 5009 
CLU_6348 3143303180158 5551 
CLU_6348 3143307821506 5154 
CLU_6348 3143302150107 8136 
CLU_6348 3143309775978 5154 
CLU_6348 3143302219107 7188 
CLU_6348 3143302219352 3793 
CLU_6348 3143303180182 439 
CLU_6348 3143302150042 1352 
CLU_6348 3143302219085 1650 
CLU_6348 3143309812032 4742 
CLU_6348 3143302149915 5178 
CLU_6348 3143307299079 1627 
CLU_6348 3143302150018 3648 
CLU_6348 3143302218984 3523 
CLU_6348 3143306065295 5273 
CLU_6348 3143302219069 5460 
CLU_6348 3143306629296 3784 
CLU_6348 3143302149923 4451 
CLU_6348 3143306065341 5151 
CLU_6348 3143306329705 5513 
CLU_6348 3143306297943 10386 
CLU_6348 3143307780621 5828 
CLU_6348 3143303180166 5154 
CLU_6348 3143302149893 2376 
CLU_6348 3143302150026 2954 
CLU_6348 3143300550108 5052 
CLU_6348 3143303413578 23982 
CLU_6348 3143306329632 7652 
CLU_6348 3143305212588 9164 
CLU_6348 3143309812083 4106 
CLU_6348 3143306023282 2107 
CLU_6348 3143302218968 6306 
CLU_6348 3143309772227 3524 
CLU_6348 3143302203480 3185 
CLU_6348 3143302150085 1627 
CLU_6348 3143300211826 6293 
CLU_6348 3143302149931 3885 
CLU_6348 3143309352511 3793 
CLU_6348 3143309251553 1218 
CLU_6348 3143305998220 742 
CLU_6348 3143309690905 1878 
CLU_6348 3143307608756 4664 
CLU_6348 3143306409911 5052 
CLU_6348 3143307780907 5820 
CLU_6348 3143309936424 2633 
CLU_6348 3143309812075 4698 
CLU_6348 3143306301304 4106 
CLU_6348 3143303688100 5524 
CLU_6348 3143303180115 2622 
CLU_6348 3143305302854 1086 
CLU_6348 3143302219212 2201 
CLU_6348 3143302149958 5675 
CLU_6348 3143307951345 5600 
CLU_6348 3143302219077 2051 
CLU_6348 3143302219344 5460 
CLU_6348 3143307607660 8136 
CLU_6348 3143302150069 3132 
CLU_6348 3143307809131 6888 
CLU_6348 3143300186252 6729 
CLU_6348 3143304701852 4294 
CLU_6348 3143307836619 4742 
CLU_6348 3143305212545 4482 
CLU_6348 3143302150077 4664 
CLU_6348 3143302150034 2299 
CLU_6348 3143302219409 47426 
CLU_6348 3143305212529 27418 
CLU_6348 3143302219379 47426 
CLU_6348 CLU_3233 32586 
CLU_6348 CLU_6117 46952 
CLU_6348 CLU_6299 18437 
CLU_6348 CLU_6301 18168 
CLU_6348 CLU_6381 17032 
CLU_6348 CLU_6398 13733 
CLU_6348 CLU_6409 43000 
CLU_6348 CLU_6410 23453 
CLU_6348 CLU_6411 19531 
CLU_6348 CLU_6412 19557 
CLU_6348 CLU_6414 41586 
CLU_6348 CLU_6415 46923 
CLU_6348 CLU_6417 62202 
CLU_6349 3143309772235 3333 
CLU_6349 3143309772251 2928 
CLU_6349 3143309812059 4180 
CLU_6349 3143305305063 2105 
CLU_6349 3143307781067 3022 
CLU_6349 3143309132481 3909 
CLU_6349 3143307831331 4085 
CLU_6349 3143300659134 5365 
CLU_6349 3143303180158 5798 
CLU_6349 3143307821506 5369 
CLU_6349 3143302150107 8337 
CLU_6349 3143309775978 5369 
CLU_6349 3143302219107 7218 
CLU_6349 3143302219352 3901 
CLU_6349 3143303180182 813 
CLU_6349 3143302150042 1718 
CLU_6349 3143302219085 1965 
CLU_6349 3143309812032 5124 
CLU_6349 3143302149915 5559 
CLU_6349 3143307299079 1606 
CLU_6349 3143302150018 3816 
CLU_6349 3143302218984 3806 
CLU_6349 3143306065295 5636 
CLU_6349 3143302219069 5307 
CLU_6349 3143306629296 4027 
CLU_6349 3143302149923 4776 
CLU_6349 3143306065341 5430 
CLU_6349 3143306329705 5880 
CLU_6349 3143306297943 10637 
CLU_6349 3143307780621 6102 
CLU_6349 3143303180166 5369 
CLU_6349 3143302149893 2721 
CLU_6349 3143302150026 2600 
CLU_6349 3143300550108 5351 
CLU_6349 3143303413578 24357 
CLU_6349 3143306329632 7647 
CLU_6349 3143305212588 8857 
CLU_6349 3143309812083 4469 
CLU_6349 3143306023282 2245 
CLU_6349 3143302218968 6514 
CLU_6349 3143309772227 3909 
CLU_6349 3143302203480 3125 
CLU_6349 3143302150085 1606 
CLU_6349 3143300211826 6158 
CLU_6349 3143302149931 3811 
CLU_6349 3143309352511 4164 
CLU_6349 3143309251553 1127 
CLU_6349 3143305998220 523 
CLU_6349 3143309690905 1496 
CLU_6349 3143307608756 4881 
CLU_6349 3143306409911 5351 
CLU_6349 3143307780907 5739 
CLU_6349 3143309936424 2250 
CLU_6349 3143309812075 5026 
CLU_6349 3143306301304 4469 
CLU_6349 3143303688100 5856 
CLU_6349 3143303180115 2928 
CLU_6349 3143305302854 1471 
CLU_6349 3143302219212 2585 
CLU_6349 3143302149958 5745 
CLU_6349 3143307951345 5983 
CLU_6349 3143302219077 1751 
CLU_6349 3143302219344 5307 
CLU_6349 3143307607660 8337 
CLU_6349 3143302150069 3424 
CLU_6349 3143307809131 7254 
CLU_6349 3143300186252 6607 
CLU_6349 3143304701852 4628 
CLU_6349 3143307836619 5124 
CLU_6349 3143305212545 4184 
CLU_6349 3143302150077 4881 
CLU_6349 3143302150034 2373 
CLU_6349 3143302219409 47425 
CLU_6349 3143305212529 27328 
CLU_6349 3143302219379 47425 
CLU_6349 CLU_3233 32691 
CLU_6349 CLU_6117 47128 
CLU_6349 CLU_6299 18324 
CLU_6349 CLU_6301 18295 
CLU_6349 CLU_6381 17186 
CLU_6349 CLU_6398 13403 
CLU_6349 CLU_6409 43163 
CLU_6349 CLU_6410 23483 
CLU_6349 CLU_6411 19660 
CLU_6349 CLU_6412 19693 
CLU_6349 CLU_6414 41596 
CLU_6349 CLU_6415 46822 
CLU_6349 CLU_6417 62126 
CLU_6350 3143309772235 3905 
CLU_6350 3143309772251 4381 
CLU_6350 3143309812059 4554 
CLU_6350 3143305305063 4123 
CLU_6350 3143307781067 5279 
CLU_6350 3143309132481 6059 
CLU_6350 3143307831331 6169 
CLU_6350 3143300659134 6987 
CLU_6350 3143303180158 6448 
CLU_6350 3143307821506 5829 
CLU_6350 3143302150107 8470 
CLU_6350 3143309775978 5829 
CLU_6350 3143302219107 6247 
CLU_6350 3143302219352 3881 
CLU_6350 3143303180182 3272 
CLU_6350 3143302150042 4175 
CLU_6350 3143302219085 4492 
CLU_6350 3143309812032 7143 
CLU_6350 3143302149915 7853 
CLU_6350 3143307299079 3800 
CLU_6350 3143302150018 6226 
CLU_6350 3143302218984 6338 
CLU_6350 3143306065295 8070 
CLU_6350 3143302219069 3364 
CLU_6350 3143306629296 6534 
CLU_6350 3143302149923 7297 
CLU_6350 3143306065341 7960 
CLU_6350 3143306329705 8293 
CLU_6350 3143306297943 13137 
CLU_6350 3143307780621 6935 
CLU_6350 3143303180166 5829 
CLU_6350 3143302149893 5217 
CLU_6350 3143302150026 598 
CLU_6350 3143300550108 7884 
CLU_6350 3143303413578 26675 
CLU_6350 3143306329632 6424 
CLU_6350 3143305212588 8619 
CLU_6350 3143309812083 6220 
CLU_6350 3143306023282 2995 
CLU_6350 3143302218968 6814 
CLU_6350 3143309772227 6059 
CLU_6350 3143302203480 2284 
CLU_6350 3143302150085 3800 
CLU_6350 3143300211826 4256 
CLU_6350 3143302149931 2629 
CLU_6350 3143309352511 6569 
CLU_6350 3143309251553 1954 
CLU_6350 3143305998220 2113 
CLU_6350 3143309690905 1421 
CLU_6350 3143307608756 7355 
CLU_6350 3143306409911 7884 
CLU_6350 3143307780907 4190 
CLU_6350 3143309936424 1314 
CLU_6350 3143309812075 6395 
CLU_6350 3143306301304 6220 
CLU_6350 3143303688100 7211 
CLU_6350 3143303180115 4381 
CLU_6350 3143305302854 3755 
CLU_6350 3143302219212 4762 
CLU_6350 3143302149958 5167 
CLU_6350 3143307951345 7992 
CLU_6350 3143302219077 799 
CLU_6350 3143302219344 3364 
CLU_6350 3143307607660 8470 
CLU_6350 3143302150069 5958 
CLU_6350 3143307809131 9666 
CLU_6350 3143300186252 4751 
CLU_6350 3143304701852 6076 
CLU_6350 3143307836619 7143 
CLU_6350 3143305212545 1657 
CLU_6350 3143302150077 7355 
CLU_6350 3143302150034 4666 
CLU_6350 3143302219409 45900 
CLU_6350 3143305212529 25398 
CLU_6350 3143302219379 45900 
CLU_6350 CLU_3233 31816 
CLU_6350 CLU_6117 46716 
CLU_6350 CLU_6299 16320 
CLU_6350 CLU_6301 20491 
CLU_6350 CLU_6381 19467 
CLU_6350 CLU_6398 10891 
CLU_6350 CLU_6409 42664 
CLU_6350 CLU_6410 22190 
CLU_6350 CLU_6411 19022 
CLU_6350 CLU_6412 19096 
CLU_6350 CLU_6414 40140 
CLU_6350 CLU_6415 44815 
CLU_6350 CLU_6417 60224 
CLU_6351 3143309772235 3019 
CLU_6351 3143309772251 2825 
CLU_6351 3143309812059 3854 
CLU_6351 3143305305063 2189 
CLU_6351 3143307781067 3244 
CLU_6351 3143309132481 4087 
CLU_6351 3143307831331 4236 
CLU_6351 3143300659134 5365 
CLU_6351 3143303180158 5555 
CLU_6351 3143307821506 5082 
CLU_6351 3143302150107 8021 
CLU_6351 3143309775978 5082 
CLU_6351 3143302219107 6747 
CLU_6351 3143302219352 3501 
CLU_6351 3143303180182 1159 
CLU_6351 3143302150042 2063 
CLU_6351 3143302219085 2393 
CLU_6351 3143309812032 5258 
CLU_6351 3143302149915 5815 
CLU_6351 3143307299079 2115 
CLU_6351 3143302150018 4333 
CLU_6351 3143302218984 4265 
CLU_6351 3143306065295 5971 
CLU_6351 3143302219069 4785 
CLU_6351 3143306629296 4515 
CLU_6351 3143302149923 5189 
CLU_6351 3143306065341 5893 
CLU_6351 3143306329705 6201 
CLU_6351 3143306297943 11122 
CLU_6351 3143307780621 5903 
CLU_6351 3143303180166 5082 
CLU_6351 3143302149893 3103 
CLU_6351 3143302150026 2269 
CLU_6351 3143300550108 5795 
CLU_6351 3143303413578 24639 
CLU_6351 3143306329632 7156 
CLU_6351 3143305212588 9043 
CLU_6351 3143309812083 4499 
CLU_6351 3143306023282 1907 
CLU_6351 3143302218968 6212 
CLU_6351 3143309772227 4087 
CLU_6351 3143302203480 2618 
CLU_6351 3143302150085 2115 
CLU_6351 3143300211826 5635 
CLU_6351 3143302149931 3298 
CLU_6351 3143309352511 4477 
CLU_6351 3143309251553 634 
CLU_6351 3143305998220 0 
CLU_6351 3143309690905 1332 
CLU_6351 3143307608756 5383 
CLU_6351 3143306409911 5795 
CLU_6351 3143307780907 5222 
CLU_6351 3143309936424 2076 
CLU_6351 3143309812075 4947 
CLU_6351 3143306301304 4499 
CLU_6351 3143303688100 5783 
CLU_6351 3143303180115 2825 
CLU_6351 3143305302854 1683 
CLU_6351 3143302219212 2760 
CLU_6351 3143302149958 5305 
CLU_6351 3143307951345 6119 
CLU_6351 3143302219077 1315 
CLU_6351 3143302219344 4785 
CLU_6351 3143307607660 8021 
CLU_6351 3143302150069 3875 
CLU_6351 3143307809131 7576 
CLU_6351 3143300186252 6084 
CLU_6351 3143304701852 4565 
CLU_6351 3143307836619 5258 
CLU_6351 3143305212545 3741 
CLU_6351 3143302150077 5383 
CLU_6351 3143302150034 2895 
CLU_6351 3143302219409 46930 
CLU_6351 3143305212529 26808 
CLU_6351 3143302219379 46930 
CLU_6351 CLU_3233 32263 
CLU_6351 CLU_6117 46768 
CLU_6351 CLU_6299 17802 
CLU_6351 CLU_6301 18818 
CLU_6351 CLU_6381 17707 
CLU_6351 CLU_6398 13005 
CLU_6351 CLU_6409 42789 
CLU_6351 CLU_6410 23005 
CLU_6351 CLU_6411 19256 
CLU_6351 CLU_6412 19294 
CLU_6351 CLU_6414 41107 
CLU_6351 CLU_6415 46300 
CLU_6351 CLU_6417 61608 
CLU_6352 3143309772235 5211 
CLU_6352 3143309772251 5537 
CLU_6352 3143309812059 5891 
CLU_6352 3143305305063 5086 
CLU_6352 3143307781067 6146 
CLU_6352 3143309132481 6996 
CLU_6352 3143307831331 7142 
CLU_6352 3143300659134 8146 
CLU_6352 3143303180158 7779 
CLU_6352 3143307821506 7171 
CLU_6352 3143302150107 9823 
CLU_6352 3143309775978 7171 
CLU_6352 3143302219107 7483 
CLU_6352 3143302219352 5233 
CLU_6352 3143303180182 3968 
CLU_6352 3143302150042 4874 
CLU_6352 3143302219085 5060 
CLU_6352 3143309812032 8156 
CLU_6352 3143302149915 8706 
CLU_6352 3143307299079 3946 
CLU_6352 3143302150018 6383 
CLU_6352 3143302218984 6769 
CLU_6352 3143306065295 8784 
CLU_6352 3143302219069 4330 
CLU_6352 3143306629296 6855 
CLU_6352 3143302149923 7841 
CLU_6352 3143306065341 8343 
CLU_6352 3143306329705 9033 
CLU_6352 3143306297943 13347 
CLU_6352 3143307780621 8251 
CLU_6352 3143303180166 7171 
CLU_6352 3143302149893 5851 
CLU_6352 3143302150026 790 
CLU_6352 3143300550108 8333 
CLU_6352 3143303413578 27513 
CLU_6352 3143306329632 7587 
CLU_6352 3143305212588 7338 
CLU_6352 3143309812083 7329 
CLU_6352 3143306023282 4234 
CLU_6352 3143302218968 8167 
CLU_6352 3143309772227 6996 
CLU_6352 3143302203480 3635 
CLU_6352 3143302150085 3946 
CLU_6352 3143300211826 5189 
CLU_6352 3143302149931 3931 
CLU_6352 3143309352511 7320 
CLU_6352 3143309251553 3004 
CLU_6352 3143305998220 2908 
CLU_6352 3143309690905 1667 
CLU_6352 3143307608756 7576 
CLU_6352 3143306409911 8333 
CLU_6352 3143307780907 5307 
CLU_6352 3143309936424 956 
CLU_6352 3143309812075 7613 
CLU_6352 3143306301304 7329 
CLU_6352 3143303688100 8442 
CLU_6352 3143303180115 5537 
CLU_6352 3143305302854 4580 
CLU_6352 3143302219212 5668 
CLU_6352 3143302149958 6489 
CLU_6352 3143307951345 9016 
CLU_6352 3143302219077 1836 
CLU_6352 3143302219344 4330 
CLU_6352 3143307607660 9823 
CLU_6352 3143302150069 6428 
CLU_6352 3143307809131 10405 
CLU_6352 3143300186252 5687 
CLU_6352 3143304701852 7271 
CLU_6352 3143307836619 8156 
CLU_6352 3143305212545 1995 
CLU_6352 3143302150077 7576 
CLU_6352 3143302150034 4791 
CLU_6352 3143302219409 46779 
CLU_6352 3143305212529 26056 
CLU_6352 3143302219379 46779 
CLU_6352 CLU_3233 32967 
CLU_6352 CLU_6117 47972 
CLU_6352 CLU_6299 16957 
CLU_6352 CLU_6301 20214 
CLU_6352 CLU_6381 19285 
CLU_6352 CLU_6398 10444 
CLU_6352 CLU_6409 43903 
CLU_6352 CLU_6410 23210 
CLU_6352 CLU_6411 20254 
CLU_6352 CLU_6412 20337 
CLU_6352 CLU_6414 41058 
CLU_6352 CLU_6415 45388 
CLU_6352 CLU_6417 60865 
CLU_6353 3143309772235 5315 
CLU_6353 3143309772251 4022 
CLU_6353 3143309812059 5989 
CLU_6353 3143305305063 3037 
CLU_6353 3143307781067 2199 
CLU_6353 3143309132481 2639 
CLU_6353 3143307831331 2905 
CLU_6353 3143300659134 4736 
CLU_6353 3143303180158 6707 
CLU_6353 3143307821506 6661 
CLU_6353 3143302150107 9445 
CLU_6353 3143309775978 6661 
CLU_6353 3143302219107 9720 
CLU_6353 3143302219352 6218 
CLU_6353 3143303180182 3040 
CLU_6353 3143302150042 2232 
CLU_6353 3143302219085 1792 
CLU_6353 3143309812032 3601 
CLU_6353 3143302149915 2966 
CLU_6353 3143307299079 2928 
CLU_6353 3143302150018 1543 
CLU_6353 3143302218984 209 
CLU_6353 3143306065295 2424 
CLU_6353 3143302219069 8734 
CLU_6353 3143306629296 794 
CLU_6353 3143302149923 1142 
CLU_6353 3143306065341 1726 
CLU_6353 3143306329705 2732 
CLU_6353 3143306297943 7002 
CLU_6353 3143307780621 6657 
CLU_6353 3143303180166 6661 
CLU_6353 3143302149893 1255 
CLU_6353 3143302150026 6297 
CLU_6353 3143300550108 1615 
CLU_6353 3143303413578 21016 
CLU_6353 3143306329632 10342 
CLU_6353 3143305212588 10415 
CLU_6353 3143309812083 3950 
CLU_6353 3143306023282 4748 
CLU_6353 3143302218968 7721 
CLU_6353 3143309772227 2639 
CLU_6353 3143302203480 6306 
CLU_6353 3143302150085 2928 
CLU_6353 3143300211826 9506 
CLU_6353 3143302149931 7002 
CLU_6353 3143309352511 1614 
CLU_6353 3143309251553 4570 
CLU_6353 3143305998220 4182 
CLU_6353 3143309690905 5101 
CLU_6353 3143307608756 1643 
CLU_6353 3143306409911 1615 
CLU_6353 3143307780907 8879 
CLU_6353 3143309936424 5785 
CLU_6353 3143309812075 5038 
CLU_6353 3143306301304 3950 
CLU_6353 3143303688100 5597 
CLU_6353 3143303180115 4022 
CLU_6353 3143305302854 2815 
CLU_6353 3143302219212 2534 
CLU_6353 3143302149958 8090 
CLU_6353 3143307951345 4194 
CLU_6353 3143302219077 5483 
CLU_6353 3143302219344 8734 
CLU_6353 3143307607660 9445 
CLU_6353 3143302150069 313 
CLU_6353 3143307809131 3967 
CLU_6353 3143300186252 9897 
CLU_6353 3143304701852 4663 
CLU_6353 3143307836619 3601 
CLU_6353 3143305212545 7917 
CLU_6353 3143302150077 1643 
CLU_6353 3143302150034 2306 
CLU_6353 3143302219409 49803 
CLU_6353 3143305212529 30322 
CLU_6353 3143302219379 49803 
CLU_6353 CLU_3233 34258 
CLU_6353 CLU_6117 47948 
CLU_6353 CLU_6299 21471 
CLU_6353 CLU_6301 15267 
CLU_6353 CLU_6381 13997 
CLU_6353 CLU_6398 17122 
CLU_6353 CLU_6409 44129 
CLU_6353 CLU_6410 25707 
CLU_6353 CLU_6411 21103 
CLU_6353 CLU_6412 21080 
CLU_6353 CLU_6414 43902 
CLU_6353 CLU_6415 49852 
CLU_6353 CLU_6417 64993 
CLU_6354 3143309772235 4998 
CLU_6354 3143309772251 6329 
CLU_6354 3143309812059 4817 
CLU_6354 3143305305063 6949 
CLU_6354 3143307781067 8101 
CLU_6354 3143309132481 8477 
CLU_6354 3143307831331 8431 
CLU_6354 3143300659134 8160 
CLU_6354 3143303180158 6077 
CLU_6354 3143307821506 5416 
CLU_6354 3143302150107 6454 
CLU_6354 3143309775978 5416 
CLU_6354 3143302219107 2821 
CLU_6354 3143302219352 4131 
CLU_6354 3143303180182 7012 
CLU_6354 3143302150042 7681 
CLU_6354 3143302219085 8190 
CLU_6354 3143309812032 9049 
CLU_6354 3143302149915 10280 
CLU_6354 3143307299079 8178 
CLU_6354 3143302150018 10374 
CLU_6354 3143302218984 10035 
CLU_6354 3143306065295 10914 
CLU_6354 3143302219069 1386 
CLU_6354 3143306629296 10411 
CLU_6354 3143302149923 10661 
CLU_6354 3143306065341 11605 
CLU_6354 3143306329705 11030 
CLU_6354 3143306297943 16877 
CLU_6354 3143307780621 6700 
CLU_6354 3143303180166 5416 
CLU_6354 3143302149893 8653 
CLU_6354 3143302150026 5240 
CLU_6354 3143300550108 11402 
CLU_6354 3143303413578 28269 
CLU_6354 3143306329632 2415 
CLU_6354 3143305212588 12819 
CLU_6354 3143309812083 7853 
CLU_6354 3143306023282 5181 
CLU_6354 3143302218968 5650 
CLU_6354 3143309772227 8477 
CLU_6354 3143302203480 3596 
CLU_6354 3143302150085 8178 
CLU_6354 3143300211826 499 
CLU_6354 3143302149931 2895 
CLU_6354 3143309352511 9497 
CLU_6354 3143309251553 5512 
CLU_6354 3143305998220 6084 
CLU_6354 3143309690905 6093 
CLU_6354 3143307608756 11329 
CLU_6354 3143306409911 11402 
CLU_6354 3143307780907 1124 
CLU_6354 3143309936424 6050 
CLU_6354 3143309812075 7303 
CLU_6354 3143306301304 7853 
CLU_6354 3143303688100 7829 
CLU_6354 3143303180115 6329 
CLU_6354 3143305302854 7085 
CLU_6354 3143302219212 7586 
CLU_6354 3143302149958 3233 
CLU_6354 3143307951345 9710 
CLU_6354 3143302219077 5168 
CLU_6354 3143302219344 1386 
CLU_6354 3143307607660 6454 
CLU_6354 3143302150069 9625 
CLU_6354 3143307809131 12272 
CLU_6354 3143300186252 0 
CLU_6354 3143304701852 7237 
CLU_6354 3143307836619 9049 
CLU_6354 3143305212545 3785 
CLU_6354 3143302150077 11329 
CLU_6354 3143302150034 8980 
CLU_6354 3143302219409 41151 
CLU_6354 3143305212529 20741 
CLU_6354 3143302219379 41151 
CLU_6354 CLU_3233 27382 
CLU_6354 CLU_6117 42653 
CLU_6354 CLU_6299 11717 
CLU_6354 CLU_6301 24896 
CLU_6354 CLU_6381 23755 
CLU_6354 CLU_6398 9518 
CLU_6354 CLU_6409 38525 
CLU_6354 CLU_6410 17524 
CLU_6354 CLU_6411 14925 
CLU_6354 CLU_6412 15044 
CLU_6354 CLU_6414 35401 
CLU_6354 CLU_6415 40219 
CLU_6354 CLU_6417 55556 
CLU_6355 3143309772235 3884 
CLU_6355 3143309772251 5227 
CLU_6355 3143309812059 3695 
CLU_6355 3143305305063 5895 
CLU_6355 3143307781067 7024 
CLU_6355 3143309132481 7372 
CLU_6355 3143307831331 7319 
CLU_6355 3143300659134 7040 
CLU_6355 3143303180158 5019 
CLU_6355 3143307821506 4344 
CLU_6355 3143302150107 5684 
CLU_6355 3143309775978 4344 
CLU_6355 3143302219107 2353 
CLU_6355 3143302219352 3008 
CLU_6355 3143303180182 6069 
CLU_6355 3143302150042 6683 
CLU_6355 3143302219085 7208 
CLU_6355 3143309812032 7925 
CLU_6355 3143302149915 9164 
CLU_6355 3143307299079 7337 
CLU_6355 3143302150018 9439 
CLU_6355 3143302218984 9025 
CLU_6355 3143306065295 9815 
CLU_6355 3143302219069 1171 
CLU_6355 3143306629296 9424 
CLU_6355 3143302149923 9605 
CLU_6355 3143306065341 10574 
CLU_6355 3143306329705 9925 
CLU_6355 3143306297943 15834 
CLU_6355 3143307780621 5643 
CLU_6355 3143303180166 4344 
CLU_6355 3143302149893 7628 
CLU_6355 3143302150026 4740 
CLU_6355 3143300550108 10357 
CLU_6355 3143303413578 27169 
CLU_6355 3143306329632 2290 
CLU_6355 3143305212588 12602 
CLU_6355 3143309812083 6729 
CLU_6355 3143306023282 4136 
CLU_6355 3143302218968 4680 
CLU_6355 3143309772227 7372 
CLU_6355 3143302203480 2637 
CLU_6355 3143302150085 7337 
CLU_6355 3143300211826 986 
CLU_6355 3143302149931 1934 
CLU_6355 3143309352511 8413 
CLU_6355 3143309251553 4620 
CLU_6355 3143305998220 5222 
CLU_6355 3143309690905 5422 
CLU_6355 3143307608756 10351 
CLU_6355 3143306409911 10357 
CLU_6355 3143307780907 0 
CLU_6355 3143309936424 5503 
CLU_6355 3143309812075 6185 
CLU_6355 3143306301304 6729 
CLU_6355 3143303688100 6727 
CLU_6355 3143303180115 5227 
CLU_6355 3143305302854 6080 
CLU_6355 3143302219212 6518 
CLU_6355 3143302149958 2254 
CLU_6355 3143307951345 8586 
CLU_6355 3143302219077 4463 
CLU_6355 3143302219344 1171 
CLU_6355 3143307607660 5684 
CLU_6355 3143302150069 8615 
CLU_6355 3143307809131 11157 
CLU_6355 3143300186252 1124 
CLU_6355 3143304701852 6114 
CLU_6355 3143307836619 7925 
CLU_6355 3143305212545 3605 
CLU_6355 3143302150077 10351 
CLU_6355 3143302150034 8105 
CLU_6355 3143302219409 41791 
CLU_6355 3143305212529 21598 
CLU_6355 3143302219379 41791 
CLU_6355 CLU_3233 27661 
CLU_6355 CLU_6117 42730 
CLU_6355 CLU_6299 12633 
CLU_6355 CLU_6301 23974 
CLU_6355 CLU_6381 22800 
CLU_6355 CLU_6398 10483 
CLU_6355 CLU_6409 38637 
CLU_6355 CLU_6410 18007 
CLU_6355 CLU_6411 14992 
CLU_6355 CLU_6412 15088 
CLU_6355 CLU_6414 36003 
CLU_6355 CLU_6415 41104 
CLU_6355 CLU_6417 56387 
CLU_6356 3143309772235 3723 
CLU_6356 3143309772251 5081 
CLU_6356 3143309812059 3479 
CLU_6356 3143305305063 5797 
CLU_6356 3143307781067 6904 
CLU_6356 3143309132481 7218 
CLU_6356 3143307831331 7155 
CLU_6356 3143300659134 6814 
CLU_6356 3143303180158 4742 
CLU_6356 3143307821506 4072 
CLU_6356 3143302150107 5373 
CLU_6356 3143309775978 4072 
CLU_6356 3143302219107 2087 
CLU_6356 3143302219352 2827 
CLU_6356 3143303180182 6043 
CLU_6356 3143302150042 6624 
CLU_6356 3143302219085 7157 
CLU_6356 3143309812032 7733 
CLU_6356 3143302149915 8994 
CLU_6356 3143307299079 7357 
CLU_6356 3143302150018 9410 
CLU_6356 3143302218984 8953 
CLU_6356 3143306065295 9667 
CLU_6356 3143302219069 1457 
CLU_6356 3143306629296 9366 
CLU_6356 3143302149923 9499 
CLU_6356 3143306065341 10485 
CLU_6356 3143306329705 9770 
CLU_6356 3143306297943 15734 
CLU_6356 3143307780621 5366 
CLU_6356 3143303180166 4072 
CLU_6356 3143302149893 7548 
CLU_6356 3143302150026 4892 
CLU_6356 3143300550108 10258 
CLU_6356 3143303413578 26917 
CLU_6356 3143306329632 2101 
CLU_6356 3143305212588 12803 
CLU_6356 3143309812083 6533 
CLU_6356 3143306023282 4053 
CLU_6356 3143302218968 4379 
CLU_6356 3143309772227 7218 
CLU_6356 3143302203480 2631 
CLU_6356 3143302150085 7357 
CLU_6356 3143300211826 1281 
CLU_6356 3143302149931 1944 
CLU_6356 3143309352511 8283 
CLU_6356 3143309251553 4628 
CLU_6356 3143305998220 5242 
CLU_6356 3143309690905 5516 
CLU_6356 3143307608756 10296 
CLU_6356 3143306409911 10258 
CLU_6356 3143307780907 311 
CLU_6356 3143309936424 5637 
CLU_6356 3143309812075 5955 
CLU_6356 3143306301304 6533 
CLU_6356 3143303688100 6477 
CLU_6356 3143303180115 5081 
CLU_6356 3143305302854 6019 
CLU_6356 3143302219212 6407 
CLU_6356 3143302149958 1951 
CLU_6356 3143307951345 8377 
CLU_6356 3143302219077 4551 
CLU_6356 3143302219344 1457 
CLU_6356 3143307607660 5373 
CLU_6356 3143302150069 8545 
CLU_6356 3143307809131 10986 
CLU_6356 3143300186252 1352 
CLU_6356 3143304701852 5898 
CLU_6356 3143307836619 7733 
CLU_6356 3143305212545 3841 
CLU_6356 3143302150077 10296 
CLU_6356 3143302150034 8108 
CLU_6356 3143302219409 41723 
CLU_6356 3143305212529 21614 
CLU_6356 3143302219379 41723 
CLU_6356 CLU_3233 27495 
CLU_6356 CLU_6117 42516 
CLU_6356 CLU_6299 12680 
CLU_6356 CLU_6301 23942 
CLU_6356 CLU_6381 22751 
CLU_6356 CLU_6398 10778 
CLU_6356 CLU_6409 38432 
CLU_6356 CLU_6410 17898 
CLU_6356 CLU_6411 14783 
CLU_6356 CLU_6412 14874 
CLU_6356 CLU_6414 35923 
CLU_6356 CLU_6415 41129 
CLU_6356 CLU_6417 56388 
CLU_6357 3143309772235 4355 
CLU_6357 3143309772251 5724 
CLU_6357 3143309812059 4015 
CLU_6357 3143305305063 6491 
CLU_6357 3143307781067 7574 
CLU_6357 3143309132481 7843 
CLU_6357 3143307831331 7766 
CLU_6357 3143300659134 7299 
CLU_6357 3143303180158 5064 
CLU_6357 3143307821506 4431 
CLU_6357 3143302150107 5303 
CLU_6357 3143309775978 4431 
CLU_6357 3143302219107 1706 
CLU_6357 3143302219352 3437 
CLU_6357 3143303180182 6783 
CLU_6357 3143302150042 7347 
CLU_6357 3143302219085 7884 
CLU_6357 3143309812032 8289 
CLU_6357 3143302149915 9588 
CLU_6357 3143307299079 8106 
CLU_6357 3143302150018 10147 
CLU_6357 3143302218984 9665 
CLU_6357 3143306065295 10298 
CLU_6357 3143302219069 1919 
CLU_6357 3143306629296 10088 
CLU_6357 3143302149923 10180 
CLU_6357 3143306065341 11183 
CLU_6357 3143306329705 10388 
CLU_6357 3143306297943 16418 
CLU_6357 3143307780621 5680 
CLU_6357 3143303180166 4431 
CLU_6357 3143302149893 8255 
CLU_6357 3143302150026 5583 
CLU_6357 3143300550108 10947 
CLU_6357 3143303413578 27296 
CLU_6357 3143306329632 1479 
CLU_6357 3143305212588 13430 
CLU_6357 3143309812083 7088 
CLU_6357 3143306023282 4765 
CLU_6357 3143302218968 4556 
CLU_6357 3143309772227 7843 
CLU_6357 3143302203480 3378 
CLU_6357 3143302150085 8106 
CLU_6357 3143300211826 1365 
CLU_6357 3143302149931 2693 
CLU_6357 3143309352511 8940 
CLU_6357 3143309251553 5376 
CLU_6357 3143305998220 5991 
CLU_6357 3143309690905 6249 
CLU_6357 3143307608756 11019 
CLU_6357 3143306409911 10947 
CLU_6357 3143307780907 843 
CLU_6357 3143309936424 6344 
CLU_6357 3143309812075 6432 
CLU_6357 3143306301304 7088 
CLU_6357 3143303688100 6891 
CLU_6357 3143303180115 5724 
CLU_6357 3143305302854 6741 
CLU_6357 3143302219212 7087 
CLU_6357 3143302149958 2181 
CLU_6357 3143307951345 8897 
CLU_6357 3143302219077 5287 
CLU_6357 3143302219344 1919 
CLU_6357 3143307607660 5303 
CLU_6357 3143302150069 9258 
CLU_6357 3143307809131 11576 
CLU_6357 3143300186252 1150 
CLU_6357 3143304701852 6414 
CLU_6357 3143307836619 8289 
CLU_6357 3143305212545 4408 
CLU_6357 3143302150077 11019 
CLU_6357 3143302150034 8855 
CLU_6357 3143302219409 40978 
CLU_6357 3143305212529 20876 
CLU_6357 3143302219379 40978 
CLU_6357 CLU_3233 26821 
CLU_6357 CLU_6117 41918 
CLU_6357 CLU_6299 11961 
CLU_6357 CLU_6301 24675 
CLU_6357 CLU_6381 23475 
CLU_6357 CLU_6398 10649 
CLU_6357 CLU_6409 37818 
CLU_6357 CLU_6410 17170 
CLU_6357 CLU_6411 14177 
CLU_6357 CLU_6412 14278 
CLU_6357 CLU_6414 35182 
CLU_6357 CLU_6415 40395 
CLU_6357 CLU_6417 55644 
CLU_6358 3143309772235 4507 
CLU_6358 3143309772251 4598 
CLU_6358 3143309812059 5271 
CLU_6358 3143305305063 4011 
CLU_6358 3143307781067 5012 
CLU_6358 3143309132481 5885 
CLU_6358 3143307831331 6047 
CLU_6358 3143300659134 7175 
CLU_6358 3143303180158 7106 
CLU_6358 3143307821506 6552 
CLU_6358 3143302150107 9361 
CLU_6358 3143309775978 6552 
CLU_6358 3143302219107 7443 
CLU_6358 3143302219352 4721 
CLU_6358 3143303180182 2809 
CLU_6358 3143302150042 3703 
CLU_6358 3143302219085 3870 
CLU_6358 3143309812032 7076 
CLU_6358 3143302149915 7555 
CLU_6358 3143307299079 2792 
CLU_6358 3143302150018 5244 
CLU_6358 3143302218984 5581 
CLU_6358 3143306065295 7602 
CLU_6358 3143302219069 4676 
CLU_6358 3143306629296 5680 
CLU_6358 3143302149923 6648 
CLU_6358 3143306065341 7162 
CLU_6358 3143306329705 7855 
CLU_6358 3143306297943 12209 
CLU_6358 3143307780621 7522 
CLU_6358 3143303180166 6552 
CLU_6358 3143302149893 4665 
CLU_6358 3143302150026 921 
CLU_6358 3143300550108 7145 
CLU_6358 3143303413578 26343 
CLU_6358 3143306329632 7673 
CLU_6358 3143305212588 7594 
CLU_6358 3143309812083 6321 
CLU_6358 3143306023282 3438 
CLU_6358 3143302218968 7620 
CLU_6358 3143309772227 5885 
CLU_6358 3143302203480 3308 
CLU_6358 3143302150085 2792 
CLU_6358 3143300211826 5567 
CLU_6358 3143302149931 3792 
CLU_6358 3143309352511 6147 
CLU_6358 3143309251553 2081 
CLU_6358 3143305998220 1825 
CLU_6358 3143309690905 502 
CLU_6358 3143307608756 6425 
CLU_6358 3143306409911 7145 
CLU_6358 3143307780907 5472 
CLU_6358 3143309936424 255 
CLU_6358 3143309812075 6713 
CLU_6358 3143306301304 6321 
CLU_6358 3143303688100 7550 
CLU_6358 3143303180115 4598 
CLU_6358 3143305302854 3450 
CLU_6358 3143302219212 4556 
CLU_6358 3143302149958 6241 
CLU_6358 3143307951345 7937 
CLU_6358 3143302219077 1163 
CLU_6358 3143302219344 4676 
CLU_6358 3143307607660 9361 
CLU_6358 3143302150069 5237 
CLU_6358 3143307809131 9225 
CLU_6358 3143300186252 6062 
CLU_6358 3143304701852 6346 
CLU_6358 3143307836619 7076 
CLU_6358 3143305212545 2750 
CLU_6358 3143302150077 6425 
CLU_6358 3143302150034 3652 
CLU_6358 3143302219409 47210 
CLU_6358 3143305212529 26694 
CLU_6358 3143302219379 47210 
CLU_6358 CLU_3233 33047 
CLU_6358 CLU_6117 47846 
CLU_6358 CLU_6299 17609 
CLU_6358 CLU_6301 19293 
CLU_6358 CLU_6381 18310 
CLU_6358 CLU_6398 11611 
CLU_6358 CLU_6409 43815 
CLU_6358 CLU_6410 23480 
CLU_6358 CLU_6411 20191 
CLU_6358 CLU_6412 20255 
CLU_6358 CLU_6414 41446 
CLU_6358 CLU_6415 46096 
CLU_6358 CLU_6417 61519 
CLU_6359 3143309772235 4571 
CLU_6359 3143309772251 4468 
CLU_6359 3143309812059 5376 
CLU_6359 3143305305063 3743 
CLU_6359 3143307781067 4646 
CLU_6359 3143309132481 5545 
CLU_6359 3143307831331 5726 
CLU_6359 3143300659134 6982 
CLU_6359 3143303180158 7151 
CLU_6359 3143307821506 6639 
CLU_6359 3143302150107 9521 
CLU_6359 3143309775978 6639 
CLU_6359 3143302219107 7826 
CLU_6359 3143302219352 4904 
CLU_6359 3143303180182 2426 
CLU_6359 3143302150042 3278 
CLU_6359 3143302219085 3376 
CLU_6359 3143309812032 6767 
CLU_6359 3143302149915 7143 
CLU_6359 3143307299079 2175 
CLU_6359 3143302150018 4619 
CLU_6359 3143302218984 5014 
CLU_6359 3143306065295 7123 
CLU_6359 3143302219069 5221 
CLU_6359 3143306629296 5084 
CLU_6359 3143302149923 6111 
CLU_6359 3143306065341 6576 
CLU_6359 3143306329705 7386 
CLU_6359 3143306297943 11585 
CLU_6359 3143307780621 7525 
CLU_6359 3143303180166 6639 
CLU_6359 3143302149893 4184 
CLU_6359 3143302150026 1559 
CLU_6359 3143300550108 6576 
CLU_6359 3143303413578 25879 
CLU_6359 3143306329632 8106 
CLU_6359 3143305212588 7452 
CLU_6359 3143309812083 6098 
CLU_6359 3143306023282 3466 
CLU_6359 3143302218968 7743 
CLU_6359 3143309772227 5545 
CLU_6359 3143302203480 3634 
CLU_6359 3143302150085 2175 
CLU_6359 3143300211826 6113 
CLU_6359 3143302149931 4186 
CLU_6359 3143309352511 5699 
CLU_6359 3143309251553 2078 
CLU_6359 3143305998220 1644 
CLU_6359 3143309690905 539 
CLU_6359 3143307608756 5807 
CLU_6359 3143306409911 6576 
CLU_6359 3143307780907 5953 
CLU_6359 3143309936424 825 
CLU_6359 3143309812075 6590 
CLU_6359 3143306301304 6098 
CLU_6359 3143303688100 7426 
CLU_6359 3143303180115 4468 
CLU_6359 3143305302854 3111 
CLU_6359 3143302219212 4226 
CLU_6359 3143302149958 6542 
CLU_6359 3143307951345 7625 
CLU_6359 3143302219077 1506 
CLU_6359 3143302219344 5221 
CLU_6359 3143307607660 9521 
CLU_6359 3143302150069 4685 
CLU_6359 3143307809131 8749 
CLU_6359 3143300186252 6603 
CLU_6359 3143304701852 6204 
CLU_6359 3143307836619 6767 
CLU_6359 3143305212545 3388 
CLU_6359 3143302150077 5807 
CLU_6359 3143302150034 3026 
CLU_6359 3143302219409 47730 
CLU_6359 3143305212529 27279 
CLU_6359 3143302219379 47730 
CLU_6359 CLU_3233 33436 
CLU_6359 CLU_6117 48137 
CLU_6359 CLU_6299 18202 
CLU_6359 CLU_6301 18657 
CLU_6359 CLU_6381 17669 
CLU_6359 CLU_6398 12216 
CLU_6359 CLU_6409 44125 
CLU_6359 CLU_6410 23950 
CLU_6359 CLU_6411 20526 
CLU_6359 CLU_6412 20581 
CLU_6359 CLU_6414 41953 
CLU_6359 CLU_6415 46697 
CLU_6359 CLU_6417 62105 
CLU_6360 3143309772235 4705 
CLU_6360 3143309772251 4835 
CLU_6360 3143309812059 5456 
CLU_6360 3143305305063 4263 
CLU_6360 3143307781067 5268 
CLU_6360 3143309132481 6140 
CLU_6360 3143307831331 6300 
CLU_6360 3143300659134 7417 
CLU_6360 3143303180158 7304 
CLU_6360 3143307821506 6740 
CLU_6360 3143302150107 9525 
CLU_6360 3143309775978 6740 
CLU_6360 3143302219107 7522 
CLU_6360 3143302219352 4885 
CLU_6360 3143303180182 3063 
CLU_6360 3143302150042 3957 
CLU_6360 3143302219085 4117 
CLU_6360 3143309812032 7329 
CLU_6360 3143302149915 7809 
CLU_6360 3143307299079 2999 
CLU_6360 3143302150018 5445 
CLU_6360 3143302218984 5813 
CLU_6360 3143306065295 7852 
CLU_6360 3143302219069 4664 
CLU_6360 3143306629296 5900 
CLU_6360 3143302149923 6889 
CLU_6360 3143306065341 7388 
CLU_6360 3143306329705 8106 
CLU_6360 3143306297943 12410 
CLU_6360 3143307780621 7730 
CLU_6360 3143303180166 6740 
CLU_6360 3143302149893 4914 
CLU_6360 3143302150026 829 
CLU_6360 3143300550108 7376 
CLU_6360 3143303413578 26595 
CLU_6360 3143306329632 7727 
CLU_6360 3143305212588 7444 
CLU_6360 3143309812083 6567 
CLU_6360 3143306023282 3649 
CLU_6360 3143302218968 7797 
CLU_6360 3143309772227 6140 
CLU_6360 3143302203480 3427 
CLU_6360 3143302150085 2999 
CLU_6360 3143300211826 5553 
CLU_6360 3143302149931 3877 
CLU_6360 3143309352511 6400 
CLU_6360 3143309251553 2308 
CLU_6360 3143305998220 2076 
CLU_6360 3143309690905 757 
CLU_6360 3143307608756 6632 
CLU_6360 3143306409911 7376 
CLU_6360 3143307780907 5503 
CLU_6360 3143309936424 0 
CLU_6360 3143309812075 6946 
CLU_6360 3143306301304 6567 
CLU_6360 3143303688100 7782 
CLU_6360 3143303180115 4835 
CLU_6360 3143305302854 3705 
CLU_6360 3143302219212 4810 
CLU_6360 3143302149958 6359 
CLU_6360 3143307951345 8190 
CLU_6360 3143302219077 1317 
CLU_6360 3143302219344 4664 
CLU_6360 3143307607660 9525 
CLU_6360 3143302150069 5473 
CLU_6360 3143307809131 9476 
CLU_6360 3143300186252 6050 
CLU_6360 3143304701852 6582 
CLU_6360 3143307836619 7329 
CLU_6360 3143305212545 2632 
CLU_6360 3143302150077 6632 
CLU_6360 3143302150034 3852 
CLU_6360 3143302219409 47202 
CLU_6360 3143305212529 26635 
CLU_6360 3143302219379 47202 
CLU_6360 CLU_3233 33114 
CLU_6360 CLU_6117 47955 
CLU_6360 CLU_6299 17545 
CLU_6360 CLU_6301 19420 
CLU_6360 CLU_6381 18454 
CLU_6360 CLU_6398 11394 
CLU_6360 CLU_6409 43917 
CLU_6360 CLU_6410 23505 
CLU_6360 CLU_6411 20285 
CLU_6360 CLU_6412 20352 
CLU_6360 CLU_6414 41447 
CLU_6360 CLU_6415 46021 
CLU_6360 CLU_6417 61458 
CLU_6361 3143309772235 2656 
CLU_6361 3143309772251 2122 
CLU_6361 3143309812059 2503 
CLU_6361 3143305305063 3027 
CLU_6361 3143307781067 2953 
CLU_6361 3143309132481 2423 
CLU_6361 3143307831331 2179 
CLU_6361 3143300659134 868 
CLU_6361 3143303180158 1873 
CLU_6361 3143307821506 2176 
CLU_6361 3143302150107 4475 
CLU_6361 3143309775978 2176 
CLU_6361 3143302219107 5842 
CLU_6361 3143302219352 3273 
CLU_6361 3143303180182 4439 
CLU_6361 3143302150042 4045 
CLU_6361 3143302219085 4471 
CLU_6361 3143309812032 2091 
CLU_6361 3143302149915 3537 
CLU_6361 3143307299079 5927 
CLU_6361 3143302150018 6413 
CLU_6361 3143302218984 5247 
CLU_6361 3143306065295 4498 
CLU_6361 3143302219069 6721 
CLU_6361 3143306629296 5829 
CLU_6361 3143302149923 5051 
CLU_6361 3143306065341 6200 
CLU_6361 3143306329705 4467 
CLU_6361 3143306297943 10879 
CLU_6361 3143307780621 1647 
CLU_6361 3143303180166 2176 
CLU_6361 3143302149893 4124 
CLU_6361 3143302150026 6843 
CLU_6361 3143300550108 5830 
CLU_6361 3143303413578 21021 
CLU_6361 3143306329632 6626 
CLU_6361 3143305212588 13856 
CLU_6361 3143309812083 1113 
CLU_6361 3143306023282 3400 
CLU_6361 3143302218968 2924 
CLU_6361 3143309772227 2423 
CLU_6361 3143302203480 4666 
CLU_6361 3143302150085 5927 
CLU_6361 3143300211826 7122 
CLU_6361 3143302149931 5032 
CLU_6361 3143309352511 3651 
CLU_6361 3143309251553 4641 
CLU_6361 3143305998220 4947 
CLU_6361 3143309690905 6249 
CLU_6361 3143307608756 6646 
CLU_6361 3143306409911 5830 
CLU_6361 3143307780907 6185 
CLU_6361 3143309936424 6946 
CLU_6361 3143309812075 0 
CLU_6361 3143306301304 1113 
CLU_6361 3143303688100 837 
CLU_6361 3143303180115 2122 
CLU_6361 3143305302854 3769 
CLU_6361 3143302219212 2922 
CLU_6361 3143302149958 4356 
CLU_6361 3143307951345 2507 
CLU_6361 3143302219077 5777 
CLU_6361 3143302219344 6721 
CLU_6361 3143307607660 4475 
CLU_6361 3143302150069 4965 
CLU_6361 3143307809131 5402 
CLU_6361 3143300186252 7303 
CLU_6361 3143304701852 420 
CLU_6361 3143307836619 2091 
CLU_6361 3143305212545 7493 
CLU_6361 3143302150077 6646 
CLU_6361 3143302150034 6082 
CLU_6361 3143302219409 45077 
CLU_6361 3143305212529 26266 
CLU_6361 3143302219379 45077 
CLU_6361 CLU_3233 29249 
CLU_6361 CLU_6117 42952 
CLU_6361 CLU_6299 17787 
CLU_6361 CLU_6301 19849 
CLU_6361 CLU_6381 18433 
CLU_6361 CLU_6398 16370 
CLU_6361 CLU_6409 39109 
CLU_6361 CLU_6410 20973 
CLU_6361 CLU_6411 16095 
CLU_6361 CLU_6412 16063 
CLU_6361 CLU_6414 39144 
CLU_6361 CLU_6415 45736 
CLU_6361 CLU_6417 60646 
CLU_6362 3143309772235 1483 
CLU_6362 3143309772251 1400 
CLU_6362 3143309812059 1352 
CLU_6362 3143305305063 2532 
CLU_6362 3143307781067 2949 
CLU_6362 3143309132481 2781 
CLU_6362 3143307831331 2617 
CLU_6362 3143300659134 2007 
CLU_6362 3143303180158 1640 
CLU_6362 3143307821506 1515 
CLU_6362 3143302150107 4376 
CLU_6362 3143309775978 1515 
CLU_6362 3143302219107 4955 
CLU_6362 3143302219352 2091 
CLU_6362 3143303180182 3819 
CLU_6362 3143302150042 3660 
CLU_6362 3143302219085 4172 
CLU_6362 3143309812032 2951 
CLU_6362 3143302149915 4316 
CLU_6362 3143307299079 5410 
CLU_6362 3143302150018 6347 
CLU_6362 3143302218984 5348 
CLU_6362 3143306065295 5155 
CLU_6362 3143302219069 5537 
CLU_6362 3143306629296 5904 
CLU_6362 3143302149923 5418 
CLU_6362 3143306065341 6546 
CLU_6362 3143306329705 5187 
CLU_6362 3143306297943 11501 
CLU_6362 3143307780621 1840 
CLU_6362 3143303180166 1515 
CLU_6362 3143302149893 4042 
CLU_6362 3143302150026 5803 
CLU_6362 3143300550108 6218 
CLU_6362 3143303413578 22202 
CLU_6362 3143306329632 5701 
CLU_6362 3143305212588 13119 
CLU_6362 3143309812083 1757 
CLU_6362 3143306023282 2354 
CLU_6362 3143302218968 2589 
CLU_6362 3143309772227 2781 
CLU_6362 3143302203480 3488 
CLU_6362 3143302150085 5410 
CLU_6362 3143300211826 5966 
CLU_6362 3143302149931 3839 
CLU_6362 3143309352511 4025 
CLU_6362 3143309251553 3690 
CLU_6362 3143305998220 4090 
CLU_6362 3143309690905 5333 
CLU_6362 3143307608756 6792 
CLU_6362 3143306409911 6218 
CLU_6362 3143307780907 5046 
CLU_6362 3143309936424 5990 
CLU_6362 3143309812075 1192 
CLU_6362 3143306301304 1757 
CLU_6362 3143303688100 1928 
CLU_6362 3143303180115 1400 
CLU_6362 3143305302854 3237 
CLU_6362 3143302219212 2703 
CLU_6362 3143302149958 3379 
CLU_6362 3143307951345 3547 
CLU_6362 3143302219077 4758 
CLU_6362 3143302219344 5537 
CLU_6362 3143307607660 4376 
CLU_6362 3143302150069 5005 
CLU_6362 3143307809131 6277 
CLU_6362 3143300186252 6169 
CLU_6362 3143304701852 1067 
CLU_6362 3143307836619 2951 
CLU_6362 3143305212545 6337 
CLU_6362 3143302150077 6792 
CLU_6362 3143302150034 5726 
CLU_6362 3143302219409 44685 
CLU_6362 3143305212529 25548 
CLU_6362 3143302219379 44685 
CLU_6362 CLU_3233 29164 
CLU_6362 CLU_6117 43162 
CLU_6362 CLU_6299 16937 
CLU_6362 CLU_6301 20286 
CLU_6362 CLU_6381 18929 
CLU_6362 CLU_6398 15178 
CLU_6362 CLU_6409 39264 
CLU_6362 CLU_6410 20579 
CLU_6362 CLU_6411 16018 
CLU_6362 CLU_6412 16010 
CLU_6362 CLU_6414 38773 
CLU_6362 CLU_6415 45053 
CLU_6362 CLU_6417 60057 
CLU_6363 3143309772235 1412 
CLU_6363 3143309772251 549 
CLU_6363 3143309812059 1771 
CLU_6363 3143305305063 1641 
CLU_6363 3143307781067 2131 
CLU_6363 3143309132481 2152 
CLU_6363 3143307831331 2055 
CLU_6363 3143300659134 2161 
CLU_6363 3143303180158 2534 
CLU_6363 3143307821506 2357 
CLU_6363 3143302150107 5267 
CLU_6363 3143309775978 2357 
CLU_6363 3143302219107 5548 
CLU_6363 3143302219352 2283 
CLU_6363 3143303180182 2966 
CLU_6363 3143302150042 2766 
CLU_6363 3143302219085 3278 
CLU_6363 3143309812032 2674 
CLU_6363 3143302149915 3884 
CLU_6363 3143307299079 4537 
CLU_6363 3143302150018 5471 
CLU_6363 3143302218984 4518 
CLU_6363 3143306065295 4602 
CLU_6363 3143302219069 5594 
CLU_6363 3143306629296 5061 
CLU_6363 3143302149923 4689 
CLU_6363 3143306065341 5794 
CLU_6363 3143306329705 4679 
CLU_6363 3143306297943 10860 
CLU_6363 3143307780621 2698 
CLU_6363 3143303180166 2357 
CLU_6363 3143302149893 3178 
CLU_6363 3143302150026 5264 
CLU_6363 3143300550108 5488 
CLU_6363 3143303413578 22230 
CLU_6363 3143306329632 6248 
CLU_6363 3143305212588 12333 
CLU_6363 3143309812083 1521 
CLU_6363 3143306023282 1853 
CLU_6363 3143302218968 3467 
CLU_6363 3143309772227 2152 
CLU_6363 3143302203480 3310 
CLU_6363 3143302150085 4537 
CLU_6363 3143300211826 6136 
CLU_6363 3143302149931 3800 
CLU_6363 3143309352511 3334 
CLU_6363 3143309251553 3047 
CLU_6363 3143305998220 3363 
CLU_6363 3143309690905 4657 
CLU_6363 3143307608756 5963 
CLU_6363 3143306409911 5488 
CLU_6363 3143307780907 5284 
CLU_6363 3143309936424 5352 
CLU_6363 3143309812075 1594 
CLU_6363 3143306301304 1521 
CLU_6363 3143303688100 2430 
CLU_6363 3143303180115 549 
CLU_6363 3143305302854 2357 
CLU_6363 3143302219212 1830 
CLU_6363 3143302149958 3923 
CLU_6363 3143307951345 3419 
CLU_6363 3143302219077 4193 
CLU_6363 3143302219344 5594 
CLU_6363 3143307607660 5267 
CLU_6363 3143302150069 4160 
CLU_6363 3143307809131 5876 
CLU_6363 3143300186252 6402 
CLU_6363 3143304701852 1243 
CLU_6363 3143307836619 2674 
CLU_6363 3143305212545 6028 
CLU_6363 3143302150077 5963 
CLU_6363 3143302150034 4833 
CLU_6363 3143302219409 45483 
CLU_6363 3143305212529 26192 
CLU_6363 3143302219379 45483 
CLU_6363 CLU_3233 30040 
CLU_6363 CLU_6117 44056 
CLU_6363 CLU_6299 17493 
CLU_6363 CLU_6301 19531 
CLU_6363 CLU_6381 18202 
CLU_6363 CLU_6398 15092 
CLU_6363 CLU_6409 40159 
CLU_6363 CLU_6410 21384 
CLU_6363 CLU_6411 16899 
CLU_6363 CLU_6412 16894 
CLU_6363 CLU_6414 39580 
CLU_6363 CLU_6415 45712 
CLU_6363 CLU_6417 60766 
CLU_6364 3143309772235 2441 
CLU_6364 3143309772251 1748 
CLU_6364 3143309812059 2420 
CLU_6364 3143305305063 2611 
CLU_6364 3143307781067 2550 
CLU_6364 3143309132481 2076 
CLU_6364 3143307831331 1849 
CLU_6364 3143300659134 969 
CLU_6364 3143303180158 2129 
CLU_6364 3143307821506 2319 
CLU_6364 3143302150107 4806 
CLU_6364 3143309775978 2319 
CLU_6364 3143302219107 5934 
CLU_6364 3143302219352 3144 
CLU_6364 3143303180182 4027 
CLU_6364 3143302150042 3624 
CLU_6364 3143302219085 4052 
CLU_6364 3143309812032 1936 
CLU_6364 3143302149915 3354 
CLU_6364 3143307299079 5508 
CLU_6364 3143302150018 6016 
CLU_6364 3143302218984 4871 
CLU_6364 3143306065295 4267 
CLU_6364 3143302219069 6582 
CLU_6364 3143306629296 5451 
CLU_6364 3143302149923 4731 
CLU_6364 3143306065341 5878 
CLU_6364 3143306329705 4262 
CLU_6364 3143306297943 10650 
CLU_6364 3143307780621 1995 
CLU_6364 3143303180166 2319 
CLU_6364 3143302149893 3719 
CLU_6364 3143302150026 6508 
CLU_6364 3143300550108 5519 
CLU_6364 3143303413578 21161 
CLU_6364 3143306329632 6701 
CLU_6364 3143305212588 13447 
CLU_6364 3143309812083 814 
CLU_6364 3143306023282 3086 
CLU_6364 3143302218968 3183 
CLU_6364 3143309772227 2076 
CLU_6364 3143302203480 4440 
CLU_6364 3143302150085 5508 
CLU_6364 3143300211826 7030 
CLU_6364 3143302149931 4851 
CLU_6364 3143309352511 3324 
CLU_6364 3143309251553 4283 
CLU_6364 3143305998220 4565 
CLU_6364 3143309690905 5876 
CLU_6364 3143307608756 6282 
CLU_6364 3143306409911 5519 
CLU_6364 3143307780907 6114 
CLU_6364 3143309936424 6582 
CLU_6364 3143309812075 420 
CLU_6364 3143306301304 814 
CLU_6364 3143303688100 1229 
CLU_6364 3143303180115 1748 
CLU_6364 3143305302854 3353 
CLU_6364 3143302219212 2504 
CLU_6364 3143302149958 4398 
CLU_6364 3143307951345 2483 
CLU_6364 3143302219077 5436 
CLU_6364 3143302219344 6582 
CLU_6364 3143307607660 4806 
CLU_6364 3143302150069 4578 
CLU_6364 3143307809131 5275 
CLU_6364 3143300186252 7237 
CLU_6364 3143304701852 0 
CLU_6364 3143307836619 1936 
CLU_6364 3143305212545 7228 
CLU_6364 3143302150077 6282 
CLU_6364 3143302150034 5663 
CLU_6364 3143302219409 45364 
CLU_6364 3143305212529 26445 
CLU_6364 3143302219379 45364 
CLU_6364 CLU_3233 29605 
CLU_6364 CLU_6117 43353 
CLU_6364 CLU_6299 17907 
CLU_6364 CLU_6301 19565 
CLU_6364 CLU_6381 18166 
CLU_6364 CLU_6398 16191 
CLU_6364 CLU_6409 39502 
CLU_6364 CLU_6410 21256 
CLU_6364 CLU_6411 16449 
CLU_6364 CLU_6412 16421 
CLU_6364 CLU_6414 39437 
CLU_6364 CLU_6415 45930 
CLU_6364 CLU_6417 60874 
CLU_6365 3143309772235 3411 
CLU_6365 3143309772251 2959 
CLU_6365 3143309812059 3125 
CLU_6365 3143305305063 3833 
CLU_6365 3143307781067 3625 
CLU_6365 3143309132481 2958 
CLU_6365 3143307831331 2691 
CLU_6365 3143300659134 897 
CLU_6365 3143303180158 1958 
CLU_6365 3143307821506 2478 
CLU_6365 3143302150107 4198 
CLU_6365 3143309775978 2478 
CLU_6365 3143302219107 6115 
CLU_6365 3143302219352 3928 
CLU_6365 3143303180182 5252 
CLU_6365 3143302150042 4811 
CLU_6365 3143302219085 5206 
CLU_6365 3143309812032 2268 
CLU_6365 3143302149915 3678 
CLU_6365 3143307299079 6711 
CLU_6365 3143302150018 7034 
CLU_6365 3143302218984 5805 
CLU_6365 3143306065295 4710 
CLU_6365 3143302219069 7353 
CLU_6365 3143306629296 6391 
CLU_6365 3143302149923 5463 
CLU_6365 3143306065341 6600 
CLU_6365 3143306329705 4625 
CLU_6365 3143306297943 11029 
CLU_6365 3143307780621 1487 
CLU_6365 3143303180166 2478 
CLU_6365 3143302149893 4789 
CLU_6365 3143302150026 7669 
CLU_6365 3143300550108 6211 
CLU_6365 3143303413578 20441 
CLU_6365 3143306329632 6921 
CLU_6365 3143305212588 14673 
CLU_6365 3143309812083 1674 
CLU_6365 3143306023282 4218 
CLU_6365 3143302218968 2913 
CLU_6365 3143309772227 2958 
CLU_6365 3143302203480 5412 
CLU_6365 3143302150085 6711 
CLU_6365 3143300211826 7689 
CLU_6365 3143302149931 5727 
CLU_6365 3143309352511 4103 
CLU_6365 3143309251553 5476 
CLU_6365 3143305998220 5783 
CLU_6365 3143309690905 7086 
CLU_6365 3143307608756 7158 
CLU_6365 3143306409911 6211 
CLU_6365 3143307780907 6727 
CLU_6365 3143309936424 7782 
CLU_6365 3143309812075 837 
CLU_6365 3143306301304 1674 
CLU_6365 3143303688100 0 
CLU_6365 3143303180115 2959 
CLU_6365 3143305302854 4572 
CLU_6365 3143302219212 3667 
CLU_6365 3143302149958 4746 
CLU_6365 3143307951345 2388 
CLU_6365 3143302219077 6605 
CLU_6365 3143302219344 7353 
CLU_6365 3143307607660 4198 
CLU_6365 3143302150069 5558 
CLU_6365 3143307809131 5377 
CLU_6365 3143300186252 7829 
CLU_6365 3143304701852 1229 
CLU_6365 3143307836619 2268 
CLU_6365 3143305212545 8265 
CLU_6365 3143302150077 7158 
CLU_6365 3143302150034 6818 
CLU_6365 3143302219409 44840 
CLU_6365 3143305212529 26297 
CLU_6365 3143302219379 44840 
CLU_6365 CLU_3233 28819 
CLU_6365 CLU_6117 42351 
CLU_6365 CLU_6299 17951 
CLU_6365 CLU_6301 20109 
CLU_6365 CLU_6381 18653 
CLU_6365 CLU_6398 17034 
CLU_6365 CLU_6409 38536 
CLU_6365 CLU_6410 20756 
CLU_6365 CLU_6411 15679 
CLU_6365 CLU_6412 15632 
CLU_6365 CLU_6414 38894 
CLU_6365 CLU_6415 45724 
CLU_6365 CLU_6417 60553 
CLU_6366 3143309772235 1028 
CLU_6366 3143309772251 2377 
CLU_6366 3143309812059 677 
CLU_6366 3143305305063 3321 
CLU_6366 3143307781067 4268 
CLU_6366 3143309132481 4449 
CLU_6366 3143307831331 4361 
CLU_6366 3143300659134 4018 
CLU_6366 3143303180158 2438 
CLU_6366 3143307821506 1760 
CLU_6366 3143302150107 4391 
CLU_6366 3143309775978 1760 
CLU_6366 3143302219107 3378 
CLU_6366 3143302219352 249 
CLU_6366 3143303180182 4058 
CLU_6366 3143302150042 4351 
CLU_6366 3143302219085 4913 
CLU_6366 3143309812032 4898 
CLU_6366 3143302149915 6179 
CLU_6366 3143307299079 5631 
CLU_6366 3143302150018 7230 
CLU_6366 3143302218984 6519 
CLU_6366 3143306065295 6903 
CLU_6366 3143302219069 3555 
CLU_6366 3143306629296 7004 
CLU_6366 3143302149923 6885 
CLU_6366 3143306065341 7943 
CLU_6366 3143306329705 6984 
CLU_6366 3143306297943 13106 
CLU_6366 3143307780621 3010 
CLU_6366 3143303180166 1760 
CLU_6366 3143302149893 5105 
CLU_6366 3143302150026 4697 
CLU_6366 3143300550108 7672 
CLU_6366 3143303413578 24199 
CLU_6366 3143306329632 4010 
CLU_6366 3143305212588 12562 
CLU_6366 3143309812083 3698 
CLU_6366 3143306023282 1902 
CLU_6366 3143302218968 2688 
CLU_6366 3143309772227 4449 
CLU_6366 3143302203480 1897 
CLU_6366 3143302150085 5631 
CLU_6366 3143300211826 3951 
CLU_6366 3143302149931 1991 
CLU_6366 3143309352511 5586 
CLU_6366 3143309251553 3138 
CLU_6366 3143305998220 3736 
CLU_6366 3143309690905 4650 
CLU_6366 3143307608756 7937 
CLU_6366 3143306409911 7672 
CLU_6366 3143307780907 3037 
CLU_6366 3143309936424 5134 
CLU_6366 3143309812075 3178 
CLU_6366 3143306301304 3698 
CLU_6366 3143303688100 3799 
CLU_6366 3143303180115 2377 
CLU_6366 3143305302854 3767 
CLU_6366 3143302219212 3827 
CLU_6366 3143302149958 1756 
CLU_6366 3143307951345 5549 
CLU_6366 3143302219077 3817 
CLU_6366 3143302219344 3555 
CLU_6366 3143307607660 4391 
CLU_6366 3143302150069 6126 
CLU_6366 3143307809131 8168 
CLU_6366 3143300186252 4161 
CLU_6366 3143304701852 3080 
CLU_6366 3143307836619 4898 
CLU_6366 3143305212545 4733 
CLU_6366 3143302150077 7937 
CLU_6366 3143302150034 6204 
CLU_6366 3143302219409 43579 
CLU_6366 3143305212529 23995 
CLU_6366 3143302219379 43579 
CLU_6366 CLU_3233 28578 
CLU_6366 CLU_6117 43035 
CLU_6366 CLU_6299 15226 
CLU_6366 CLU_6301 21610 
CLU_6366 CLU_6381 20334 
CLU_6366 CLU_6398 13236 
CLU_6366 CLU_6409 39053 
CLU_6366 CLU_6410 19537 
CLU_6366 CLU_6411 15533 
CLU_6366 CLU_6412 15566 
CLU_6366 CLU_6414 37709 
CLU_6366 CLU_6415 43524 
CLU_6366 CLU_6417 58649 
CLU_6367 3143309772235 2780 
CLU_6367 3143309772251 1838 
CLU_6367 3143309812059 3582 
CLU_6367 3143305305063 742 
CLU_6367 3143307781067 1566 
CLU_6367 3143309132481 2439 
CLU_6367 3143307831331 2615 
CLU_6367 3143300659134 3990 
CLU_6367 3143303180158 4865 
CLU_6367 3143307821506 4576 
CLU_6367 3143302150107 7555 
CLU_6367 3143309775978 4576 
CLU_6367 3143302219107 7112 
CLU_6367 3143302219352 3596 
CLU_6367 3143303180182 708 
CLU_6367 3143302150042 606 
CLU_6367 3143302219085 1157 
CLU_6367 3143309812032 3656 
CLU_6367 3143302149915 4132 
CLU_6367 3143307299079 2182 
CLU_6367 3143302150018 3470 
CLU_6367 3143302218984 2949 
CLU_6367 3143306065295 4319 
CLU_6367 3143302219069 5922 
CLU_6367 3143306629296 3347 
CLU_6367 3143302149923 3676 
CLU_6367 3143306065341 4534 
CLU_6367 3143306329705 4537 
CLU_6367 3143306297943 9813 
CLU_6367 3143307780621 5055 
CLU_6367 3143303180166 4576 
CLU_6367 3143302149893 1591 
CLU_6367 3143302150026 3952 
CLU_6367 3143300550108 4363 
CLU_6367 3143303413578 22956 
CLU_6367 3143306329632 7670 
CLU_6367 3143305212588 10108 
CLU_6367 3143309812083 3071 
CLU_6367 3143306023282 1986 
CLU_6367 3143302218968 5727 
CLU_6367 3143309772227 2439 
CLU_6367 3143302203480 3492 
CLU_6367 3143302150085 2182 
CLU_6367 3143300211826 6691 
CLU_6367 3143302149931 4189 
CLU_6367 3143309352511 2814 
CLU_6367 3143309251553 1859 
CLU_6367 3143305998220 1683 
CLU_6367 3143309690905 2948 
CLU_6367 3143307608756 4278 
CLU_6367 3143306409911 4363 
CLU_6367 3143307780907 6080 
CLU_6367 3143309936424 3705 
CLU_6367 3143309812075 3769 
CLU_6367 3143306301304 3071 
CLU_6367 3143303688100 4572 
CLU_6367 3143303180115 1838 
CLU_6367 3143305302854 0 
CLU_6367 3143302219212 1115 
CLU_6367 3143302149958 5517 
CLU_6367 3143307951345 4514 
CLU_6367 3143302219077 2960 
CLU_6367 3143302219344 5922 
CLU_6367 3143307607660 7555 
CLU_6367 3143302150069 2540 
CLU_6367 3143307809131 5910 
CLU_6367 3143300186252 7085 
CLU_6367 3143304701852 3353 
CLU_6367 3143307836619 3656 
CLU_6367 3143305212545 5328 
CLU_6367 3143302150077 4278 
CLU_6367 3143302150034 2523 
CLU_6367 3143302219409 47346 
CLU_6367 3143305212529 27602 
CLU_6367 3143302219379 47346 
CLU_6367 CLU_3233 32219 
CLU_6367 CLU_6117 46381 
CLU_6367 CLU_6299 18699 
CLU_6367 CLU_6301 17947 
CLU_6367 CLU_6381 16734 
CLU_6367 CLU_6398 14626 
CLU_6367 CLU_6409 42465 
CLU_6367 CLU_6410 23302 
CLU_6367 CLU_6411 19109 
CLU_6367 CLU_6412 19118 
CLU_6367 CLU_6414 41477 
CLU_6367 CLU_6415 47127 
CLU_6367 CLU_6417 62329 
CLU_6368 3143309772235 2779 
CLU_6368 3143309772251 4090 
CLU_6368 3143309812059 2152 
CLU_6368 3143305305063 5075 
CLU_6368 3143307781067 5982 
CLU_6368 3143309132481 6068 
CLU_6368 3143307831331 5944 
CLU_6368 3143300659134 5224 
CLU_6368 3143303180158 2884 
CLU_6368 3143307821506 2269 
CLU_6368 3143302150107 3553 
CLU_6368 3143309775978 2269 
CLU_6368 3143302219107 1633 
CLU_6368 3143302219352 1921 
CLU_6368 3143303180182 5769 
CLU_6368 3143302150042 6104 
CLU_6368 3143302219085 6666 
CLU_6368 3143309812032 6323 
CLU_6368 3143302149915 7694 
CLU_6368 3143307299079 7302 
CLU_6368 3143302150018 8984 
CLU_6368 3143302218984 8268 
CLU_6368 3143306065295 8500 
CLU_6368 3143302219069 3255 
CLU_6368 3143306629296 8759 
CLU_6368 3143302149923 8590 
CLU_6368 3143306065341 9667 
CLU_6368 3143306329705 8551 
CLU_6368 3143306297943 14783 
CLU_6368 3143307780621 3499 
CLU_6368 3143303180166 2269 
CLU_6368 3143302149893 6857 
CLU_6368 3143302150026 5765 
CLU_6368 3143300550108 9382 
CLU_6368 3143303413578 25119 
CLU_6368 3143306329632 2330 
CLU_6368 3143305212588 13782 
CLU_6368 3143309812083 5136 
CLU_6368 3143306023282 3597 
CLU_6368 3143302218968 2429 
CLU_6368 3143309772227 6068 
CLU_6368 3143302203480 2933 
CLU_6368 3143302150085 7302 
CLU_6368 3143300211826 3231 
CLU_6368 3143302149931 2561 
CLU_6368 3143309352511 7256 
CLU_6368 3143309251553 4677 
CLU_6368 3143305998220 5305 
CLU_6368 3143309690905 6012 
CLU_6368 3143307608756 9691 
CLU_6368 3143306409911 9382 
CLU_6368 3143307780907 2254 
CLU_6368 3143309936424 6359 
CLU_6368 3143309812075 4356 
CLU_6368 3143306301304 5136 
CLU_6368 3143303688100 4746 
CLU_6368 3143303180115 4090 
CLU_6368 3143305302854 5517 
CLU_6368 3143302219212 5564 
CLU_6368 3143302149958 0 
CLU_6368 3143307951345 6857 
CLU_6368 3143302219077 5085 
CLU_6368 3143302219344 3255 
CLU_6368 3143307607660 3553 
CLU_6368 3143302150069 7878 
CLU_6368 3143307809131 9655 
CLU_6368 3143300186252 3233 
CLU_6368 3143304701852 4398 
CLU_6368 3143307836619 6323 
CLU_6368 3143305212545 5244 
CLU_6368 3143302150077 9691 
CLU_6368 3143302150034 7918 
CLU_6368 3143302219409 41829 
CLU_6368 3143305212529 22278 
CLU_6368 3143302219379 41829 
CLU_6368 CLU_3233 26959 
CLU_6368 CLU_6117 41606 
CLU_6368 CLU_6299 13577 
CLU_6368 CLU_6301 23358 
CLU_6368 CLU_6381 22070 
CLU_6368 CLU_6398 12725 
CLU_6368 CLU_6409 37584 
CLU_6368 CLU_6410 17801 
CLU_6368 CLU_6411 13988 
CLU_6368 CLU_6412 14040 
CLU_6368 CLU_6414 35964 
CLU_6368 CLU_6415 41803 
CLU_6368 CLU_6417 56904 
CLU_6369 3143309772235 3625 
CLU_6369 3143309772251 2274 
CLU_6369 3143309812059 4230 
CLU_6369 3143305305063 1513 
CLU_6369 3143307781067 385 
CLU_6369 3143309132481 1043 
CLU_6369 3143307831331 1309 
CLU_6369 3143300659134 3108 
CLU_6369 3143303180158 4889 
CLU_6369 3143307821506 4841 
CLU_6369 3143302150107 7632 
CLU_6369 3143309775978 4841 
CLU_6369 3143302219107 7998 
CLU_6369 3143302219352 4548 
CLU_6369 3143303180182 2307 
CLU_6369 3143302150042 1433 
CLU_6369 3143302219085 1524 
CLU_6369 3143309812032 2277 
CLU_6369 3143302149915 2439 
CLU_6369 3143307299079 3186 
CLU_6369 3143302150018 3138 
CLU_6369 3143302218984 2024 
CLU_6369 3143306065295 2623 
CLU_6369 3143302219069 7393 
CLU_6369 3143306629296 2590 
CLU_6369 3143302149923 2246 
CLU_6369 3143306065341 3302 
CLU_6369 3143306329705 2828 
CLU_6369 3143306297943 8482 
CLU_6369 3143307780621 4863 
CLU_6369 3143303180166 4841 
CLU_6369 3143302149893 894 
CLU_6369 3143302150026 5664 
CLU_6369 3143300550108 3026 
CLU_6369 3143303413578 21248 
CLU_6369 3143306329632 8656 
CLU_6369 3143305212588 11224 
CLU_6369 3143309812083 2235 
CLU_6369 3143306023282 3272 
CLU_6369 3143302218968 5899 
CLU_6369 3143309772227 1043 
CLU_6369 3143302203480 4932 
CLU_6369 3143302150085 3186 
CLU_6369 3143300211826 8093 
CLU_6369 3143302149931 5591 
CLU_6369 3143309352511 1117 
CLU_6369 3143309251553 3550 
CLU_6369 3143305998220 3394 
CLU_6369 3143309690905 4617 
CLU_6369 3143307608756 3464 
CLU_6369 3143306409911 3026 
CLU_6369 3143307780907 7374 
CLU_6369 3143309936424 5370 
CLU_6369 3143309812075 3275 
CLU_6369 3143306301304 2235 
CLU_6369 3143303688100 3910 
CLU_6369 3143303180115 2274 
CLU_6369 3143305302854 1716 
CLU_6369 3143302219212 856 
CLU_6369 3143302149958 6364 
CLU_6369 3143307951345 3074 
CLU_6369 3143302219077 4675 
CLU_6369 3143302219344 7393 
CLU_6369 3143307607660 7632 
CLU_6369 3143302150069 1702 
CLU_6369 3143307809131 4197 
CLU_6369 3143300186252 8443 
CLU_6369 3143304701852 2881 
CLU_6369 3143307836619 2277 
CLU_6369 3143305212545 7025 
CLU_6369 3143302150077 3464 
CLU_6369 3143302150034 3038 
CLU_6369 3143302219409 47998 
CLU_6369 3143305212529 28638 
CLU_6369 3143302219379 47998 
CLU_6369 CLU_3233 32446 
CLU_6369 CLU_6117 46226 
CLU_6369 CLU_6299 19857 
CLU_6369 CLU_6301 17021 
CLU_6369 CLU_6381 15709 
CLU_6369 CLU_6398 16325 
CLU_6369 CLU_6409 42383 
CLU_6369 CLU_6410 23897 
CLU_6369 CLU_6411 19292 
CLU_6369 CLU_6412 19272 
CLU_6369 CLU_6414 42092 
CLU_6369 CLU_6415 48166 
CLU_6369 CLU_6417 63258 
CLU_6370 3143309772235 4214 
CLU_6370 3143309772251 2856 
CLU_6370 3143309812059 4650 
CLU_6370 3143305305063 2478 
CLU_6370 3143307781067 1287 
CLU_6370 3143309132481 730 
CLU_6370 3143307831331 886 
CLU_6370 3143300659134 2567 
CLU_6370 3143303180158 4852 
CLU_6370 3143307821506 4972 
CLU_6370 3143302150107 7506 
CLU_6370 3143309775978 4972 
CLU_6370 3143302219107 8413 
CLU_6370 3143302219352 5130 
CLU_6370 3143303180182 3465 
CLU_6370 3143302150042 2599 
CLU_6370 3143302219085 2643 
CLU_6370 3143309812032 1368 
CLU_6370 3143302149915 1290 
CLU_6370 3143307299079 4297 
CLU_6370 3143302150018 3760 
CLU_6370 3143302218984 2435 
CLU_6370 3143306065295 1732 
CLU_6370 3143302219069 8233 
CLU_6370 3143306629296 3011 
CLU_6370 3143302149923 2022 
CLU_6370 3143306065341 3170 
CLU_6370 3143306329705 1853 
CLU_6370 3143306297943 8006 
CLU_6370 3143307780621 4678 
CLU_6370 3143303180166 4972 
CLU_6370 3143302149893 1892 
CLU_6370 3143302150026 6793 
CLU_6370 3143300550108 2799 
CLU_6370 3143303413578 20117 
CLU_6370 3143306329632 9126 
CLU_6370 3143305212588 12280 
CLU_6370 3143309812083 1921 
CLU_6370 3143306023282 4124 
CLU_6370 3143302218968 5904 
CLU_6370 3143309772227 730 
CLU_6370 3143302203480 5797 
CLU_6370 3143302150085 4297 
CLU_6370 3143300211826 8873 
CLU_6370 3143302149931 6412 
CLU_6370 3143309352511 650 
CLU_6370 3143309251553 4622 
CLU_6370 3143305998220 4525 
CLU_6370 3143309690905 5773 
CLU_6370 3143307608756 3716 
CLU_6370 3143306409911 2799 
CLU_6370 3143307780907 8083 
CLU_6370 3143309936424 6528 
CLU_6370 3143309812075 3031 
CLU_6370 3143306301304 1921 
CLU_6370 3143303688100 3456 
CLU_6370 3143303180115 2856 
CLU_6370 3143305302854 2842 
CLU_6370 3143302219212 1811 
CLU_6370 3143302149958 6798 
CLU_6370 3143307951345 2032 
CLU_6370 3143302219077 5781 
CLU_6370 3143302219344 8233 
CLU_6370 3143307607660 7506 
CLU_6370 3143302150069 2279 
CLU_6370 3143307809131 3168 
CLU_6370 3143300186252 9184 
CLU_6370 3143304701852 2723 
CLU_6370 3143307836619 1368 
CLU_6370 3143305212545 8080 
CLU_6370 3143302150077 3716 
CLU_6370 3143302150034 4035 
CLU_6370 3143302219409 48087 
CLU_6370 3143305212529 29039 
CLU_6370 3143302219379 48087 
CLU_6370 CLU_3233 32255 
CLU_6370 CLU_6117 45771 
CLU_6370 CLU_6299 20373 
CLU_6370 CLU_6301 16844 
CLU_6370 CLU_6381 15456 
CLU_6370 CLU_6398 17370 
CLU_6370 CLU_6409 41976 
CLU_6370 CLU_6410 23979 
CLU_6370 CLU_6411 19106 
CLU_6370 CLU_6412 19067 
CLU_6370 CLU_6414 42160 
CLU_6370 CLU_6415 48549 
CLU_6370 CLU_6417 63549 
CLU_6371 3143309772235 4806 
CLU_6371 3143309772251 3710 
CLU_6371 3143309812059 4898 
CLU_6371 3143305305063 3931 
CLU_6371 3143307781067 3018 
CLU_6371 3143309132481 2097 
CLU_6371 3143307831331 1899 
CLU_6371 3143300659134 1653 
CLU_6371 3143303180158 4281 
CLU_6371 3143307821506 4676 
CLU_6371 3143302150107 6551 
CLU_6371 3143309775978 4676 
CLU_6371 3143302219107 8347 
CLU_6371 3143302219352 5594 
CLU_6371 3143303180182 5206 
CLU_6371 3143302150042 4441 
CLU_6371 3143302219085 4598 
CLU_6371 3143309812032 861 
CLU_6371 3143302149915 1491 
CLU_6371 3143307299079 6261 
CLU_6371 3143302150018 5738 
CLU_6371 3143302218984 4383 
CLU_6371 3143306065295 2548 
CLU_6371 3143302219069 8996 
CLU_6371 3143306629296 4932 
CLU_6371 3143302149923 3649 
CLU_6371 3143306065341 4689 
CLU_6371 3143306329705 2385 
CLU_6371 3143306297943 8693 
CLU_6371 3143307780621 3870 
CLU_6371 3143303180166 4676 
CLU_6371 3143302149893 3898 
CLU_6371 3143302150026 8319 
CLU_6371 3143300550108 4276 
CLU_6371 3143303413578 18820 
CLU_6371 3143306329632 9133 
CLU_6371 3143305212588 14289 
CLU_6371 3143309812083 1898 
CLU_6371 3143306023282 5167 
CLU_6371 3143302218968 5284 
CLU_6371 3143309772227 2097 
CLU_6371 3143302203480 6723 
CLU_6371 3143302150085 6261 
CLU_6371 3143300211826 9488 
CLU_6371 3143302149931 7217 
CLU_6371 3143309352511 2587 
CLU_6371 3143309251553 6054 
CLU_6371 3143305998220 6119 
CLU_6371 3143309690905 7437 
CLU_6371 3143307608756 5503 
CLU_6371 3143306409911 4276 
CLU_6371 3143307780907 8586 
CLU_6371 3143309936424 8190 
CLU_6371 3143309812075 2507 
CLU_6371 3143306301304 1898 
CLU_6371 3143303688100 2388 
CLU_6371 3143303180115 3710 
CLU_6371 3143305302854 4514 
CLU_6371 3143302219212 3399 
CLU_6371 3143302149958 6857 
CLU_6371 3143307951345 0 
CLU_6371 3143302219077 7254 
CLU_6371 3143302219344 8996 
CLU_6371 3143307607660 6551 
CLU_6371 3143302150069 4283 
CLU_6371 3143307809131 2989 
CLU_6371 3143300186252 9710 
CLU_6371 3143304701852 2483 
CLU_6371 3143307836619 861 
CLU_6371 3143305212545 9349 
CLU_6371 3143302150077 5503 
CLU_6371 3143302150034 6058 
CLU_6371 3143302219409 47158 
CLU_6371 3143305212529 28678 
CLU_6371 3143302219379 47158 
CLU_6371 CLU_3233 30938 
CLU_6371 CLU_6117 44107 
CLU_6371 CLU_6299 20274 
CLU_6371 CLU_6301 17846 
CLU_6371 CLU_6381 16355 
CLU_6371 CLU_6398 18503 
CLU_6371 CLU_6409 40371 
CLU_6371 CLU_6410 23097 
CLU_6371 CLU_6411 17844 
CLU_6371 CLU_6412 17777 
CLU_6371 CLU_6414 41205 
CLU_6371 CLU_6415 48112 
CLU_6371 CLU_6417 62935 
CLU_6372 3143309772235 3969 
CLU_6372 3143309772251 3382 
CLU_6372 3143309812059 4818 
CLU_6372 3143305305063 2391 
CLU_6372 3143307781067 3056 
CLU_6372 3143309132481 3976 
CLU_6372 3143307831331 4187 
CLU_6372 3143300659134 5649 
CLU_6372 3143303180158 6348 
CLU_6372 3143307821506 5964 
CLU_6372 3143302150107 8948 
CLU_6372 3143309775978 5964 
CLU_6372 3143302219107 7946 
CLU_6372 3143302219352 4593 
CLU_6372 3143303180182 971 
CLU_6372 3143302150042 1638 
CLU_6372 3143302219085 1663 
CLU_6372 3143309812032 5230 
CLU_6372 3143302149915 5471 
CLU_6372 3143307299079 871 
CLU_6372 3143302150018 3172 
CLU_6372 3143302218984 3343 
CLU_6372 3143306065295 5409 
CLU_6372 3143302219069 6006 
CLU_6372 3143306629296 3483 
CLU_6372 3143302149923 4407 
CLU_6372 3143306065341 4942 
CLU_6372 3143306329705 5676 
CLU_6372 3143306297943 10074 
CLU_6372 3143307780621 6607 
CLU_6372 3143303180166 5964 
CLU_6372 3143302149893 2474 
CLU_6372 3143302150026 3011 
CLU_6372 3143300550108 4907 
CLU_6372 3143303413578 24166 
CLU_6372 3143306329632 8381 
CLU_6372 3143305212588 8451 
CLU_6372 3143309812083 4728 
CLU_6372 3143306023282 2913 
CLU_6372 3143302218968 7117 
CLU_6372 3143309772227 3976 
CLU_6372 3143302203480 3859 
CLU_6372 3143302150085 871 
CLU_6372 3143300211826 6866 
CLU_6372 3143302149931 4543 
CLU_6372 3143309352511 4002 
CLU_6372 3143309251553 1861 
CLU_6372 3143305998220 1245 
CLU_6372 3143309690905 1798 
CLU_6372 3143307608756 4290 
CLU_6372 3143306409911 4907 
CLU_6372 3143307780907 6468 
CLU_6372 3143309936424 2481 
CLU_6372 3143309812075 5410 
CLU_6372 3143306301304 4728 
CLU_6372 3143303688100 6223 
CLU_6372 3143303180115 3382 
CLU_6372 3143305302854 1660 
CLU_6372 3143302219212 2715 
CLU_6372 3143302149958 6458 
CLU_6372 3143307951345 6074 
CLU_6372 3143302219077 2332 
CLU_6372 3143302219344 6006 
CLU_6372 3143307607660 8948 
CLU_6372 3143302150069 2994 
CLU_6372 3143307809131 7035 
CLU_6372 3143300186252 7321 
CLU_6372 3143304701852 4998 
CLU_6372 3143307836619 5230 
CLU_6372 3143305212545 4720 
CLU_6372 3143302150077 4290 
CLU_6372 3143302150034 1666 
CLU_6372 3143302219409 48159 
CLU_6372 3143305212529 28051 
CLU_6372 3143302219379 48159 
CLU_6372 CLU_3233 33388 
CLU_6372 CLU_6117 47766 
CLU_6372 CLU_6299 19038 
CLU_6372 CLU_6301 17595 
CLU_6372 CLU_6381 16505 
CLU_6372 CLU_6398 13829 
CLU_6372 CLU_6409 43814 
CLU_6372 CLU_6410 24212 
CLU_6372 CLU_6411 20340 
CLU_6372 CLU_6412 20368 
CLU_6372 CLU_6414 42329 
CLU_6372 CLU_6415 47539 
CLU_6372 CLU_6417 62853 
CLU_6373 3143309772235 4031 
CLU_6373 3143309772251 3559 
CLU_6373 3143309812059 4878 
CLU_6373 3143305305063 2631 
CLU_6373 3143307781067 3375 
CLU_6373 3143309132481 4291 
CLU_6373 3143307831331 4494 
CLU_6373 3143300659134 5904 
CLU_6373 3143303180158 6476 
CLU_6373 3143307821506 6060 
CLU_6373 3143302150107 9032 
CLU_6373 3143309775978 6060 
CLU_6373 3143302219107 7877 
CLU_6373 3143302219352 4594 
CLU_6373 3143303180182 1214 
CLU_6373 3143302150042 1968 
CLU_6373 3143302219085 2022 
CLU_6373 3143309812032 5539 
CLU_6373 3143302149915 5817 
CLU_6373 3143307299079 1062 
CLU_6373 3143302150018 3464 
CLU_6373 3143302218984 3695 
CLU_6373 3143306065295 5769 
CLU_6373 3143302219069 5797 
CLU_6373 3143306629296 3817 
CLU_6373 3143302149923 4766 
CLU_6373 3143306065341 5286 
CLU_6373 3143306329705 6034 
CLU_6373 3143306297943 10393 
CLU_6373 3143307780621 6763 
CLU_6373 3143303180166 6060 
CLU_6373 3143302149893 2832 
CLU_6373 3143302150026 2674 
CLU_6373 3143300550108 5259 
CLU_6373 3143303413578 24526 
CLU_6373 3143306329632 8282 
CLU_6373 3143305212588 8232 
CLU_6373 3143309812083 4991 
CLU_6373 3143306023282 2943 
CLU_6373 3143302218968 7207 
CLU_6373 3143309772227 4291 
CLU_6373 3143302203480 3735 
CLU_6373 3143302150085 1062 
CLU_6373 3143300211826 6667 
CLU_6373 3143302149931 4403 
CLU_6373 3143309352511 4356 
CLU_6373 3143309251553 1763 
CLU_6373 3143305998220 1129 
CLU_6373 3143309690905 1453 
CLU_6373 3143307608756 4604 
CLU_6373 3143306409911 5259 
CLU_6373 3143307780907 6312 
CLU_6373 3143309936424 2123 
CLU_6373 3143309812075 5625 
CLU_6373 3143306301304 4991 
CLU_6373 3143303688100 6447 
CLU_6373 3143303180115 3559 
CLU_6373 3143305302854 1921 
CLU_6373 3143302219212 3008 
CLU_6373 3143302149958 6425 
CLU_6373 3143307951345 6387 
CLU_6373 3143302219077 2060 
CLU_6373 3143302219344 5797 
CLU_6373 3143307607660 9032 
CLU_6373 3143302150069 3350 
CLU_6373 3143307809131 7395 
CLU_6373 3143300186252 7130 
CLU_6373 3143304701852 5218 
CLU_6373 3143307836619 5539 
CLU_6373 3143305212545 4410 
CLU_6373 3143302150077 4604 
CLU_6373 3143302150034 1914 
CLU_6373 3143302219409 48051 
CLU_6373 3143305212529 27870 
CLU_6373 3143302219379 48051 
CLU_6373 CLU_3233 33378 
CLU_6373 CLU_6117 47827 
CLU_6373 CLU_6299 18841 
CLU_6373 CLU_6301 17821 
CLU_6373 CLU_6381 16752 
CLU_6373 CLU_6398 13483 
CLU_6373 CLU_6409 43861 
CLU_6373 CLU_6410 24134 
CLU_6373 CLU_6411 20354 
CLU_6373 CLU_6412 20388 
CLU_6373 CLU_6414 42232 
CLU_6373 CLU_6415 47347 
CLU_6373 CLU_6417 62680 
CLU_6374 3143309772235 4190 
CLU_6374 3143309772251 5422 
CLU_6374 3143309812059 4231 
CLU_6374 3143305305063 5880 
CLU_6374 3143307781067 7074 
CLU_6374 3143309132481 7554 
CLU_6374 3143307831331 7544 
CLU_6374 3143300659134 7542 
CLU_6374 3143303180158 5809 
CLU_6374 3143307821506 5111 
CLU_6374 3143302150107 6775 
CLU_6374 3143309775978 5111 
CLU_6374 3143302219107 3523 
CLU_6374 3143302219352 3447 
CLU_6374 3143303180182 5775 
CLU_6374 3143302150042 6502 
CLU_6374 3143302219085 6986 
CLU_6374 3143309812032 8268 
CLU_6374 3143302149915 9398 
CLU_6374 3143307299079 6853 
CLU_6374 3143302150018 9107 
CLU_6374 3143302218984 8858 
CLU_6374 3143306065295 9942 
CLU_6374 3143302219069 0 
CLU_6374 3143306629296 9201 
CLU_6374 3143302149923 9565 
CLU_6374 3143306065341 10456 
CLU_6374 3143306329705 10086 
CLU_6374 3143306297943 15735 
CLU_6374 3143307780621 6426 
CLU_6374 3143303180166 5111 
CLU_6374 3143302149893 7510 
CLU_6374 3143302150026 3857 
CLU_6374 3143300550108 10280 
CLU_6374 3143303413578 27739 
CLU_6374 3143306329632 3398 
CLU_6374 3143305212588 11545 
CLU_6374 3143309812083 7101 
CLU_6374 3143306023282 4126 
CLU_6374 3143302218968 5622 
CLU_6374 3143309772227 7554 
CLU_6374 3143302203480 2460 
CLU_6374 3143302150085 6853 
CLU_6374 3143300211826 892 
CLU_6374 3143302149931 1821 
CLU_6374 3143309352511 8481 
CLU_6374 3143309251553 4244 
CLU_6374 3143305998220 4785 
CLU_6374 3143309690905 4714 
CLU_6374 3143307608756 10105 
CLU_6374 3143306409911 10280 
CLU_6374 3143307780907 1171 
CLU_6374 3143309936424 4664 
CLU_6374 3143309812075 6721 
CLU_6374 3143306301304 7101 
CLU_6374 3143303688100 7353 
CLU_6374 3143303180115 5422 
CLU_6374 3143305302854 5922 
CLU_6374 3143302219212 6543 
CLU_6374 3143302149958 3255 
CLU_6374 3143307951345 8996 
CLU_6374 3143302219077 3802 
CLU_6374 3143302219344 0 
CLU_6374 3143307607660 6775 
CLU_6374 3143302150069 8450 
CLU_6374 3143307809131 11377 
CLU_6374 3143300186252 1386 
CLU_6374 3143304701852 6582 
CLU_6374 3143307836619 8268 
CLU_6374 3143305212545 2502 
CLU_6374 3143302150077 10105 
CLU_6374 3143302150034 7671 
CLU_6374 3143302219409 42537 
CLU_6374 3143305212529 22093 
CLU_6374 3143302219379 42537 
CLU_6374 CLU_3233 28669 
CLU_6374 CLU_6117 43830 
CLU_6374 CLU_6299 13046 
CLU_6374 CLU_6301 23601 
CLU_6374 CLU_6381 22489 
CLU_6374 CLU_6398 9690 
CLU_6374 CLU_6409 39724 
CLU_6374 CLU_6410 18883 
CLU_6374 CLU_6411 16089 
CLU_6374 CLU_6412 16193 
CLU_6374 CLU_6414 36784 
CLU_6374 CLU_6415 41554 
CLU_6374 CLU_6417 56915 
CLU_6375 3143309772235 4657 
CLU_6375 3143309772251 5508 
CLU_6375 3143309812059 5074 
CLU_6375 3143305305063 5524 
CLU_6375 3143307781067 6731 
CLU_6375 3143309132481 7425 
CLU_6375 3143307831331 7494 
CLU_6375 3143300659134 8012 
CLU_6375 3143303180158 6924 
CLU_6375 3143307821506 6241 
CLU_6375 3143302150107 8475 
CLU_6375 3143309775978 6241 
CLU_6375 3143302219107 5605 
CLU_6375 3143302219352 4282 
CLU_6375 3143303180182 4895 
CLU_6375 3143302150042 5770 
CLU_6375 3143302219085 6137 
CLU_6375 3143309812032 8397 
CLU_6375 3143302149915 9269 
CLU_6375 3143307299079 5521 
CLU_6375 3143302150018 7945 
CLU_6375 3143302218984 8008 
CLU_6375 3143306065295 9592 
CLU_6375 3143302219069 2190 
CLU_6375 3143306629296 8231 
CLU_6375 3143302149923 8919 
CLU_6375 3143306065341 9635 
CLU_6375 3143306329705 9793 
CLU_6375 3143306297943 14840 
CLU_6375 3143307780621 7490 
CLU_6375 3143303180166 6241 
CLU_6375 3143302149893 6822 
CLU_6375 3143302150026 1985 
CLU_6375 3143300550108 9539 
CLU_6375 3143303413578 28017 
CLU_6375 3143306329632 5570 
CLU_6375 3143305212588 9355 
CLU_6375 3143309812083 7356 
CLU_6375 3143306023282 4050 
CLU_6375 3143302218968 7036 
CLU_6375 3143309772227 7425 
CLU_6375 3143302203480 2662 
CLU_6375 3143302150085 5521 
CLU_6375 3143300211826 2997 
CLU_6375 3143302149931 2534 
CLU_6375 3143309352511 8084 
CLU_6375 3143309251553 3428 
CLU_6375 3143305998220 3745 
CLU_6375 3143309690905 3121 
CLU_6375 3143307608756 9065 
CLU_6375 3143306409911 9539 
CLU_6375 3143307780907 3289 
CLU_6375 3143309936424 2807 
CLU_6375 3143309812075 7306 
CLU_6375 3143306301304 7356 
CLU_6375 3143303688100 8067 
CLU_6375 3143303180115 5508 
CLU_6375 3143305302854 5288 
CLU_6375 3143302219212 6195 
CLU_6375 3143302149958 4944 
CLU_6375 3143307951345 9216 
CLU_6375 3143302219077 2459 
CLU_6375 3143302219344 2190 
CLU_6375 3143307607660 8475 
CLU_6375 3143302150069 7620 
CLU_6375 3143307809131 11153 
CLU_6375 3143300186252 3489 
CLU_6375 3143304701852 7053 
CLU_6375 3143307836619 8397 
CLU_6375 3143305212545 316 
CLU_6375 3143302150077 9065 
CLU_6375 3143302150034 6388 
CLU_6375 3143302219409 44537 
CLU_6375 3143305212529 23848 
CLU_6375 3143302219379 44537 
CLU_6375 CLU_3233 30853 
CLU_6375 CLU_6117 46012 
CLU_6375 CLU_6299 14752 
CLU_6375 CLU_6301 22184 
CLU_6375 CLU_6381 21177 
CLU_6375 CLU_6398 9367 
CLU_6375 CLU_6409 41911 
CLU_6375 CLU_6410 21005 
CLU_6375 CLU_6411 18271 
CLU_6375 CLU_6412 18372 
CLU_6375 CLU_6414 38819 
CLU_6375 CLU_6415 43217 
CLU_6375 CLU_6417 58666 
CLU_6376 3143309772235 4349 
CLU_6376 3143309772251 3567 
CLU_6376 3143309812059 4217 
CLU_6376 3143305305063 4160 
CLU_6376 3143307781067 3580 
CLU_6376 3143309132481 2722 
CLU_6376 3143307831331 2455 
CLU_6376 3143300659134 961 
CLU_6376 3143303180158 3194 
CLU_6376 3143307821506 3702 
CLU_6376 3143302150107 5263 
CLU_6376 3143309775978 3702 
CLU_6376 3143302219107 7350 
CLU_6376 3143302219352 4992 
CLU_6376 3143303180182 5560 
CLU_6376 3143302150042 4943 
CLU_6376 3143302219085 5230 
CLU_6376 3143309812032 1611 
CLU_6376 3143302149915 2788 
CLU_6376 3143307299079 6848 
CLU_6376 3143302150018 6729 
CLU_6376 3143302218984 5412 
CLU_6376 3143306065295 3850 
CLU_6376 3143302219069 8440 
CLU_6376 3143306629296 5986 
CLU_6376 3143302149923 4838 
CLU_6376 3143306065341 5926 
CLU_6376 3143306329705 3706 
CLU_6376 3143306297943 10014 
CLU_6376 3143307780621 2697 
CLU_6376 3143303180166 3702 
CLU_6376 3143302149893 4653 
CLU_6376 3143302150026 8349 
CLU_6376 3143300550108 5519 
CLU_6376 3143303413578 19304 
CLU_6376 3143306329632 8156 
CLU_6376 3143305212588 14904 
CLU_6376 3143309812083 1795 
CLU_6376 3143306023282 4975 
CLU_6376 3143302218968 4127 
CLU_6376 3143309772227 2722 
CLU_6376 3143302203480 6353 
CLU_6376 3143302150085 6848 
CLU_6376 3143300211826 8829 
CLU_6376 3143302149931 6744 
CLU_6376 3143309352511 3610 
CLU_6376 3143309251553 6091 
CLU_6376 3143305998220 6290 
CLU_6376 3143309690905 7621 
CLU_6376 3143307608756 6648 
CLU_6376 3143306409911 5519 
CLU_6376 3143307780907 7883 
CLU_6376 3143309936424 8353 
CLU_6376 3143309812075 1719 
CLU_6376 3143306301304 1795 
CLU_6376 3143303688100 1236 
CLU_6376 3143303180115 3567 
CLU_6376 3143305302854 4853 
CLU_6376 3143302219212 3799 
CLU_6376 3143302149958 5961 
CLU_6376 3143307951345 1329 
CLU_6376 3143302219077 7273 
CLU_6376 3143302219344 8440 
CLU_6376 3143307607660 5263 
CLU_6376 3143302150069 5240 
CLU_6376 3143307809131 4270 
CLU_6376 3143300186252 8995 
CLU_6376 3143304701852 1915 
CLU_6376 3143307836619 1611 
CLU_6376 3143305212545 9140 
CLU_6376 3143302150077 6648 
CLU_6376 3143302150034 6798 
CLU_6376 3143302219409 45839 
CLU_6376 3143305212529 27478 
CLU_6376 3143302219379 45839 
CLU_6376 CLU_3233 29616 
CLU_6376 CLU_6117 42868 
CLU_6376 CLU_6299 19176 
CLU_6376 CLU_6301 19176 
CLU_6376 CLU_6381 17682 
CLU_6376 CLU_6398 18085 
CLU_6376 CLU_6409 39109 
CLU_6376 CLU_6410 21787 
CLU_6376 CLU_6411 16516 
CLU_6376 CLU_6412 16450 
CLU_6376 CLU_6414 39884 
CLU_6376 CLU_6415 46882 
CLU_6376 CLU_6417 61661 
CLU_6377 3143309772235 2422 
CLU_6377 3143309772251 2501 
CLU_6377 3143309812059 1930 
CLU_6377 3143305305063 3601 
CLU_6377 3143307781067 3826 
CLU_6377 3143309132481 3438 
CLU_6377 3143307831331 3215 
CLU_6377 3143300659134 1896 
CLU_6377 3143303180158 773 
CLU_6377 3143307821506 1161 
CLU_6377 3143302150107 3456 
CLU_6377 3143309775978 1161 
CLU_6377 3143302219107 4824 
CLU_6377 3143302219352 2742 
CLU_6377 3143303180182 4925 
CLU_6377 3143302150042 4710 
CLU_6377 3143302219085 5196 
CLU_6377 3143309812032 3190 
CLU_6377 3143302149915 4638 
CLU_6377 3143307299079 6504 
CLU_6377 3143302150018 7287 
CLU_6377 3143302218984 6196 
CLU_6377 3143306065295 5596 
CLU_6377 3143302219069 6103 
CLU_6377 3143306629296 6769 
CLU_6377 3143302149923 6096 
CLU_6377 3143306065341 7243 
CLU_6377 3143306329705 5568 
CLU_6377 3143306297943 11979 
CLU_6377 3143307780621 731 
CLU_6377 3143303180166 1161 
CLU_6377 3143302149893 4974 
CLU_6377 3143302150026 6835 
CLU_6377 3143300550108 6884 
CLU_6377 3143303413578 21748 
CLU_6377 3143306329632 5624 
CLU_6377 3143305212588 14235 
CLU_6377 3143309812083 2171 
CLU_6377 3143306023282 3417 
CLU_6377 3143302218968 1827 
CLU_6377 3143309772227 3438 
CLU_6377 3143302203480 4333 
CLU_6377 3143302150085 6504 
CLU_6377 3143300211826 6396 
CLU_6377 3143302149931 4557 
CLU_6377 3143309352511 4689 
CLU_6377 3143309251553 4781 
CLU_6377 3143305998220 5202 
CLU_6377 3143309690905 6427 
CLU_6377 3143307608756 7620 
CLU_6377 3143306409911 6884 
CLU_6377 3143307780907 5426 
CLU_6377 3143309936424 7067 
CLU_6377 3143309812075 1101 
CLU_6377 3143306301304 2171 
CLU_6377 3143303688100 1322 
CLU_6377 3143303180115 2501 
CLU_6377 3143305302854 4324 
CLU_6377 3143302219212 3677 
CLU_6377 3143302149958 3424 
CLU_6377 3143307951345 3547 
CLU_6377 3143302219077 5810 
CLU_6377 3143302219344 6103 
CLU_6377 3143307607660 3456 
CLU_6377 3143302150069 5884 
CLU_6377 3143307809131 6485 
CLU_6377 3143300186252 6520 
CLU_6377 3143304701852 1365 
CLU_6377 3143307836619 3190 
CLU_6377 3143305212545 7214 
CLU_6377 3143302150077 7620 
CLU_6377 3143302150034 6779 
CLU_6377 3143302219409 44000 
CLU_6377 3143305212529 25172 
CLU_6377 3143302219379 44000 
CLU_6377 CLU_3233 28268 
CLU_6377 CLU_6117 42130 
CLU_6377 CLU_6299 16727 
CLU_6377 CLU_6301 20927 
CLU_6377 CLU_6381 19521 
CLU_6377 CLU_6398 15794 
CLU_6377 CLU_6409 38252 
CLU_6377 CLU_6410 19893 
CLU_6377 CLU_6411 15113 
CLU_6377 CLU_6412 15091 
CLU_6377 CLU_6414 38072 
CLU_6377 CLU_6415 44638 
CLU_6377 CLU_6417 59546 
CLU_6378 3143309772235 2598 
CLU_6378 3143309772251 3027 
CLU_6378 3143309812059 1898 
CLU_6378 3143305305063 4170 
CLU_6378 3143307781067 4523 
CLU_6378 3143309132481 4190 
CLU_6378 3143307831331 3974 
CLU_6378 3143300659134 2642 
CLU_6378 3143303180158 0 
CLU_6378 3143307821506 700 
CLU_6378 3143302150107 2750 
CLU_6378 3143309775978 700 
CLU_6378 3143302219107 4165 
CLU_6378 3143302219352 2649 
CLU_6378 3143303180182 5419 
CLU_6378 3143302150042 5300 
CLU_6378 3143302219085 5811 
CLU_6378 3143309812032 3959 
CLU_6378 3143302149915 5408 
CLU_6378 3143307299079 7026 
CLU_6378 3143302150018 7963 
CLU_6378 3143302218984 6911 
CLU_6378 3143306065295 6369 
CLU_6378 3143302219069 5809 
CLU_6378 3143306629296 7479 
CLU_6378 3143302149923 6853 
CLU_6378 3143306065341 7999 
CLU_6378 3143306329705 6340 
CLU_6378 3143306297943 12752 
CLU_6378 3143307780621 623 
CLU_6378 3143303180166 700 
CLU_6378 3143302149893 5651 
CLU_6378 3143302150026 6989 
CLU_6378 3143300550108 7644 
CLU_6378 3143303413578 22235 
CLU_6378 3143306329632 4976 
CLU_6378 3143305212588 14595 
CLU_6378 3143309812083 2940 
CLU_6378 3143306023282 3686 
CLU_6378 3143302218968 1054 
CLU_6378 3143309772227 4190 
CLU_6378 3143302203480 4312 
CLU_6378 3143302150085 7026 
CLU_6378 3143300211826 6003 
CLU_6378 3143302149931 4416 
CLU_6378 3143309352511 5445 
CLU_6378 3143309251553 5074 
CLU_6378 3143305998220 5555 
CLU_6378 3143309690905 6711 
CLU_6378 3143307608756 8344 
CLU_6378 3143306409911 7644 
CLU_6378 3143307780907 5019 
CLU_6378 3143309936424 7304 
CLU_6378 3143309812075 1873 
CLU_6378 3143306301304 2940 
CLU_6378 3143303688100 1958 
CLU_6378 3143303180115 3027 
CLU_6378 3143305302854 4865 
CLU_6378 3143302219212 4326 
CLU_6378 3143302149958 2884 
CLU_6378 3143307951345 4281 
CLU_6378 3143302219077 6011 
CLU_6378 3143302219344 5809 
CLU_6378 3143307607660 2750 
CLU_6378 3143302150069 6587 
CLU_6378 3143307809131 7239 
CLU_6378 3143300186252 6077 
CLU_6378 3143304701852 2129 
CLU_6378 3143307836619 3959 
CLU_6378 3143305212545 7170 
CLU_6378 3143302150077 8344 
CLU_6378 3143302150034 7364 
CLU_6378 3143302219409 43235 
CLU_6378 3143305212529 24413 
CLU_6378 3143302219379 43235 
CLU_6378 CLU_3233 27560 
CLU_6378 CLU_6117 41523 
CLU_6378 CLU_6299 16003 
CLU_6378 CLU_6301 21695 
CLU_6378 CLU_6381 20292 
CLU_6378 CLU_6398 15475 
CLU_6378 CLU_6409 37624 
CLU_6378 CLU_6410 19127 
CLU_6378 CLU_6411 14408 
CLU_6378 CLU_6412 14394 
CLU_6378 CLU_6414 37308 
CLU_6378 CLU_6415 43872 
CLU_6378 CLU_6417 58773 
CLU_6379 3143309772235 873 
CLU_6379 3143309772251 1797 
CLU_6379 3143309812059 1579 
CLU_6379 3143305305063 2336 
CLU_6379 3143307781067 3476 
CLU_6379 3143309132481 3917 
CLU_6379 3143307831331 3912 
CLU_6379 3143300659134 4180 
CLU_6379 3143303180158 3438 
CLU_6379 3143307821506 2861 
CLU_6379 3143302150107 5707 
CLU_6379 3143309775978 2861 
CLU_6379 3143302219107 4554 
CLU_6379 3143302219352 1141 
CLU_6379 3143303180182 2765 
CLU_6379 3143302150042 3202 
CLU_6379 3143302219085 3752 
CLU_6379 3143309812032 4691 
CLU_6379 3143302149915 5764 
CLU_6379 3143307299079 4293 
CLU_6379 3143302150018 6054 
CLU_6379 3143302218984 5500 
CLU_6379 3143306065295 6315 
CLU_6379 3143302219069 3637 
CLU_6379 3143306629296 5933 
CLU_6379 3143302149923 6045 
CLU_6379 3143306065341 7023 
CLU_6379 3143306329705 6452 
CLU_6379 3143306297943 12275 
CLU_6379 3143307780621 3905 
CLU_6379 3143303180166 2861 
CLU_6379 3143302149893 4089 
CLU_6379 3143302150026 3556 
CLU_6379 3143300550108 6798 
CLU_6379 3143303413578 24286 
CLU_6379 3143306329632 5079 
CLU_6379 3143305212588 11255 
CLU_6379 3143309812083 3575 
CLU_6379 3143306023282 611 
CLU_6379 3143302218968 3935 
CLU_6379 3143309772227 3917 
CLU_6379 3143302203480 1255 
CLU_6379 3143302150085 4293 
CLU_6379 3143300211826 4286 
CLU_6379 3143302149931 1815 
CLU_6379 3143309352511 4876 
CLU_6379 3143309251553 1771 
CLU_6379 3143305998220 2362 
CLU_6379 3143309690905 3332 
CLU_6379 3143307608756 6867 
CLU_6379 3143306409911 6798 
CLU_6379 3143307780907 3559 
CLU_6379 3143309936424 3878 
CLU_6379 3143309812075 3475 
CLU_6379 3143306301304 3575 
CLU_6379 3143303688100 4256 
CLU_6379 3143303180115 1797 
CLU_6379 3143305302854 2597 
CLU_6379 3143302219212 2962 
CLU_6379 3143302149958 3011 
CLU_6379 3143307951345 5467 
CLU_6379 3143302219077 2575 
CLU_6379 3143302219344 3637 
CLU_6379 3143307607660 5707 
CLU_6379 3143302150069 5093 
CLU_6379 3143307809131 7740 
CLU_6379 3143300186252 4625 
CLU_6379 3143304701852 3218 
CLU_6379 3143307836619 4691 
CLU_6379 3143305212545 4017 
CLU_6379 3143302150077 6867 
CLU_6379 3143302150034 4913 
CLU_6379 3143302219409 44808 
CLU_6379 3143305212529 25007 
CLU_6379 3143302219379 44808 
CLU_6379 CLU_3233 29932 
CLU_6379 CLU_6117 44407 
CLU_6379 CLU_6299 16126 
CLU_6379 CLU_6301 20543 
CLU_6379 CLU_6381 19320 
CLU_6379 CLU_6398 13036 
CLU_6379 CLU_6409 40426 
CLU_6379 CLU_6410 20804 
CLU_6379 CLU_6411 16902 
CLU_6379 CLU_6412 16937 
CLU_6379 CLU_6414 38955 
CLU_6379 CLU_6415 44534 
CLU_6379 CLU_6417 59732 
CLU_6380 3143309772235 4238 
CLU_6380 3143309772251 5254 
CLU_6380 3143309812059 3402 
CLU_6380 3143305305063 6385 
CLU_6380 3143307781067 7007 
CLU_6380 3143309132481 6809 
CLU_6380 3143307831331 6614 
CLU_6380 3143300659134 5324 
CLU_6380 3143303180158 2694 
CLU_6380 3143307821506 2551 
CLU_6380 3143302150107 1520 
CLU_6380 3143309775978 2551 
CLU_6380 3143302219107 2227 
CLU_6380 3143302219352 3647 
CLU_6380 3143303180182 7379 
CLU_6380 3143302150042 7507 
CLU_6380 3143302219085 8058 
CLU_6380 3143309812032 6653 
CLU_6380 3143302149915 8102 
CLU_6380 3143307299079 8986 
CLU_6380 3143302150018 10328 
CLU_6380 3143302218984 9402 
CLU_6380 3143306065295 9057 
CLU_6380 3143302219069 5310 
CLU_6380 3143306629296 9947 
CLU_6380 3143302149923 9469 
CLU_6380 3143306065341 10605 
CLU_6380 3143306329705 9033 
CLU_6380 3143306297943 15441 
CLU_6380 3143307780621 3080 
CLU_6380 3143303180166 2551 
CLU_6380 3143302149893 8058 
CLU_6380 3143302150026 7888 
CLU_6380 3143300550108 10266 
CLU_6380 3143303413578 24217 
CLU_6380 3143306329632 2973 
CLU_6380 3143305212588 15877 
CLU_6380 3143309812083 5610 
CLU_6380 3143306023282 5282 
CLU_6380 3143302218968 1659 
CLU_6380 3143309772227 6809 
CLU_6380 3143302203480 5019 
CLU_6380 3143302150085 8986 
CLU_6380 3143300211826 5086 
CLU_6380 3143302149931 4722 
CLU_6380 3143309352511 8065 
CLU_6380 3143309251553 6547 
CLU_6380 3143305998220 7145 
CLU_6380 3143309690905 8017 
CLU_6380 3143307608756 10848 
CLU_6380 3143306409911 10266 
CLU_6380 3143307780907 4194 
CLU_6380 3143309936424 8434 
CLU_6380 3143309812075 4565 
CLU_6380 3143306301304 5610 
CLU_6380 3143303688100 4567 
CLU_6380 3143303180115 5254 
CLU_6380 3143305302854 6976 
CLU_6380 3143302219212 6710 
CLU_6380 3143302149958 2175 
CLU_6380 3143307951345 6943 
CLU_6380 3143302219077 7131 
CLU_6380 3143302219344 5310 
CLU_6380 3143307607660 1520 
CLU_6380 3143302150069 9047 
CLU_6380 3143307809131 9919 
CLU_6380 3143300186252 4935 
CLU_6380 3143304701852 4796 
CLU_6380 3143307836619 6653 
CLU_6380 3143305212545 7417 
CLU_6380 3143302150077 10848 
CLU_6380 3143302150034 9487 
CLU_6380 3143302219409 40619 
CLU_6380 3143305212529 21734 
CLU_6380 3143302219379 40619 
CLU_6380 CLU_3233 25244 
CLU_6380 CLU_6117 39626 
CLU_6380 CLU_6299 13433 
CLU_6380 CLU_6301 24336 
CLU_6380 CLU_6381 22955 
CLU_6380 CLU_6398 14392 
CLU_6380 CLU_6409 35643 
CLU_6380 CLU_6410 16512 
CLU_6380 CLU_6411 12154 
CLU_6380 CLU_6412 12177 
CLU_6380 CLU_6414 34707 
CLU_6380 CLU_6415 41182 
CLU_6380 CLU_6417 56082 
CLU_6381 3143309772235 19306 
CLU_6381 3143309772251 17981 
CLU_6381 3143309812059 19939 
CLU_6381 3143305305063 17034 
CLU_6381 3143307781067 16094 
CLU_6381 3143309132481 16153 
CLU_6381 3143307831331 16341 
CLU_6381 3143300659134 17782 
CLU_6381 3143303180158 20292 
CLU_6381 3143307821506 20424 
CLU_6381 3143302150107 22848 
CLU_6381 3143309775978 20424 
CLU_6381 3143302219107 23704 
CLU_6381 3143302219352 20214 
CLU_6381 3143303180182 16743 
CLU_6381 3143302150042 16128 
CLU_6381 3143302219085 15593 
CLU_6381 3143309812032 16400 
CLU_6381 3143302149915 14974 
CLU_6381 3143307299079 15691 
CLU_6381 3143302150018 13384 
CLU_6381 3143302218984 13830 
CLU_6381 3143306065295 13952 
CLU_6381 3143302219069 22489 
CLU_6381 3143306629296 13387 
CLU_6381 3143302149923 13516 
CLU_6381 3143306065341 12409 
CLU_6381 3143306329705 14028 
CLU_6381 3143306297943 7692 
CLU_6381 3143307780621 20048 
CLU_6381 3143303180166 20424 
CLU_6381 3143302149893 15247 
CLU_6381 3143302150026 19228 
CLU_6381 3143300550108 12716 
CLU_6381 3143303413578 19474 
CLU_6381 3143306329632 24338 
CLU_6381 3143305212588 17335 
CLU_6381 3143309812083 17353 
CLU_6381 3143306023282 18714 
CLU_6381 3143302218968 21347 
CLU_6381 3143309772227 16153 
CLU_6381 3143302203480 20173 
CLU_6381 3143302150085 15691 
CLU_6381 3143300211826 23325 
CLU_6381 3143302149931 20879 
CLU_6381 3143309352511 14903 
CLU_6381 3143309251553 18250 
CLU_6381 3143305998220 17707 
CLU_6381 3143309690905 18056 
CLU_6381 3143307608756 12455 
CLU_6381 3143306409911 12716 
CLU_6381 3143307780907 22800 
CLU_6381 3143309936424 18454 
CLU_6381 3143309812075 18433 
CLU_6381 3143306301304 17353 
CLU_6381 3143303688100 18653 
CLU_6381 3143303180115 17981 
CLU_6381 3143305302854 16734 
CLU_6381 3143302219212 16508 
CLU_6381 3143302149958 22070 
CLU_6381 3143307951345 16355 
CLU_6381 3143302219077 18811 
CLU_6381 3143302219344 22489 
CLU_6381 3143307607660 22848 
CLU_6381 3143302150069 14232 
CLU_6381 3143307809131 13490 
CLU_6381 3143300186252 23755 
CLU_6381 3143304701852 18166 
CLU_6381 3143307836619 16400 
CLU_6381 3143305212545 21055 
CLU_6381 3143302150077 12455 
CLU_6381 3143302150034 14842 
CLU_6381 3143302219409 63493 
CLU_6381 3143305212529 44319 
CLU_6381 3143302219379 63493 
CLU_6381 CLU_3233 47148 
CLU_6381 CLU_6117 59361 
CLU_6381 CLU_6299 35431 
CLU_6381 CLU_6301 1728 
CLU_6381 CLU_6381 0 
CLU_6381 CLU_6398 29255 
CLU_6381 CLU_6409 55888 
CLU_6381 CLU_6410 39399 
CLU_6381 CLU_6411 34147 
CLU_6381 CLU_6412 34061 
CLU_6381 CLU_6414 57548 
CLU_6381 CLU_6415 63848 
CLU_6381 CLU_6417 78967 
CLU_6382 3143309772235 5805 
CLU_6382 3143309772251 4451 
CLU_6382 3143309812059 6395 
CLU_6382 3143305305063 3624 
CLU_6382 3143307781067 2558 
CLU_6382 3143309132481 2663 
CLU_6382 3143307831331 2889 
CLU_6382 3143300659134 4607 
CLU_6382 3143303180158 6853 
CLU_6382 3143307821506 6905 
CLU_6382 3143302150107 9539 
CLU_6382 3143309775978 6905 
CLU_6382 3143302219107 10171 
CLU_6382 3143302219352 6728 
CLU_6382 3143303180182 3895 
CLU_6382 3143302150042 3025 
CLU_6382 3143302219085 2668 
CLU_6382 3143309812032 3318 
CLU_6382 3143302149915 2342 
CLU_6382 3143307299079 3904 
CLU_6382 3143302150018 2247 
CLU_6382 3143302218984 1025 
CLU_6382 3143306065295 1572 
CLU_6382 3143302219069 9462 
CLU_6382 3143306629296 1360 
CLU_6382 3143302149923 169 
CLU_6382 3143306065341 1150 
CLU_6382 3143306329705 1883 
CLU_6382 3143306297943 6316 
CLU_6382 3143307780621 6714 
CLU_6382 3143303180166 6905 
CLU_6382 3143302149893 1976 
CLU_6382 3143302150026 7219 
CLU_6382 3143300550108 846 
CLU_6382 3143303413578 20041 
CLU_6382 3143306329632 10835 
CLU_6382 3143305212588 11273 
CLU_6382 3143309812083 3953 
CLU_6382 3143306023282 5388 
CLU_6382 3143302218968 7896 
CLU_6382 3143309772227 2663 
CLU_6382 3143302203480 7009 
CLU_6382 3143302150085 3904 
CLU_6382 3143300211826 10200 
CLU_6382 3143302149931 7690 
CLU_6382 3143309352511 1415 
CLU_6382 3143309251553 5387 
CLU_6382 3143305998220 5053 
CLU_6382 3143309690905 6038 
CLU_6382 3143307608756 1761 
CLU_6382 3143306409911 846 
CLU_6382 3143307780907 9519 
CLU_6382 3143309936424 6735 
CLU_6382 3143309812075 5066 
CLU_6382 3143306301304 3953 
CLU_6382 3143303688100 5500 
CLU_6382 3143303180115 4451 
CLU_6382 3143305302854 3560 
CLU_6382 3143302219212 3017 
CLU_6382 3143302149958 8538 
CLU_6382 3143307951345 3742 
CLU_6382 3143302219077 6365 
CLU_6382 3143302219344 9462 
CLU_6382 3143307607660 9539 
CLU_6382 3143302150069 1276 
CLU_6382 3143307809131 3027 
CLU_6382 3143300186252 10569 
CLU_6382 3143304701852 4737 
CLU_6382 3143307836619 3318 
CLU_6382 3143305212545 8794 
CLU_6382 3143302150077 1761 
CLU_6382 3143302150034 3268 
CLU_6382 3143302219409 50071 
CLU_6382 3143305212529 30815 
CLU_6382 3143302219379 50071 
CLU_6382 CLU_3233 34303 
CLU_6382 CLU_6117 47771 
CLU_6382 CLU_6299 22036 
CLU_6382 CLU_6301 14891 
CLU_6382 CLU_6381 13551 
CLU_6382 CLU_6398 18037 
CLU_6382 CLU_6409 43995 
CLU_6382 CLU_6410 25962 
CLU_6382 CLU_6411 21153 
CLU_6382 CLU_6412 21115 
CLU_6382 CLU_6414 44152 
CLU_6382 CLU_6415 50342 
CLU_6382 CLU_6417 65417 
CLU_6383 3143309772235 7620 
CLU_6383 3143309772251 6253 
CLU_6383 3143309812059 8164 
CLU_6383 3143305305063 5479 
CLU_6383 3143307781067 4372 
CLU_6383 3143309132481 4294 
CLU_6383 3143307831331 4472 
CLU_6383 3143300659134 5960 
CLU_6383 3143303180158 8420 
CLU_6383 3143307821506 8558 
CLU_6383 3143302150107 11016 
CLU_6383 3143309775978 8558 
CLU_6383 3143302219107 11945 
CLU_6383 3143302219352 8545 
CLU_6383 3143303180182 5711 
CLU_6383 3143302150042 4866 
CLU_6383 3143302219085 4466 
CLU_6383 3143309812032 4581 
CLU_6383 3143302149915 3227 
CLU_6383 3143307299079 5471 
CLU_6383 3143302150018 3266 
CLU_6383 3143302218984 2617 
CLU_6383 3143306065295 2165 
CLU_6383 3143302219069 11324 
CLU_6383 3143306629296 2560 
CLU_6383 3143302149923 1767 
CLU_6383 3143306065341 1057 
CLU_6383 3143306329705 2329 
CLU_6383 3143306297943 4478 
CLU_6383 3143307780621 8197 
CLU_6383 3143303180166 8558 
CLU_6383 3143302149893 3826 
CLU_6383 3143302150026 8964 
CLU_6383 3143300550108 1064 
CLU_6383 3143303413578 18741 
CLU_6383 3143306329632 12630 
CLU_6383 3143305212588 12094 
CLU_6383 3143309812083 5480 
CLU_6383 3143306023282 7246 
CLU_6383 3143302218968 9475 
CLU_6383 3143309772227 4294 
CLU_6383 3143302203480 8871 
CLU_6383 3143302150085 5471 
CLU_6383 3143300211826 12062 
CLU_6383 3143302149931 9551 
CLU_6383 3143309352511 3064 
CLU_6383 3143309251553 7225 
CLU_6383 3143305998220 6859 
CLU_6383 3143309690905 7758 
CLU_6383 3143307608756 2143 
CLU_6383 3143306409911 1064 
CLU_6383 3143307780907 11372 
CLU_6383 3143309936424 8420 
CLU_6383 3143309812075 6567 
CLU_6383 3143306301304 5480 
CLU_6383 3143303688100 6850 
CLU_6383 3143303180115 6253 
CLU_6383 3143305302854 5416 
CLU_6383 3143302219212 4857 
CLU_6383 3143302149958 10316 
CLU_6383 3143307951345 4706 
CLU_6383 3143302219077 8161 
CLU_6383 3143302219344 11324 
CLU_6383 3143307607660 11016 
CLU_6383 3143302150069 2989 
CLU_6383 3143307809131 2596 
CLU_6383 3143300186252 12428 
CLU_6383 3143304701852 6293 
CLU_6383 3143307836619 4581 
CLU_6383 3143305212545 10595 
CLU_6383 3143302150077 2143 
CLU_6383 3143302150034 4704 
CLU_6383 3143302219409 51645 
CLU_6383 3143305212529 32590 
CLU_6383 3143302219379 51645 
CLU_6383 CLU_3233 35625 
CLU_6383 CLU_6117 48753 
CLU_6383 CLU_6299 23855 
CLU_6383 CLU_6301 13281 
CLU_6383 CLU_6381 11873 
CLU_6383 CLU_6398 19788 
CLU_6383 CLU_6409 45048 
CLU_6383 CLU_6410 27541 
CLU_6383 CLU_6411 22508 
CLU_6383 CLU_6412 22450 
CLU_6383 CLU_6414 45710 
CLU_6383 CLU_6415 52109 
CLU_6383 CLU_6417 67132 
CLU_6384 3143309772235 2301 
CLU_6384 3143309772251 1505 
CLU_6384 3143309812059 2368 
CLU_6384 3143305305063 2346 
CLU_6384 3143307781067 2314 
CLU_6384 3143309132481 1900 
CLU_6384 3143307831331 1691 
CLU_6384 3143300659134 1139 
CLU_6384 3143303180158 2290 
CLU_6384 3143307821506 2410 
CLU_6384 3143302150107 5000 
CLU_6384 3143309775978 2410 
CLU_6384 3143302219107 5971 
CLU_6384 3143302219352 3055 
CLU_6384 3143303180182 3762 
CLU_6384 3143302150042 3362 
CLU_6384 3143302219085 3795 
CLU_6384 3143309812032 1917 
CLU_6384 3143302149915 3296 
CLU_6384 3143307299079 5243 
CLU_6384 3143302150018 5783 
CLU_6384 3143302218984 4658 
CLU_6384 3143306065295 4171 
CLU_6384 3143302219069 6473 
CLU_6384 3143306629296 5235 
CLU_6384 3143302149923 4564 
CLU_6384 3143306065341 5709 
CLU_6384 3143306329705 4184 
CLU_6384 3143306297943 10544 
CLU_6384 3143307780621 2208 
CLU_6384 3143303180166 2410 
CLU_6384 3143302149893 3479 
CLU_6384 3143302150026 6281 
CLU_6384 3143300550108 5357 
CLU_6384 3143303413578 21285 
CLU_6384 3143306329632 6726 
CLU_6384 3143305212588 13183 
CLU_6384 3143309812083 729 
CLU_6384 3143306023282 2877 
CLU_6384 3143302218968 3335 
CLU_6384 3143309772227 1900 
CLU_6384 3143302203480 4281 
CLU_6384 3143302150085 5243 
CLU_6384 3143300211826 6949 
CLU_6384 3143302149931 4719 
CLU_6384 3143309352511 3156 
CLU_6384 3143309251553 4046 
CLU_6384 3143305998220 4314 
CLU_6384 3143309690905 5629 
CLU_6384 3143307608756 6078 
CLU_6384 3143306409911 5357 
CLU_6384 3143307780907 6048 
CLU_6384 3143309936424 6340 
CLU_6384 3143309812075 684 
CLU_6384 3143306301304 729 
CLU_6384 3143303688100 1491 
CLU_6384 3143303180115 1505 
CLU_6384 3143305302854 3088 
CLU_6384 3143302219212 2247 
CLU_6384 3143302149958 4409 
CLU_6384 3143307951345 2539 
CLU_6384 3143302219077 5207 
CLU_6384 3143302219344 6473 
CLU_6384 3143307607660 5000 
CLU_6384 3143302150069 4356 
CLU_6384 3143307809131 5246 
CLU_6384 3143300186252 7172 
CLU_6384 3143304701852 265 
CLU_6384 3143307836619 1917 
CLU_6384 3143305212545 7042 
CLU_6384 3143302150077 6078 
CLU_6384 3143302150034 5404 
CLU_6384 3143302219409 45518 
CLU_6384 3143305212529 26526 
CLU_6384 3143302219379 45518 
CLU_6384 CLU_3233 29809 
CLU_6384 CLU_6117 43592 
CLU_6384 CLU_6299 17952 
CLU_6384 CLU_6301 19417 
CLU_6384 CLU_6381 18031 
CLU_6384 CLU_6398 16050 
CLU_6384 CLU_6409 39736 
CLU_6384 CLU_6410 21409 
CLU_6384 CLU_6411 16653 
CLU_6384 CLU_6412 16628 
CLU_6384 CLU_6414 39595 
CLU_6384 CLU_6415 46021 
CLU_6384 CLU_6417 60987 
CLU_6385 3143309772235 5251 
CLU_6385 3143309772251 4170 
CLU_6385 3143309812059 5316 
CLU_6385 3143305305063 4383 
CLU_6385 3143307781067 3440 
CLU_6385 3143309132481 2523 
CLU_6385 3143307831331 2339 
CLU_6385 3143300659134 2016 
CLU_6385 3143303180158 4598 
CLU_6385 3143307821506 5031 
CLU_6385 3143302150107 6755 
CLU_6385 3143309775978 5031 
CLU_6385 3143302219107 8705 
CLU_6385 3143302219352 6025 
CLU_6385 3143303180182 5641 
CLU_6385 3143302150042 4859 
CLU_6385 3143302219085 4991 
CLU_6385 3143309812032 1313 
CLU_6385 3143302149915 1605 
CLU_6385 3143307299079 6654 
CLU_6385 3143302150018 6010 
CLU_6385 3143302218984 4650 
CLU_6385 3143306065295 2609 
CLU_6385 3143302219069 9437 
CLU_6385 3143306629296 5180 
CLU_6385 3143302149923 3827 
CLU_6385 3143306065341 4811 
CLU_6385 3143306329705 2400 
CLU_6385 3143306297943 8557 
CLU_6385 3143307780621 4149 
CLU_6385 3143303180166 5031 
CLU_6385 3143302149893 4269 
CLU_6385 3143302150026 8775 
CLU_6385 3143300550108 4396 
CLU_6385 3143303413578 18364 
CLU_6385 3143306329632 9498 
CLU_6385 3143305212588 14661 
CLU_6385 3143309812083 2349 
CLU_6385 3143306023282 5627 
CLU_6385 3143302218968 5576 
CLU_6385 3143309772227 2523 
CLU_6385 3143302203480 7177 
CLU_6385 3143302150085 6654 
CLU_6385 3143300211826 9918 
CLU_6385 3143302149931 7664 
CLU_6385 3143309352511 2886 
CLU_6385 3143309251553 6512 
CLU_6385 3143305998220 6570 
CLU_6385 3143309690905 7884 
CLU_6385 3143307608756 5693 
CLU_6385 3143306409911 4396 
CLU_6385 3143307780907 9009 
CLU_6385 3143309936424 8638 
CLU_6385 3143309812075 2883 
CLU_6385 3143306301304 2349 
CLU_6385 3143303688100 2663 
CLU_6385 3143303180115 4170 
CLU_6385 3143305302854 4953 
CLU_6385 3143302219212 3838 
CLU_6385 3143302149958 7240 
CLU_6385 3143307951345 461 
CLU_6385 3143302219077 7712 
CLU_6385 3143302219344 9437 
CLU_6385 3143307607660 6755 
CLU_6385 3143302150069 4582 
CLU_6385 3143307809131 2784 
CLU_6385 3143300186252 10133 
CLU_6385 3143304701852 2896 
CLU_6385 3143307836619 1313 
CLU_6385 3143305212545 9810 
CLU_6385 3143302150077 5693 
CLU_6385 3143302150034 6416 
CLU_6385 3143302219409 47309 
CLU_6385 3143305212529 28955 
CLU_6385 3143302219379 47309 
CLU_6385 CLU_3233 30989 
CLU_6385 CLU_6117 44034 
CLU_6385 CLU_6299 20602 
CLU_6385 CLU_6301 17753 
CLU_6385 CLU_6381 16239 
CLU_6385 CLU_6398 18959 
CLU_6385 CLU_6409 40322 
CLU_6385 CLU_6410 23269 
CLU_6385 CLU_6411 17922 
CLU_6385 CLU_6412 17846 
CLU_6385 CLU_6414 41351 
CLU_6385 CLU_6415 48369 
CLU_6385 CLU_6417 63154 
CLU_6386 3143309772235 4312 
CLU_6386 3143309772251 3465 
CLU_6386 3143309812059 5143 
CLU_6386 3143305305063 2342 
CLU_6386 3143307781067 2650 
CLU_6386 3143309132481 3560 
CLU_6386 3143307831331 3801 
CLU_6386 3143300659134 5433 
CLU_6386 3143303180158 6492 
CLU_6386 3143307821506 6191 
CLU_6386 3143302150107 9175 
CLU_6386 3143309775978 6191 
CLU_6386 3143302219107 8496 
CLU_6386 3143302219352 5043 
CLU_6386 3143303180182 1184 
CLU_6386 3143302150042 1291 
CLU_6386 3143302219085 1035 
CLU_6386 3143309812032 4818 
CLU_6386 3143302149915 4862 
CLU_6386 3143307299079 634 
CLU_6386 3143302150018 2339 
CLU_6386 3143302218984 2500 
CLU_6386 3143306065295 4688 
CLU_6386 3143302219069 6780 
CLU_6386 3143306629296 2620 
CLU_6386 3143302149923 3601 
CLU_6386 3143306065341 4084 
CLU_6386 3143306329705 4968 
CLU_6386 3143306297943 9212 
CLU_6386 3143307780621 6674 
CLU_6386 3143303180166 6191 
CLU_6386 3143302149893 1814 
CLU_6386 3143302150026 3872 
CLU_6386 3143300550108 4063 
CLU_6386 3143303413578 23428 
CLU_6386 3143306329632 8983 
CLU_6386 3143305212588 8694 
CLU_6386 3143309812083 4505 
CLU_6386 3143306023282 3355 
CLU_6386 3143302218968 7345 
CLU_6386 3143309772227 3560 
CLU_6386 3143302203480 4533 
CLU_6386 3143302150085 634 
CLU_6386 3143300211826 7624 
CLU_6386 3143302149931 5233 
CLU_6386 3143309352511 3358 
CLU_6386 3143309251553 2555 
CLU_6386 3143305998220 1997 
CLU_6386 3143309690905 2654 
CLU_6386 3143307608756 3431 
CLU_6386 3143306409911 4063 
CLU_6386 3143307780907 7168 
CLU_6386 3143309936424 3313 
CLU_6386 3143309812075 5327 
CLU_6386 3143306301304 4505 
CLU_6386 3143303688100 6100 
CLU_6386 3143303180115 3465 
CLU_6386 3143305302854 1626 
CLU_6386 3143302219212 2445 
CLU_6386 3143302149958 6952 
CLU_6386 3143307951345 5630 
CLU_6386 3143302219077 3180 
CLU_6386 3143302219344 6780 
CLU_6386 3143307607660 9175 
CLU_6386 3143302150069 2169 
CLU_6386 3143307809131 6306 
CLU_6386 3143300186252 8066 
CLU_6386 3143304701852 4906 
CLU_6386 3143307836619 4818 
CLU_6386 3143305212545 5581 
CLU_6386 3143302150077 3431 
CLU_6386 3143302150034 967 
CLU_6386 3143302219409 48747 
CLU_6386 3143305212529 28766 
CLU_6386 3143302219379 48747 
CLU_6386 CLU_3233 33788 
CLU_6386 CLU_6117 48005 
CLU_6386 CLU_6299 19780 
CLU_6386 CLU_6301 16829 
CLU_6386 CLU_6381 15710 
CLU_6386 CLU_6398 14685 
CLU_6386 CLU_6409 44084 
CLU_6386 CLU_6410 24750 
CLU_6386 CLU_6411 20696 
CLU_6386 CLU_6412 20711 
CLU_6386 CLU_6414 42899 
CLU_6386 CLU_6415 48269 
CLU_6386 CLU_6417 63550 
CLU_6387 3143309772235 4526 
CLU_6387 3143309772251 3388 
CLU_6387 3143309812059 5288 
CLU_6387 3143305305063 2257 
CLU_6387 3143307781067 1956 
CLU_6387 3143309132481 2755 
CLU_6387 3143307831331 3023 
CLU_6387 3143300659134 4809 
CLU_6387 3143303180158 6329 
CLU_6387 3143307821506 6154 
CLU_6387 3143302150107 9074 
CLU_6387 3143309775978 6154 
CLU_6387 3143302219107 8895 
CLU_6387 3143302219352 5374 
CLU_6387 3143303180182 1831 
CLU_6387 3143302150042 1189 
CLU_6387 3143302219085 635 
CLU_6387 3143309812032 3957 
CLU_6387 3143302149915 3768 
CLU_6387 3143307299079 1734 
CLU_6387 3143302150018 1699 
CLU_6387 3143302218984 1337 
CLU_6387 3143306065295 3497 
CLU_6387 3143302219069 7599 
CLU_6387 3143306629296 1601 
CLU_6387 3143302149923 2390 
CLU_6387 3143306065341 2960 
CLU_6387 3143306329705 3786 
CLU_6387 3143306297943 8188 
CLU_6387 3143307780621 6398 
CLU_6387 3143303180166 6154 
CLU_6387 3143302149893 824 
CLU_6387 3143302150026 5015 
CLU_6387 3143300550108 2893 
CLU_6387 3143303413578 22221 
CLU_6387 3143306329632 9460 
CLU_6387 3143305212588 9597 
CLU_6387 3143309812083 3913 
CLU_6387 3143306023282 3776 
CLU_6387 3143302218968 7277 
CLU_6387 3143309772227 2755 
CLU_6387 3143302203480 5221 
CLU_6387 3143302150085 1734 
CLU_6387 3143300211826 8402 
CLU_6387 3143302149931 5926 
CLU_6387 3143309352511 2255 
CLU_6387 3143309251553 3376 
CLU_6387 3143305998220 2937 
CLU_6387 3143309690905 3817 
CLU_6387 3143307608756 2514 
CLU_6387 3143306409911 2893 
CLU_6387 3143307780907 7840 
CLU_6387 3143309936424 4504 
CLU_6387 3143309812075 4888 
CLU_6387 3143306301304 3913 
CLU_6387 3143303688100 5580 
CLU_6387 3143303180115 3388 
CLU_6387 3143305302854 1791 
CLU_6387 3143302219212 2007 
CLU_6387 3143302149958 7289 
CLU_6387 3143307951345 4707 
CLU_6387 3143302219077 4222 
CLU_6387 3143302219344 7599 
CLU_6387 3143307607660 9074 
CLU_6387 3143302150069 971 
CLU_6387 3143307809131 5107 
CLU_6387 3143300186252 8815 
CLU_6387 3143304701852 4476 
CLU_6387 3143307836619 3957 
CLU_6387 3143305212545 6654 
CLU_6387 3143302150077 2514 
CLU_6387 3143302150034 1351 
CLU_6387 3143302219409 49110 
CLU_6387 3143305212529 29388 
CLU_6387 3143302219379 49110 
CLU_6387 CLU_3233 33846 
CLU_6387 CLU_6117 47810 
CLU_6387 CLU_6299 20470 
CLU_6387 CLU_6301 16160 
CLU_6387 CLU_6381 14960 
CLU_6387 CLU_6398 15840 
CLU_6387 CLU_6409 43937 
CLU_6387 CLU_6410 25049 
CLU_6387 CLU_6411 20708 
CLU_6387 CLU_6412 20704 
CLU_6387 CLU_6414 43233 
CLU_6387 CLU_6415 48912 
CLU_6387 CLU_6417 64120 
CLU_6388 3143309772235 5255 
CLU_6388 3143309772251 3895 
CLU_6388 3143309812059 5831 
CLU_6388 3143305305063 3111 
CLU_6388 3143307781067 2004 
CLU_6388 3143309132481 2095 
CLU_6388 3143307831331 2328 
CLU_6388 3143300659134 4076 
CLU_6388 3143303180158 6284 
CLU_6388 3143307821506 6333 
CLU_6388 3143302150107 8977 
CLU_6388 3143309775978 6333 
CLU_6388 3143302219107 9610 
CLU_6388 3143302219352 6180 
CLU_6388 3143303180182 3520 
CLU_6388 3143302150042 2621 
CLU_6388 3143302219085 2341 
CLU_6388 3143309812032 2825 
CLU_6388 3143302149915 2022 
CLU_6388 3143307299079 3745 
CLU_6388 3143302150018 2462 
CLU_6388 3143302218984 1109 
CLU_6388 3143306065295 1498 
CLU_6388 3143302219069 8977 
CLU_6388 3143306629296 1616 
CLU_6388 3143302149923 613 
CLU_6388 3143306065341 1723 
CLU_6388 3143306329705 1799 
CLU_6388 3143306297943 6848 
CLU_6388 3143307780621 6154 
CLU_6388 3143303180166 6333 
CLU_6388 3143302149893 1575 
CLU_6388 3143302150026 6891 
CLU_6388 3143300550108 1406 
CLU_6388 3143303413578 20206 
CLU_6388 3143306329632 10279 
CLU_6388 3143305212588 11369 
CLU_6388 3143309812083 3394 
CLU_6388 3143306023282 4879 
CLU_6388 3143302218968 7326 
CLU_6388 3143309772227 2095 
CLU_6388 3143302203480 6519 
CLU_6388 3143302150085 3745 
CLU_6388 3143300211826 9700 
CLU_6388 3143302149931 7191 
CLU_6388 3143309352511 862 
CLU_6388 3143309251553 4967 
CLU_6388 3143305998220 4679 
CLU_6388 3143309690905 5738 
CLU_6388 3143307608756 2219 
CLU_6388 3143306409911 1406 
CLU_6388 3143307780907 8999 
CLU_6388 3143309936424 6456 
CLU_6388 3143309812075 4507 
CLU_6388 3143306301304 3394 
CLU_6388 3143303688100 4965 
CLU_6388 3143303180115 3895 
CLU_6388 3143305302854 3117 
CLU_6388 3143302219212 2483 
CLU_6388 3143302149958 7977 
CLU_6388 3143307951345 3325 
CLU_6388 3143302219077 5994 
CLU_6388 3143302219344 8977 
CLU_6388 3143307607660 8977 
CLU_6388 3143302150069 1170 
CLU_6388 3143307809131 3092 
CLU_6388 3143300186252 10060 
CLU_6388 3143304701852 4171 
CLU_6388 3143307836619 2825 
CLU_6388 3143305212545 8410 
CLU_6388 3143302150077 2219 
CLU_6388 3143302150034 3211 
CLU_6388 3143302219409 49498 
CLU_6388 3143305212529 30256 
CLU_6388 3143302219379 49498 
CLU_6388 CLU_3233 33752 
CLU_6388 CLU_6117 47270 
CLU_6388 CLU_6299 21490 
CLU_6388 CLU_6301 15463 
CLU_6388 CLU_6381 14120 
CLU_6388 CLU_6398 17683 
CLU_6388 CLU_6409 43482 
CLU_6388 CLU_6410 25390 
CLU_6388 CLU_6411 20600 
CLU_6388 CLU_6412 20564 
CLU_6388 CLU_6414 43580 
CLU_6388 CLU_6415 49781 
CLU_6388 CLU_6417 64848 
CLU_6389 3143309772235 5418 
CLU_6389 3143309772251 4054 
CLU_6389 3143309812059 5981 
CLU_6389 3143305305063 3292 
CLU_6389 3143307781067 2169 
CLU_6389 3143309132481 2199 
CLU_6389 3143307831331 2420 
CLU_6389 3143300659134 4132 
CLU_6389 3143303180158 6389 
CLU_6389 3143307821506 6456 
CLU_6389 3143302150107 9069 
CLU_6389 3143309775978 6456 
CLU_6389 3143302219107 9761 
CLU_6389 3143302219352 6343 
CLU_6389 3143303180182 3715 
CLU_6389 3143302150042 2816 
CLU_6389 3143302219085 2533 
CLU_6389 3143309812032 2850 
CLU_6389 3143302149915 1953 
CLU_6389 3143307299079 3920 
CLU_6389 3143302150018 2543 
CLU_6389 3143302218984 1211 
CLU_6389 3143306065295 1344 
CLU_6389 3143302219069 9163 
CLU_6389 3143306629296 1677 
CLU_6389 3143302149923 467 
CLU_6389 3143306065341 1609 
CLU_6389 3143306329705 1650 
CLU_6389 3143306297943 6681 
CLU_6389 3143307780621 6243 
CLU_6389 3143303180166 6456 
CLU_6389 3143302149893 1770 
CLU_6389 3143302150026 7085 
CLU_6389 3143300550108 1267 
CLU_6389 3143303413578 20025 
CLU_6389 3143306329632 10436 
CLU_6389 3143305212588 11495 
CLU_6389 3143309812083 3482 
CLU_6389 3143306023282 5060 
CLU_6389 3143302218968 7435 
CLU_6389 3143309772227 2199 
CLU_6389 3143302203480 6704 
CLU_6389 3143302150085 3920 
CLU_6389 3143300211826 9882 
CLU_6389 3143302149931 7374 
CLU_6389 3143309352511 945 
CLU_6389 3143309251553 5161 
CLU_6389 3143305998220 4874 
CLU_6389 3143309690905 5930 
CLU_6389 3143307608756 2204 
CLU_6389 3143306409911 1267 
CLU_6389 3143307780907 9176 
CLU_6389 3143309936424 6647 
CLU_6389 3143309812075 4595 
CLU_6389 3143306301304 3482 
CLU_6389 3143303688100 5026 
CLU_6389 3143303180115 4054 
CLU_6389 3143305302854 3309 
CLU_6389 3143302219212 2657 
CLU_6389 3143302149958 8130 
CLU_6389 3143307951345 3305 
CLU_6389 3143302219077 6189 
CLU_6389 3143302219344 9163 
CLU_6389 3143307607660 9069 
CLU_6389 3143302150069 1322 
CLU_6389 3143307809131 2920 
CLU_6389 3143300186252 10239 
CLU_6389 3143304701852 4269 
CLU_6389 3143307836619 2850 
CLU_6389 3143305212545 8605 
CLU_6389 3143302150077 2204 
CLU_6389 3143302150034 3366 
CLU_6389 3143302219409 49614 
CLU_6389 3143305212529 30408 
CLU_6389 3143302219379 49614 
CLU_6389 CLU_3233 33829 
CLU_6389 CLU_6117 47304 
CLU_6389 CLU_6299 21653 
CLU_6389 CLU_6301 15336 
CLU_6389 CLU_6381 13983 
CLU_6389 CLU_6398 17878 
CLU_6389 CLU_6409 43524 
CLU_6389 CLU_6410 25505 
CLU_6389 CLU_6411 20679 
CLU_6389 CLU_6412 20640 
CLU_6389 CLU_6414 43693 
CLU_6389 CLU_6415 49932 
CLU_6389 CLU_6417 64989 
CLU_6390 3143309772235 5032 
CLU_6390 3143309772251 5843 
CLU_6390 3143309812059 5469 
CLU_6390 3143305305063 5804 
CLU_6390 3143307781067 7002 
CLU_6390 3143309132481 7720 
CLU_6390 3143307831331 7798 
CLU_6390 3143300659134 8368 
CLU_6390 3143303180158 7326 
CLU_6390 3143307821506 6644 
CLU_6390 3143302150107 8881 
CLU_6390 3143309775978 6644 
CLU_6390 3143302219107 5976 
CLU_6390 3143302219352 4680 
CLU_6390 3143303180182 5097 
CLU_6390 3143302150042 5988 
CLU_6390 3143302219085 6329 
CLU_6390 3143309812032 8718 
CLU_6390 3143302149915 9554 
CLU_6390 3143307299079 5614 
CLU_6390 3143302150018 8057 
CLU_6390 3143302218984 8184 
CLU_6390 3143306065295 9844 
CLU_6390 3143302219069 2517 
CLU_6390 3143306629296 8383 
CLU_6390 3143302149923 9127 
CLU_6390 3143306065341 9808 
CLU_6390 3143306329705 10053 
CLU_6390 3143306297943 14982 
CLU_6390 3143307780621 7888 
CLU_6390 3143303180166 6644 
CLU_6390 3143302149893 7036 
CLU_6390 3143302150026 1992 
CLU_6390 3143300550108 9727 
CLU_6390 3143303413578 28329 
CLU_6390 3143306329632 5913 
CLU_6390 3143305212588 9056 
CLU_6390 3143309812083 7695 
CLU_6390 3143306023282 4386 
CLU_6390 3143302218968 7444 
CLU_6390 3143309772227 7720 
CLU_6390 3143302203480 3049 
CLU_6390 3143302150085 5614 
CLU_6390 3143300211826 3281 
CLU_6390 3143302149931 2941 
CLU_6390 3143309352511 8337 
CLU_6390 3143309251553 3675 
CLU_6390 3143305998220 3939 
CLU_6390 3143309690905 3188 
CLU_6390 3143307608756 9197 
CLU_6390 3143306409911 9727 
CLU_6390 3143307780907 3644 
CLU_6390 3143309936424 2783 
CLU_6390 3143309812075 7675 
CLU_6390 3143306301304 7695 
CLU_6390 3143303688100 8443 
CLU_6390 3143303180115 5843 
CLU_6390 3143305302854 5528 
CLU_6390 3143302219212 6469 
CLU_6390 3143302149958 5348 
CLU_6390 3143307951345 9544 
CLU_6390 3143302219077 2629 
CLU_6390 3143302219344 2517 
CLU_6390 3143307607660 8881 
CLU_6390 3143302150069 7802 
CLU_6390 3143307809131 11419 
CLU_6390 3143300186252 3764 
CLU_6390 3143304701852 7414 
CLU_6390 3143307836619 8718 
CLU_6390 3143305212545 200 
CLU_6390 3143302150077 9197 
CLU_6390 3143302150034 6483 
CLU_6390 3143302219409 44721 
CLU_6390 3143305212529 23955 
CLU_6390 3143302219379 44721 
CLU_6390 CLU_3233 31145 
CLU_6390 CLU_6117 46347 
CLU_6390 CLU_6299 14855 
CLU_6390 CLU_6301 22201 
CLU_6390 CLU_6381 21221 
CLU_6390 CLU_6398 9099 
CLU_6390 CLU_6409 42239 
CLU_6390 CLU_6410 21249 
CLU_6390 CLU_6411 18606 
CLU_6390 CLU_6412 18710 
CLU_6390 CLU_6414 39018 
CLU_6390 CLU_6415 43292 
CLU_6390 CLU_6417 58764 
CLU_6391 3143309772235 4855 
CLU_6391 3143309772251 5650 
CLU_6391 3143309812059 5307 
CLU_6391 3143305305063 5604 
CLU_6391 3143307781067 6801 
CLU_6391 3143309132481 7521 
CLU_6391 3143307831331 7600 
CLU_6391 3143300659134 8181 
CLU_6391 3143303180158 7170 
CLU_6391 3143307821506 6492 
CLU_6391 3143302150107 8768 
CLU_6391 3143309775978 6492 
CLU_6391 3143302219107 5922 
CLU_6391 3143302219352 4522 
CLU_6391 3143303180182 4899 
CLU_6391 3143302150042 5789 
CLU_6391 3143302219085 6132 
CLU_6391 3143309812032 8522 
CLU_6391 3143302149915 9354 
CLU_6391 3143307299079 5434 
CLU_6391 3143302150018 7874 
CLU_6391 3143302218984 7990 
CLU_6391 3143306065295 9644 
CLU_6391 3143302219069 2502 
CLU_6391 3143306629296 8192 
CLU_6391 3143302149923 8929 
CLU_6391 3143306065341 9614 
CLU_6391 3143306329705 9852 
CLU_6391 3143306297943 14794 
CLU_6391 3143307780621 7728 
CLU_6391 3143303180166 6492 
CLU_6391 3143302149893 6838 
CLU_6391 3143302150026 1829 
CLU_6391 3143300550108 9531 
CLU_6391 3143303413578 28131 
CLU_6391 3143306329632 5885 
CLU_6391 3143305212588 9048 
CLU_6391 3143309812083 7503 
CLU_6391 3143306023282 4194 
CLU_6391 3143302218968 7308 
CLU_6391 3143309772227 7521 
CLU_6391 3143302203480 2881 
CLU_6391 3143302150085 5434 
CLU_6391 3143300211826 3296 
CLU_6391 3143302149931 2804 
CLU_6391 3143309352511 8137 
CLU_6391 3143309251553 3474 
CLU_6391 3143305998220 3741 
CLU_6391 3143309690905 3012 
CLU_6391 3143307608756 9010 
CLU_6391 3143306409911 9531 
CLU_6391 3143307780907 3605 
CLU_6391 3143309936424 2632 
CLU_6391 3143309812075 7493 
CLU_6391 3143306301304 7503 
CLU_6391 3143303688100 8265 
CLU_6391 3143303180115 5650 
CLU_6391 3143305302854 5328 
CLU_6391 3143302219212 6269 
CLU_6391 3143302149958 5244 
CLU_6391 3143307951345 9349 
CLU_6391 3143302219077 2434 
CLU_6391 3143302219344 2502 
CLU_6391 3143307607660 8768 
CLU_6391 3143302150069 7607 
CLU_6391 3143307809131 11219 
CLU_6391 3143300186252 3785 
CLU_6391 3143304701852 7228 
CLU_6391 3143307836619 8522 
CLU_6391 3143305212545 0 
CLU_6391 3143302150077 9010 
CLU_6391 3143302150034 6303 
CLU_6391 3143302219409 44797 
CLU_6391 3143305212529 24066 
CLU_6391 3143302219379 44797 
CLU_6391 CLU_3233 31157 
CLU_6391 CLU_6117 46327 
CLU_6391 CLU_6299 14968 
CLU_6391 CLU_6301 22043 
CLU_6391 CLU_6381 21055 
CLU_6391 CLU_6398 9300 
CLU_6391 CLU_6409 42224 
CLU_6391 CLU_6410 21292 
CLU_6391 CLU_6411 18586 
CLU_6391 CLU_6412 18687 
CLU_6391 CLU_6414 39086 
CLU_6391 CLU_6415 43417 
CLU_6391 CLU_6417 58880 
CLU_6392 3143309772235 2042 
CLU_6392 3143309772251 2274 
CLU_6392 3143309812059 1521 
CLU_6392 3143305305063 3408 
CLU_6392 3143307781067 3759 
CLU_6392 3143309132481 3467 
CLU_6392 3143307831331 3266 
CLU_6392 3143300659134 2150 
CLU_6392 3143303180158 771 
CLU_6392 3143307821506 879 
CLU_6392 3143302150107 3520 
CLU_6392 3143309775978 879 
CLU_6392 3143302219107 4546 
CLU_6392 3143302219352 2333 
CLU_6392 3143303180182 4684 
CLU_6392 3143302150042 4535 
CLU_6392 3143302219085 5042 
CLU_6392 3143309812032 3367 
CLU_6392 3143302149915 4801 
CLU_6392 3143307299079 6282 
CLU_6392 3143302150018 7193 
CLU_6392 3143302218984 6152 
CLU_6392 3143306065295 5723 
CLU_6392 3143302219069 5701 
CLU_6392 3143306629296 6717 
CLU_6392 3143302149923 6132 
CLU_6392 3143306065341 7274 
CLU_6392 3143306329705 5716 
CLU_6392 3143306297943 12105 
CLU_6392 3143307780621 1015 
CLU_6392 3143303180166 879 
CLU_6392 3143302149893 4881 
CLU_6392 3143302150026 6463 
CLU_6392 3143300550108 6927 
CLU_6392 3143303413578 22126 
CLU_6392 3143306329632 5335 
CLU_6392 3143305212588 13934 
CLU_6392 3143309812083 2268 
CLU_6392 3143306023282 3069 
CLU_6392 3143302218968 1776 
CLU_6392 3143309772227 3467 
CLU_6392 3143302203480 3929 
CLU_6392 3143302150085 6282 
CLU_6392 3143300211826 6008 
CLU_6392 3143302149931 4148 
CLU_6392 3143309352511 4725 
CLU_6392 3143309251553 4446 
CLU_6392 3143305998220 4891 
CLU_6392 3143309690905 6092 
CLU_6392 3143307608756 7588 
CLU_6392 3143306409911 6927 
CLU_6392 3143307780907 5043 
CLU_6392 3143309936424 6717 
CLU_6392 3143309812075 1297 
CLU_6392 3143306301304 2268 
CLU_6392 3143303688100 1685 
CLU_6392 3143303180115 2274 
CLU_6392 3143305302854 4112 
CLU_6392 3143302219212 3555 
CLU_6392 3143302149958 3091 
CLU_6392 3143307951345 3800 
CLU_6392 3143302219077 5449 
CLU_6392 3143302219344 5701 
CLU_6392 3143307607660 3520 
CLU_6392 3143302150069 5823 
CLU_6392 3143307809131 6694 
CLU_6392 3143300186252 6143 
CLU_6392 3143304701852 1455 
CLU_6392 3143307836619 3367 
CLU_6392 3143305212545 6811 
CLU_6392 3143302150077 7588 
CLU_6392 3143302150034 6601 
CLU_6392 3143302219409 43948 
CLU_6392 3143305212529 24993 
CLU_6392 3143302219379 43948 
CLU_6392 CLU_3233 28327 
CLU_6392 CLU_6117 42287 
CLU_6392 CLU_6299 16491 
CLU_6392 CLU_6301 20992 
CLU_6392 CLU_6381 19606 
CLU_6392 CLU_6398 15391 
CLU_6392 CLU_6409 38393 
CLU_6392 CLU_6410 19839 
CLU_6392 CLU_6411 15176 
CLU_6392 CLU_6412 15163 
CLU_6392 CLU_6414 38027 
CLU_6392 CLU_6415 44476 
CLU_6392 CLU_6417 59420 
CLU_6393 3143309772235 5082 
CLU_6393 3143309772251 4127 
CLU_6393 3143309812059 5048 
CLU_6393 3143305305063 4506 
CLU_6393 3143307781067 3694 
CLU_6393 3143309132481 2774 
CLU_6393 3143307831331 2547 
CLU_6393 3143300659134 1700 
CLU_6393 3143303180158 4140 
CLU_6393 3143307821506 4628 
CLU_6393 3143302150107 6173 
CLU_6393 3143309775978 4628 
CLU_6393 3143302219107 8289 
CLU_6393 3143302219352 5796 
CLU_6393 3143303180182 5837 
CLU_6393 3143302150042 5113 
CLU_6393 3143302219085 5307 
CLU_6393 3143309812032 1513 
CLU_6393 3143302149915 2200 
CLU_6393 3143307299079 6965 
CLU_6393 3143302150018 6503 
CLU_6393 3143302218984 5149 
CLU_6393 3143306065295 3231 
CLU_6393 3143302219069 9237 
CLU_6393 3143306629296 5697 
CLU_6393 3143302149923 4397 
CLU_6393 3143306065341 5413 
CLU_6393 3143306329705 3033 
CLU_6393 3143306297943 9187 
CLU_6393 3143307780621 3649 
CLU_6393 3143303180166 4628 
CLU_6393 3143302149893 4631 
CLU_6393 3143302150026 8844 
CLU_6393 3143300550108 4999 
CLU_6393 3143303413578 18507 
CLU_6393 3143306329632 9091 
CLU_6393 3143305212588 15010 
CLU_6393 3143309812083 2271 
CLU_6393 3143306023282 5579 
CLU_6393 3143302218968 5079 
CLU_6393 3143309772227 2774 
CLU_6393 3143302203480 7057 
CLU_6393 3143302150085 6965 
CLU_6393 3143300211826 9669 
CLU_6393 3143302149931 7499 
CLU_6393 3143309352511 3351 
CLU_6393 3143309251553 6572 
CLU_6393 3143305998220 6691 
CLU_6393 3143309690905 8019 
CLU_6393 3143307608756 6257 
CLU_6393 3143306409911 4999 
CLU_6393 3143307780907 8738 
CLU_6393 3143309936424 8767 
CLU_6393 3143309812075 2554 
CLU_6393 3143306301304 2271 
CLU_6393 3143303688100 2182 
CLU_6393 3143303180115 4127 
CLU_6393 3143305302854 5135 
CLU_6393 3143302219212 4028 
CLU_6393 3143302149958 6874 
CLU_6393 3143307951345 765 
CLU_6393 3143302219077 7771 
CLU_6393 3143302219344 9237 
CLU_6393 3143307607660 6173 
CLU_6393 3143302150069 5046 
CLU_6393 3143307809131 3401 
CLU_6393 3143300186252 9856 
CLU_6393 3143304701852 2654 
CLU_6393 3143307836619 1513 
CLU_6393 3143305212545 9772 
CLU_6393 3143302150077 6257 
CLU_6393 3143302150034 6796 
CLU_6393 3143302219409 46689 
CLU_6393 3143305212529 28421 
CLU_6393 3143302219379 46689 
CLU_6393 CLU_3233 30346 
CLU_6393 CLU_6117 43407 
CLU_6393 CLU_6299 20128 
CLU_6393 CLU_6301 18392 
CLU_6393 CLU_6381 16873 
CLU_6393 CLU_6398 18832 
CLU_6393 CLU_6409 39688 
CLU_6393 CLU_6410 22659 
CLU_6393 CLU_6411 17283 
CLU_6393 CLU_6412 17206 
CLU_6393 CLU_6414 40729 
CLU_6393 CLU_6415 47814 
CLU_6393 CLU_6417 62569 
CLU_6394 3143309772235 5262 
CLU_6394 3143309772251 4342 
CLU_6394 3143309812059 6086 
CLU_6394 3143305305063 3194 
CLU_6394 3143307781067 3233 
CLU_6394 3143309132481 4081 
CLU_6394 3143307831331 4344 
CLU_6394 3143300659134 6088 
CLU_6394 3143303180158 7364 
CLU_6394 3143307821506 7098 
CLU_6394 3143302150107 10073 
CLU_6394 3143309775978 7098 
CLU_6394 3143302219107 9463 
CLU_6394 3143302219352 6008 
CLU_6394 3143303180182 2149 
CLU_6394 3143302150042 2069 
CLU_6394 3143302219085 1612 
CLU_6394 3143309812032 5302 
CLU_6394 3143302149915 5087 
CLU_6394 3143307299079 869 
CLU_6394 3143302150018 1593 
CLU_6394 3143302218984 2245 
CLU_6394 3143306065295 4708 
CLU_6394 3143302219069 7671 
CLU_6394 3143306629296 2144 
CLU_6394 3143302149923 3437 
CLU_6394 3143306065341 3648 
CLU_6394 3143306329705 5010 
CLU_6394 3143306297943 8558 
CLU_6394 3143307780621 7507 
CLU_6394 3143303180166 7098 
CLU_6394 3143302149893 2165 
CLU_6394 3143302150026 4521 
CLU_6394 3143300550108 3722 
CLU_6394 3143303413578 23298 
CLU_6394 3143306329632 9946 
CLU_6394 3143305212588 8251 
CLU_6394 3143309812083 5174 
CLU_6394 3143306023282 4321 
CLU_6394 3143302218968 8248 
CLU_6394 3143309772227 4081 
CLU_6394 3143302203480 5477 
CLU_6394 3143302150085 869 
CLU_6394 3143300211826 8528 
CLU_6394 3143302149931 6172 
CLU_6394 3143309352511 3584 
CLU_6394 3143309251553 3485 
CLU_6394 3143305998220 2895 
CLU_6394 3143309690905 3299 
CLU_6394 3143307608756 2787 
CLU_6394 3143306409911 3722 
CLU_6394 3143307780907 8105 
CLU_6394 3143309936424 3852 
CLU_6394 3143309812075 6082 
CLU_6394 3143306301304 5174 
CLU_6394 3143303688100 6818 
CLU_6394 3143303180115 4342 
CLU_6394 3143305302854 2523 
CLU_6394 3143302219212 3159 
CLU_6394 3143302149958 7918 
CLU_6394 3143307951345 6058 
CLU_6394 3143302219077 3974 
CLU_6394 3143302219344 7671 
CLU_6394 3143307607660 10073 
CLU_6394 3143302150069 2044 
CLU_6394 3143307809131 6273 
CLU_6394 3143300186252 8980 
CLU_6394 3143304701852 5663 
CLU_6394 3143307836619 5302 
CLU_6394 3143305212545 6303 
CLU_6394 3143302150077 2787 
CLU_6394 3143302150034 0 
CLU_6394 3143302219409 49713 
CLU_6394 3143305212529 29699 
CLU_6394 3143302219379 49713 
CLU_6394 CLU_3233 34732 
CLU_6394 CLU_6117 48888 
CLU_6394 CLU_6299 20697 
CLU_6394 CLU_6301 15929 
CLU_6394 CLU_6381 14842 
CLU_6394 CLU_6398 15233 
CLU_6394 CLU_6409 44982 
CLU_6394 CLU_6410 25718 
CLU_6394 CLU_6411 21630 
CLU_6394 CLU_6412 21641 
CLU_6394 CLU_6414 43866 
CLU_6394 CLU_6415 49195 
CLU_6394 CLU_6417 64492 
CLU_6395 3143309772235 5211 
CLU_6395 3143309772251 4999 
CLU_6395 3143309812059 6029 
CLU_6395 3143305305063 4173 
CLU_6395 3143307781067 4956 
CLU_6395 3143309132481 5873 
CLU_6395 3143307831331 6075 
CLU_6395 3143300659134 7445 
CLU_6395 3143303180158 7770 
CLU_6395 3143307821506 7280 
CLU_6395 3143302150107 10186 
CLU_6395 3143309775978 7280 
CLU_6395 3143302219107 8530 
CLU_6395 3143302219352 5584 
CLU_6395 3143303180182 2780 
CLU_6395 3143302150042 3543 
CLU_6395 3143302219085 3531 
CLU_6395 3143309812032 7120 
CLU_6395 3143302149915 7367 
CLU_6395 3143307299079 2075 
CLU_6395 3143302150018 4408 
CLU_6395 3143302218984 4988 
CLU_6395 3143306065295 7247 
CLU_6395 3143302219069 5872 
CLU_6395 3143306629296 4976 
CLU_6395 3143302149923 6136 
CLU_6395 3143306065341 6482 
CLU_6395 3143306329705 7525 
CLU_6395 3143306297943 11343 
CLU_6395 3143307780621 8121 
CLU_6395 3143303180166 7280 
CLU_6395 3143302149893 4342 
CLU_6395 3143302150026 2094 
CLU_6395 3143300550108 6526 
CLU_6395 3143303413578 25988 
CLU_6395 3143306329632 8804 
CLU_6395 3143305212588 6825 
CLU_6395 3143309812083 6541 
CLU_6395 3143306023282 4099 
CLU_6395 3143302218968 8396 
CLU_6395 3143309772227 5873 
CLU_6395 3143302203480 4338 
CLU_6395 3143302150085 2075 
CLU_6395 3143300211826 6764 
CLU_6395 3143302149931 4887 
CLU_6395 3143309352511 5884 
CLU_6395 3143309251553 2721 
CLU_6395 3143305998220 2218 
CLU_6395 3143309690905 1242 
CLU_6395 3143307608756 5618 
CLU_6395 3143306409911 6526 
CLU_6395 3143307780907 6637 
CLU_6395 3143309936424 1270 
CLU_6395 3143309812075 7108 
CLU_6395 3143306301304 6541 
CLU_6395 3143303688100 7940 
CLU_6395 3143303180115 4999 
CLU_6395 3143305302854 3488 
CLU_6395 3143302219212 4586 
CLU_6395 3143302149958 7243 
CLU_6395 3143307951345 7969 
CLU_6395 3143302219077 2206 
CLU_6395 3143302219344 5872 
CLU_6395 3143307607660 10186 
CLU_6395 3143302150069 4698 
CLU_6395 3143307809131 8867 
CLU_6395 3143300186252 7258 
CLU_6395 3143304701852 6712 
CLU_6395 3143307836619 7120 
CLU_6395 3143305212545 3901 
CLU_6395 3143302150077 5618 
CLU_6395 3143302150034 2844 
CLU_6395 3143302219409 48400 
CLU_6395 3143305212529 27893 
CLU_6395 3143302219379 48400 
CLU_6395 CLU_3233 34140 
CLU_6395 CLU_6117 48833 
CLU_6395 CLU_6299 18807 
CLU_6395 CLU_6301 18165 
CLU_6395 CLU_6381 17219 
CLU_6395 CLU_6398 12435 
CLU_6395 CLU_6409 44824 
CLU_6395 CLU_6410 24640 
CLU_6395 CLU_6411 21228 
CLU_6395 CLU_6412 21282 
CLU_6395 CLU_6414 42630 
CLU_6395 CLU_6415 47288 
CLU_6395 CLU_6417 62717 
CLU_6396 3143309772235 12098 
CLU_6396 3143309772251 10730 
CLU_6396 3143309812059 12631 
CLU_6396 3143305305063 9939 
CLU_6396 3143307781067 8850 
CLU_6396 3143309132481 8731 
CLU_6396 3143307831331 8884 
CLU_6396 3143300659134 10177 
CLU_6396 3143303180158 12752 
CLU_6396 3143307821506 12954 
CLU_6396 3143302150107 15226 
CLU_6396 3143309775978 12954 
CLU_6396 3143302219107 16408 
CLU_6396 3143302219352 13024 
CLU_6396 3143303180182 10015 
CLU_6396 3143302150042 9234 
CLU_6396 3143302219085 8773 
CLU_6396 3143309812032 8807 
CLU_6396 3143302149915 7362 
CLU_6396 3143307299079 9416 
CLU_6396 3143302150018 6965 
CLU_6396 3143302218984 6885 
CLU_6396 3143306065295 6384 
CLU_6396 3143302219069 15735 
CLU_6396 3143306629296 6609 
CLU_6396 3143302149923 6237 
CLU_6396 3143306065341 5279 
CLU_6396 3143306329705 6419 
CLU_6396 3143306297943 0 
CLU_6396 3143307780621 12459 
CLU_6396 3143303180166 12954 
CLU_6396 3143302149893 8228 
CLU_6396 3143302150026 13060 
CLU_6396 3143300550108 5477 
CLU_6396 3143303413578 16847 
CLU_6396 3143306329632 17102 
CLU_6396 3143305212588 14220 
CLU_6396 3143309812083 9837 
CLU_6396 3143306023282 11699 
CLU_6396 3143302218968 13803 
CLU_6396 3143309772227 8731 
CLU_6396 3143302203480 13299 
CLU_6396 3143302150085 9416 
CLU_6396 3143300211826 16497 
CLU_6396 3143302149931 13988 
CLU_6396 3143309352511 7528 
CLU_6396 3143309251553 11557 
CLU_6396 3143305998220 11122 
CLU_6396 3143309690905 11833 
CLU_6396 3143307608756 5790 
CLU_6396 3143306409911 5477 
CLU_6396 3143307780907 15834 
CLU_6396 3143309936424 12410 
CLU_6396 3143309812075 10879 
CLU_6396 3143306301304 9837 
CLU_6396 3143303688100 11029 
CLU_6396 3143303180115 10730 
CLU_6396 3143305302854 9813 
CLU_6396 3143302219212 9330 
CLU_6396 3143302149958 14783 
CLU_6396 3143307951345 8693 
CLU_6396 3143302219077 12381 
CLU_6396 3143302219344 15735 
CLU_6396 3143307607660 15226 
CLU_6396 3143302150069 7291 
CLU_6396 3143307809131 5798 
CLU_6396 3143300186252 16877 
CLU_6396 3143304701852 10650 
CLU_6396 3143307836619 8807 
CLU_6396 3143305212545 14794 
CLU_6396 3143302150077 5790 
CLU_6396 3143302150034 8558 
CLU_6396 3143302219409 55852 
CLU_6396 3143305212529 37045 
CLU_6396 3143302219379 55852 
CLU_6396 CLU_3233 39463 
CLU_6396 CLU_6117 51943 
CLU_6396 CLU_6299 28332 
CLU_6396 CLU_6301 9253 
CLU_6396 CLU_6381 7692 
CLU_6396 CLU_6398 23778 
CLU_6396 CLU_6409 48384 
CLU_6396 CLU_6410 31783 
CLU_6396 CLU_6411 26454 
CLU_6396 CLU_6412 26368 
CLU_6396 CLU_6414 49898 
CLU_6396 CLU_6415 56555 
CLU_6396 CLU_6417 71523 
CLU_6397 3143309772235 7296 
CLU_6397 3143309772251 5974 
CLU_6397 3143309812059 7937 
CLU_6397 3143305305063 5035 
CLU_6397 3143307781067 4096 
CLU_6397 3143309132481 4290 
CLU_6397 3143307831331 4520 
CLU_6397 3143300659134 6223 
CLU_6397 3143303180158 8478 
CLU_6397 3143307821506 8511 
CLU_6397 3143302150107 11170 
CLU_6397 3143309775978 8511 
CLU_6397 3143302219107 11694 
CLU_6397 3143302219352 8206 
CLU_6397 3143303180182 4967 
CLU_6397 3143302150042 4216 
CLU_6397 3143302219085 3732 
CLU_6397 3143309812032 4904 
CLU_6397 3143302149915 3758 
CLU_6397 3143307299079 4451 
CLU_6397 3143302150018 2093 
CLU_6397 3143302218984 1860 
CLU_6397 3143306065295 2767 
CLU_6397 3143302219069 10715 
CLU_6397 3143306629296 1563 
CLU_6397 3143302149923 1656 
CLU_6397 3143306065341 545 
CLU_6397 3143306329705 3027 
CLU_6397 3143306297943 5051 
CLU_6397 3143307780621 8345 
CLU_6397 3143303180166 8511 
CLU_6397 3143302149893 3260 
CLU_6397 3143302150026 8051 
CLU_6397 3143300550108 959 
CLU_6397 3143303413578 19984 
CLU_6397 3143306329632 12330 
CLU_6397 3143305212588 10827 
CLU_6397 3143309812083 5584 
CLU_6397 3143306023282 6753 
CLU_6397 3143302218968 9518 
CLU_6397 3143309772227 4290 
CLU_6397 3143302203480 8301 
CLU_6397 3143302150085 4451 
CLU_6397 3143300211826 11498 
CLU_6397 3143302149931 9000 
CLU_6397 3143309352511 3046 
CLU_6397 3143309251553 6511 
CLU_6397 3143305998220 6070 
CLU_6397 3143309690905 6827 
CLU_6397 3143307608756 903 
CLU_6397 3143306409911 959 
CLU_6397 3143307780907 10883 
CLU_6397 3143309936424 7445 
CLU_6397 3143309812075 6697 
CLU_6397 3143306301304 5584 
CLU_6397 3143303688100 7119 
CLU_6397 3143303180115 5974 
CLU_6397 3143305302854 4810 
CLU_6397 3143302219212 4497 
CLU_6397 3143302149958 10061 
CLU_6397 3143307951345 5234 
CLU_6397 3143302219077 7335 
CLU_6397 3143302219344 10715 
CLU_6397 3143307607660 11170 
CLU_6397 3143302150069 2270 
CLU_6397 3143307809131 3688 
CLU_6397 3143300186252 11895 
CLU_6397 3143304701852 6366 
CLU_6397 3143307836619 4904 
CLU_6397 3143305212545 9756 
CLU_6397 3143302150077 903 
CLU_6397 3143302150034 3629 
CLU_6397 3143302219409 51682 
CLU_6397 3143305212529 32315 
CLU_6397 3143302219379 51682 
CLU_6397 CLU_3233 35930 
CLU_6397 CLU_6117 49331 
CLU_6397 CLU_6299 23475 
CLU_6397 CLU_6301 13311 
CLU_6397 CLU_6381 12010 
CLU_6397 CLU_6398 18839 
CLU_6397 CLU_6409 45574 
CLU_6397 CLU_6410 27575 
CLU_6397 CLU_6411 22781 
CLU_6397 CLU_6412 22742 
CLU_6397 CLU_6414 45767 
CLU_6397 CLU_6415 51844 
CLU_6397 CLU_6417 66963 
CLU_6398 3143309772235 13751 
CLU_6398 3143309772251 14801 
CLU_6398 3143309812059 13908 
CLU_6398 3143305305063 14892 
CLU_6398 3143307781067 16097 
CLU_6398 3143309132481 16787 
CLU_6398 3143307831331 16844 
CLU_6398 3143300659134 17160 
CLU_6398 3143303180158 15475 
CLU_6398 3143307821506 14784 
CLU_6398 3143302150107 15907 
CLU_6398 3143309775978 14784 
CLU_6398 3143302219107 12181 
CLU_6398 3143302219352 13109 
CLU_6398 3143303180182 14163 
CLU_6398 3143302150042 15067 
CLU_6398 3143302219085 15369 
CLU_6398 3143309812032 17710 
CLU_6398 3143302149915 18635 
CLU_6398 3143307299079 14391 
CLU_6398 3143302150018 16822 
CLU_6398 3143302218984 17171 
CLU_6398 3143306065295 18944 
CLU_6398 3143302219069 9690 
CLU_6398 3143306629296 17292 
CLU_6398 3143302149923 18180 
CLU_6398 3143306065341 18769 
CLU_6398 3143306329705 19153 
CLU_6398 3143306297943 23778 
CLU_6398 3143307780621 16096 
CLU_6398 3143303180166 14784 
CLU_6398 3143302149893 16108 
CLU_6398 3143302150026 10825 
CLU_6398 3143300550108 18733 
CLU_6398 3143303413578 37322 
CLU_6398 3143306329632 11527 
CLU_6398 3143305212588 13254 
CLU_6398 3143309812083 16612 
CLU_6398 3143306023282 13359 
CLU_6398 3143302218968 15154 
CLU_6398 3143309772227 16787 
CLU_6398 3143302203480 11782 
CLU_6398 3143302150085 14391 
CLU_6398 3143300211826 9498 
CLU_6398 3143302149931 11341 
CLU_6398 3143309352511 17437 
CLU_6398 3143309251553 12775 
CLU_6398 3143305998220 13005 
CLU_6398 3143309690905 12031 
CLU_6398 3143307608756 18020 
CLU_6398 3143306409911 18733 
CLU_6398 3143307780907 10483 
CLU_6398 3143309936424 11394 
CLU_6398 3143309812075 16370 
CLU_6398 3143306301304 16612 
CLU_6398 3143303688100 17034 
CLU_6398 3143303180115 14801 
CLU_6398 3143305302854 14626 
CLU_6398 3143302219212 15562 
CLU_6398 3143302149958 12725 
CLU_6398 3143307951345 18503 
CLU_6398 3143302219077 11690 
CLU_6398 3143302219344 9690 
CLU_6398 3143307607660 15907 
CLU_6398 3143302150069 16809 
CLU_6398 3143307809131 20517 
CLU_6398 3143300186252 9518 
CLU_6398 3143304701852 16191 
CLU_6398 3143307836619 17710 
CLU_6398 3143305212545 9300 
CLU_6398 3143302150077 18020 
CLU_6398 3143302150034 15233 
CLU_6398 3143302219409 41996 
CLU_6398 3143305212529 20278 
CLU_6398 3143302219379 41996 
CLU_6398 CLU_3233 31823 
CLU_6398 CLU_6117 48045 
CLU_6398 CLU_6299 12244 
CLU_6398 CLU_6301 29967 
CLU_6398 CLU_6381 29255 
CLU_6398 CLU_6398 0 
CLU_6398 CLU_6409 43762 
CLU_6398 CLU_6410 21176 
CLU_6398 CLU_6411 21472 
CLU_6398 CLU_6412 21697 
CLU_6398 CLU_6414 36810 
CLU_6398 CLU_6415 38205 
CLU_6398 CLU_6417 53932 
CLU_6399 3143309772235 4579 
CLU_6399 3143309772251 5307 
CLU_6399 3143309812059 5081 
CLU_6399 3143305305063 5215 
CLU_6399 3143307781067 6405 
CLU_6399 3143309132481 7139 
CLU_6399 3143307831331 7225 
CLU_6399 3143300659134 7864 
CLU_6399 3143303180158 6963 
CLU_6399 3143307821506 6296 
CLU_6399 3143302150107 8673 
CLU_6399 3143309775978 6296 
CLU_6399 3143302219107 5976 
CLU_6399 3143302219352 4315 
CLU_6399 3143303180182 4477 
CLU_6399 3143302150042 5370 
CLU_6399 3143302219085 5707 
CLU_6399 3143309812032 8161 
CLU_6399 3143302149915 8964 
CLU_6399 3143307299079 5006 
CLU_6399 3143302150018 7444 
CLU_6399 3143302218984 7562 
CLU_6399 3143306065295 9237 
CLU_6399 3143302219069 2666 
CLU_6399 3143306629296 7762 
CLU_6399 3143302149923 8507 
CLU_6399 3143306065341 9185 
CLU_6399 3143306329705 9448 
CLU_6399 3143306297943 14363 
CLU_6399 3143307780621 7506 
CLU_6399 3143303180166 6296 
CLU_6399 3143302149893 6418 
CLU_6399 3143302150026 1424 
CLU_6399 3143300550108 9105 
CLU_6399 3143303413578 27757 
CLU_6399 3143306329632 5998 
CLU_6399 3143305212588 8897 
CLU_6399 3143309812083 7163 
CLU_6399 3143306023282 3858 
CLU_6399 3143302218968 7158 
CLU_6399 3143309772227 7139 
CLU_6399 3143302203480 2651 
CLU_6399 3143302150085 5006 
CLU_6399 3143300211826 3506 
CLU_6399 3143302149931 2674 
CLU_6399 3143309352511 7730 
CLU_6399 3143309251553 3070 
CLU_6399 3143305998220 3318 
CLU_6399 3143309690905 2588 
CLU_6399 3143307608756 8579 
CLU_6399 3143306409911 9105 
CLU_6399 3143307780907 3707 
CLU_6399 3143309936424 2241 
CLU_6399 3143309812075 7196 
CLU_6399 3143306301304 7163 
CLU_6399 3143303688100 7981 
CLU_6399 3143303180115 5307 
CLU_6399 3143305302854 4918 
CLU_6399 3143302219212 5875 
CLU_6399 3143302149958 5186 
CLU_6399 3143307951345 8994 
CLU_6399 3143302219077 2007 
CLU_6399 3143302219344 2666 
CLU_6399 3143307607660 8673 
CLU_6399 3143302150069 7180 
CLU_6399 3143307809131 10817 
CLU_6399 3143300186252 4003 
CLU_6399 3143304701852 6918 
CLU_6399 3143307836619 8161 
CLU_6399 3143305212545 430 
CLU_6399 3143302150077 8579 
CLU_6399 3143302150034 5875 
CLU_6399 3143302219409 45090 
CLU_6399 3143305212529 24416 
CLU_6399 3143302219379 45090 
CLU_6399 CLU_3233 31333 
CLU_6399 CLU_6117 46435 
CLU_6399 CLU_6299 15321 
CLU_6399 CLU_6301 21634 
CLU_6399 CLU_6381 20638 
CLU_6399 CLU_6398 9707 
CLU_6399 CLU_6409 42345 
CLU_6399 CLU_6410 21527 
CLU_6399 CLU_6411 18698 
CLU_6399 CLU_6412 18792 
CLU_6399 CLU_6414 39366 
CLU_6399 CLU_6415 43785 
CLU_6399 CLU_6417 59235 
CLU_6400 3143309772235 4952 
CLU_6400 3143309772251 4275 
CLU_6400 3143309812059 4725 
CLU_6400 3143305305063 4917 
CLU_6400 3143307781067 4343 
CLU_6400 3143309132481 3474 
CLU_6400 3143307831331 3211 
CLU_6400 3143300659134 1669 
CLU_6400 3143303180158 3442 
CLU_6400 3143307821506 4036 
CLU_6400 3143302150107 5144 
CLU_6400 3143309775978 4036 
CLU_6400 3143302219107 7594 
CLU_6400 3143302219352 5523 
CLU_6400 3143303180182 6322 
CLU_6400 3143302150042 5710 
CLU_6400 3143302219085 5993 
CLU_6400 3143309812032 2313 
CLU_6400 3143302149915 3318 
CLU_6400 3143307299079 7614 
CLU_6400 3143302150018 7440 
CLU_6400 3143302218984 6108 
CLU_6400 3143306065295 4367 
CLU_6400 3143302219069 8955 
CLU_6400 3143306629296 6675 
CLU_6400 3143302149923 5461 
CLU_6400 3143306065341 6516 
CLU_6400 3143306329705 4185 
CLU_6400 3143306297943 10337 
CLU_6400 3143307780621 2869 
CLU_6400 3143303180166 4036 
CLU_6400 3143302149893 5404 
CLU_6400 3143302150026 9059 
CLU_6400 3143300550108 6104 
CLU_6400 3143303413578 18845 
CLU_6400 3143306329632 8409 
CLU_6400 3143305212588 15670 
CLU_6400 3143309812083 2550 
CLU_6400 3143306023282 5654 
CLU_6400 3143302218968 4259 
CLU_6400 3143309772227 3474 
CLU_6400 3143302203480 6962 
CLU_6400 3143302150085 7614 
CLU_6400 3143300211826 9290 
CLU_6400 3143302149931 7310 
CLU_6400 3143309352511 4299 
CLU_6400 3143309251553 6812 
CLU_6400 3143305998220 7032 
CLU_6400 3143309690905 8361 
CLU_6400 3143307608756 7299 
CLU_6400 3143306409911 6104 
CLU_6400 3143307780907 8326 
CLU_6400 3143309936424 9087 
CLU_6400 3143309812075 2296 
CLU_6400 3143306301304 2550 
CLU_6400 3143303688100 1603 
CLU_6400 3143303180115 4275 
CLU_6400 3143305302854 5615 
CLU_6400 3143302219212 4565 
CLU_6400 3143302149958 6303 
CLU_6400 3143307951345 1828 
CLU_6400 3143302219077 7984 
CLU_6400 3143302219344 8955 
CLU_6400 3143307607660 5144 
CLU_6400 3143302150069 5956 
CLU_6400 3143307809131 4541 
CLU_6400 3143300186252 9424 
CLU_6400 3143304701852 2568 
CLU_6400 3143307836619 2313 
CLU_6400 3143305212545 9785 
CLU_6400 3143302150077 7299 
CLU_6400 3143302150034 7555 
CLU_6400 3143302219409 45562 
CLU_6400 3143305212529 27451 
CLU_6400 3143302219379 45562 
CLU_6400 CLU_3233 29182 
CLU_6400 CLU_6117 42278 
CLU_6400 CLU_6299 19277 
CLU_6400 CLU_6301 19551 
CLU_6400 CLU_6381 18026 
CLU_6400 CLU_6398 18632 
CLU_6400 CLU_6409 38546 
CLU_6400 CLU_6410 21554 
CLU_6400 CLU_6411 16124 
CLU_6400 CLU_6412 16046 
CLU_6400 CLU_6414 39599 
CLU_6400 CLU_6415 46803 
CLU_6400 CLU_6417 61504 
CLU_6401 3143309772235 3907 
CLU_6401 3143309772251 3389 
CLU_6401 3143309812059 3629 
CLU_6401 3143305305063 4193 
CLU_6401 3143307781067 3862 
CLU_6401 3143309132481 3114 
CLU_6401 3143307831331 2840 
CLU_6401 3143300659134 1006 
CLU_6401 3143303180158 2372 
CLU_6401 3143307821506 2938 
CLU_6401 3143302150107 4387 
CLU_6401 3143309775978 2938 
CLU_6401 3143302219107 6537 
CLU_6401 3143302219352 4432 
CLU_6401 3143303180182 5617 
CLU_6401 3143302150042 5119 
CLU_6401 3143302219085 5482 
CLU_6401 3143309812032 2236 
CLU_6401 3143302149915 3567 
CLU_6401 3143307299079 7030 
CLU_6401 3143302150018 7200 
CLU_6401 3143302218984 5931 
CLU_6401 3143306065295 4621 
CLU_6401 3143302219069 7855 
CLU_6401 3143306629296 6515 
CLU_6401 3143302149923 5489 
CLU_6401 3143306065341 6610 
CLU_6401 3143306329705 4505 
CLU_6401 3143306297943 10863 
CLU_6401 3143307780621 1837 
CLU_6401 3143303180166 2938 
CLU_6401 3143302149893 5006 
CLU_6401 3143302150026 8132 
CLU_6401 3143300550108 6211 
CLU_6401 3143303413578 19953 
CLU_6401 3143306329632 7348 
CLU_6401 3143305212588 15033 
CLU_6401 3143309812083 1914 
CLU_6401 3143306023282 4689 
CLU_6401 3143302218968 3262 
CLU_6401 3143309772227 3114 
CLU_6401 3143302203480 5911 
CLU_6401 3143302150085 7030 
CLU_6401 3143300211826 8182 
CLU_6401 3143302149931 6230 
CLU_6401 3143309352511 4176 
CLU_6401 3143309251553 5921 
CLU_6401 3143305998220 6204 
CLU_6401 3143309690905 7517 
CLU_6401 3143307608756 7242 
CLU_6401 3143306409911 6211 
CLU_6401 3143307780907 7218 
CLU_6401 3143309936424 8223 
CLU_6401 3143309812075 1289 
CLU_6401 3143306301304 1914 
CLU_6401 3143303688100 503 
CLU_6401 3143303180115 3389 
CLU_6401 3143305302854 4925 
CLU_6401 3143302219212 3965 
CLU_6401 3143302149958 5207 
CLU_6401 3143307951345 2170 
CLU_6401 3143302219077 7065 
CLU_6401 3143302219344 7855 
CLU_6401 3143307607660 4387 
CLU_6401 3143302150069 5713 
CLU_6401 3143307809131 5142 
CLU_6401 3143300186252 8316 
CLU_6401 3143304701852 1641 
CLU_6401 3143307836619 2236 
CLU_6401 3143305212545 8760 
CLU_6401 3143302150077 7242 
CLU_6401 3143302150034 7087 
CLU_6401 3143302219409 44989 
CLU_6401 3143305212529 26595 
CLU_6401 3143302219379 44989 
CLU_6401 CLU_3233 28846 
CLU_6401 CLU_6117 42244 
CLU_6401 CLU_6299 18314 
CLU_6401 CLU_6301 19996 
CLU_6401 CLU_6381 18517 
CLU_6401 CLU_6398 17537 
CLU_6401 CLU_6409 38454 
CLU_6401 CLU_6410 20926 
CLU_6401 CLU_6411 15726 
CLU_6401 CLU_6412 15668 
CLU_6401 CLU_6414 39037 
CLU_6401 CLU_6415 45998 
CLU_6401 CLU_6417 60782 
CLU_6402 3143309772235 6209 
CLU_6402 3143309772251 4950 
CLU_6402 3143309812059 6441 
CLU_6402 3143305305063 4801 
CLU_6402 3143307781067 3638 
CLU_6402 3143309132481 2886 
CLU_6402 3143307831331 2842 
CLU_6402 3143300659134 3368 
CLU_6402 3143303180158 6010 
CLU_6402 3143307821506 6365 
CLU_6402 3143302150107 8287 
CLU_6402 3143309775978 6365 
CLU_6402 3143302219107 10018 
CLU_6402 3143302219352 7067 
CLU_6402 3143303180182 5807 
CLU_6402 3143302150042 4921 
CLU_6402 3143302219085 4876 
CLU_6402 3143309812032 2168 
CLU_6402 3143302149915 1063 
CLU_6402 3143307299079 6469 
CLU_6402 3143302150018 5270 
CLU_6402 3143302218984 3955 
CLU_6402 3143306065295 1470 
CLU_6402 3143302219069 10367 
CLU_6402 3143306629296 4387 
CLU_6402 3143302149923 2884 
CLU_6402 3143306065341 3643 
CLU_6402 3143306329705 1170 
CLU_6402 3143306297943 7001 
CLU_6402 3143307780621 5614 
CLU_6402 3143303180166 6365 
CLU_6402 3143302149893 4071 
CLU_6402 3143302150026 9146 
CLU_6402 3143300550108 3244 
CLU_6402 3143303413578 17765 
CLU_6402 3143306329632 10791 
CLU_6402 3143305212588 14232 
CLU_6402 3143309812083 3368 
CLU_6402 3143306023282 6342 
CLU_6402 3143302218968 7024 
CLU_6402 3143309772227 2886 
CLU_6402 3143302203480 7988 
CLU_6402 3143302150085 6469 
CLU_6402 3143300211826 10934 
CLU_6402 3143302149931 8553 
CLU_6402 3143309352511 2525 
CLU_6402 3143309251553 6963 
CLU_6402 3143305998220 6878 
CLU_6402 3143309690905 8117 
CLU_6402 3143307608756 4685 
CLU_6402 3143306409911 3244 
CLU_6402 3143307780907 10076 
CLU_6402 3143309936424 8870 
CLU_6402 3143309812075 4189 
CLU_6402 3143306301304 3368 
CLU_6402 3143303688100 4134 
CLU_6402 3143303180115 4950 
CLU_6402 3143305302854 5195 
CLU_6402 3143302219212 4150 
CLU_6402 3143302149958 8486 
CLU_6402 3143307951345 1746 
CLU_6402 3143302219077 8130 
CLU_6402 3143302219344 10367 
CLU_6402 3143307607660 8287 
CLU_6402 3143302150069 4024 
CLU_6402 3143307809131 1243 
CLU_6402 3143300186252 11197 
CLU_6402 3143304701852 4090 
CLU_6402 3143307836619 2168 
CLU_6402 3143305212545 10402 
CLU_6402 3143302150077 4685 
CLU_6402 3143302150034 6039 
CLU_6402 3143302219409 48864 
CLU_6402 3143305212529 30418 
CLU_6402 3143302219379 48864 
CLU_6402 CLU_3233 32522 
CLU_6402 CLU_6117 45443 
CLU_6402 CLU_6299 21976 
CLU_6402 CLU_6301 16206 
CLU_6402 CLU_6381 14685 
CLU_6402 CLU_6398 19673 
CLU_6402 CLU_6409 41763 
CLU_6402 CLU_6410 24818 
CLU_6402 CLU_6411 19469 
CLU_6402 CLU_6412 19391 
CLU_6402 CLU_6414 42906 
CLU_6402 CLU_6415 49858 
CLU_6402 CLU_6417 64678 
CLU_6403 3143309772235 2323 
CLU_6403 3143309772251 3684 
CLU_6403 3143309812059 1867 
CLU_6403 3143305305063 4587 
CLU_6403 3143307781067 5572 
CLU_6403 3143309132481 5752 
CLU_6403 3143307831331 5655 
CLU_6403 3143300659134 5150 
CLU_6403 3143303180158 3066 
CLU_6403 3143307821506 2386 
CLU_6403 3143302150107 4164 
CLU_6403 3143309775978 2386 
CLU_6403 3143302219107 2149 
CLU_6403 3143302219352 1405 
CLU_6403 3143303180182 5170 
CLU_6403 3143302150042 5568 
CLU_6403 3143302219085 6126 
CLU_6403 3143309812032 6140 
CLU_6403 3143302149915 7457 
CLU_6403 3143307299079 6673 
CLU_6403 3143302150018 8440 
CLU_6403 3143302218984 7793 
CLU_6403 3143306065295 8204 
CLU_6403 3143302219069 2790 
CLU_6403 3143306629296 8263 
CLU_6403 3143302149923 8190 
CLU_6403 3143306065341 9240 
CLU_6403 3143306329705 8279 
CLU_6403 3143306297943 14415 
CLU_6403 3143307780621 3690 
CLU_6403 3143303180166 2386 
CLU_6403 3143302149893 6375 
CLU_6403 3143302150026 5064 
CLU_6403 3143300550108 8975 
CLU_6403 3143303413578 25222 
CLU_6403 3143306329632 2719 
CLU_6403 3143305212588 13079 
CLU_6403 3143309812083 4939 
CLU_6403 3143306023282 3009 
CLU_6403 3143302218968 2838 
CLU_6403 3143309772227 5752 
CLU_6403 3143302203480 2231 
CLU_6403 3143302150085 6673 
CLU_6403 3143300211826 2939 
CLU_6403 3143302149931 1872 
CLU_6403 3143309352511 6895 
CLU_6403 3143309251553 4013 
CLU_6403 3143305998220 4644 
CLU_6403 3143309690905 5315 
CLU_6403 3143307608756 9198 
CLU_6403 3143306409911 8975 
CLU_6403 3143307780907 1958 
CLU_6403 3143309936424 5656 
CLU_6403 3143309812075 4285 
CLU_6403 3143306301304 4939 
CLU_6403 3143303688100 4784 
CLU_6403 3143303180115 3684 
CLU_6403 3143305302854 4970 
CLU_6403 3143302219212 5121 
CLU_6403 3143302149958 703 
CLU_6403 3143307951345 6742 
CLU_6403 3143302219077 4384 
CLU_6403 3143302219344 2790 
CLU_6403 3143307607660 4164 
CLU_6403 3143302150069 7395 
CLU_6403 3143307809131 9440 
CLU_6403 3143300186252 3046 
CLU_6403 3143304701852 4259 
CLU_6403 3143307836619 6140 
CLU_6403 3143305212545 4603 
CLU_6403 3143302150077 9198 
CLU_6403 3143302150034 7317 
CLU_6403 3143302219409 42402 
CLU_6403 3143305212529 22703 
CLU_6403 3143302219379 42402 
CLU_6403 CLU_3233 27631 
CLU_6403 CLU_6117 42307 
CLU_6403 CLU_6299 13917 
CLU_6403 CLU_6301 22879 
CLU_6403 CLU_6381 21619 
CLU_6403 CLU_6398 12412 
CLU_6403 CLU_6409 38283 
CLU_6403 CLU_6410 18404 
CLU_6403 CLU_6411 14680 
CLU_6403 CLU_6412 14734 
CLU_6403 CLU_6414 36549 
CLU_6403 CLU_6415 42232 
CLU_6403 CLU_6417 57381 
CLU_6404 3143309772235 4278 
CLU_6404 3143309772251 5195 
CLU_6404 3143309812059 4659 
CLU_6404 3143305305063 5290 
CLU_6404 3143307781067 6506 
CLU_6404 3143309132481 7165 
CLU_6404 3143307831331 7220 
CLU_6404 3143300659134 7659 
CLU_6404 3143303180158 6494 
CLU_6404 3143307821506 5807 
CLU_6404 3143302150107 8014 
CLU_6404 3143309775978 5807 
CLU_6404 3143302219107 5165 
CLU_6404 3143302219352 3859 
CLU_6404 3143303180182 4769 
CLU_6404 3143302150042 5619 
CLU_6404 3143302219085 6017 
CLU_6404 3143309812032 8098 
CLU_6404 3143302149915 9018 
CLU_6404 3143307299079 5525 
CLU_6404 3143302150018 7917 
CLU_6404 3143302218984 7901 
CLU_6404 3143306065295 9384 
CLU_6404 3143302219069 1809 
CLU_6404 3143306629296 8155 
CLU_6404 3143302149923 8770 
CLU_6404 3143306065341 9528 
CLU_6404 3143306329705 9575 
CLU_6404 3143306297943 14763 
CLU_6404 3143307780621 7066 
CLU_6404 3143303180166 5807 
CLU_6404 3143302149893 6670 
CLU_6404 3143302150026 2144 
CLU_6404 3143300550108 9414 
CLU_6404 3143303413578 27721 
CLU_6404 3143306329632 5155 
CLU_6404 3143305212588 9747 
CLU_6404 3143309812083 7031 
CLU_6404 3143306023282 3742 
CLU_6404 3143302218968 6585 
CLU_6404 3143309772227 7165 
CLU_6404 3143302203480 2270 
CLU_6404 3143302150085 5525 
CLU_6404 3143300211826 2656 
CLU_6404 3143302149931 2089 
CLU_6404 3143309352511 7879 
CLU_6404 3143309251553 3259 
CLU_6404 3143305998220 3641 
CLU_6404 3143309690905 3182 
CLU_6404 3143307608756 9010 
CLU_6404 3143306409911 9414 
CLU_6404 3143307780907 2866 
CLU_6404 3143309936424 2973 
CLU_6404 3143309812075 6934 
CLU_6404 3143306301304 7031 
CLU_6404 3143303688100 7682 
CLU_6404 3143303180115 5195 
CLU_6404 3143305302854 5110 
CLU_6404 3143302219212 5967 
CLU_6404 3143302149958 4483 
CLU_6404 3143307951345 8906 
CLU_6404 3143302219077 2412 
CLU_6404 3143302219344 1809 
CLU_6404 3143307607660 8014 
CLU_6404 3143302150069 7506 
CLU_6404 3143307809131 10926 
CLU_6404 3143300186252 3154 
CLU_6404 3143304701852 6695 
CLU_6404 3143307836619 8098 
CLU_6404 3143305212545 767 
CLU_6404 3143302150077 9010 
CLU_6404 3143302150034 6384 
CLU_6404 3143302219409 44269 
CLU_6404 3143305212529 23663 
CLU_6404 3143302219379 44269 
CLU_6404 CLU_3233 30477 
CLU_6404 CLU_6117 45597 
CLU_6404 CLU_6299 14577 
CLU_6404 CLU_6301 22248 
CLU_6404 CLU_6381 21212 
CLU_6404 CLU_6398 9624 
CLU_6404 CLU_6409 41502 
CLU_6404 CLU_6410 20678 
CLU_6404 CLU_6411 17858 
CLU_6404 CLU_6412 17955 
CLU_6404 CLU_6414 38536 
CLU_6404 CLU_6415 43064 
CLU_6404 CLU_6417 58488 
CLU_6405 3143309772235 3410 
CLU_6405 3143309772251 2611 
CLU_6405 3143309812059 3348 
CLU_6405 3143305305063 3274 
CLU_6405 3143307781067 2859 
CLU_6405 3143309132481 2112 
CLU_6405 3143307831331 1839 
CLU_6405 3143300659134 0 
CLU_6405 3143303180158 2642 
CLU_6405 3143307821506 3023 
CLU_6405 3143302150107 5067 
CLU_6405 3143309775978 3023 
CLU_6405 3143302219107 6696 
CLU_6405 3143302219352 4097 
CLU_6405 3143303180182 4692 
CLU_6405 3143302150042 4144 
CLU_6405 3143302219085 4488 
CLU_6405 3143309812032 1382 
CLU_6405 3143302149915 2815 
CLU_6405 3143307299079 6058 
CLU_6405 3143302150018 6200 
CLU_6405 3143302218984 4944 
CLU_6405 3143306065295 3831 
CLU_6405 3143302219069 7542 
CLU_6405 3143306629296 5529 
CLU_6405 3143302149923 4567 
CLU_6405 3143306065341 5703 
CLU_6405 3143306329705 3760 
CLU_6405 3143306297943 10177 
CLU_6405 3143307780621 2283 
CLU_6405 3143303180166 3023 
CLU_6405 3143302149893 3999 
CLU_6405 3143302150026 7396 
CLU_6405 3143300550108 5314 
CLU_6405 3143303413578 20198 
CLU_6405 3143306329632 7485 
CLU_6405 3143305212588 14086 
CLU_6405 3143309812083 928 
CLU_6405 3143306023282 4014 
CLU_6405 3143302218968 3666 
CLU_6405 3143309772227 2112 
CLU_6405 3143302203480 5407 
CLU_6405 3143302150085 6058 
CLU_6405 3143300211826 7969 
CLU_6405 3143302149931 5819 
CLU_6405 3143309352511 3216 
CLU_6405 3143309251553 5143 
CLU_6405 3143305998220 5365 
CLU_6405 3143309690905 6692 
CLU_6405 3143307608756 6278 
CLU_6405 3143306409911 5314 
CLU_6405 3143307780907 7040 
CLU_6405 3143309936424 7417 
CLU_6405 3143309812075 868 
CLU_6405 3143306301304 928 
CLU_6405 3143303688100 897 
CLU_6405 3143303180115 2611 
CLU_6405 3143305302854 3990 
CLU_6405 3143302219212 2988 
CLU_6405 3143302149958 5224 
CLU_6405 3143307951345 1653 
CLU_6405 3143302219077 6319 
CLU_6405 3143302219344 7542 
CLU_6405 3143307607660 5067 
CLU_6405 3143302150069 4714 
CLU_6405 3143307809131 4597 
CLU_6405 3143300186252 8160 
CLU_6405 3143304701852 969 
CLU_6405 3143307836619 1382 
CLU_6405 3143305212545 8181 
CLU_6405 3143302150077 6278 
CLU_6405 3143302150034 6088 
CLU_6405 3143302219409 45711 
CLU_6405 3143305212529 27054 
CLU_6405 3143302219379 45711 
CLU_6405 CLU_3233 29716 
CLU_6405 CLU_6117 43217 
CLU_6405 CLU_6299 18622 
CLU_6405 CLU_6301 19228 
CLU_6405 CLU_6381 17782 
CLU_6405 CLU_6398 17160 
CLU_6405 CLU_6409 39413 
CLU_6405 CLU_6410 21620 
CLU_6405 CLU_6411 16576 
CLU_6405 CLU_6412 16529 
CLU_6405 CLU_6414 39768 
CLU_6405 CLU_6415 46506 
CLU_6405 CLU_6417 61374 
CLU_6406 3143309772235 2936 
CLU_6406 3143309772251 3422 
CLU_6406 3143309812059 2191 
CLU_6406 3143305305063 4567 
CLU_6406 3143307781067 4915 
CLU_6406 3143309132481 4561 
CLU_6406 3143307831331 4340 
CLU_6406 3143300659134 2928 
CLU_6406 3143303180158 398 
CLU_6406 3143307821506 917 
CLU_6406 3143302150107 2355 
CLU_6406 3143309775978 917 
CLU_6406 3143302219107 4035 
CLU_6406 3143302219352 2898 
CLU_6406 3143303180182 5808 
CLU_6406 3143302150042 5698 
CLU_6406 3143302219085 6209 
CLU_6406 3143309812032 4274 
CLU_6406 3143302149915 5722 
CLU_6406 3143307299079 7417 
CLU_6406 3143302150018 8359 
CLU_6406 3143302218984 7300 
CLU_6406 3143306065295 6701 
CLU_6406 3143302219069 5926 
CLU_6406 3143306629296 7869 
CLU_6406 3143302149923 7221 
CLU_6406 3143306065341 8368 
CLU_6406 3143306329705 6660 
CLU_6406 3143306297943 13078 
CLU_6406 3143307780621 702 
CLU_6406 3143303180166 917 
CLU_6406 3143302149893 6046 
CLU_6406 3143302150026 7293 
CLU_6406 3143300550108 8010 
CLU_6406 3143303413578 22278 
CLU_6406 3143306329632 4851 
CLU_6406 3143305212588 14952 
CLU_6406 3143309812083 3294 
CLU_6406 3143306023282 4036 
CLU_6406 3143302218968 740 
CLU_6406 3143309772227 4561 
CLU_6406 3143302203480 4567 
CLU_6406 3143302150085 7417 
CLU_6406 3143300211826 6063 
CLU_6406 3143302149931 4620 
CLU_6406 3143309352511 5813 
CLU_6406 3143309251553 5424 
CLU_6406 3143305998220 5919 
CLU_6406 3143309690905 7054 
CLU_6406 3143307608756 8730 
CLU_6406 3143306409911 8010 
CLU_6406 3143307780907 5077 
CLU_6406 3143309936424 7633 
CLU_6406 3143309812075 2205 
CLU_6406 3143306301304 3294 
CLU_6406 3143303688100 2175 
CLU_6406 3143303180115 3422 
CLU_6406 3143305302854 5260 
CLU_6406 3143302219212 4723 
CLU_6406 3143302149958 2878 
CLU_6406 3143307951345 4544 
CLU_6406 3143302219077 6332 
CLU_6406 3143302219344 5926 
CLU_6406 3143307607660 2355 
CLU_6406 3143302150069 6978 
CLU_6406 3143307809131 7520 
CLU_6406 3143300186252 6105 
CLU_6406 3143304701852 2490 
CLU_6406 3143307836619 4274 
CLU_6406 3143305212545 7400 
CLU_6406 3143302150077 8730 
CLU_6406 3143302150034 7761 
CLU_6406 3143302219409 42877 
CLU_6406 3143305212529 24134 
CLU_6406 3143302219379 42877 
CLU_6406 CLU_3233 27168 
CLU_6406 CLU_6117 41126 
CLU_6406 CLU_6299 15780 
CLU_6406 CLU_6301 22049 
CLU_6406 CLU_6381 20638 
CLU_6406 CLU_6398 15556 
CLU_6406 CLU_6409 37226 
CLU_6406 CLU_6410 18771 
CLU_6406 CLU_6411 14015 
CLU_6406 CLU_6412 13999 
CLU_6406 CLU_6414 36947 
CLU_6406 CLU_6415 43579 
CLU_6406 CLU_6417 58454 
CLU_6407 3143309772235 2989 
CLU_6407 3143309772251 1621 
CLU_6407 3143309812059 3555 
CLU_6407 3143305305063 1122 
CLU_6407 3143307781067 320 
CLU_6407 3143309132481 832 
CLU_6407 3143307831331 1005 
CLU_6407 3143300659134 2599 
CLU_6407 3143303180158 4203 
CLU_6407 3143307821506 4145 
CLU_6407 3143302150107 6950 
CLU_6407 3143309775978 4145 
CLU_6407 3143302219107 7332 
CLU_6407 3143302219352 3916 
CLU_6407 3143303180182 2302 
CLU_6407 3143302150042 1586 
CLU_6407 3143302219085 1888 
CLU_6407 3143309812032 2050 
CLU_6407 3143302149915 2628 
CLU_6407 3143307299079 3486 
CLU_6407 3143302150018 3784 
CLU_6407 3143302218984 2717 
CLU_6407 3143306065295 3049 
CLU_6407 3143302219069 6893 
CLU_6407 3143306629296 3278 
CLU_6407 3143302149923 2891 
CLU_6407 3143306065341 3977 
CLU_6407 3143306329705 3204 
CLU_6407 3143306297943 9109 
CLU_6407 3143307780621 4201 
CLU_6407 3143303180166 4145 
CLU_6407 3143302149893 1478 
CLU_6407 3143302150026 5502 
CLU_6407 3143300550108 3683 
CLU_6407 3143303413578 21435 
CLU_6407 3143306329632 8002 
CLU_6407 3143305212588 11543 
CLU_6407 3143309812083 1682 
CLU_6407 3143306023282 2770 
CLU_6407 3143302218968 5207 
CLU_6407 3143309772227 832 
CLU_6407 3143302203480 4445 
CLU_6407 3143302150085 3486 
CLU_6407 3143300211826 7558 
CLU_6407 3143302149931 5075 
CLU_6407 3143309352511 1612 
CLU_6407 3143309251553 3287 
CLU_6407 3143305998220 3255 
CLU_6407 3143309690905 4552 
CLU_6407 3143307608756 4160 
CLU_6407 3143306409911 3683 
CLU_6407 3143307780907 6801 
CLU_6407 3143309936424 5308 
CLU_6407 3143309812075 2648 
CLU_6407 3143306301304 1682 
CLU_6407 3143303688100 3338 
CLU_6407 3143303180115 1621 
CLU_6407 3143305302854 1612 
CLU_6407 3143302219212 498 
CLU_6407 3143302149958 5699 
CLU_6407 3143307951345 2904 
CLU_6407 3143302219077 4466 
CLU_6407 3143302219344 6893 
CLU_6407 3143307607660 6950 
CLU_6407 3143302150069 2384 
CLU_6407 3143307809131 4534 
CLU_6407 3143300186252 7887 
CLU_6407 3143304701852 2241 
CLU_6407 3143307836619 2050 
CLU_6407 3143305212545 6726 
CLU_6407 3143302150077 4160 
CLU_6407 3143302150034 3491 
CLU_6407 3143302219409 47302 
CLU_6407 3143305212529 27977 
CLU_6407 3143302219379 47302 
CLU_6407 CLU_3233 31763 
CLU_6407 CLU_6117 45593 
CLU_6407 CLU_6299 19223 
CLU_6407 CLU_6301 17708 
CLU_6407 CLU_6381 16387 
CLU_6407 CLU_6398 16009 
CLU_6407 CLU_6409 41737 
CLU_6407 CLU_6410 23200 
CLU_6407 CLU_6411 18610 
CLU_6407 CLU_6412 18593 
CLU_6407 CLU_6414 41396 
CLU_6407 CLU_6415 47502 
CLU_6407 CLU_6417 62580 
CLU_6408 3143309772235 6224 
CLU_6408 3143309772251 5073 
CLU_6408 3143309812059 6987 
CLU_6408 3143305305063 3954 
CLU_6408 3143307781067 3469 
CLU_6408 3143309132481 4087 
CLU_6408 3143307831331 4360 
CLU_6408 3143300659134 6200 
CLU_6408 3143303180158 7963 
CLU_6408 3143307821506 7826 
CLU_6408 3143302150107 10713 
CLU_6408 3143309775978 7826 
CLU_6408 3143302219107 10583 
CLU_6408 3143302219352 7065 
CLU_6408 3143303180182 3370 
CLU_6408 3143302150042 2879 
CLU_6408 3143302219085 2317 
CLU_6408 3143309812032 5127 
CLU_6408 3143302149915 4484 
CLU_6408 3143307299079 2454 
CLU_6408 3143302150018 0 
CLU_6408 3143302218984 1360 
CLU_6408 3143306065295 3818 
CLU_6408 3143302219069 9107 
CLU_6408 3143306629296 887 
CLU_6408 3143302149923 2406 
CLU_6408 3143306065341 2222 
CLU_6408 3143306329705 4130 
CLU_6408 3143306297943 6965 
CLU_6408 3143307780621 7985 
CLU_6408 3143303180166 7826 
CLU_6408 3143302149893 2313 
CLU_6408 3143302150026 6107 
CLU_6408 3143300550108 2405 
CLU_6408 3143303413578 21992 
CLU_6408 3143306329632 11134 
CLU_6408 3143305212588 9047 
CLU_6408 3143309812083 5364 
CLU_6408 3143306023282 5443 
CLU_6408 3143302218968 8935 
CLU_6408 3143309772227 4087 
CLU_6408 3143302203480 6803 
CLU_6408 3143302150085 2454 
CLU_6408 3143300211826 9941 
CLU_6408 3143302149931 7509 
CLU_6408 3143309352511 3154 
CLU_6408 3143309251553 4866 
CLU_6408 3143305998220 4333 
CLU_6408 3143309690905 4882 
CLU_6408 3143307608756 1212 
CLU_6408 3143306409911 2405 
CLU_6408 3143307780907 9439 
CLU_6408 3143309936424 5445 
CLU_6408 3143309812075 6413 
CLU_6408 3143306301304 5364 
CLU_6408 3143303688100 7034 
CLU_6408 3143303180115 5073 
CLU_6408 3143305302854 3470 
CLU_6408 3143302219212 3643 
CLU_6408 3143302149958 8984 
CLU_6408 3143307951345 5738 
CLU_6408 3143302219077 5505 
CLU_6408 3143302219344 9107 
CLU_6408 3143307607660 10713 
CLU_6408 3143302150069 1490 
CLU_6408 3143307809131 5220 
CLU_6408 3143300186252 10374 
CLU_6408 3143304701852 6016 
CLU_6408 3143307836619 5127 
CLU_6408 3143305212545 7874 
CLU_6408 3143302150077 1212 
CLU_6408 3143302150034 1593 
CLU_6408 3143302219409 50808 
CLU_6408 3143305212529 31024 
CLU_6408 3143302219379 50808 
CLU_6408 CLU_3233 35511 
CLU_6408 CLU_6117 49365 
CLU_6408 CLU_6299 22071 
CLU_6408 CLU_6301 14534 
CLU_6408 CLU_6381 13384 
CLU_6408 CLU_6398 16822 
CLU_6408 CLU_6409 45519 
CLU_6408 CLU_6410 26749 
CLU_6408 CLU_6411 22365 
CLU_6408 CLU_6412 22355 
CLU_6408 CLU_6414 44932 
CLU_6408 CLU_6415 50540 
CLU_6408 CLU_6417 65778 
CLU_6409 3143309772235 39844 
CLU_6409 3143309772251 40639 
CLU_6409 3143309812059 38996 
CLU_6409 3143305305063 41790 
CLU_6409 3143307781067 42051 
CLU_6409 3143309132481 41489 
CLU_6409 3143307831331 41225 
CLU_6409 3143300659134 39413 
CLU_6409 3143303180158 37624 
CLU_6409 3143307821506 37893 
CLU_6409 3143302150107 34909 
CLU_6409 3143309775978 37893 
CLU_6409 3143302219107 36423 
CLU_6409 3143302219352 39288 
CLU_6409 3143303180182 42955 
CLU_6409 3143302150042 42924 
CLU_6409 3143302219085 43435 
CLU_6409 3143309812032 40678 
CLU_6409 3143302149915 41862 
CLU_6409 3143307299079 44575 
CLU_6409 3143302150018 45519 
CLU_6409 3143302218984 44338 
CLU_6409 3143306065295 42913 
CLU_6409 3143302219069 39724 
CLU_6409 3143306629296 44923 
CLU_6409 3143302149923 43936 
CLU_6409 3143306065341 45036 
CLU_6409 3143306329705 42721 
CLU_6409 3143306297943 48384 
CLU_6409 3143307780621 37542 
CLU_6409 3143303180166 37893 
CLU_6409 3143302149893 43215 
CLU_6409 3143302150026 43254 
CLU_6409 3143300550108 44628 
CLU_6409 3143303413578 44957 
CLU_6409 3143306329632 36347 
CLU_6409 3143305212588 51234 
CLU_6409 3143309812083 40180 
CLU_6409 3143306023282 40918 
CLU_6409 3143302218968 36739 
CLU_6409 3143309772227 41489 
CLU_6409 3143302203480 40511 
CLU_6409 3143302150085 44575 
CLU_6409 3143300211826 38982 
CLU_6409 3143302149931 40043 
CLU_6409 3143309352511 42626 
CLU_6409 3143309251553 42187 
CLU_6409 3143305998220 42789 
CLU_6409 3143309690905 43597 
CLU_6409 3143307608756 45691 
CLU_6409 3143306409911 44628 
CLU_6409 3143307780907 38637 
CLU_6409 3143309936424 43917 
CLU_6409 3143309812075 39109 
CLU_6409 3143306301304 40180 
CLU_6409 3143303688100 38536 
CLU_6409 3143303180115 40639 
CLU_6409 3143305302854 42465 
CLU_6409 3143302219212 41929 
CLU_6409 3143302149958 37584 
CLU_6409 3143307951345 40371 
CLU_6409 3143302219077 42666 
CLU_6409 3143302219344 39724 
CLU_6409 3143307607660 34909 
CLU_6409 3143302150069 44072 
CLU_6409 3143307809131 42801 
CLU_6409 3143300186252 38525 
CLU_6409 3143304701852 39502 
CLU_6409 3143307836619 40678 
CLU_6409 3143305212545 42224 
CLU_6409 3143302150077 45691 
CLU_6409 3143302150034 44982 
CLU_6409 3143302219409 20206 
CLU_6409 3143305212529 27574 
CLU_6409 3143302219379 20206 
CLU_6409 CLU_3233 12104 
CLU_6409 CLU_6117 4305 
CLU_6409 CLU_6299 31917 
CLU_6409 CLU_6301 57549 
CLU_6409 CLU_6381 55888 
CLU_6409 CLU_6398 43762 
CLU_6409 CLU_6409 0 
CLU_6409 CLU_6410 22668 
CLU_6409 CLU_6411 23649 
CLU_6409 CLU_6412 23568 
CLU_6409 CLU_6414 17339 
CLU_6409 CLU_6415 31181 
CLU_6409 CLU_6417 37517 
CLU_6410 3143309772235 20527 
CLU_6410 3143309772251 21709 
CLU_6410 3143309812059 19765 
CLU_6410 3143305305063 22798 
CLU_6410 3143307781067 23513 
CLU_6410 3143309132481 23307 
CLU_6410 3143307831331 23099 
CLU_6410 3143300659134 21620 
CLU_6410 3143303180158 19127 
CLU_6410 3143307821506 19064 
CLU_6410 3143302150107 16558 
CLU_6410 3143309775978 19064 
CLU_6410 3143302219107 16266 
CLU_6410 3143302219352 19719 
CLU_6410 3143303180182 23568 
CLU_6410 3143302150042 23877 
CLU_6410 3143302219085 24438 
CLU_6410 3143309812032 23000 
CLU_6410 3143302149915 24433 
CLU_6410 3143307299079 25072 
CLU_6410 3143302150018 26749 
CLU_6410 3143302218984 25901 
CLU_6410 3143306065295 25447 
CLU_6410 3143302219069 18883 
CLU_6410 3143306629296 26435 
CLU_6410 3143302149923 25971 
CLU_6410 3143306065341 27112 
CLU_6410 3143306329705 25379 
CLU_6410 3143306297943 31783 
CLU_6410 3143307780621 19351 
CLU_6410 3143303180166 19064 
CLU_6410 3143302149893 24532 
CLU_6410 3143302150026 22722 
CLU_6410 3143300550108 26766 
CLU_6410 3143303413578 36221 
CLU_6410 3143306329632 15866 
CLU_6410 3143305212588 30226 
CLU_6410 3143309812083 22065 
CLU_6410 3143306023282 21398 
CLU_6410 3143302218968 18075 
CLU_6410 3143309772227 23307 
CLU_6410 3143302203480 20417 
CLU_6410 3143302150085 25072 
CLU_6410 3143300211826 18021 
CLU_6410 3143302149931 19792 
CLU_6410 3143309352511 24564 
CLU_6410 3143309251553 22371 
CLU_6410 3143305998220 23005 
CLU_6410 3143309690905 23414 
CLU_6410 3143307608756 27346 
CLU_6410 3143306409911 26766 
CLU_6410 3143307780907 18007 
CLU_6410 3143309936424 23505 
CLU_6410 3143309812075 20973 
CLU_6410 3143306301304 22065 
CLU_6410 3143303688100 20756 
CLU_6410 3143303180115 21709 
CLU_6410 3143305302854 23302 
CLU_6410 3143302219212 23189 
CLU_6410 3143302149958 17801 
CLU_6410 3143307951345 23097 
CLU_6410 3143302219077 22448 
CLU_6410 3143302219344 18883 
CLU_6410 3143307607660 16558 
CLU_6410 3143302150069 25536 
CLU_6410 3143307809131 26053 
CLU_6410 3143300186252 17524 
CLU_6410 3143304701852 21256 
CLU_6410 3143307836619 23000 
CLU_6410 3143305212545 21292 
CLU_6410 3143302150077 27346 
CLU_6410 3143302150034 25718 
CLU_6410 3143302219409 24109 
CLU_6410 3143305212529 8817 
CLU_6410 3143302219379 24109 
CLU_6410 CLU_3233 10649 
CLU_6410 CLU_6117 26969 
CLU_6410 CLU_6299 9271 
CLU_6410 CLU_6301 40821 
CLU_6410 CLU_6381 39399 
CLU_6410 CLU_6398 21176 
CLU_6410 CLU_6409 22668 
CLU_6410 CLU_6410 0 
CLU_6410 CLU_6411 6841 
CLU_6410 CLU_6412 7124 
CLU_6410 CLU_6414 18195 
CLU_6410 CLU_6415 26010 
CLU_6410 CLU_6417 40092 
CLU_6411 3143309772235 16392 
CLU_6411 3143309772251 17331 
CLU_6411 3143309812059 15554 
CLU_6411 3143305305063 18482 
CLU_6411 3143307781067 18930 
CLU_6411 3143309132481 18517 
CLU_6411 3143307831331 18274 
CLU_6411 3143300659134 16576 
CLU_6411 3143303180158 14408 
CLU_6411 3143307821506 14557 
CLU_6411 3143302150107 11660 
CLU_6411 3143309775978 14557 
CLU_6411 3143302219107 12776 
CLU_6411 3143302219352 15760 
CLU_6411 3143303180182 19533 
CLU_6411 3143302150042 19617 
CLU_6411 3143302219085 20155 
CLU_6411 3143309812032 17938 
CLU_6411 3143302149915 19290 
CLU_6411 3143307299079 21140 
CLU_6411 3143302150018 22365 
CLU_6411 3143302218984 21309 
CLU_6411 3143306065295 20347 
CLU_6411 3143302219069 16089 
CLU_6411 3143306629296 21882 
CLU_6411 3143302149923 21127 
CLU_6411 3143306065341 22271 
CLU_6411 3143306329705 20220 
CLU_6411 3143306297943 26454 
CLU_6411 3143307780621 14454 
CLU_6411 3143303180166 14557 
CLU_6411 3143302149893 20056 
CLU_6411 3143302150026 19610 
CLU_6411 3143300550108 21888 
CLU_6411 3143303413578 29444 
CLU_6411 3143306329632 12702 
CLU_6411 3143305212588 27585 
CLU_6411 3143309812083 17206 
CLU_6411 3143306023282 17427 
CLU_6411 3143302218968 13431 
CLU_6411 3143309772227 18517 
CLU_6411 3143302203480 16897 
CLU_6411 3143302150085 21140 
CLU_6411 3143300211826 15370 
CLU_6411 3143302149931 16408 
CLU_6411 3143309352511 19740 
CLU_6411 3143309251553 18640 
CLU_6411 3143305998220 19256 
CLU_6411 3143309690905 19992 
CLU_6411 3143307608756 22730 
CLU_6411 3143306409911 21888 
CLU_6411 3143307780907 14992 
CLU_6411 3143309936424 20285 
CLU_6411 3143309812075 16095 
CLU_6411 3143306301304 17206 
CLU_6411 3143303688100 15679 
CLU_6411 3143303180115 17331 
CLU_6411 3143305302854 19109 
CLU_6411 3143302219212 18722 
CLU_6411 3143302149958 13988 
CLU_6411 3143307951345 17844 
CLU_6411 3143302219077 19050 
CLU_6411 3143302219344 16089 
CLU_6411 3143307607660 11660 
CLU_6411 3143302150069 20993 
CLU_6411 3143307809131 20656 
CLU_6411 3143300186252 14925 
CLU_6411 3143304701852 16449 
CLU_6411 3143307836619 17938 
CLU_6411 3143305212545 18586 
CLU_6411 3143302150077 22730 
CLU_6411 3143302150034 21630 
CLU_6411 3143302219409 29728 
CLU_6411 3143305212529 15302 
CLU_6411 3143302219379 29728 
CLU_6411 CLU_3233 13155 
CLU_6411 CLU_6117 27740 
CLU_6411 CLU_6299 11986 
CLU_6411 CLU_6301 35675 
CLU_6411 CLU_6381 34147 
CLU_6411 CLU_6398 21472 
CLU_6411 CLU_6409 23649 
CLU_6411 CLU_6410 6841 
CLU_6411 CLU_6411 0 
CLU_6411 CLU_6412 328 
CLU_6411 CLU_6414 23754 
CLU_6411 CLU_6415 32753 
CLU_6411 CLU_6417 46452 
CLU_6412 3143309772235 16414 
CLU_6412 3143309772251 17333 
CLU_6412 3143309812059 15572 
CLU_6412 3143305305063 18485 
CLU_6412 3143307781067 18913 
CLU_6412 3143309132481 18486 
CLU_6412 3143307831331 18240 
CLU_6412 3143300659134 16529 
CLU_6412 3143303180158 14394 
CLU_6412 3143307821506 14559 
CLU_6412 3143302150107 11644 
CLU_6412 3143309775978 14559 
CLU_6412 3143302219107 12855 
CLU_6412 3143302219352 15795 
CLU_6412 3143303180182 19552 
CLU_6412 3143302150042 19621 
CLU_6412 3143302219085 20157 
CLU_6412 3143309812032 17886 
CLU_6412 3143302149915 19229 
CLU_6412 3143307299079 21162 
CLU_6412 3143302150018 22355 
CLU_6412 3143302218984 21287 
CLU_6412 3143306065295 20288 
CLU_6412 3143302219069 16193 
CLU_6412 3143306629296 21861 
CLU_6412 3143302149923 21087 
CLU_6412 3143306065341 22229 
CLU_6412 3143306329705 20156 
CLU_6412 3143306297943 26368 
CLU_6412 3143307780621 14426 
CLU_6412 3143303180166 14559 
CLU_6412 3143302149893 20044 
CLU_6412 3143302150026 19685 
CLU_6412 3143300550108 21843 
CLU_6412 3143303413578 29193 
CLU_6412 3143306329632 12801 
CLU_6412 3143305212588 27671 
CLU_6412 3143309812083 17172 
CLU_6412 3143306023282 17456 
CLU_6412 3143302218968 13427 
CLU_6412 3143309772227 18486 
CLU_6412 3143302203480 16956 
CLU_6412 3143302150085 21162 
CLU_6412 3143300211826 15484 
CLU_6412 3143302149931 16477 
CLU_6412 3143309352511 19703 
CLU_6412 3143309251553 18681 
CLU_6412 3143305998220 19294 
CLU_6412 3143309690905 20049 
CLU_6412 3143307608756 22703 
CLU_6412 3143306409911 21843 
CLU_6412 3143307780907 15088 
CLU_6412 3143309936424 20352 
CLU_6412 3143309812075 16063 
CLU_6412 3143306301304 17172 
CLU_6412 3143303688100 15632 
CLU_6412 3143303180115 17333 
CLU_6412 3143305302854 19118 
CLU_6412 3143302219212 18713 
CLU_6412 3143302149958 14040 
CLU_6412 3143307951345 17777 
CLU_6412 3143302219077 19111 
CLU_6412 3143302219344 16193 
CLU_6412 3143307607660 11644 
CLU_6412 3143302150069 20975 
CLU_6412 3143307809131 20571 
CLU_6412 3143300186252 15044 
CLU_6412 3143304701852 16421 
CLU_6412 3143307836619 17886 
CLU_6412 3143305212545 18687 
CLU_6412 3143302150077 22703 
CLU_6412 3143302150034 21641 
CLU_6412 3143302219409 29883 
CLU_6412 3143305212529 15616 
CLU_6412 3143302219379 29883 
CLU_6412 CLU_3233 13188 
CLU_6412 CLU_6117 27642 
CLU_6412 CLU_6299 12297 
CLU_6412 CLU_6301 35596 
CLU_6412 CLU_6381 34061 
CLU_6412 CLU_6398 21697 
CLU_6412 CLU_6409 23568 
CLU_6412 CLU_6410 7124 
CLU_6412 CLU_6411 328 
CLU_6412 CLU_6412 0 
CLU_6412 CLU_6414 23911 
CLU_6412 CLU_6415 33006 
CLU_6412 CLU_6417 46658 
CLU_6413 3143309772235 44584 
CLU_6413 3143309772251 45795 
CLU_6413 3143309812059 43841 
CLU_6413 3143305305063 46868 
CLU_6413 3143307781067 47614 
CLU_6413 3143309132481 47416 
CLU_6413 3143307831331 47208 
CLU_6413 3143300659134 45711 
CLU_6413 3143303180158 43235 
CLU_6413 3143307821506 43170 
CLU_6413 3143302150107 40644 
CLU_6413 3143309775978 43170 
CLU_6413 3143302219107 40253 
CLU_6413 3143302219352 43750 
CLU_6413 3143303180182 47572 
CLU_6413 3143302150042 47930 
CLU_6413 3143302219085 48492 
CLU_6413 3143309812032 47093 
CLU_6413 3143302149915 48519 
CLU_6413 3143307299079 49028 
CLU_6413 3143302150018 50808 
CLU_6413 3143302218984 49996 
CLU_6413 3143306065295 49541 
CLU_6413 3143302219069 42537 
CLU_6413 3143306629296 50523 
CLU_6413 3143302149923 50081 
CLU_6413 3143306065341 51221 
CLU_6413 3143306329705 49465 
CLU_6413 3143306297943 55852 
CLU_6413 3143307780621 43450 
CLU_6413 3143303180166 43170 
CLU_6413 3143302149893 48617 
CLU_6413 3143302150026 46389 
CLU_6413 3143300550108 50875 
CLU_6413 3143303413578 58076 
CLU_6413 3143306329632 39778 
CLU_6413 3143305212588 53352 
CLU_6413 3143309812083 46172 
CLU_6413 3143306023282 45410 
CLU_6413 3143302218968 42183 
CLU_6413 3143309772227 47416 
CLU_6413 3143302203480 44316 
CLU_6413 3143302150085 49028 
CLU_6413 3143300211826 41649 
CLU_6413 3143302149931 43658 
CLU_6413 3143309352511 48674 
CLU_6413 3143309251553 46301 
CLU_6413 3143305998220 46930 
CLU_6413 3143309690905 47206 
CLU_6413 3143307608756 51439 
CLU_6413 3143306409911 50875 
CLU_6413 3143307780907 41791 
CLU_6413 3143309936424 47202 
CLU_6413 3143309812075 45077 
CLU_6413 3143306301304 46172 
CLU_6413 3143303688100 44840 
CLU_6413 3143303180115 45795 
CLU_6413 3143305302854 47346 
CLU_6413 3143302219212 47279 
CLU_6413 3143302149958 41829 
CLU_6413 3143307951345 47158 
CLU_6413 3143302219077 46252 
CLU_6413 3143302219344 42537 
CLU_6413 3143307607660 40644 
CLU_6413 3143302150069 49626 
CLU_6413 3143307809131 50090 
CLU_6413 3143300186252 41151 
CLU_6413 3143304701852 45364 
CLU_6413 3143307836619 47093 
CLU_6413 3143305212545 44797 
CLU_6413 3143302150077 51439 
CLU_6413 3143302150034 49713 
CLU_6413 3143302219409 0 
CLU_6413 3143305212529 21723 
CLU_6413 3143302219379 0 
CLU_6413 CLU_3233 18342 
CLU_6413 CLU_6117 22354 
CLU_6413 CLU_6299 30311 
CLU_6413 CLU_6301 64926 
CLU_6413 CLU_6381 63493 
CLU_6413 CLU_6398 41996 
CLU_6413 CLU_6409 20206 
CLU_6413 CLU_6410 24109 
CLU_6413 CLU_6411 29728 
CLU_6413 CLU_6412 29883 
CLU_6413 CLU_6414 5975 
CLU_6413 CLU_6415 12377 
CLU_6413 CLU_6417 18127 
CLU_6414 3143309772235 38707 
CLU_6414 3143309772251 39902 
CLU_6414 3143309812059 37954 
CLU_6414 3143305305063 40985 
CLU_6414 3143307781067 41709 
CLU_6414 3143309132481 41494 
CLU_6414 3143307831331 41283 
CLU_6414 3143300659134 39768 
CLU_6414 3143303180158 37308 
CLU_6414 3143307821506 37258 
CLU_6414 3143302150107 34701 
CLU_6414 3143309775978 37258 
CLU_6414 3143302219107 34402 
CLU_6414 3143302219352 37885 
CLU_6414 3143303180182 41720 
CLU_6414 3143302150042 42056 
CLU_6414 3143302219085 42618 
CLU_6414 3143309812032 41151 
CLU_6414 3143302149915 42573 
CLU_6414 3143307299079 43195 
CLU_6414 3143302150018 44932 
CLU_6414 3143302218984 44096 
CLU_6414 3143306065295 43600 
CLU_6414 3143302219069 36784 
CLU_6414 3143306629296 44629 
CLU_6414 3143302149923 44159 
CLU_6414 3143306065341 45301 
CLU_6414 3143306329705 43519 
CLU_6414 3143306297943 49898 
CLU_6414 3143307780621 37513 
CLU_6414 3143303180166 37258 
CLU_6414 3143302149893 42725 
CLU_6414 3143302150026 40641 
CLU_6414 3143300550108 44952 
CLU_6414 3143303413578 52249 
CLU_6414 3143306329632 33950 
CLU_6414 3143305212588 47758 
CLU_6414 3143309812083 40242 
CLU_6414 3143306023282 39554 
CLU_6414 3143302218968 36259 
CLU_6414 3143309772227 41494 
CLU_6414 3143302203480 38498 
CLU_6414 3143302150085 43195 
CLU_6414 3143300211826 35899 
CLU_6414 3143302149931 37849 
CLU_6414 3143309352511 42751 
CLU_6414 3143309251553 40476 
CLU_6414 3143305998220 41107 
CLU_6414 3143309690905 41424 
CLU_6414 3143307608756 45541 
CLU_6414 3143306409911 44952 
CLU_6414 3143307780907 36003 
CLU_6414 3143309936424 41447 
CLU_6414 3143309812075 39144 
CLU_6414 3143306301304 40242 
CLU_6414 3143303688100 38894 
CLU_6414 3143303180115 39902 
CLU_6414 3143305302854 41477 
CLU_6414 3143302219212 41384 
CLU_6414 3143302149958 35964 
CLU_6414 3143307951345 41205 
CLU_6414 3143302219077 40466 
CLU_6414 3143302219344 36784 
CLU_6414 3143307607660 34701 
CLU_6414 3143302150069 43730 
CLU_6414 3143307809131 44131 
CLU_6414 3143300186252 35401 
CLU_6414 3143304701852 39437 
CLU_6414 3143307836619 41151 
CLU_6414 3143305212545 39086 
CLU_6414 3143302150077 45541 
CLU_6414 3143302150034 43866 
CLU_6414 3143302219409 5975 
CLU_6414 3143305212529 16720 
CLU_6414 3143302219379 5975 
CLU_6414 CLU_3233 12765 
CLU_6414 CLU_6117 20418 
CLU_6414 CLU_6299 24863 
CLU_6414 CLU_6301 58991 
CLU_6414 CLU_6381 57548 
CLU_6414 CLU_6398 36810 
CLU_6414 CLU_6409 17339 
CLU_6414 CLU_6410 18195 
CLU_6414 CLU_6411 23754 
CLU_6414 CLU_6412 23911 
CLU_6414 CLU_6414 0 
CLU_6414 CLU_6415 13895 
CLU_6414 CLU_6417 23498 
CLU_6415 3143309772235 44550 
CLU_6415 3143309772251 45891 
CLU_6415 3143309812059 43950 
CLU_6415 3143305305063 46814 
CLU_6415 3143307781067 47784 
CLU_6415 3143309132481 47826 
CLU_6415 3143307831331 47671 
CLU_6415 3143300659134 46506 
CLU_6415 3143303180158 43872 
CLU_6415 3143307821506 43614 
CLU_6415 3143302150107 41658 
CLU_6415 3143309775978 43614 
CLU_6415 3143302219107 40170 
CLU_6415 3143302219352 43638 
CLU_6415 3143303180182 47171 
CLU_6415 3143302150042 47733 
CLU_6415 3143302219085 48276 
CLU_6415 3143309812032 47828 
CLU_6415 3143302149915 49273 
CLU_6415 3143307299079 48397 
CLU_6415 3143302150018 50540 
CLU_6415 3143302218984 50018 
CLU_6415 3143306065295 50192 
CLU_6415 3143302219069 41554 
CLU_6415 3143306629296 50467 
CLU_6415 3143302149923 50393 
CLU_6415 3143306065341 51467 
CLU_6415 3143306329705 50192 
CLU_6415 3143306297943 56555 
CLU_6415 3143307780621 44243 
CLU_6415 3143303180166 43614 
CLU_6415 3143302149893 48601 
CLU_6415 3143302150026 45194 
CLU_6415 3143300550108 51186 
CLU_6415 3143303413578 62198 
CLU_6415 3143306329632 39515 
CLU_6415 3143305212588 50947 
CLU_6415 3143309812083 46737 
CLU_6415 3143306023282 45142 
CLU_6415 3143302218968 42840 
CLU_6415 3143309772227 47826 
CLU_6415 3143302203480 43742 
CLU_6415 3143302150085 48397 
CLU_6415 3143300211826 40680 
CLU_6415 3143302149931 43038 
CLU_6415 3143309352511 49045 
CLU_6415 3143309251553 45714 
CLU_6415 3143305998220 46300 
CLU_6415 3143309690905 46223 
CLU_6415 3143307608756 51402 
CLU_6415 3143306409911 51186 
CLU_6415 3143307780907 41104 
CLU_6415 3143309936424 46021 
CLU_6415 3143309812075 45736 
CLU_6415 3143306301304 46737 
CLU_6415 3143303688100 45724 
CLU_6415 3143303180115 45891 
CLU_6415 3143305302854 47127 
CLU_6415 3143302219212 47351 
CLU_6415 3143302149958 41803 
CLU_6415 3143307951345 48112 
CLU_6415 3143302219077 45347 
CLU_6415 3143302219344 41554 
CLU_6415 3143307607660 41658 
CLU_6415 3143302150069 49616 
CLU_6415 3143307809131 51098 
CLU_6415 3143300186252 40219 
CLU_6415 3143304701852 45930 
CLU_6415 3143307836619 47828 
CLU_6415 3143305212545 43417 
CLU_6415 3143302150077 51402 
CLU_6415 3143302150034 49195 
CLU_6415 3143302219409 12377 
CLU_6415 3143305212529 19529 
CLU_6415 3143302219379 12377 
CLU_6415 CLU_3233 25250 
CLU_6415 CLU_6117 33994 
CLU_6415 CLU_6299 28507 
CLU_6415 CLU_6301 65070 
CLU_6415 CLU_6381 63848 
CLU_6415 CLU_6398 38205 
CLU_6415 CLU_6409 31181 
CLU_6415 CLU_6410 26010 
CLU_6415 CLU_6411 32753 
CLU_6415 CLU_6412 33006 
CLU_6415 CLU_6414 13895 
CLU_6415 CLU_6415 0 
CLU_6415 CLU_6417 15730 
CLU_6416 3143309772235 25021 
CLU_6416 3143309772251 26364 
CLU_6416 3143309812059 24427 
CLU_6416 3143305305063 27284 
CLU_6416 3143307781067 28258 
CLU_6416 3143309132481 28314 
CLU_6416 3143307831331 28164 
CLU_6416 3143300659134 27054 
CLU_6416 3143303180158 24413 
CLU_6416 3143307821506 24125 
CLU_6416 3143302150107 22317 
CLU_6416 3143309775978 24125 
CLU_6416 3143302219107 20647 
CLU_6416 3143302219352 24108 
CLU_6416 3143303180182 27657 
CLU_6416 3143302150042 28208 
CLU_6416 3143302219085 28753 
CLU_6416 3143309812032 28356 
CLU_6416 3143302149915 29795 
CLU_6416 3143307299079 28914 
CLU_6416 3143302150018 31024 
CLU_6416 3143302218984 30489 
CLU_6416 3143306065295 30696 
CLU_6416 3143302219069 22093 
CLU_6416 3143306629296 30940 
CLU_6416 3143302149923 30868 
CLU_6416 3143306065341 31939 
CLU_6416 3143306329705 30707 
CLU_6416 3143306297943 37045 
CLU_6416 3143307780621 24810 
CLU_6416 3143303180166 24125 
CLU_6416 3143302149893 29071 
CLU_6416 3143302150026 25805 
CLU_6416 3143300550108 31661 
CLU_6416 3143303413578 43962 
CLU_6416 3143306329632 19985 
CLU_6416 3143305212588 32090 
CLU_6416 3143309812083 27247 
CLU_6416 3143306023282 25616 
CLU_6416 3143302218968 23394 
CLU_6416 3143309772227 28314 
CLU_6416 3143302203480 24234 
CLU_6416 3143302150085 28914 
CLU_6416 3143300211826 21211 
CLU_6416 3143302149931 23532 
CLU_6416 3143309352511 29526 
CLU_6416 3143309251553 26215 
CLU_6416 3143305998220 26808 
CLU_6416 3143309690905 26792 
CLU_6416 3143307608756 31874 
CLU_6416 3143306409911 31661 
CLU_6416 3143307780907 21598 
CLU_6416 3143309936424 26635 
CLU_6416 3143309812075 26266 
CLU_6416 3143306301304 27247 
CLU_6416 3143303688100 26297 
CLU_6416 3143303180115 26364 
CLU_6416 3143305302854 27602 
CLU_6416 3143302219212 27822 
CLU_6416 3143302149958 22278 
CLU_6416 3143307951345 28678 
CLU_6416 3143302219077 25895 
CLU_6416 3143302219344 22093 
CLU_6416 3143307607660 22317 
CLU_6416 3143302150069 30087 
CLU_6416 3143307809131 31652 
CLU_6416 3143300186252 20741 
CLU_6416 3143304701852 26445 
CLU_6416 3143307836619 28356 
CLU_6416 3143305212545 24066 
CLU_6416 3143302150077 31874 
CLU_6416 3143302150034 29699 
CLU_6416 3143302219409 21723 
CLU_6416 3143305212529 0 
CLU_6416 3143302219379 21723 
CLU_6416 CLU_3233 15948 
CLU_6416 CLU_6117 31770 
CLU_6416 CLU_6299 9100 
CLU_6416 CLU_6301 45548 
CLU_6416 CLU_6381 44319 
CLU_6416 CLU_6398 20278 
CLU_6416 CLU_6409 27574 
CLU_6416 CLU_6410 8817 
CLU_6416 CLU_6411 15302 
CLU_6416 CLU_6412 15616 
CLU_6416 CLU_6414 16720 
CLU_6416 CLU_6415 19529 
CLU_6416 CLU_6417 34825 
CLU_6417 3143309772235 59678 
CLU_6417 3143309772251 60989 
CLU_6417 3143309812059 59028 
CLU_6417 3143305305063 61965 
CLU_6417 3143307781067 62873 
CLU_6417 3143309132481 62838 
CLU_6417 3143307831331 62664 
CLU_6417 3143300659134 61374 
CLU_6417 3143303180158 58773 
CLU_6417 3143307821506 58579 
CLU_6417 3143302150107 56399 
CLU_6417 3143309775978 58579 
CLU_6417 3143302219107 55272 
CLU_6417 3143302219352 58781 
CLU_6417 3143303180182 62424 
CLU_6417 3143302150042 62933 
CLU_6417 3143302219085 63485 
CLU_6417 3143309812032 62728 
CLU_6417 3143302149915 64177 
CLU_6417 3143307299079 63719 
CLU_6417 3143302150018 65778 
CLU_6417 3143302218984 65168 
CLU_6417 3143306065295 65139 
CLU_6417 3143302219069 56915 
CLU_6417 3143306629296 65644 
CLU_6417 3143302149923 65455 
CLU_6417 3143306065341 66557 
CLU_6417 3143306329705 65113 
CLU_6417 3143306297943 71523 
CLU_6417 3143307780621 59091 
CLU_6417 3143303180166 58579 
CLU_6417 3143302149893 63753 
CLU_6417 3143302150026 60629 
CLU_6417 3143300550108 66254 
CLU_6417 3143303413578 75546 
CLU_6417 3143306329632 54664 
CLU_6417 3143305212588 66607 
CLU_6417 3143309812083 61688 
CLU_6417 3143306023282 60343 
CLU_6417 3143302218968 57724 
CLU_6417 3143309772227 62838 
CLU_6417 3143302203480 59016 
CLU_6417 3143302150085 63719 
CLU_6417 3143300211826 56030 
CLU_6417 3143302149931 58319 
CLU_6417 3143309352511 64078 
CLU_6417 3143309251553 61007 
CLU_6417 3143305998220 61608 
CLU_6417 3143309690905 61617 
CLU_6417 3143307608756 66579 
CLU_6417 3143306409911 66254 
CLU_6417 3143307780907 56387 
CLU_6417 3143309936424 61458 
CLU_6417 3143309812075 60646 
CLU_6417 3143306301304 61688 
CLU_6417 3143303688100 60553 
CLU_6417 3143303180115 60989 
CLU_6417 3143305302854 62329 
CLU_6417 3143302219212 62468 
CLU_6417 3143302149958 56904 
CLU_6417 3143307951345 62935 
CLU_6417 3143302219077 60717 
CLU_6417 3143302219344 56915 
CLU_6417 3143307607660 56399 
CLU_6417 3143302150069 64774 
CLU_6417 3143307809131 65922 
CLU_6417 3143300186252 55556 
CLU_6417 3143304701852 60874 
CLU_6417 3143307836619 62728 
CLU_6417 3143305212545 58880 
CLU_6417 3143302150077 66579 
CLU_6417 3143302150034 64492 
CLU_6417 3143302219409 18127 
CLU_6417 3143305212529 34825 
CLU_6417 3143302219379 18127 
CLU_6417 CLU_3233 36253 
CLU_6417 CLU_6117 38753 
CLU_6417 CLU_6299 43913 
CLU_6417 CLU_6301 80259 
CLU_6417 CLU_6381 78967 
CLU_6417 CLU_6398 53932 
CLU_6417 CLU_6409 37517 
CLU_6417 CLU_6410 40092 
CLU_6417 CLU_6411 46452 
CLU_6417 CLU_6412 46658 
CLU_6417 CLU_6414 23498 
CLU_6417 CLU_6415 15730 
CLU_6417 CLU_6417 0 
CLU_6418 3143309772235 27819 
CLU_6418 3143309772251 29119 
CLU_6418 3143309812059 27155 
CLU_6418 3143305305063 30111 
CLU_6418 3143307781067 30999 
CLU_6418 3143309132481 30954 
CLU_6418 3143307831331 30779 
CLU_6418 3143300659134 29505 
CLU_6418 3143303180158 26895 
CLU_6418 3143307821506 26695 
CLU_6418 3143302150107 24567 
CLU_6418 3143309775978 26695 
CLU_6418 3143302219107 23413 
CLU_6418 3143302219352 26931 
CLU_6418 3143303180182 30628 
CLU_6418 3143302150042 31100 
CLU_6418 3143302219085 31656 
CLU_6418 3143309812032 30853 
CLU_6418 3143302149915 32302 
CLU_6418 3143307299079 31980 
CLU_6418 3143302150018 33962 
CLU_6418 3143302218984 33309 
CLU_6418 3143306065295 33258 
CLU_6418 3143302219069 25269 
CLU_6418 3143306629296 33794 
CLU_6418 3143302149923 33574 
CLU_6418 3143306065341 34680 
CLU_6418 3143306329705 33236 
CLU_6418 3143306297943 39642 
CLU_6418 3143307780621 27225 
CLU_6418 3143303180166 26695 
CLU_6418 3143302149893 31897 
CLU_6418 3143302150026 29072 
CLU_6418 3143300550108 34374 
CLU_6418 3143303413578 45133 
CLU_6418 3143306329632 22829 
CLU_6418 3143305212588 35732 
CLU_6418 3143309812083 29805 
CLU_6418 3143306023282 28519 
CLU_6418 3143302218968 25849 
CLU_6418 3143309772227 30954 
CLU_6418 3143302203480 27253 
CLU_6418 3143302150085 31980 
CLU_6418 3143300211826 24376 
CLU_6418 3143302149931 26566 
CLU_6418 3143309352511 32195 
CLU_6418 3143309251553 29252 
CLU_6418 3143305998220 29865 
CLU_6418 3143309690905 29982 
CLU_6418 3143307608756 34728 
CLU_6418 3143306409911 34374 
CLU_6418 3143307780907 24647 
CLU_6418 3143309936424 29897 
CLU_6418 3143309812075 28768 
CLU_6418 3143306301304 29805 
CLU_6418 3143303688100 28694 
CLU_6418 3143303180115 29119 
CLU_6418 3143305302854 30499 
CLU_6418 3143302219212 30601 
CLU_6418 3143302149958 25041 
CLU_6418 3143307951345 31080 
CLU_6418 3143302219077 29054 
CLU_6418 3143302219344 25269 
CLU_6418 3143307607660 24567 
CLU_6418 3143302150069 32918 
CLU_6418 3143307809131 34070 
CLU_6418 3143300186252 23889 
CLU_6418 3143304701852 28992 
CLU_6418 3143307836619 30853 
CLU_6418 3143305212545 27398 
CLU_6418 3143302150077 34728 
CLU_6418 3143302150034 32727 
CLU_6418 3143302219409 17726 
CLU_6418 3143305212529 4223 
CLU_6418 3143302219379 17726 
CLU_6418 CLU_3233 12929 
CLU_6418 CLU_6117 28098 
CLU_6418 CLU_6299 12632 
CLU_6418 CLU_6301 48398 
CLU_6418 CLU_6381 47089 
CLU_6418 CLU_6398 24315 
CLU_6418 CLU_6409 23990 
CLU_6418 CLU_6410 8931 
CLU_6418 CLU_6411 15768 
CLU_6418 CLU_6412 16046 
CLU_6418 CLU_6414 12540 
CLU_6418 CLU_6415 17213 
CLU_6418 CLU_6417 31884 
CLU_6419 3143309772235 22468 
CLU_6419 3143309772251 23835 
CLU_6419 3143309812059 21955 
CLU_6419 3143305305063 24671 
CLU_6419 3143307781067 25718 
CLU_6419 3143309132481 25874 
CLU_6419 3143307831331 25751 
CLU_6419 3143300659134 24819 
CLU_6419 3143303180158 22190 
CLU_6419 3143307821506 21819 
CLU_6419 3143302150107 20375 
CLU_6419 3143309775978 21819 
CLU_6419 3143302219107 18206 
CLU_6419 3143302219352 21543 
CLU_6419 3143303180182 24896 
CLU_6419 3143302150042 25519 
CLU_6419 3143302219085 26047 
CLU_6419 3143309812032 26058 
CLU_6419 3143302149915 27470 
CLU_6419 3143307299079 26047 
CLU_6419 3143302150018 28263 
CLU_6419 3143302218984 27848 
CLU_6419 3143306065295 28306 
CLU_6419 3143302219069 19194 
CLU_6419 3143306629296 28261 
CLU_6419 3143302149923 28336 
CLU_6419 3143306065341 29361 
CLU_6419 3143306329705 28349 
CLU_6419 3143306297943 34566 
CLU_6419 3143307780621 22648 
CLU_6419 3143303180166 21819 
CLU_6419 3143302149893 26439 
CLU_6419 3143302150026 22768 
CLU_6419 3143300550108 29114 
CLU_6419 3143303413578 42773 
CLU_6419 3143306329632 17479 
CLU_6419 3143305212588 28653 
CLU_6419 3143309812083 24903 
CLU_6419 3143306023282 22948 
CLU_6419 3143302218968 21218 
CLU_6419 3143309772227 25874 
CLU_6419 3143302203480 21465 
CLU_6419 3143302150085 26047 
CLU_6419 3143300211826 18335 
CLU_6419 3143302149931 20758 
CLU_6419 3143309352511 27044 
CLU_6419 3143309251553 23404 
CLU_6419 3143305998220 23970 
CLU_6419 3143309690905 23821 
CLU_6419 3143307608756 29189 
CLU_6419 3143306409911 29114 
CLU_6419 3143307780907 18838 
CLU_6419 3143309936424 23594 
CLU_6419 3143309812075 23993 
CLU_6419 3143306301304 24903 
CLU_6419 3143303688100 24128 
CLU_6419 3143303180115 23835 
CLU_6419 3143305302854 24914 
CLU_6419 3143302219212 25251 
CLU_6419 3143302149958 19808 
CLU_6419 3143307951345 26469 
CLU_6419 3143302219077 22965 
CLU_6419 3143302219344 19194 
CLU_6419 3143307607660 20375 
CLU_6419 3143302150069 27440 
CLU_6419 3143307809131 29392 
CLU_6419 3143300186252 17892 
CLU_6419 3143304701852 24123 
CLU_6419 3143307836619 26058 
CLU_6419 3143305212545 20981 
CLU_6419 3143302150077 29189 
CLU_6419 3143302150034 26863 
CLU_6419 3143302219409 25530 
CLU_6419 3143305212529 3858 
CLU_6419 3143302219379 25530 
CLU_6419 CLU_3233 18847 
CLU_6419 CLU_6117 35015 
CLU_6419 CLU_6299 6233 
CLU_6419 CLU_6301 42788 
CLU_6419 CLU_6381 41637 
CLU_6419 CLU_6398 16521 
CLU_6419 CLU_6409 30763 
CLU_6419 CLU_6410 9949 
CLU_6419 CLU_6411 15424 
CLU_6419 CLU_6412 15753 
CLU_6419 CLU_6414 20578 
CLU_6419 CLU_6415 22445 
CLU_6419 CLU_6417 37999 
CLU_6420 3143309772235 25010 
CLU_6420 3143309772251 26355 
CLU_6420 3143309812059 24422 
CLU_6420 3143305305063 27270 
CLU_6420 3143307781067 28249 
CLU_6420 3143309132481 28312 
CLU_6420 3143307831331 28165 
CLU_6420 3143300659134 27066 
CLU_6420 3143303180158 24424 
CLU_6420 3143307821506 24131 
CLU_6420 3143302150107 22345 
CLU_6420 3143309775978 24131 
CLU_6420 3143302219107 20641 
CLU_6420 3143302219352 24096 
CLU_6420 3143303180182 27632 
CLU_6420 3143302150042 28188 
CLU_6420 3143302219085 28732 
CLU_6420 3143309812032 28364 
CLU_6420 3143302149915 29802 
CLU_6420 3143307299079 28881 
CLU_6420 3143302150018 31000 
CLU_6420 3143302218984 30474 
CLU_6420 3143306065295 30699 
CLU_6420 3143302219069 22055 
CLU_6420 3143306629296 30922 
CLU_6420 3143302149923 30861 
CLU_6420 3143306065341 31929 
CLU_6420 3143306329705 30712 
CLU_6420 3143306297943 37043 
CLU_6420 3143307780621 24826 
CLU_6420 3143303180166 24131 
CLU_6420 3143302149893 29056 
CLU_6420 3143302150026 25757 
CLU_6420 3143300550108 31653 
CLU_6420 3143303413578 44042 
CLU_6420 3143306329632 19975 
CLU_6420 3143305212588 32006 
CLU_6420 3143309812083 27252 
CLU_6420 3143306023282 25597 
CLU_6420 3143302218968 23408 
CLU_6420 3143309772227 28312 
CLU_6420 3143302203480 24206 
CLU_6420 3143302150085 28881 
CLU_6420 3143300211826 21174 
CLU_6420 3143302149931 23504 
CLU_6420 3143309352511 29522 
CLU_6420 3143309251553 26185 
CLU_6420 3143305998220 26777 
CLU_6420 3143309690905 26750 
CLU_6420 3143307608756 31856 
CLU_6420 3143306409911 31653 
CLU_6420 3143307780907 21570 
CLU_6420 3143309936424 26587 
CLU_6420 3143309812075 26275 
CLU_6420 3143306301304 27252 
CLU_6420 3143303688100 26313 
CLU_6420 3143303180115 26355 
CLU_6420 3143305302854 27582 
CLU_6420 3143302219212 27811 
CLU_6420 3143302149958 22272 
CLU_6420 3143307951345 28692 
CLU_6420 3143302219077 25856 
CLU_6420 3143302219344 22055 
CLU_6420 3143307607660 22345 
CLU_6420 3143302150069 30071 
CLU_6420 3143307809131 31664 
CLU_6420 3143300186252 20705 
CLU_6420 3143304701852 26450 
CLU_6420 3143307836619 28364 
CLU_6420 3143305212545 24014 
CLU_6420 3143302150077 31856 
CLU_6420 3143302150034 29669 
CLU_6420 3143302219409 21859 
CLU_6420 3143305212529 218 
CLU_6420 3143302219379 21859 
CLU_6420 CLU_3233 16167 
CLU_6420 CLU_6117 31987 
CLU_6420 CLU_6299 9045 
CLU_6420 CLU_6301 45527 
CLU_6420 CLU_6381 44304 
CLU_6420 CLU_6398 20148 
CLU_6420 CLU_6409 27792 
CLU_6420 CLU_6410 8979 
CLU_6420 CLU_6411 15433 
CLU_6420 CLU_6412 15748 
CLU_6420 CLU_6414 16884 
CLU_6420 CLU_6415 19545 
CLU_6420 CLU_6417 34871 
;

end;
