#############################################################################
# Project CNPq: Increasing PHC with team sizing
# Author: João Flávio de Freitas Almeida <joao.flavio@dep.ufmg.br>
# LEPOINT: Laboratório de Estudos em Planejamento de Operações Integradas
# Departamento de Engenharia de Produção
# Universidade Federal de Minas Gerais - Escola de Engenharia
#############################################################################
# Health Care Facility Location Problem: Considering fixed facilities,
# choose intermediate facilities according a criteria that improve service
# quality. Consider health care teams.
#############################################################################
# glpsol -m aps.mod -d LS.dat --cuts

#############################################################################
# DADOS REFERENTES AO MUNICIPIO DE: 
# Divinopolis 
#############################################################################
data;
# Distance matrix between same-level facilities (for team transfer) 
# {EL[1], L[1]} default 0; # Distance between L1 facilities (min)  
param DL1 := 
3122302159694 3122302159694 0 
3122302159694 3122302159538 2583 
3122302159694 3122302159511 863 
3122302159694 3122300273600 2874 
3122302159694 3122302159503 1686 
3122302159694 3122302159597 1980 
3122302159694 3122302159406 3593 
3122302159694 3122302159678 2386 
3122302159694 3122302159422 5433 
3122302159694 3122302159414 5002 
3122302159694 3122304445651 5618 
3122302159694 3122306026028 5374 
3122302159694 3122304194500 3313 
3122302159694 3122302159392 10396 
3122302159694 3122302206315 2190 
3122302159694 3122307269161 3264 
3122302159694 3122302159473 3127 
3122302159694 3122302159554 3810 
3122302159694 3122306072046 3468 
3122302159694 3122302159546 3264 
3122302159694 3122307676875 3277 
3122302159694 3122306942822 3088 
3122302159694 3122302206323 3242 
3122302159694 3122303747719 6137 
3122302159694 3122306017940 4055 
3122302159694 3122304384881 4896 
3122302159694 3122304207866 7104 
3122302159694 3122302701804 4745 
3122302159694 3122302159457 2874 
3122302159694 3122302159856 3571 
3122302159694 3122302159449 6771 
3122302159694 3122307488882 3795 
3122302159694 3122306223354 6137 
3122302159694 3122302159589 3499 
3122302159694 3122306942849 5093 
3122302159694 3122302159562 10322 
3122302159694 3122302159287 16016 
3122302159694 CLU_2550 11763 
3122302159694 CLU_2725 16482 
3122302159694 CLU_3565 11431 
3122302159694 CLU_4396 21065 
3122302159694 CLU_8513 22527 
3122302159538 3122302159694 2583 
3122302159538 3122302159538 0 
3122302159538 3122302159511 1719 
3122302159538 3122300273600 4266 
3122302159538 3122302159503 2952 
3122302159538 3122302159597 4541 
3122302159538 3122302159406 6118 
3122302159538 3122302159678 1900 
3122302159538 3122302159422 5098 
3122302159538 3122302159414 4715 
3122302159538 3122304445651 4097 
3122302159538 3122306026028 2827 
3122302159538 3122304194500 1880 
3122302159538 3122302159392 11790 
3122302159538 3122302206315 3770 
3122302159538 3122307269161 2945 
3122302159538 3122302159473 5022 
3122302159538 3122302159554 2104 
3122302159538 3122306072046 902 
3122302159538 3122302159546 2945 
3122302159538 3122307676875 3472 
3122302159538 3122306942822 3884 
3122302159538 3122302206323 5823 
3122302159538 3122303747719 3627 
3122302159538 3122306017940 6448 
3122302159538 3122304384881 4206 
3122302159538 3122304207866 9539 
3122302159538 3122302701804 3741 
3122302159538 3122302159457 4266 
3122302159538 3122302159856 6112 
3122302159538 3122302159449 9349 
3122302159538 3122307488882 5254 
3122302159538 3122306223354 3627 
3122302159538 3122302159589 1867 
3122302159538 3122306942849 2786 
3122302159538 3122302159562 11479 
3122302159538 3122302159287 16689 
3122302159538 CLU_2550 10769 
3122302159538 CLU_2725 16123 
3122302159538 CLU_3565 10916 
3122302159538 CLU_4396 19843 
3122302159538 CLU_8513 20945 
3122302159511 3122302159694 863 
3122302159511 3122302159538 1719 
3122302159511 3122302159511 0 
3122302159511 3122300273600 3169 
3122302159511 3122302159503 1813 
3122302159511 3122302159597 2830 
3122302159511 3122302159406 4427 
3122302159511 3122302159678 1883 
3122302159511 3122302159422 5191 
3122302159511 3122302159414 4764 
3122302159511 3122304445651 5021 
3122302159511 3122306026028 4519 
3122302159511 3122304194500 2640 
3122302159511 3122302159392 10805 
3122302159511 3122302206315 2549 
3122302159511 3122307269161 2908 
3122302159511 3122302159473 3675 
3122302159511 3122302159554 3114 
3122302159511 3122306072046 2607 
3122302159511 3122302159546 2908 
3122302159511 3122307676875 3104 
3122302159511 3122306942822 3138 
3122302159511 3122302206323 4105 
3122302159511 3122303747719 5288 
3122302159511 3122306017940 4837 
3122302159511 3122304384881 4506 
3122302159511 3122304207866 7904 
3122302159511 3122302701804 4255 
3122302159511 3122302159457 3169 
3122302159511 3122302159856 4413 
3122302159511 3122302159449 7632 
3122302159511 3122307488882 4172 
3122302159511 3122306223354 5288 
3122302159511 3122302159589 2805 
3122302159511 3122306942849 4291 
3122302159511 3122302159562 10662 
3122302159511 3122302159287 16207 
3122302159511 CLU_2550 11367 
3122302159511 CLU_2725 16308 
3122302159511 CLU_3565 11205 
3122302159511 CLU_4396 20637 
3122302159511 CLU_8513 21985 
3122300273600 3122302159694 2874 
3122300273600 3122302159538 4266 
3122300273600 3122302159511 3169 
3122300273600 3122300273600 0 
3122300273600 3122302159503 1373 
3122300273600 3122302159597 2736 
3122300273600 3122302159406 3358 
3122300273600 3122302159678 5051 
3122300273600 3122302159422 8286 
3122300273600 3122302159414 7855 
3122300273600 3122304445651 8142 
3122300273600 3122306026028 6897 
3122300273600 3122304194500 3489 
3122300273600 3122302159392 7641 
3122300273600 3122302206315 4930 
3122300273600 3122307269161 2307 
3122300273600 3122302159473 5534 
3122300273600 3122302159554 6171 
3122300273600 3122306072046 5082 
3122300273600 3122302159546 2307 
3122300273600 3122307676875 1697 
3122300273600 3122306942822 893 
3122300273600 3122302206323 3972 
3122300273600 3122303747719 6878 
3122300273600 3122306017940 5563 
3122300273600 3122304384881 3438 
3122300273600 3122304207866 5921 
3122300273600 3122302701804 3689 
3122300273600 3122302159457 0 
3122300273600 3122302159856 3446 
3122300273600 3122302159449 6549 
3122300273600 3122307488882 6414 
3122300273600 3122306223354 6878 
3122300273600 3122302159589 5874 
3122300273600 3122306942849 7047 
3122300273600 3122302159562 12826 
3122300273600 3122302159287 18689 
3122300273600 CLU_2550 9789 
3122300273600 CLU_2725 13935 
3122300273600 CLU_3565 14296 
3122300273600 CLU_4396 23806 
3122300273600 CLU_8513 25108 
3122302159503 3122302159694 1686 
3122302159503 3122302159538 2952 
3122302159503 3122302159511 1813 
3122302159503 3122300273600 1373 
3122302159503 3122302159503 0 
3122302159503 3122302159597 2454 
3122302159503 3122302159406 3677 
3122302159503 3122302159678 3695 
3122302159503 3122302159422 6982 
3122302159503 3122302159414 6552 
3122302159503 3122304445651 6770 
3122302159503 3122306026028 5681 
3122302159503 3122304194500 2584 
3122302159503 3122302159392 9013 
3122302159503 3122302206315 3865 
3122302159503 3122307269161 1890 
3122302159503 3122302159473 4688 
3122302159503 3122302159554 4802 
3122302159503 3122306072046 3807 
3122302159503 3122302159546 1890 
3122302159503 3122307676875 1680 
3122302159503 3122306942822 1403 
3122302159503 3122302206323 3875 
3122302159503 3122303747719 5907 
3122302159503 3122306017940 5181 
3122302159503 3122304384881 3451 
3122302159503 3122304207866 6792 
3122302159503 3122302701804 3455 
3122302159503 3122302159457 1373 
3122302159503 3122302159856 3718 
3122302159503 3122302159449 7013 
3122302159503 3122307488882 5446 
3122302159503 3122306223354 5907 
3122302159503 3122302159589 4504 
3122302159503 3122306942849 5737 
3122302159503 3122302159562 11958 
3122302159503 3122302159287 17695 
3122302159503 CLU_2550 10236 
3122302159503 CLU_2725 14811 
3122302159503 CLU_3565 12998 
3122302159503 CLU_4396 22440 
3122302159503 CLU_8513 23736 
3122302159597 3122302159694 1980 
3122302159597 3122302159538 4541 
3122302159597 3122302159511 2830 
3122302159597 3122300273600 2736 
3122302159597 3122302159503 2454 
3122302159597 3122302159597 0 
3122302159597 3122302159406 1624 
3122302159597 3122302159678 4187 
3122302159597 3122302159422 6719 
3122302159597 3122302159414 6307 
3122302159597 3122304445651 7391 
3122302159597 3122306026028 7350 
3122302159597 3122304194500 4899 
3122302159597 3122302159392 9293 
3122302159597 3122302206315 2892 
3122302159597 3122307269161 4340 
3122302159597 3122302159473 3037 
3122302159597 3122302159554 5712 
3122302159597 3122306072046 5436 
3122302159597 3122302159546 4340 
3122302159597 3122307676875 4025 
3122302159597 3122306942822 3440 
3122302159597 3122302206323 1427 
3122302159597 3122303747719 8007 
3122302159597 3122306017940 2836 
3122302159597 3122304384881 5853 
3122302159597 3122304207866 5174 
3122302159597 3122302701804 5904 
3122302159597 3122302159457 2736 
3122302159597 3122302159856 1593 
3122302159597 3122302159449 4814 
3122302159597 3122307488882 4036 
3122302159597 3122306223354 8007 
3122302159597 3122302159589 5405 
3122302159597 3122306942849 7062 
3122302159597 3122302159562 10211 
3122302159597 3122302159287 16171 
3122302159597 CLU_2550 12485 
3122302159597 CLU_2725 16629 
3122302159597 CLU_3565 12529 
3122302159597 CLU_4396 22464 
3122302159597 CLU_8513 24121 
3122302159406 3122302159694 3593 
3122302159406 3122302159538 6118 
3122302159406 3122302159511 4427 
3122302159406 3122300273600 3358 
3122302159406 3122302159503 3677 
3122302159406 3122302159597 1624 
3122302159406 3122302159406 0 
3122302159406 3122302159678 5799 
3122302159406 3122302159422 8126 
3122302159406 3122302159414 7731 
3122302159406 3122304445651 8979 
3122302159406 3122306026028 8941 
3122302159406 3122304194500 6251 
3122302159406 3122302159392 8382 
3122302159406 3122302206315 4269 
3122302159406 3122307269161 5443 
3122302159406 3122302159473 4018 
3122302159406 3122302159554 7334 
3122302159406 3122306072046 7019 
3122302159406 3122302159546 5443 
3122302159406 3122307676875 4970 
3122302159406 3122306942822 4228 
3122302159406 3122302206323 1200 
3122302159406 3122303747719 9491 
3122302159406 3122306017940 2906 
3122302159406 3122304384881 6777 
3122302159406 3122304207866 3562 
3122302159406 3122302701804 6957 
3122302159406 3122302159457 3358 
3122302159406 3122302159856 137 
3122302159406 3122302159449 3337 
3122302159406 3122307488882 5062 
3122302159406 3122306223354 9491 
3122302159406 3122302159589 7028 
3122302159406 3122306942849 8683 
3122302159406 3122302159562 10662 
3122302159406 3122302159287 16731 
3122302159406 CLU_2550 13033 
3122302159406 CLU_2725 16658 
3122302159406 CLU_3565 13761 
3122302159406 CLU_4396 23830 
3122302159406 CLU_8513 25595 
3122302159678 3122302159694 2386 
3122302159678 3122302159538 1900 
3122302159678 3122302159511 1883 
3122302159678 3122300273600 5051 
3122302159678 3122302159503 3695 
3122302159678 3122302159597 4187 
3122302159678 3122302159406 5799 
3122302159678 3122302159678 0 
3122302159678 3122302159422 3393 
3122302159678 3122302159414 2977 
3122302159678 3122304445651 3235 
3122302159678 3122306026028 3780 
3122302159678 3122304194500 3703 
3122302159678 3122302159392 12683 
3122302159678 3122302206315 2269 
3122302159678 3122307269161 4482 
3122302159678 3122302159473 3521 
3122302159678 3122302159554 1582 
3122302159678 3122306072046 2300 
3122302159678 3122302159546 4482 
3122302159678 3122307676875 4834 
3122302159678 3122306942822 4985 
3122302159678 3122302206323 5149 
3122302159678 3122303747719 5162 
3122302159678 3122306017940 5272 
3122302159678 3122304384881 5941 
3122302159678 3122304207866 9359 
3122302159678 3122302701804 5546 
3122302159678 3122302159457 5051 
3122302159678 3122302159856 5749 
3122302159678 3122302159449 8720 
3122302159678 3122307488882 3515 
3122302159678 3122306223354 5162 
3122302159678 3122302159589 1300 
3122302159678 3122306942849 3117 
3122302159678 3122302159562 9586 
3122302159678 3122302159287 14811 
3122302159678 CLU_2550 12638 
3122302159678 CLU_2725 17871 
3122302159678 CLU_3565 9375 
3122302159678 CLU_4396 18757 
3122302159678 CLU_8513 20151 
3122302159422 3122302159694 5433 
3122302159422 3122302159538 5098 
3122302159422 3122302159511 5191 
3122302159422 3122300273600 8286 
3122302159422 3122302159503 6982 
3122302159422 3122302159597 6719 
3122302159422 3122302159406 8126 
3122302159422 3122302159678 3393 
3122302159422 3122302159422 0 
3122302159422 3122302159414 430 
3122302159422 3122304445651 2524 
3122302159422 3122306026028 5540 
3122302159422 3122304194500 6978 
3122302159422 3122302159392 15812 
3122302159422 3122302206315 3859 
3122302159422 3122307269161 7869 
3122302159422 3122302159473 4404 
3122302159422 3122302159554 3317 
3122302159422 3122306072046 5077 
3122302159422 3122302159546 7869 
3122302159422 3122307676875 8224 
3122302159422 3122306942822 8330 
3122302159422 3122302206323 7129 
3122302159422 3122303747719 7391 
3122302159422 3122306017940 6374 
3122302159422 3122304384881 9282 
3122302159422 3122304207866 11560 
3122302159422 3122302701804 8839 
3122302159422 3122302159457 8286 
3122302159422 3122302159856 8034 
3122302159422 3122302159449 10337 
3122302159422 3122307488882 3561 
3122302159422 3122306223354 7391 
3122302159422 3122302159589 3393 
3122302159422 3122306942849 4420 
3122302159422 3122302159562 7230 
3122302159422 3122302159287 11764 
3122302159422 CLU_2550 15819 
3122302159422 CLU_2725 21214 
3122302159422 CLU_3565 6016 
3122302159422 CLU_4396 15744 
3122302159422 CLU_8513 17485 
3122302159414 3122302159694 5002 
3122302159414 3122302159538 4715 
3122302159414 3122302159511 4764 
3122302159414 3122300273600 7855 
3122302159414 3122302159503 6552 
3122302159414 3122302159597 6307 
3122302159414 3122302159406 7731 
3122302159414 3122302159678 2977 
3122302159414 3122302159422 430 
3122302159414 3122302159414 0 
3122302159414 3122304445651 2477 
3122302159414 3122306026028 5314 
3122302159414 3122304194500 6591 
3122302159414 3122302159392 15384 
3122302159414 3122302206315 3461 
3122302159414 3122307269161 7459 
3122302159414 3122302159473 4070 
3122302159414 3122302159554 3009 
3122302159414 3122306072046 4736 
3122302159414 3122302159546 7459 
3122302159414 3122307676875 7804 
3122302159414 3122306942822 7902 
3122302159414 3122302206323 6751 
3122302159414 3122303747719 7137 
3122302159414 3122306017940 6057 
3122302159414 3122304384881 8886 
3122302159414 3122304207866 11183 
3122302159414 3122302701804 8452 
3122302159414 3122302159457 7855 
3122302159414 3122302159856 7641 
3122302159414 3122302159449 10003 
3122302159414 3122307488882 3278 
3122302159414 3122306223354 7137 
3122302159414 3122302159589 3058 
3122302159414 3122306942849 4215 
3122302159414 3122302159562 7392 
3122302159414 3122302159287 12078 
3122302159414 CLU_2550 15458 
3122302159414 CLU_2725 20820 
3122302159414 CLU_3565 6446 
3122302159414 CLU_4396 16159 
3122302159414 CLU_8513 17869 
3122304445651 3122302159694 5618 
3122304445651 3122302159538 4097 
3122304445651 3122302159511 5021 
3122304445651 3122300273600 8142 
3122304445651 3122302159503 6770 
3122304445651 3122302159597 7391 
3122304445651 3122302159406 8979 
3122304445651 3122302159678 3235 
3122304445651 3122302159422 2524 
3122304445651 3122302159414 2477 
3122304445651 3122304445651 0 
3122304445651 3122306026028 3344 
3122304445651 3122304194500 5835 
3122304445651 3122302159392 15775 
3122304445651 3122302206315 4967 
3122304445651 3122307269161 7037 
3122304445651 3122302159473 5962 
3122304445651 3122302159554 2004 
3122304445651 3122306072046 3643 
3122304445651 3122302159546 7037 
3122304445651 3122307676875 7565 
3122304445651 3122306942822 7913 
3122304445651 3122302206323 8214 
3122304445651 3122303747719 5248 
3122304445651 3122306017940 7946 
3122304445651 3122304384881 8158 
3122304445651 3122304207866 12539 
3122304445651 3122302701804 7606 
3122304445651 3122302159457 8142 
3122304445651 3122302159856 8919 
3122304445651 3122302159449 11709 
3122304445651 3122307488882 5420 
3122304445651 3122306223354 5248 
3122304445651 3122302159589 2281 
3122304445651 3122306942849 2213 
3122304445651 3122302159562 9730 
3122304445651 3122302159287 13913 
3122304445651 CLU_2550 14191 
3122304445651 CLU_2725 19887 
3122304445651 CLU_3565 7118 
3122304445651 CLU_4396 15750 
3122304445651 CLU_8513 16968 
3122306026028 3122302159694 5374 
3122306026028 3122302159538 2827 
3122306026028 3122302159511 4519 
3122306026028 3122300273600 6897 
3122306026028 3122302159503 5681 
3122306026028 3122302159597 7350 
3122306026028 3122302159406 8941 
3122306026028 3122302159678 3780 
3122306026028 3122302159422 5540 
3122306026028 3122302159414 5314 
3122306026028 3122304445651 3344 
3122306026028 3122306026028 0 
3122306026028 3122304194500 3630 
3122306026028 3122302159392 14115 
3122306026028 3122302206315 6045 
3122306026028 3122307269161 5035 
3122306026028 3122302159473 7301 
3122306026028 3122302159554 2482 
3122306026028 3122306072046 1925 
3122306026028 3122302159546 5035 
3122306026028 3122307676875 5713 
3122306026028 3122306942822 6336 
3122306026028 3122302206323 8583 
3122306026028 3122303747719 1904 
3122306026028 3122306017940 8995 
3122306026028 3122304384881 5624 
3122306026028 3122304207866 12364 
3122306026028 3122302701804 4992 
3122306026028 3122302159457 6897 
3122306026028 3122302159856 8931 
3122306026028 3122302159449 12141 
3122306026028 3122307488882 7216 
3122306026028 3122306223354 1904 
3122306026028 3122302159589 2620 
3122306026028 3122306942849 1141 
3122306026028 3122302159562 12690 
3122306026028 3122302159287 17215 
3122306026028 CLU_2550 10990 
3122306026028 CLU_2725 16843 
3122306026028 CLU_3565 10378 
3122306026028 CLU_4396 18220 
3122306026028 CLU_8513 18922 
3122304194500 3122302159694 3313 
3122304194500 3122302159538 1880 
3122304194500 3122302159511 2640 
3122304194500 3122300273600 3489 
3122304194500 3122302159503 2584 
3122304194500 3122302159597 4899 
3122304194500 3122302159406 6251 
3122304194500 3122302159678 3703 
3122304194500 3122302159422 6978 
3122304194500 3122302159414 6591 
3122304194500 3122304445651 5835 
3122304194500 3122306026028 3630 
3122304194500 3122304194500 0 
3122304194500 3122302159392 10485 
3122304194500 3122302206315 5161 
3122304194500 3122307269161 1405 
3122304194500 3122302159473 6315 
3122304194500 3122302159554 3906 
3122304194500 3122306072046 2206 
3122304194500 3122302159546 1405 
3122304194500 3122307676875 2095 
3122304194500 3122306942822 2788 
3122304194500 3122302206323 6317 
3122304194500 3122303747719 3390 
3122304194500 3122306017940 7358 
3122304194500 3122304384881 2341 
3122304194500 3122304207866 9325 
3122304194500 3122302701804 1861 
3122304194500 3122302159457 3489 
3122304194500 3122302159856 6286 
3122304194500 3122302159449 9588 
3122304194500 3122307488882 6761 
3122304194500 3122306223354 3390 
3122304194500 3122302159589 3706 
3122304194500 3122306942849 4112 
3122304194500 3122302159562 13169 
3122304194500 3122302159287 18512 
3122304194500 CLU_2550 8937 
3122304194500 CLU_2725 14242 
3122304194500 CLU_3565 12775 
3122304194500 CLU_4396 21499 
3122304194500 CLU_8513 22427 
3122302159392 3122302159694 10396 
3122302159392 3122302159538 11790 
3122302159392 3122302159511 10805 
3122302159392 3122300273600 7641 
3122302159392 3122302159503 9013 
3122302159392 3122302159597 9293 
3122302159392 3122302159406 8382 
3122302159392 3122302159678 12683 
3122302159392 3122302159422 15812 
3122302159392 3122302159414 15384 
3122302159392 3122304445651 15775 
3122302159392 3122306026028 14115 
3122302159392 3122304194500 10485 
3122302159392 3122302159392 0 
3122302159392 3122302206315 12138 
3122302159392 3122307269161 9082 
3122302159392 3122302159473 12275 
3122302159392 3122302159554 13789 
3122302159392 3122306072046 12509 
3122302159392 3122302159546 9082 
3122302159392 3122307676875 8420 
3122302159392 3122306942822 7906 
3122302159392 3122302206323 9583 
3122302159392 3122303747719 13482 
3122302159392 3122306017940 11251 
3122302159392 3122304384881 8808 
3122302159392 3122304207866 6789 
3122302159392 3122302701804 9440 
3122302159392 3122302159457 7641 
3122302159392 3122302159856 8516 
3122302159392 3122302159449 9036 
3122302159392 3122307488882 13304 
3122302159392 3122306223354 13482 
3122302159392 3122302159589 13498 
3122302159392 3122306942849 14499 
3122302159392 3122302159562 18984 
3122302159392 3122302159287 25074 
3122302159392 CLU_2550 10378 
3122302159392 CLU_2725 10708 
3122302159392 CLU_3565 21762 
3122302159392 CLU_4396 31440 
3122302159392 CLU_8513 32725 
3122302206315 3122302159694 2190 
3122302206315 3122302159538 3770 
3122302206315 3122302159511 2549 
3122302206315 3122300273600 4930 
3122302206315 3122302159503 3865 
3122302206315 3122302159597 2892 
3122302206315 3122302159406 4269 
3122302206315 3122302159678 2269 
3122302206315 3122302159422 3859 
3122302206315 3122302159414 3461 
3122302206315 3122304445651 4967 
3122302206315 3122306026028 6045 
3122302206315 3122304194500 5161 
3122302206315 3122302159392 12138 
3122302206315 3122302206315 0 
3122302206315 3122307269161 5398 
3122302206315 3122302159473 1269 
3122302206315 3122302159554 3777 
3122302206315 3122306072046 4429 
3122302206315 3122302159546 5398 
3122302206315 3122307676875 5464 
3122302206315 3122306942822 5259 
3122302206315 3122302206323 3323 
3122302206315 3122303747719 7321 
3122302206315 3122306017940 3048 
3122302206315 3122304384881 7022 
3122302206315 3122304207866 7745 
3122302206315 3122302701804 6801 
3122302206315 3122302159457 4930 
3122302206315 3122302159856 4180 
3122302206315 3122302159449 6746 
3122302206315 3122307488882 1628 
3122302206315 3122306223354 7321 
3122302206315 3122302159589 3530 
3122302206315 3122306942849 5361 
3122302206315 3122302159562 8148 
3122302206315 3122302159287 13829 
3122302206315 CLU_2550 13894 
3122302206315 CLU_2725 18672 
3122302206315 CLU_3565 9643 
3122302206315 CLU_4396 19589 
3122302206315 CLU_8513 21328 
3122307269161 3122302159694 3264 
3122307269161 3122302159538 2945 
3122307269161 3122302159511 2908 
3122307269161 3122300273600 2307 
3122307269161 3122302159503 1890 
3122307269161 3122302159597 4340 
3122307269161 3122302159406 5443 
3122307269161 3122302159678 4482 
3122307269161 3122302159422 7869 
3122307269161 3122302159414 7459 
3122307269161 3122304445651 7037 
3122307269161 3122306026028 5035 
3122307269161 3122304194500 1405 
3122307269161 3122302159392 9082 
3122307269161 3122302206315 5398 
3122307269161 3122307269161 0 
3122307269161 3122302159473 6391 
3122307269161 3122302159554 5050 
3122307269161 3122306072046 3500 
3122307269161 3122302159546 0 
3122307269161 3122307676875 707 
3122307269161 3122306942822 1484 
3122307269161 3122302206323 5754 
3122307269161 3122303747719 4675 
3122307269161 3122306017940 7059 
3122307269161 3122304384881 1631 
3122307269161 3122304207866 8228 
3122307269161 3122302701804 1565 
3122307269161 3122302159457 2307 
3122307269161 3122302159856 5503 
3122307269161 3122302159449 8744 
3122307269161 3122307488882 7025 
3122307269161 3122306223354 4675 
3122307269161 3122302159589 4808 
3122307269161 3122306942849 5464 
3122307269161 3122302159562 13545 
3122307269161 3122302159287 19113 
3122307269161 CLU_2550 8502 
3122307269161 CLU_2725 13424 
3122307269161 CLU_3565 13802 
3122307269161 CLU_4396 22769 
3122307269161 CLU_8513 23777 
3122302159473 3122302159694 3127 
3122302159473 3122302159538 5022 
3122302159473 3122302159511 3675 
3122302159473 3122300273600 5534 
3122302159473 3122302159503 4688 
3122302159473 3122302159597 3037 
3122302159473 3122302159406 4018 
3122302159473 3122302159678 3521 
3122302159473 3122302159422 4404 
3122302159473 3122302159414 4070 
3122302159473 3122304445651 5962 
3122302159473 3122306026028 7301 
3122302159473 3122304194500 6315 
3122302159473 3122302159392 12275 
3122302159473 3122302206315 1269 
3122302159473 3122307269161 6391 
3122302159473 3122302159473 0 
3122302159473 3122302159554 4981 
3122302159473 3122306072046 5698 
3122302159473 3122302159546 6391 
3122302159473 3122307676875 6355 
3122302159473 3122306942822 6020 
3122302159473 3122302206323 2878 
3122302159473 3122303747719 8589 
3122302159473 3122306017940 2004 
3122302159473 3122304384881 8022 
3122302159473 3122304207866 7242 
3122302159473 3122302701804 7864 
3122302159473 3122302159457 5534 
3122302159473 3122302159856 3901 
3122302159473 3122302159449 5934 
3122302159473 3122307488882 1045 
3122302159473 3122306223354 8589 
3122302159473 3122302159589 4752 
3122302159473 3122306942849 6578 
3122302159473 3122302159562 7299 
3122302159473 3122302159287 13172 
3122302159473 CLU_2550 14884 
3122302159473 CLU_2725 19445 
3122302159473 CLU_3565 9760 
3122302159473 CLU_4396 19905 
3122302159473 CLU_8513 21833 
3122302159554 3122302159694 3810 
3122302159554 3122302159538 2104 
3122302159554 3122302159511 3114 
3122302159554 3122300273600 6171 
3122302159554 3122302159503 4802 
3122302159554 3122302159597 5712 
3122302159554 3122302159406 7334 
3122302159554 3122302159678 1582 
3122302159554 3122302159422 3317 
3122302159554 3122302159414 3009 
3122302159554 3122304445651 2004 
3122302159554 3122306026028 2482 
3122302159554 3122304194500 3906 
3122302159554 3122302159392 13789 
3122302159554 3122302206315 3777 
3122302159554 3122307269161 5050 
3122302159554 3122302159473 4981 
3122302159554 3122302159554 0 
3122302159554 3122306072046 1803 
3122302159554 3122302159546 5050 
3122302159554 3122307676875 5563 
3122302159554 3122306942822 5912 
3122302159554 3122302206323 6727 
3122302159554 3122303747719 4179 
3122302159554 3122306017940 6817 
3122302159554 3122304384881 6246 
3122302159554 3122304207866 10885 
3122302159554 3122302701804 5730 
3122302159554 3122302159457 6171 
3122302159554 3122302159856 7292 
3122302159554 3122302159449 10300 
3122302159554 3122307488882 4778 
3122302159554 3122306223354 4179 
3122302159554 3122302159589 310 
3122302159554 3122306942849 1600 
3122302159554 3122302159562 10281 
3122302159554 3122302159287 15080 
3122302159554 CLU_2550 12555 
3122302159554 CLU_2725 18093 
3122302159554 CLU_3565 8882 
3122302159554 CLU_4396 17754 
3122302159554 CLU_8513 18939 
3122306072046 3122302159694 3468 
3122306072046 3122302159538 902 
3122306072046 3122302159511 2607 
3122306072046 3122300273600 5082 
3122306072046 3122302159503 3807 
3122306072046 3122302159597 5436 
3122306072046 3122302159406 7019 
3122306072046 3122302159678 2300 
3122306072046 3122302159422 5077 
3122306072046 3122302159414 4736 
3122306072046 3122304445651 3643 
3122306072046 3122306026028 1925 
3122306072046 3122304194500 2206 
3122306072046 3122302159392 12509 
3122306072046 3122302206315 4429 
3122306072046 3122307269161 3500 
3122306072046 3122302159473 5698 
3122306072046 3122302159554 1803 
3122306072046 3122306072046 0 
3122306072046 3122302159546 3500 
3122306072046 3122307676875 4108 
3122306072046 3122306942822 4619 
3122306072046 3122302206323 6698 
3122306072046 3122303747719 2892 
3122306072046 3122306017940 7239 
3122306072046 3122304384881 4514 
3122306072046 3122304207866 10441 
3122306072046 3122302701804 3966 
3122306072046 3122302159457 5082 
3122306072046 3122302159856 7011 
3122306072046 3122302159449 10239 
3122306072046 3122307488882 5805 
3122306072046 3122306223354 2892 
3122306072046 3122302159589 1684 
3122306072046 3122306942849 1991 
3122306072046 3122302159562 11808 
3122306072046 3122302159287 16809 
3122306072046 CLU_2550 10757 
3122306072046 CLU_2725 16300 
3122306072046 CLU_3565 10668 
3122306072046 CLU_4396 19297 
3122306072046 CLU_8513 20280 
3122302159546 3122302159694 3264 
3122302159546 3122302159538 2945 
3122302159546 3122302159511 2908 
3122302159546 3122300273600 2307 
3122302159546 3122302159503 1890 
3122302159546 3122302159597 4340 
3122302159546 3122302159406 5443 
3122302159546 3122302159678 4482 
3122302159546 3122302159422 7869 
3122302159546 3122302159414 7459 
3122302159546 3122304445651 7037 
3122302159546 3122306026028 5035 
3122302159546 3122304194500 1405 
3122302159546 3122302159392 9082 
3122302159546 3122302206315 5398 
3122302159546 3122307269161 0 
3122302159546 3122302159473 6391 
3122302159546 3122302159554 5050 
3122302159546 3122306072046 3500 
3122302159546 3122302159546 0 
3122302159546 3122307676875 707 
3122302159546 3122306942822 1484 
3122302159546 3122302206323 5754 
3122302159546 3122303747719 4675 
3122302159546 3122306017940 7059 
3122302159546 3122304384881 1631 
3122302159546 3122304207866 8228 
3122302159546 3122302701804 1565 
3122302159546 3122302159457 2307 
3122302159546 3122302159856 5503 
3122302159546 3122302159449 8744 
3122302159546 3122307488882 7025 
3122302159546 3122306223354 4675 
3122302159546 3122302159589 4808 
3122302159546 3122306942849 5464 
3122302159546 3122302159562 13545 
3122302159546 3122302159287 19113 
3122302159546 CLU_2550 8502 
3122302159546 CLU_2725 13424 
3122302159546 CLU_3565 13802 
3122302159546 CLU_4396 22769 
3122302159546 CLU_8513 23777 
3122307676875 3122302159694 3277 
3122307676875 3122302159538 3472 
3122307676875 3122302159511 3104 
3122307676875 3122300273600 1697 
3122307676875 3122302159503 1680 
3122307676875 3122302159597 4025 
3122307676875 3122302159406 4970 
3122307676875 3122302159678 4834 
3122307676875 3122302159422 8224 
3122307676875 3122302159414 7804 
3122307676875 3122304445651 7565 
3122307676875 3122306026028 5713 
3122307676875 3122304194500 2095 
3122307676875 3122302159392 8420 
3122307676875 3122302206315 5464 
3122307676875 3122307269161 707 
3122307676875 3122302159473 6355 
3122307676875 3122302159554 5563 
3122307676875 3122306072046 4108 
3122307676875 3122302159546 707 
3122307676875 3122307676875 0 
3122307676875 3122306942822 821 
3122307676875 3122302206323 5403 
3122307676875 3122303747719 5381 
3122307676875 3122306017940 6822 
3122307676875 3122304384881 1833 
3122307676875 3122304207866 7599 
3122307676875 3122302701804 1999 
3122307676875 3122302159457 1697 
3122307676875 3122302159856 5042 
3122307676875 3122302159449 8224 
3122307676875 3122307488882 7073 
3122307676875 3122306223354 5381 
3122307676875 3122302159589 5303 
3122307676875 3122306942849 6091 
3122307676875 3122302159562 13598 
3122307676875 3122302159287 19269 
3122307676875 CLU_2550 8556 
3122307676875 CLU_2725 13227 
3122307676875 CLU_3565 14204 
3122307676875 CLU_4396 23314 
3122307676875 CLU_8513 24384 
3122306942822 3122302159694 3088 
3122306942822 3122302159538 3884 
3122306942822 3122302159511 3138 
3122306942822 3122300273600 893 
3122306942822 3122302159503 1403 
3122306942822 3122302159597 3440 
3122306942822 3122302159406 4228 
3122306942822 3122302159678 4985 
3122306942822 3122302159422 8330 
3122306942822 3122302159414 7902 
3122306942822 3122304445651 7913 
3122306942822 3122306026028 6336 
3122306942822 3122304194500 2788 
3122306942822 3122302159392 7906 
3122306942822 3122302206315 5259 
3122306942822 3122307269161 1484 
3122306942822 3122302159473 6020 
3122306942822 3122302159554 5912 
3122306942822 3122306072046 4619 
3122306942822 3122302159546 1484 
3122306942822 3122307676875 821 
3122306942822 3122306942822 0 
3122306942822 3122302206323 4760 
3122306942822 3122303747719 6141 
3122306942822 3122306017940 6274 
3122306942822 3122304384881 2551 
3122306942822 3122304207866 6778 
3122306942822 3122302701804 2797 
3122306942822 3122302159457 893 
3122306942822 3122302159856 4310 
3122306942822 3122302159449 7442 
3122306942822 3122307488882 6822 
3122306942822 3122306223354 6141 
3122306942822 3122302159589 5632 
3122306942822 3122306942849 6610 
3122306942822 3122302159562 13314 
3122306942822 3122302159287 19087 
3122306942822 CLU_2550 9046 
3122306942822 CLU_2725 13435 
3122306942822 CLU_3565 14342 
3122306942822 CLU_4396 23650 
3122306942822 CLU_8513 24827 
3122302206323 3122302159694 3242 
3122302206323 3122302159538 5823 
3122302206323 3122302159511 4105 
3122302206323 3122300273600 3972 
3122302206323 3122302159503 3875 
3122302206323 3122302159597 1427 
3122302206323 3122302159406 1200 
3122302206323 3122302159678 5149 
3122302206323 3122302159422 7129 
3122302206323 3122302159414 6751 
3122302206323 3122304445651 8214 
3122302206323 3122306026028 8583 
3122302206323 3122304194500 6317 
3122302206323 3122302159392 9583 
3122302206323 3122302206315 3323 
3122302206323 3122307269161 5754 
3122302206323 3122302159473 2878 
3122302206323 3122302159554 6727 
3122302206323 3122306072046 6698 
3122302206323 3122302159546 5754 
3122302206323 3122307676875 5403 
3122302206323 3122306942822 4760 
3122302206323 3122302206323 0 
3122302206323 3122303747719 9364 
3122302206323 3122306017940 1756 
3122302206323 3122304384881 7236 
3122302206323 3122304207866 4432 
3122302206323 3122302701804 7315 
3122302206323 3122302159457 3972 
3122302206323 3122302159856 1069 
3122302206323 3122302159449 3581 
3122302206323 3122307488882 3916 
3122302206323 3122306223354 9364 
3122302206323 3122302159589 6433 
3122302206323 3122306942849 8182 
3122302206323 3122302159562 9487 
3122302206323 3122302159287 15545 
3122302206323 CLU_2550 13761 
3122302206323 CLU_2725 17651 
3122302206323 CLU_3565 12639 
3122302206323 CLU_4396 22764 
3122302206323 CLU_8513 24614 
3122303747719 3122302159694 6137 
3122303747719 3122302159538 3627 
3122303747719 3122302159511 5288 
3122303747719 3122300273600 6878 
3122303747719 3122302159503 5907 
3122303747719 3122302159597 8007 
3122303747719 3122302159406 9491 
3122303747719 3122302159678 5162 
3122303747719 3122302159422 7391 
3122303747719 3122302159414 7137 
3122303747719 3122304445651 5248 
3122303747719 3122306026028 1904 
3122303747719 3122304194500 3390 
3122303747719 3122302159392 13482 
3122303747719 3122302206315 7321 
3122303747719 3122307269161 4675 
3122303747719 3122302159473 8589 
3122303747719 3122302159554 4179 
3122303747719 3122306072046 2892 
3122303747719 3122302159546 4675 
3122303747719 3122307676875 5381 
3122303747719 3122306942822 6141 
3122303747719 3122302206323 9364 
3122303747719 3122303747719 0 
3122303747719 3122306017940 10075 
3122303747719 3122304384881 4690 
3122303747719 3122304207866 12693 
3122303747719 3122302701804 4049 
3122303747719 3122302159457 6878 
3122303747719 3122302159856 9508 
3122303747719 3122302159449 12805 
3122303747719 3122307488882 8678 
3122303747719 3122306223354 0 
3122303747719 3122302159589 4232 
3122303747719 3122306942849 3043 
3122303747719 3122302159562 14461 
3122303747719 3122302159287 19106 
3122303747719 CLU_2550 9224 
3122303747719 CLU_2725 15182 
3122303747719 CLU_3565 12250 
3122303747719 CLU_4396 19725 
3122303747719 CLU_8513 20176 
3122306017940 3122302159694 4055 
3122306017940 3122302159538 6448 
3122306017940 3122302159511 4837 
3122306017940 3122300273600 5563 
3122306017940 3122302159503 5181 
3122306017940 3122302159597 2836 
3122306017940 3122302159406 2906 
3122306017940 3122302159678 5272 
3122306017940 3122302159422 6374 
3122306017940 3122302159414 6057 
3122306017940 3122304445651 7946 
3122306017940 3122306026028 8995 
3122306017940 3122304194500 7358 
3122306017940 3122302159392 11251 
3122306017940 3122302206315 3048 
3122306017940 3122307269161 7059 
3122306017940 3122302159473 2004 
3122306017940 3122302159554 6817 
3122306017940 3122306072046 7239 
3122306017940 3122302159546 7059 
3122306017940 3122307676875 6822 
3122306017940 3122306942822 6274 
3122306017940 3122302206323 1756 
3122306017940 3122303747719 10075 
3122306017940 3122306017940 0 
3122306017940 3122304384881 8630 
3122306017940 3122304207866 5535 
3122306017940 3122302701804 8617 
3122306017940 3122302159457 5563 
3122306017940 3122302159856 2769 
3122306017940 3122302159449 3983 
3122306017940 3122307488882 2842 
3122306017940 3122306223354 10075 
3122306017940 3122302159589 6560 
3122306017940 3122306942849 8387 
3122306017940 3122302159562 7757 
3122306017940 3122302159287 13832 
3122306017940 CLU_2550 15320 
3122306017940 CLU_2725 19374 
3122306017940 CLU_3565 11425 
3122306017940 CLU_4396 21668 
3122306017940 CLU_8513 23716 
3122304384881 3122302159694 4896 
3122304384881 3122302159538 4206 
3122304384881 3122302159511 4506 
3122304384881 3122300273600 3438 
3122304384881 3122302159503 3451 
3122304384881 3122302159597 5853 
3122304384881 3122302159406 6777 
3122304384881 3122302159678 5941 
3122304384881 3122302159422 9282 
3122304384881 3122302159414 8886 
3122304384881 3122304445651 8158 
3122304384881 3122306026028 5624 
3122304384881 3122304194500 2341 
3122304384881 3122302159392 8808 
3122304384881 3122302206315 7022 
3122304384881 3122307269161 1631 
3122304384881 3122302159473 8022 
3122304384881 3122302159554 6246 
3122304384881 3122306072046 4514 
3122304384881 3122302159546 1631 
3122304384881 3122307676875 1833 
3122304384881 3122306942822 2551 
3122304384881 3122302206323 7236 
3122304384881 3122303747719 4690 
3122304384881 3122306017940 8630 
3122304384881 3122304384881 0 
3122304384881 3122304207866 9177 
3122304384881 3122302701804 647 
3122304384881 3122302159457 3438 
3122304384881 3122302159856 6855 
3122304384881 3122302159449 9984 
3122304384881 3122307488882 8650 
3122304384881 3122306223354 4690 
3122304384881 3122302159589 6047 
3122304384881 3122306942849 6313 
3122304384881 3122302159562 15163 
3122304384881 3122302159287 20682 
3122304384881 CLU_2550 6873 
3122304384881 CLU_2725 11934 
3122304384881 CLU_3565 15115 
3122304384881 CLU_4396 23748 
3122304384881 CLU_8513 24545 
3122304207866 3122302159694 7104 
3122304207866 3122302159538 9539 
3122304207866 3122302159511 7904 
3122304207866 3122300273600 5921 
3122304207866 3122302159503 6792 
3122304207866 3122302159597 5174 
3122304207866 3122302159406 3562 
3122304207866 3122302159678 9359 
3122304207866 3122302159422 11560 
3122304207866 3122302159414 11183 
3122304207866 3122304445651 12539 
3122304207866 3122306026028 12364 
3122304207866 3122304194500 9325 
3122304207866 3122302159392 6789 
3122304207866 3122302206315 7745 
3122304207866 3122307269161 8228 
3122304207866 3122302159473 7242 
3122304207866 3122302159554 10885 
3122304207866 3122306072046 10441 
3122304207866 3122302159546 8228 
3122304207866 3122307676875 7599 
3122304207866 3122306942822 6778 
3122304207866 3122302206323 4432 
3122304207866 3122303747719 12693 
3122304207866 3122306017940 5535 
3122304207866 3122304384881 9177 
3122304207866 3122304207866 0 
3122304207866 3122302701804 9543 
3122304207866 3122302159457 5921 
3122304207866 3122302159856 3620 
3122304207866 3122302159449 2276 
3122304207866 3122307488882 8244 
3122304207866 3122306223354 12693 
3122304207866 3122302159589 10577 
3122304207866 3122306942849 12193 
3122304207866 3122302159562 12769 
3122304207866 3122302159287 18828 
3122304207866 CLU_2550 14350 
3122304207866 CLU_2725 16748 
3122304207866 CLU_3565 16942 
3122304207866 CLU_4396 27142 
3122304207866 CLU_8513 29044 
3122302701804 3122302159694 4745 
3122302701804 3122302159538 3741 
3122302701804 3122302159511 4255 
3122302701804 3122300273600 3689 
3122302701804 3122302159503 3455 
3122302701804 3122302159597 5904 
3122302701804 3122302159406 6957 
3122302701804 3122302159678 5546 
3122302701804 3122302159422 8839 
3122302701804 3122302159414 8452 
3122302701804 3122304445651 7606 
3122302701804 3122306026028 4992 
3122302701804 3122304194500 1861 
3122302701804 3122302159392 9440 
3122302701804 3122302206315 6801 
3122302701804 3122307269161 1565 
3122302701804 3122302159473 7864 
3122302701804 3122302159554 5730 
3122302701804 3122306072046 3966 
3122302701804 3122302159546 1565 
3122302701804 3122307676875 1999 
3122302701804 3122306942822 2797 
3122302701804 3122302206323 7315 
3122302701804 3122303747719 4049 
3122302701804 3122306017940 8617 
3122302701804 3122304384881 647 
3122302701804 3122304207866 9543 
3122302701804 3122302701804 0 
3122302701804 3122302159457 3689 
3122302701804 3122302159856 7025 
3122302701804 3122302159449 10224 
3122302701804 3122307488882 8427 
3122302701804 3122306223354 4049 
3122302701804 3122302159589 5547 
3122302701804 3122306942849 5712 
3122302701804 3122302159562 14908 
3122302701804 3122302159287 20340 
3122302701804 CLU_2550 7131 
3122302701804 CLU_2725 12384 
3122302701804 CLU_3565 14611 
3122302701804 CLU_4396 23145 
3122302701804 CLU_8513 23914 
3122302159457 3122302159694 2874 
3122302159457 3122302159538 4266 
3122302159457 3122302159511 3169 
3122302159457 3122300273600 0 
3122302159457 3122302159503 1373 
3122302159457 3122302159597 2736 
3122302159457 3122302159406 3358 
3122302159457 3122302159678 5051 
3122302159457 3122302159422 8286 
3122302159457 3122302159414 7855 
3122302159457 3122304445651 8142 
3122302159457 3122306026028 6897 
3122302159457 3122304194500 3489 
3122302159457 3122302159392 7641 
3122302159457 3122302206315 4930 
3122302159457 3122307269161 2307 
3122302159457 3122302159473 5534 
3122302159457 3122302159554 6171 
3122302159457 3122306072046 5082 
3122302159457 3122302159546 2307 
3122302159457 3122307676875 1697 
3122302159457 3122306942822 893 
3122302159457 3122302206323 3972 
3122302159457 3122303747719 6878 
3122302159457 3122306017940 5563 
3122302159457 3122304384881 3438 
3122302159457 3122304207866 5921 
3122302159457 3122302701804 3689 
3122302159457 3122302159457 0 
3122302159457 3122302159856 3446 
3122302159457 3122302159449 6549 
3122302159457 3122307488882 6414 
3122302159457 3122306223354 6878 
3122302159457 3122302159589 5874 
3122302159457 3122306942849 7047 
3122302159457 3122302159562 12826 
3122302159457 3122302159287 18689 
3122302159457 CLU_2550 9789 
3122302159457 CLU_2725 13935 
3122302159457 CLU_3565 14296 
3122302159457 CLU_4396 23806 
3122302159457 CLU_8513 25108 
3122302159856 3122302159694 3571 
3122302159856 3122302159538 6112 
3122302159856 3122302159511 4413 
3122302159856 3122300273600 3446 
3122302159856 3122302159503 3718 
3122302159856 3122302159597 1593 
3122302159856 3122302159406 137 
3122302159856 3122302159678 5749 
3122302159856 3122302159422 8034 
3122302159856 3122302159414 7641 
3122302159856 3122304445651 8919 
3122302159856 3122306026028 8931 
3122302159856 3122304194500 6286 
3122302159856 3122302159392 8516 
3122302159856 3122302206315 4180 
3122302159856 3122307269161 5503 
3122302159856 3122302159473 3901 
3122302159856 3122302159554 7292 
3122302159856 3122306072046 7011 
3122302159856 3122302159546 5503 
3122302159856 3122307676875 5042 
3122302159856 3122306942822 4310 
3122302159856 3122302206323 1069 
3122302159856 3122303747719 9508 
3122302159856 3122306017940 2769 
3122302159856 3122304384881 6855 
3122302159856 3122304207866 3620 
3122302159856 3122302701804 7025 
3122302159856 3122302159457 3446 
3122302159856 3122302159856 0 
3122302159856 3122302159449 3305 
3122302159856 3122307488882 4946 
3122302159856 3122306223354 9508 
3122302159856 3122302159589 6987 
3122302159856 3122306942849 8656 
3122302159856 3122302159562 10525 
3122302159856 3122302159287 16594 
3122302159856 CLU_2550 13141 
3122302159856 CLU_2725 16789 
3122302159856 CLU_3565 13650 
3122302159856 CLU_4396 23730 
3122302159856 CLU_8513 25509 
3122302159449 3122302159694 6771 
3122302159449 3122302159538 9349 
3122302159449 3122302159511 7632 
3122302159449 3122300273600 6549 
3122302159449 3122302159503 7013 
3122302159449 3122302159597 4814 
3122302159449 3122302159406 3337 
3122302159449 3122302159678 8720 
3122302159449 3122302159422 10337 
3122302159449 3122302159414 10003 
3122302159449 3122304445651 11709 
3122302159449 3122306026028 12141 
3122302159449 3122304194500 9588 
3122302159449 3122302159392 9036 
3122302159449 3122302206315 6746 
3122302159449 3122307269161 8744 
3122302159449 3122302159473 5934 
3122302159449 3122302159554 10300 
3122302159449 3122306072046 10239 
3122302159449 3122302159546 8744 
3122302159449 3122307676875 8224 
3122302159449 3122306942822 7442 
3122302159449 3122302206323 3581 
3122302159449 3122303747719 12805 
3122302159449 3122306017940 3983 
3122302159449 3122304384881 9984 
3122302159449 3122304207866 2276 
3122302159449 3122302701804 10224 
3122302159449 3122302159457 6549 
3122302159449 3122302159856 3305 
3122302159449 3122302159449 0 
3122302159449 3122307488882 6825 
3122302159449 3122306223354 12805 
3122302159449 3122302159589 10009 
3122302159449 3122306942849 11764 
3122302159449 3122302159562 10634 
3122302159449 3122302159287 16652 
3122302159449 CLU_2550 15824 
3122302159449 CLU_2725 18716 
3122302159449 CLU_3565 15313 
3122302159449 CLU_4396 25591 
3122302159449 CLU_8513 27695 
3122307488882 3122302159694 3795 
3122307488882 3122302159538 5254 
3122307488882 3122302159511 4172 
3122307488882 3122300273600 6414 
3122307488882 3122302159503 5446 
3122307488882 3122302159597 4036 
3122307488882 3122302159406 5062 
3122307488882 3122302159678 3515 
3122307488882 3122302159422 3561 
3122307488882 3122302159414 3278 
3122307488882 3122304445651 5420 
3122307488882 3122306026028 7216 
3122307488882 3122304194500 6761 
3122307488882 3122302159392 13304 
3122307488882 3122302206315 1628 
3122307488882 3122307269161 7025 
3122307488882 3122302159473 1045 
3122307488882 3122302159554 4778 
3122307488882 3122306072046 5805 
3122307488882 3122302159546 7025 
3122307488882 3122307676875 7073 
3122307488882 3122306942822 6822 
3122307488882 3122302206323 3916 
3122307488882 3122303747719 8678 
3122307488882 3122306017940 2842 
3122307488882 3122304384881 8650 
3122307488882 3122304207866 8244 
3122307488882 3122302701804 8427 
3122307488882 3122302159457 6414 
3122307488882 3122302159856 4946 
3122307488882 3122302159449 6825 
3122307488882 3122307488882 0 
3122307488882 3122306223354 8678 
3122307488882 3122302159589 4600 
3122307488882 3122306942849 6368 
3122307488882 3122302159562 6526 
3122307488882 3122302159287 12278 
3122307488882 CLU_2550 15523 
3122307488882 CLU_2725 20255 
3122307488882 CLU_3565 8726 
3122307488882 CLU_4396 18898 
3122307488882 CLU_8513 20882 
3122306223354 3122302159694 6137 
3122306223354 3122302159538 3627 
3122306223354 3122302159511 5288 
3122306223354 3122300273600 6878 
3122306223354 3122302159503 5907 
3122306223354 3122302159597 8007 
3122306223354 3122302159406 9491 
3122306223354 3122302159678 5162 
3122306223354 3122302159422 7391 
3122306223354 3122302159414 7137 
3122306223354 3122304445651 5248 
3122306223354 3122306026028 1904 
3122306223354 3122304194500 3390 
3122306223354 3122302159392 13482 
3122306223354 3122302206315 7321 
3122306223354 3122307269161 4675 
3122306223354 3122302159473 8589 
3122306223354 3122302159554 4179 
3122306223354 3122306072046 2892 
3122306223354 3122302159546 4675 
3122306223354 3122307676875 5381 
3122306223354 3122306942822 6141 
3122306223354 3122302206323 9364 
3122306223354 3122303747719 0 
3122306223354 3122306017940 10075 
3122306223354 3122304384881 4690 
3122306223354 3122304207866 12693 
3122306223354 3122302701804 4049 
3122306223354 3122302159457 6878 
3122306223354 3122302159856 9508 
3122306223354 3122302159449 12805 
3122306223354 3122307488882 8678 
3122306223354 3122306223354 0 
3122306223354 3122302159589 4232 
3122306223354 3122306942849 3043 
3122306223354 3122302159562 14461 
3122306223354 3122302159287 19106 
3122306223354 CLU_2550 9224 
3122306223354 CLU_2725 15182 
3122306223354 CLU_3565 12250 
3122306223354 CLU_4396 19725 
3122306223354 CLU_8513 20176 
3122302159589 3122302159694 3499 
3122302159589 3122302159538 1867 
3122302159589 3122302159511 2805 
3122302159589 3122300273600 5874 
3122302159589 3122302159503 4504 
3122302159589 3122302159597 5405 
3122302159589 3122302159406 7028 
3122302159589 3122302159678 1300 
3122302159589 3122302159422 3393 
3122302159589 3122302159414 3058 
3122302159589 3122304445651 2281 
3122302159589 3122306026028 2620 
3122302159589 3122304194500 3706 
3122302159589 3122302159392 13498 
3122302159589 3122302206315 3530 
3122302159589 3122307269161 4808 
3122302159589 3122302159473 4752 
3122302159589 3122302159554 310 
3122302159589 3122306072046 1684 
3122302159589 3122302159546 4808 
3122302159589 3122307676875 5303 
3122302159589 3122306942822 5632 
3122302159589 3122302206323 6433 
3122302159589 3122303747719 4232 
3122302159589 3122306017940 6560 
3122302159589 3122304384881 6047 
3122302159589 3122304207866 10577 
3122302159589 3122302701804 5547 
3122302159589 3122302159457 5874 
3122302159589 3122302159856 6987 
3122302159589 3122302159449 10009 
3122302159589 3122307488882 4600 
3122302159589 3122306223354 4232 
3122302159589 3122302159589 0 
3122302159589 3122306942849 1830 
3122302159589 3122302159562 10245 
3122302159589 3122302159287 15136 
3122302159589 CLU_2550 12436 
3122302159589 CLU_2725 17925 
3122302159589 CLU_3565 9068 
3122302159589 CLU_4396 18024 
3122302159589 CLU_8513 19234 
3122306942849 3122302159694 5093 
3122306942849 3122302159538 2786 
3122306942849 3122302159511 4291 
3122306942849 3122300273600 7047 
3122306942849 3122302159503 5737 
3122306942849 3122302159597 7062 
3122306942849 3122302159406 8683 
3122306942849 3122302159678 3117 
3122306942849 3122302159422 4420 
3122306942849 3122302159414 4215 
3122306942849 3122304445651 2213 
3122306942849 3122306026028 1141 
3122306942849 3122304194500 4112 
3122306942849 3122302159392 14499 
3122306942849 3122302206315 5361 
3122306942849 3122307269161 5464 
3122306942849 3122302159473 6578 
3122306942849 3122302159554 1600 
3122306942849 3122306072046 1991 
3122306942849 3122302159546 5464 
3122306942849 3122307676875 6091 
3122306942849 3122306942822 6610 
3122306942849 3122302206323 8182 
3122306942849 3122303747719 3043 
3122306942849 3122306017940 8387 
3122306942849 3122304384881 6313 
3122306942849 3122304207866 12193 
3122306942849 3122302701804 5712 
3122306942849 3122302159457 7047 
3122306942849 3122302159856 8656 
3122306942849 3122302159449 11764 
3122306942849 3122307488882 6368 
3122306942849 3122306223354 3043 
3122306942849 3122302159589 1830 
3122306942849 3122306942849 0 
3122306942849 3122302159562 11606 
3122306942849 3122302159287 16074 
3122306942849 CLU_2550 12029 
3122306942849 CLU_2725 17809 
3122306942849 CLU_3565 9293 
3122306942849 CLU_4396 17435 
3122306942849 CLU_8513 18317 
3122302159562 3122302159694 10322 
3122302159562 3122302159538 11479 
3122302159562 3122302159511 10662 
3122302159562 3122300273600 12826 
3122302159562 3122302159503 11958 
3122302159562 3122302159597 10211 
3122302159562 3122302159406 10662 
3122302159562 3122302159678 9586 
3122302159562 3122302159422 7230 
3122302159562 3122302159414 7392 
3122302159562 3122304445651 9730 
3122302159562 3122306026028 12690 
3122302159562 3122304194500 13169 
3122302159562 3122302159392 18984 
3122302159562 3122302206315 8148 
3122302159562 3122307269161 13545 
3122302159562 3122302159473 7299 
3122302159562 3122302159554 10281 
3122302159562 3122306072046 11808 
3122302159562 3122302159546 13545 
3122302159562 3122307676875 13598 
3122302159562 3122306942822 13314 
3122302159562 3122302206323 9487 
3122302159562 3122303747719 14461 
3122302159562 3122306017940 7757 
3122302159562 3122304384881 15163 
3122302159562 3122304207866 12769 
3122302159562 3122302701804 14908 
3122302159562 3122302159457 12826 
3122302159562 3122302159856 10525 
3122302159562 3122302159449 10634 
3122302159562 3122307488882 6526 
3122302159562 3122306223354 14461 
3122302159562 3122302159589 10245 
3122302159562 3122306942849 11606 
3122302159562 3122302159562 0 
3122302159562 3122302159287 6094 
3122302159562 CLU_2550 22029 
3122302159562 CLU_2725 26744 
3122302159562 CLU_3565 7215 
3122302159562 CLU_4396 16764 
3122302159562 CLU_8513 19673 
3122302159287 3122302159694 16016 
3122302159287 3122302159538 16689 
3122302159287 3122302159511 16207 
3122302159287 3122300273600 18689 
3122302159287 3122302159503 17695 
3122302159287 3122302159597 16171 
3122302159287 3122302159406 16731 
3122302159287 3122302159678 14811 
3122302159287 3122302159422 11764 
3122302159287 3122302159414 12078 
3122302159287 3122304445651 13913 
3122302159287 3122306026028 17215 
3122302159287 3122304194500 18512 
3122302159287 3122302159392 25074 
3122302159287 3122302206315 13829 
3122302159287 3122307269161 19113 
3122302159287 3122302159473 13172 
3122302159287 3122302159554 15080 
3122302159287 3122306072046 16809 
3122302159287 3122302159546 19113 
3122302159287 3122307676875 19269 
3122302159287 3122306942822 19087 
3122302159287 3122302206323 15545 
3122302159287 3122303747719 19106 
3122302159287 3122306017940 13832 
3122302159287 3122304384881 20682 
3122302159287 3122304207866 18828 
3122302159287 3122302701804 20340 
3122302159287 3122302159457 18689 
3122302159287 3122302159856 16594 
3122302159287 3122302159449 16652 
3122302159287 3122307488882 12278 
3122302159287 3122306223354 19106 
3122302159287 3122302159589 15136 
3122302159287 3122306942849 16074 
3122302159287 3122302159562 6094 
3122302159287 3122302159287 0 
3122302159287 CLU_2550 27449 
3122302159287 CLU_2725 32495 
3122302159287 CLU_3565 8109 
3122302159287 CLU_4396 14115 
3122302159287 CLU_8513 17629 
;

param D0_1 := 
CLU_2550 3122302159694 11763 
CLU_2550 3122302159538 10769 
CLU_2550 3122302159511 11367 
CLU_2550 3122300273600 9789 
CLU_2550 3122302159503 10236 
CLU_2550 3122302159597 12485 
CLU_2550 3122302159406 13033 
CLU_2550 3122302159678 12638 
CLU_2550 3122302159422 15819 
CLU_2550 3122302159414 15458 
CLU_2550 3122304445651 14191 
CLU_2550 3122306026028 10990 
CLU_2550 3122304194500 8937 
CLU_2550 3122302159392 10378 
CLU_2550 3122302206315 13894 
CLU_2550 3122307269161 8502 
CLU_2550 3122302159473 14884 
CLU_2550 3122302159554 12555 
CLU_2550 3122306072046 10757 
CLU_2550 3122302159546 8502 
CLU_2550 3122307676875 8556 
CLU_2550 3122306942822 9046 
CLU_2550 3122302206323 13761 
CLU_2550 3122303747719 9224 
CLU_2550 3122306017940 15320 
CLU_2550 3122304384881 6873 
CLU_2550 3122304207866 14350 
CLU_2550 3122302701804 7131 
CLU_2550 3122302159457 9789 
CLU_2550 3122302159856 13141 
CLU_2550 3122302159449 15824 
CLU_2550 3122307488882 15523 
CLU_2550 3122306223354 9224 
CLU_2550 3122302159589 12436 
CLU_2550 3122306942849 12029 
CLU_2550 3122302159562 22029 
CLU_2550 3122302159287 27449 
CLU_2550 CLU_2550 0 
CLU_2550 CLU_2725 6123 
CLU_2550 CLU_3565 21309 
CLU_2550 CLU_4396 28813 
CLU_2550 CLU_8513 28910 
CLU_2725 3122302159694 16482 
CLU_2725 3122302159538 16123 
CLU_2725 3122302159511 16308 
CLU_2725 3122300273600 13935 
CLU_2725 3122302159503 14811 
CLU_2725 3122302159597 16629 
CLU_2725 3122302159406 16658 
CLU_2725 3122302159678 17871 
CLU_2725 3122302159422 21214 
CLU_2725 3122302159414 20820 
CLU_2725 3122304445651 19887 
CLU_2725 3122306026028 16843 
CLU_2725 3122304194500 14242 
CLU_2725 3122302159392 10708 
CLU_2725 3122302206315 18672 
CLU_2725 3122307269161 13424 
CLU_2725 3122302159473 19445 
CLU_2725 3122302159554 18093 
CLU_2725 3122306072046 16300 
CLU_2725 3122302159546 13424 
CLU_2725 3122307676875 13227 
CLU_2725 3122306942822 13435 
CLU_2725 3122302206323 17651 
CLU_2725 3122303747719 15182 
CLU_2725 3122306017940 19374 
CLU_2725 3122304384881 11934 
CLU_2725 3122304207866 16748 
CLU_2725 3122302701804 12384 
CLU_2725 3122302159457 13935 
CLU_2725 3122302159856 16789 
CLU_2725 3122302159449 18716 
CLU_2725 3122307488882 20255 
CLU_2725 3122306223354 15182 
CLU_2725 3122302159589 17925 
CLU_2725 3122306942849 17809 
CLU_2725 3122302159562 26744 
CLU_2725 3122302159287 32495 
CLU_2725 CLU_2550 6123 
CLU_2725 CLU_2725 0 
CLU_2725 CLU_3565 26969 
CLU_2725 CLU_4396 34873 
CLU_2725 CLU_8513 35031 
CLU_3501 3122302159694 1317 
CLU_3501 3122302159538 2298 
CLU_3501 3122302159511 1208 
CLU_3501 3122300273600 4162 
CLU_3501 3122302159503 2884 
CLU_3501 3122302159597 2990 
CLU_3501 3122302159406 4597 
CLU_3501 3122302159678 1203 
CLU_3501 3122302159422 4125 
CLU_3501 3122302159414 3694 
CLU_3501 3122304445651 4406 
CLU_3501 3122306026028 4756 
CLU_3501 3122304194500 3714 
CLU_3501 3122302159392 11713 
CLU_3501 3122302206315 1483 
CLU_3501 3122307269161 4114 
CLU_3501 3122302159473 2724 
CLU_3501 3122302159554 2766 
CLU_3501 3122306072046 3015 
CLU_3501 3122302159546 4114 
CLU_3501 3122307676875 4301 
CLU_3501 3122306942822 4268 
CLU_3501 3122302206323 3963 
CLU_3501 3122303747719 5891 
CLU_3501 3122306017940 4243 
CLU_3501 3122304384881 5702 
CLU_3501 3122304207866 8158 
CLU_3501 3122302701804 5423 
CLU_3501 3122302159457 4162 
CLU_3501 3122302159856 4546 
CLU_3501 3122302159449 7541 
CLU_3501 3122307488882 3048 
CLU_3501 3122306223354 5891 
CLU_3501 3122302159589 2470 
CLU_3501 3122306942849 4236 
CLU_3501 3122302159562 9485 
CLU_3501 3122302159287 15000 
CLU_3501 CLU_2550 12549 
CLU_3501 CLU_2725 17515 
CLU_3501 CLU_3565 10134 
CLU_3501 CLU_4396 19751 
CLU_3501 CLU_8513 21246 
CLU_3502 3122302159694 1455 
CLU_3502 3122302159538 2425 
CLU_3502 3122302159511 1384 
CLU_3502 3122300273600 4314 
CLU_3502 3122302159503 3048 
CLU_3502 3122302159597 3049 
CLU_3502 3122302159406 4644 
CLU_3502 3122302159678 1180 
CLU_3502 3122302159422 3978 
CLU_3502 3122302159414 3547 
CLU_3502 3122304445651 4341 
CLU_3502 3122306026028 4819 
CLU_3502 3122304194500 3879 
CLU_3502 3122302159392 11848 
CLU_3502 3122302206315 1345 
CLU_3502 3122307269161 4290 
CLU_3502 3122302159473 2600 
CLU_3502 3122302159554 2760 
CLU_3502 3122306072046 3112 
CLU_3502 3122302159546 4290 
CLU_3502 3122307676875 4476 
CLU_3502 3122306942822 4436 
CLU_3502 3122302206323 3969 
CLU_3502 3122303747719 5997 
CLU_3502 3122306017940 4175 
CLU_3502 3122304384881 5878 
CLU_3502 3122304207866 8206 
CLU_3502 3122302701804 5596 
CLU_3502 3122302159457 4314 
CLU_3502 3122302159856 4589 
CLU_3502 3122302159449 7540 
CLU_3502 3122307488882 2888 
CLU_3502 3122306223354 5997 
CLU_3502 3122302159589 2471 
CLU_3502 3122306942849 4261 
CLU_3502 3122302159562 9313 
CLU_3502 3122302159287 14823 
CLU_3502 CLU_2550 12723 
CLU_3502 CLU_2725 17691 
CLU_3502 CLU_3565 9982 
CLU_3502 CLU_4396 19627 
CLU_3502 CLU_8513 21145 
CLU_3503 3122302159694 790 
CLU_3503 3122302159538 2605 
CLU_3503 3122302159511 1102 
CLU_3503 3122300273600 3661 
CLU_3503 3122302159503 2463 
CLU_3503 3122302159597 2357 
CLU_3503 3122302159406 3970 
CLU_3503 3122302159678 1830 
CLU_3503 3122302159422 4670 
CLU_3503 3122302159414 4241 
CLU_3503 3122304445651 5043 
CLU_3503 3122306026028 5236 
CLU_3503 3122304194500 3742 
CLU_3503 3122302159392 11143 
CLU_3503 3122302206315 1481 
CLU_3503 3122307269161 3917 
CLU_3503 3122302159473 2573 
CLU_3503 3122302159554 3371 
CLU_3503 3122306072046 3412 
CLU_3503 3122302159546 3917 
CLU_3503 3122307676875 4004 
CLU_3503 3122306942822 3866 
CLU_3503 3122302206323 3387 
CLU_3503 3122303747719 6232 
CLU_3503 3122306017940 3842 
CLU_3503 3122304384881 5540 
CLU_3503 3122304207866 7530 
CLU_3503 3122302701804 5329 
CLU_3503 3122302159457 3661 
CLU_3503 3122302159856 3923 
CLU_3503 3122302159449 6968 
CLU_3503 3122307488882 3109 
CLU_3503 3122306223354 6232 
CLU_3503 3122302159589 3069 
CLU_3503 3122306942849 4795 
CLU_3503 3122302159562 9628 
CLU_3503 3122302159287 15265 
CLU_3503 CLU_2550 12413 
CLU_3503 CLU_2725 17229 
CLU_3503 CLU_3565 10656 
CLU_3503 CLU_4396 20347 
CLU_3503 CLU_8513 21871 
CLU_3504 3122302159694 1451 
CLU_3504 3122302159538 2850 
CLU_3504 3122302159511 1631 
CLU_3504 3122300273600 4317 
CLU_3504 3122302159503 3125 
CLU_3504 3122302159597 2771 
CLU_3504 3122302159406 4329 
CLU_3504 3122302159678 1584 
CLU_3504 3122302159422 4059 
CLU_3504 3122302159414 3633 
CLU_3504 3122304445651 4655 
CLU_3504 3122306026028 5266 
CLU_3504 3122304194500 4220 
CLU_3504 3122302159392 11756 
CLU_3504 3122302206315 945 
CLU_3504 3122307269161 4522 
CLU_3504 3122302159473 2172 
CLU_3504 3122302159554 3165 
CLU_3504 3122306072046 3557 
CLU_3504 3122302159546 4522 
CLU_3504 3122307676875 4645 
CLU_3504 3122306942822 4528 
CLU_3504 3122302206323 3588 
CLU_3504 3122303747719 6439 
CLU_3504 3122306017940 3729 
CLU_3504 3122304384881 6132 
CLU_3504 3122304207866 7886 
CLU_3504 3122302701804 5886 
CLU_3504 3122302159457 4317 
CLU_3504 3122302159856 4266 
CLU_3504 3122302159449 7145 
CLU_3504 3122307488882 2546 
CLU_3504 3122306223354 6439 
CLU_3504 3122302159589 2885 
CLU_3504 3122306942849 4690 
CLU_3504 3122302159562 9031 
CLU_3504 3122302159287 14623 
CLU_3504 CLU_2550 12998 
CLU_3504 CLU_2725 17873 
CLU_3504 CLU_3565 10022 
CLU_3504 CLU_4396 19774 
CLU_3504 CLU_8513 21361 
CLU_3505 3122302159694 1252 
CLU_3505 3122302159538 1924 
CLU_3505 3122302159511 902 
CLU_3505 3122300273600 3993 
CLU_3505 3122302159503 2671 
CLU_3505 3122302159597 3101 
CLU_3505 3122302159406 4723 
CLU_3505 3122302159678 1134 
CLU_3505 3122302159422 4310 
CLU_3505 3122302159414 3881 
CLU_3505 3122304445651 4368 
CLU_3505 3122306026028 4461 
CLU_3505 3122304194500 3330 
CLU_3505 3122302159392 11596 
CLU_3505 3122302206315 1872 
CLU_3505 3122307269161 3780 
CLU_3505 3122302159473 3105 
CLU_3505 3122302159554 2611 
CLU_3505 3122306072046 2672 
CLU_3505 3122302159546 3780 
CLU_3505 3122307676875 4005 
CLU_3505 3122306942822 4028 
CLU_3505 3122302206323 4173 
CLU_3505 3122303747719 5533 
CLU_3505 3122306017940 4567 
CLU_3505 3122304384881 5352 
CLU_3505 3122304207866 8274 
CLU_3505 3122302701804 5056 
CLU_3505 3122302159457 3993 
CLU_3505 3122302159856 4683 
CLU_3505 3122302159449 7754 
CLU_3505 3122307488882 3436 
CLU_3505 3122306223354 5533 
CLU_3505 3122302159589 2305 
CLU_3505 3122306942849 4009 
CLU_3505 3122302159562 9856 
CLU_3505 3122302159287 15336 
CLU_3505 CLU_2550 12186 
CLU_3505 CLU_2725 17196 
CLU_3505 CLU_3565 10327 
CLU_3505 CLU_4396 19847 
CLU_3505 CLU_8513 21278 
CLU_3506 3122302159694 1577 
CLU_3506 3122302159538 1888 
CLU_3506 3122302159511 1177 
CLU_3506 3122300273600 4307 
CLU_3506 3122302159503 2974 
CLU_3506 3122302159597 3395 
CLU_3506 3122302159406 5014 
CLU_3506 3122302159678 811 
CLU_3506 3122302159422 4015 
CLU_3506 3122302159414 3587 
CLU_3506 3122304445651 4047 
CLU_3506 3122306026028 4279 
CLU_3506 3122304194500 3442 
CLU_3506 3122302159392 11917 
CLU_3506 3122302206315 1886 
CLU_3506 3122307269161 3993 
CLU_3506 3122302159473 3149 
CLU_3506 3122302159554 2323 
CLU_3506 3122306072046 2558 
CLU_3506 3122302159546 3993 
CLU_3506 3122307676875 4256 
CLU_3506 3122306942822 4315 
CLU_3506 3122302206323 4423 
CLU_3506 3122303747719 5444 
CLU_3506 3122306017940 4718 
CLU_3506 3122304384881 5538 
CLU_3506 3122304207866 8570 
CLU_3506 3122302701804 5213 
CLU_3506 3122302159457 4307 
CLU_3506 3122302159856 4970 
CLU_3506 3122302159449 8003 
CLU_3506 3122307488882 3380 
CLU_3506 3122306223354 5444 
CLU_3506 3122302159589 2021 
CLU_3506 3122306942849 3765 
CLU_3506 3122302159562 9727 
CLU_3506 3122302159287 15143 
CLU_3506 CLU_2550 12344 
CLU_3506 CLU_2725 17417 
CLU_3506 CLU_3565 10030 
CLU_3506 CLU_4396 19525 
CLU_3506 CLU_8513 20952 
CLU_3507 3122302159694 1767 
CLU_3507 3122302159538 2951 
CLU_3507 3122302159511 1881 
CLU_3507 3122300273600 4636 
CLU_3507 3122302159503 3434 
CLU_3507 3122302159597 3044 
CLU_3507 3122302159406 4576 
CLU_3507 3122302159678 1486 
CLU_3507 3122302159422 3747 
CLU_3507 3122302159414 3323 
CLU_3507 3122304445651 4433 
CLU_3507 3122306026028 5240 
CLU_3507 3122304194500 4419 
CLU_3507 3122302159392 12072 
CLU_3507 3122302206315 828 
CLU_3507 3122307269161 4787 
CLU_3507 3122302159473 2097 
CLU_3507 3122302159554 3044 
CLU_3507 3122306072046 3601 
CLU_3507 3122302159546 4787 
CLU_3507 3122307676875 4934 
CLU_3507 3122306942822 4835 
CLU_3507 3122302206323 3783 
CLU_3507 3122303747719 6493 
CLU_3507 3122306017940 3786 
CLU_3507 3122304384881 6387 
CLU_3507 3122304207866 8123 
CLU_3507 3122302701804 6121 
CLU_3507 3122302159457 4636 
CLU_3507 3122302159856 4507 
CLU_3507 3122302159449 7313 
CLU_3507 3122307488882 2345 
CLU_3507 3122306223354 6493 
CLU_3507 3122302159589 2778 
CLU_3507 3122306942849 4602 
CLU_3507 3122302159562 8787 
CLU_3507 3122302159287 14340 
CLU_3507 CLU_2550 13244 
CLU_3507 CLU_2725 18160 
CLU_3507 CLU_3565 9703 
CLU_3507 CLU_4396 19471 
CLU_3507 CLU_8513 21078 
CLU_3508 3122302159694 970 
CLU_3508 3122302159538 2917 
CLU_3508 3122302159511 1416 
CLU_3508 3122300273600 3787 
CLU_3508 3122302159503 2654 
CLU_3508 3122302159597 2226 
CLU_3508 3122302159406 3812 
CLU_3508 3122302159678 2003 
CLU_3508 3122302159422 4634 
CLU_3508 3122302159414 4208 
CLU_3508 3122304445651 5168 
CLU_3508 3122306026028 5515 
CLU_3508 3122304194500 4056 
CLU_3508 3122302159392 11185 
CLU_3508 3122302206315 1223 
CLU_3508 3122307269161 4187 
CLU_3508 3122302159473 2262 
CLU_3508 3122302159554 3573 
CLU_3508 3122306072046 3711 
CLU_3508 3122302159546 4187 
CLU_3508 3122307676875 4241 
CLU_3508 3122306942822 4055 
CLU_3508 3122302206323 3156 
CLU_3508 3122303747719 6544 
CLU_3508 3122306017940 3533 
CLU_3508 3122304384881 5815 
CLU_3508 3122304207866 7375 
CLU_3508 3122302701804 5620 
CLU_3508 3122302159457 3787 
CLU_3508 3122302159856 3757 
CLU_3508 3122302159449 6735 
CLU_3508 3122307488882 2841 
CLU_3508 3122306223354 6544 
CLU_3508 3122302159589 3277 
CLU_3508 3122306942849 5036 
CLU_3508 3122302159562 9367 
CLU_3508 3122302159287 15045 
CLU_3508 CLU_2550 12689 
CLU_3508 CLU_2725 17453 
CLU_3508 CLU_3565 10586 
CLU_3508 CLU_4396 20350 
CLU_3508 CLU_8513 21926 
CLU_3509 3122302159694 1409 
CLU_3509 3122302159538 3486 
CLU_3509 3122302159511 1981 
CLU_3509 3122300273600 4040 
CLU_3509 3122302159503 3032 
CLU_3509 3122302159597 2067 
CLU_3509 3122302159406 3557 
CLU_3509 3122302159678 2412 
CLU_3509 3122302159422 4653 
CLU_3509 3122302159414 4240 
CLU_3509 3122304445651 5460 
CLU_3509 3122306026028 6038 
CLU_3509 3122304194500 4615 
CLU_3509 3122302159392 11254 
CLU_3509 3122302206315 900 
CLU_3509 3122307269161 4673 
CLU_3509 3122302159473 1724 
CLU_3509 3122302159554 3994 
CLU_3509 3122306072046 4264 
CLU_3509 3122302159546 4673 
CLU_3509 3122307676875 4671 
CLU_3509 3122306942822 4409 
CLU_3509 3122302206323 2763 
CLU_3509 3122303747719 7111 
CLU_3509 3122306017940 2975 
CLU_3509 3122304384881 6305 
CLU_3509 3122304207866 7098 
CLU_3509 3122302701804 6139 
CLU_3509 3122302159457 4040 
CLU_3509 3122302159856 3485 
CLU_3509 3122302159449 6314 
CLU_3509 3122307488882 2415 
CLU_3509 3122306223354 7111 
CLU_3509 3122302159589 3710 
CLU_3509 3122306942849 5505 
CLU_3509 3122302159562 8929 
CLU_3509 3122302159287 14682 
CLU_3509 CLU_2550 13173 
CLU_3509 CLU_2725 17840 
CLU_3509 CLU_3565 10514 
CLU_3509 CLU_4396 20398 
CLU_3509 CLU_8513 22064 
CLU_3510 3122302159694 2239 
CLU_3510 3122302159538 3735 
CLU_3510 3122302159511 2561 
CLU_3510 3122300273600 5003 
CLU_3510 3122302159503 3920 
CLU_3510 3122302159597 2999 
CLU_3510 3122302159406 4384 
CLU_3510 3122302159678 2194 
CLU_3510 3122302159422 3746 
CLU_3510 3122302159414 3347 
CLU_3510 3122304445651 4857 
CLU_3510 3122306026028 5973 
CLU_3510 3122304194500 5159 
CLU_3510 3122302159392 12235 
CLU_3510 3122302206315 115 
CLU_3510 3122307269161 5426 
CLU_3510 3122302159473 1330 
CLU_3510 3122302159554 3688 
CLU_3510 3122306072046 4378 
CLU_3510 3122302159546 5426 
CLU_3510 3122307676875 5506 
CLU_3510 3122306942822 5317 
CLU_3510 3122302206323 3439 
CLU_3510 3122303747719 7270 
CLU_3510 3122306017940 3146 
CLU_3510 3122304384881 7046 
CLU_3510 3122304207866 7861 
CLU_3510 3122302701804 6816 
CLU_3510 3122302159457 5003 
CLU_3510 3122302159856 4295 
CLU_3510 3122302159449 6858 
CLU_3510 3122307488882 1611 
CLU_3510 3122306223354 7270 
CLU_3510 3122302159589 3446 
CLU_3510 3122306942849 5276 
CLU_3510 3122302159562 8118 
CLU_3510 3122302159287 13777 
CLU_3510 CLU_2550 13917 
CLU_3510 CLU_2725 18721 
CLU_3510 CLU_3565 9540 
CLU_3510 CLU_4396 19478 
CLU_3510 CLU_8513 21213 
CLU_3511 3122302159694 2038 
CLU_3511 3122302159538 2724 
CLU_3511 3122302159511 1949 
CLU_3511 3122300273600 4905 
CLU_3511 3122302159503 3643 
CLU_3511 3122302159597 3489 
CLU_3511 3122302159406 5041 
CLU_3511 3122302159678 1065 
CLU_3511 3122302159422 3397 
CLU_3511 3122302159414 2968 
CLU_3511 3122304445651 3955 
CLU_3511 3122306026028 4844 
CLU_3511 3122304194500 4331 
CLU_3511 3122302159392 12418 
CLU_3511 3122302206315 1205 
CLU_3511 3122307269161 4839 
CLU_3511 3122302159473 2457 
CLU_3511 3122302159554 2586 
CLU_3511 3122306072046 3289 
CLU_3511 3122302159546 4839 
CLU_3511 3122307676875 5052 
CLU_3511 3122306942822 5029 
CLU_3511 3122302206323 4263 
CLU_3511 3122303747719 6177 
CLU_3511 3122306017940 4231 
CLU_3511 3122304384881 6406 
CLU_3511 3122304207866 8594 
CLU_3511 3122302701804 6096 
CLU_3511 3122302159457 4905 
CLU_3511 3122302159856 4975 
CLU_3511 3122302159449 7793 
CLU_3511 3122307488882 2534 
CLU_3511 3122306223354 6177 
CLU_3511 3122302159589 2330 
CLU_3511 3122306942849 4160 
CLU_3511 3122302159562 8837 
CLU_3511 3122302159287 14278 
CLU_3511 CLU_2550 13227 
CLU_3511 CLU_2725 18254 
CLU_3511 CLU_3565 9393 
CLU_3511 CLU_4396 19080 
CLU_3511 CLU_8513 20645 
CLU_3512 3122302159694 2386 
CLU_3512 3122302159538 1900 
CLU_3512 3122302159511 1883 
CLU_3512 3122300273600 5051 
CLU_3512 3122302159503 3695 
CLU_3512 3122302159597 4187 
CLU_3512 3122302159406 5799 
CLU_3512 3122302159678 0 
CLU_3512 3122302159422 3393 
CLU_3512 3122302159414 2977 
CLU_3512 3122304445651 3235 
CLU_3512 3122306026028 3780 
CLU_3512 3122304194500 3703 
CLU_3512 3122302159392 12683 
CLU_3512 3122302206315 2269 
CLU_3512 3122307269161 4482 
CLU_3512 3122302159473 3521 
CLU_3512 3122302159554 1582 
CLU_3512 3122306072046 2300 
CLU_3512 3122302159546 4482 
CLU_3512 3122307676875 4834 
CLU_3512 3122306942822 4985 
CLU_3512 3122302206323 5149 
CLU_3512 3122303747719 5162 
CLU_3512 3122306017940 5272 
CLU_3512 3122304384881 5941 
CLU_3512 3122304207866 9359 
CLU_3512 3122302701804 5546 
CLU_3512 3122302159457 5051 
CLU_3512 3122302159856 5749 
CLU_3512 3122302159449 8720 
CLU_3512 3122307488882 3515 
CLU_3512 3122306223354 5162 
CLU_3512 3122302159589 1300 
CLU_3512 3122306942849 3117 
CLU_3512 3122302159562 9586 
CLU_3512 3122302159287 14811 
CLU_3512 CLU_2550 12638 
CLU_3512 CLU_2725 17871 
CLU_3512 CLU_3565 9375 
CLU_3512 CLU_4396 18757 
CLU_3512 CLU_8513 20151 
CLU_3513 3122302159694 0 
CLU_3513 3122302159538 2583 
CLU_3513 3122302159511 863 
CLU_3513 3122300273600 2874 
CLU_3513 3122302159503 1686 
CLU_3513 3122302159597 1980 
CLU_3513 3122302159406 3593 
CLU_3513 3122302159678 2386 
CLU_3513 3122302159422 5433 
CLU_3513 3122302159414 5002 
CLU_3513 3122304445651 5618 
CLU_3513 3122306026028 5374 
CLU_3513 3122304194500 3313 
CLU_3513 3122302159392 10396 
CLU_3513 3122302206315 2190 
CLU_3513 3122307269161 3264 
CLU_3513 3122302159473 3127 
CLU_3513 3122302159554 3810 
CLU_3513 3122306072046 3468 
CLU_3513 3122302159546 3264 
CLU_3513 3122307676875 3277 
CLU_3513 3122306942822 3088 
CLU_3513 3122302206323 3242 
CLU_3513 3122303747719 6137 
CLU_3513 3122306017940 4055 
CLU_3513 3122304384881 4896 
CLU_3513 3122304207866 7104 
CLU_3513 3122302701804 4745 
CLU_3513 3122302159457 2874 
CLU_3513 3122302159856 3571 
CLU_3513 3122302159449 6771 
CLU_3513 3122307488882 3795 
CLU_3513 3122306223354 6137 
CLU_3513 3122302159589 3499 
CLU_3513 3122306942849 5093 
CLU_3513 3122302159562 10322 
CLU_3513 3122302159287 16016 
CLU_3513 CLU_2550 11763 
CLU_3513 CLU_2725 16482 
CLU_3513 CLU_3565 11431 
CLU_3513 CLU_4396 21065 
CLU_3513 CLU_8513 22527 
CLU_3514 3122302159694 455 
CLU_3514 3122302159538 2259 
CLU_3514 3122302159511 594 
CLU_3514 3122300273600 2688 
CLU_3514 3122302159503 1393 
CLU_3514 3122302159597 2286 
CLU_3514 3122302159406 3861 
CLU_3514 3122302159678 2396 
CLU_3514 3122302159422 5602 
CLU_3514 3122302159414 5172 
CLU_3514 3122304445651 5583 
CLU_3514 3122306026028 5080 
CLU_3514 3122304194500 2861 
CLU_3514 3122302159392 10294 
CLU_3514 3122302206315 2577 
CLU_3514 3122307269161 2835 
CLU_3514 3122302159473 3567 
CLU_3514 3122302159554 3699 
CLU_3514 3122306072046 3158 
CLU_3514 3122302159546 2835 
CLU_3514 3122307676875 2894 
CLU_3514 3122306942822 2785 
CLU_3514 3122302206323 3614 
CLU_3514 3122303747719 5749 
CLU_3514 3122306017940 4500 
CLU_3514 3122304384881 4465 
CLU_3514 3122304207866 7317 
CLU_3514 3122302701804 4298 
CLU_3514 3122302159457 2688 
CLU_3514 3122302159856 3852 
CLU_3514 3122302159449 7100 
CLU_3514 3122307488882 4198 
CLU_3514 3122306223354 5749 
CLU_3514 3122302159589 3389 
CLU_3514 3122306942849 4883 
CLU_3514 3122302159562 10724 
CLU_3514 3122302159287 16376 
CLU_3514 CLU_2550 11338 
CLU_3514 CLU_2725 16119 
CLU_3514 CLU_3565 11617 
CLU_3514 CLU_4396 21146 
CLU_3514 CLU_8513 22537 
CLU_3515 3122302159694 3152 
CLU_3515 3122302159538 1231 
CLU_3515 3122302159511 2379 
CLU_3515 3122300273600 5341 
CLU_3515 3122302159503 3981 
CLU_3515 3122302159597 5113 
CLU_3515 3122302159406 6736 
CLU_3515 3122302159678 1324 
CLU_3515 3122302159422 3992 
CLU_3515 3122302159414 3638 
CLU_3515 3122304445651 2877 
CLU_3515 3122306026028 2468 
CLU_3515 3122304194500 3064 
CLU_3515 3122302159392 12939 
CLU_3515 3122302206315 3578 
CLU_3515 3122307269161 4176 
CLU_3515 3122302159473 4839 
CLU_3515 3122302159554 875 
CLU_3515 3122306072046 1115 
CLU_3515 3122302159546 4176 
CLU_3515 3122307676875 4688 
CLU_3515 3122306942822 5049 
CLU_3515 3122302206323 6237 
CLU_3515 3122303747719 3869 
CLU_3515 3122306017940 6535 
CLU_3515 3122304384881 5404 
CLU_3515 3122304207866 10257 
CLU_3515 3122302701804 4908 
CLU_3515 3122302159457 5341 
CLU_3515 3122302159856 6706 
CLU_3515 3122302159449 9817 
CLU_3515 3122307488882 4823 
CLU_3515 3122306223354 3869 
CLU_3515 3122302159589 643 
CLU_3515 3122306942849 1951 
CLU_3515 3122302159562 10703 
CLU_3515 3122302159287 15701 
CLU_3515 CLU_2550 11827 
CLU_3515 CLU_2725 17288 
CLU_3515 CLU_3565 9710 
CLU_3515 CLU_4396 18628 
CLU_3515 CLU_8513 19786 
CLU_3516 3122302159694 3810 
CLU_3516 3122302159538 2104 
CLU_3516 3122302159511 3114 
CLU_3516 3122300273600 6171 
CLU_3516 3122302159503 4802 
CLU_3516 3122302159597 5712 
CLU_3516 3122302159406 7334 
CLU_3516 3122302159678 1582 
CLU_3516 3122302159422 3317 
CLU_3516 3122302159414 3009 
CLU_3516 3122304445651 2004 
CLU_3516 3122306026028 2482 
CLU_3516 3122304194500 3906 
CLU_3516 3122302159392 13789 
CLU_3516 3122302206315 3777 
CLU_3516 3122307269161 5050 
CLU_3516 3122302159473 4981 
CLU_3516 3122302159554 0 
CLU_3516 3122306072046 1803 
CLU_3516 3122302159546 5050 
CLU_3516 3122307676875 5563 
CLU_3516 3122306942822 5912 
CLU_3516 3122302206323 6727 
CLU_3516 3122303747719 4179 
CLU_3516 3122306017940 6817 
CLU_3516 3122304384881 6246 
CLU_3516 3122304207866 10885 
CLU_3516 3122302701804 5730 
CLU_3516 3122302159457 6171 
CLU_3516 3122302159856 7292 
CLU_3516 3122302159449 10300 
CLU_3516 3122307488882 4778 
CLU_3516 3122306223354 4179 
CLU_3516 3122302159589 310 
CLU_3516 3122306942849 1600 
CLU_3516 3122302159562 10281 
CLU_3516 3122302159287 15080 
CLU_3516 CLU_2550 12555 
CLU_3516 CLU_2725 18093 
CLU_3516 CLU_3565 8882 
CLU_3516 CLU_4396 17754 
CLU_3516 CLU_8513 18939 
CLU_3517 3122302159694 3499 
CLU_3517 3122302159538 1867 
CLU_3517 3122302159511 2805 
CLU_3517 3122300273600 5874 
CLU_3517 3122302159503 4504 
CLU_3517 3122302159597 5405 
CLU_3517 3122302159406 7028 
CLU_3517 3122302159678 1300 
CLU_3517 3122302159422 3393 
CLU_3517 3122302159414 3058 
CLU_3517 3122304445651 2281 
CLU_3517 3122306026028 2620 
CLU_3517 3122304194500 3706 
CLU_3517 3122302159392 13498 
CLU_3517 3122302206315 3530 
CLU_3517 3122307269161 4808 
CLU_3517 3122302159473 4752 
CLU_3517 3122302159554 310 
CLU_3517 3122306072046 1684 
CLU_3517 3122302159546 4808 
CLU_3517 3122307676875 5303 
CLU_3517 3122306942822 5632 
CLU_3517 3122302206323 6433 
CLU_3517 3122303747719 4232 
CLU_3517 3122306017940 6560 
CLU_3517 3122304384881 6047 
CLU_3517 3122304207866 10577 
CLU_3517 3122302701804 5547 
CLU_3517 3122302159457 5874 
CLU_3517 3122302159856 6987 
CLU_3517 3122302159449 10009 
CLU_3517 3122307488882 4600 
CLU_3517 3122306223354 4232 
CLU_3517 3122302159589 0 
CLU_3517 3122306942849 1830 
CLU_3517 3122302159562 10245 
CLU_3517 3122302159287 15136 
CLU_3517 CLU_2550 12436 
CLU_3517 CLU_2725 17925 
CLU_3517 CLU_3565 9068 
CLU_3517 CLU_4396 18024 
CLU_3517 CLU_8513 19234 
CLU_3518 3122302159694 4534 
CLU_3518 3122302159538 2624 
CLU_3518 3122302159511 3814 
CLU_3518 3122300273600 6812 
CLU_3518 3122302159503 5452 
CLU_3518 3122302159597 6447 
CLU_3518 3122302159406 8069 
CLU_3518 3122302159678 2314 
CLU_3518 3122302159422 3431 
CLU_3518 3122302159414 3197 
CLU_3518 3122304445651 1551 
CLU_3518 3122306026028 2116 
CLU_3518 3122304194500 4295 
CLU_3518 3122302159392 14399 
CLU_3518 3122302206315 4470 
CLU_3518 3122307269161 5534 
CLU_3518 3122302159473 5647 
CLU_3518 3122302159554 737 
CLU_3518 3122306072046 2095 
CLU_3518 3122302159546 5534 
CLU_3518 3122307676875 6092 
CLU_3518 3122306942822 6499 
CLU_3518 3122302206323 7462 
CLU_3518 3122303747719 3962 
CLU_3518 3122306017940 7517 
CLU_3518 3122304384881 6610 
CLU_3518 3122304207866 11618 
CLU_3518 3122302701804 6055 
CLU_3518 3122302159457 6812 
CLU_3518 3122302159856 8028 
CLU_3518 3122302159449 11034 
CLU_3518 3122307488882 5369 
CLU_3518 3122306223354 3962 
CLU_3518 3122302159589 1041 
CLU_3518 3122306942849 1046 
CLU_3518 3122302159562 10577 
CLU_3518 3122302159287 15155 
CLU_3518 CLU_2550 12691 
CLU_3518 CLU_2725 18345 
CLU_3518 CLU_3565 8637 
CLU_3518 CLU_4396 17235 
CLU_3518 CLU_8513 18327 
CLU_3519 3122302159694 3468 
CLU_3519 3122302159538 902 
CLU_3519 3122302159511 2607 
CLU_3519 3122300273600 5082 
CLU_3519 3122302159503 3807 
CLU_3519 3122302159597 5436 
CLU_3519 3122302159406 7019 
CLU_3519 3122302159678 2300 
CLU_3519 3122302159422 5077 
CLU_3519 3122302159414 4736 
CLU_3519 3122304445651 3643 
CLU_3519 3122306026028 1925 
CLU_3519 3122304194500 2206 
CLU_3519 3122302159392 12509 
CLU_3519 3122302206315 4429 
CLU_3519 3122307269161 3500 
CLU_3519 3122302159473 5698 
CLU_3519 3122302159554 1803 
CLU_3519 3122306072046 0 
CLU_3519 3122302159546 3500 
CLU_3519 3122307676875 4108 
CLU_3519 3122306942822 4619 
CLU_3519 3122302206323 6698 
CLU_3519 3122303747719 2892 
CLU_3519 3122306017940 7239 
CLU_3519 3122304384881 4514 
CLU_3519 3122304207866 10441 
CLU_3519 3122302701804 3966 
CLU_3519 3122302159457 5082 
CLU_3519 3122302159856 7011 
CLU_3519 3122302159449 10239 
CLU_3519 3122307488882 5805 
CLU_3519 3122306223354 2892 
CLU_3519 3122302159589 1684 
CLU_3519 3122306942849 1991 
CLU_3519 3122302159562 11808 
CLU_3519 3122302159287 16809 
CLU_3519 CLU_2550 10757 
CLU_3519 CLU_2725 16300 
CLU_3519 CLU_3565 10668 
CLU_3519 CLU_4396 19297 
CLU_3519 CLU_8513 20280 
CLU_3520 3122302159694 2521 
CLU_3520 3122302159538 115 
CLU_3520 3122302159511 1659 
CLU_3520 3122300273600 4155 
CLU_3520 3122302159503 2845 
CLU_3520 3122302159597 4470 
CLU_3520 3122302159406 6041 
CLU_3520 3122302159678 1959 
CLU_3520 3122302159422 5187 
CLU_3520 3122302159414 4801 
CLU_3520 3122304445651 4211 
CLU_3520 3122306026028 2912 
CLU_3520 3122304194500 1790 
CLU_3520 3122302159392 11675 
CLU_3520 3122302206315 3774 
CLU_3520 3122307269161 2834 
CLU_3520 3122302159473 5020 
CLU_3520 3122302159554 2216 
CLU_3520 3122306072046 989 
CLU_3520 3122302159546 2834 
CLU_3520 3122307676875 3357 
CLU_3520 3122306942822 3769 
CLU_3520 3122302206323 5764 
CLU_3520 3122303747719 3659 
CLU_3520 3122306017940 6417 
CLU_3520 3122304384881 4108 
CLU_3520 3122304207866 9451 
CLU_3520 3122302701804 3651 
CLU_3520 3122302159457 4155 
CLU_3520 3122302159856 6036 
CLU_3520 3122302159449 9282 
CLU_3520 3122307488882 5276 
CLU_3520 3122306223354 3659 
CLU_3520 3122302159589 1976 
CLU_3520 3122306942849 2895 
CLU_3520 3122302159562 11527 
CLU_3520 3122302159287 16759 
CLU_3520 CLU_2550 10694 
CLU_3520 CLU_2725 16030 
CLU_3520 CLU_3565 11018 
CLU_3520 CLU_4396 19957 
CLU_3520 CLU_8513 21061 
CLU_3521 3122302159694 3237 
CLU_3521 3122302159538 728 
CLU_3521 3122302159511 2379 
CLU_3521 3122300273600 4561 
CLU_3521 3122302159503 3335 
CLU_3521 3122302159597 5158 
CLU_3521 3122302159406 6702 
CLU_3521 3122302159678 2544 
CLU_3521 3122302159422 5560 
CLU_3521 3122302159414 5201 
CLU_3521 3122304445651 4247 
CLU_3521 3122306026028 2346 
CLU_3521 3122304194500 1592 
CLU_3521 3122302159392 11922 
CLU_3521 3122302206315 4496 
CLU_3521 3122307269161 2890 
CLU_3521 3122302159473 5750 
CLU_3521 3122302159554 2355 
CLU_3521 3122306072046 615 
CLU_3521 3122302159546 2890 
CLU_3521 3122307676875 3510 
CLU_3521 3122306942822 4051 
CLU_3521 3122302206323 6478 
CLU_3521 3122303747719 2917 
CLU_3521 3122306017940 7161 
CLU_3521 3122304384881 3912 
CLU_3521 3122304207866 10058 
CLU_3521 3122302701804 3377 
CLU_3521 3122302159457 4561 
CLU_3521 3122302159856 6705 
CLU_3521 3122302159449 9972 
CLU_3521 3122307488882 5965 
CLU_3521 3122306223354 2917 
CLU_3521 3122302159589 2193 
CLU_3521 3122306942849 2581 
CLU_3521 3122302159562 12127 
CLU_3521 3122302159287 17244 
CLU_3521 CLU_2550 10258 
CLU_3521 CLU_2725 15739 
CLU_3521 CLU_3565 11238 
CLU_3521 CLU_4396 19912 
CLU_3521 CLU_8513 20887 
CLU_3522 3122302159694 2583 
CLU_3522 3122302159538 0 
CLU_3522 3122302159511 1719 
CLU_3522 3122300273600 4266 
CLU_3522 3122302159503 2952 
CLU_3522 3122302159597 4541 
CLU_3522 3122302159406 6118 
CLU_3522 3122302159678 1900 
CLU_3522 3122302159422 5098 
CLU_3522 3122302159414 4715 
CLU_3522 3122304445651 4097 
CLU_3522 3122306026028 2827 
CLU_3522 3122304194500 1880 
CLU_3522 3122302159392 11790 
CLU_3522 3122302206315 3770 
CLU_3522 3122307269161 2945 
CLU_3522 3122302159473 5022 
CLU_3522 3122302159554 2104 
CLU_3522 3122306072046 902 
CLU_3522 3122302159546 2945 
CLU_3522 3122307676875 3472 
CLU_3522 3122306942822 3884 
CLU_3522 3122302206323 5823 
CLU_3522 3122303747719 3627 
CLU_3522 3122306017940 6448 
CLU_3522 3122304384881 4206 
CLU_3522 3122304207866 9539 
CLU_3522 3122302701804 3741 
CLU_3522 3122302159457 4266 
CLU_3522 3122302159856 6112 
CLU_3522 3122302159449 9349 
CLU_3522 3122307488882 5254 
CLU_3522 3122306223354 3627 
CLU_3522 3122302159589 1867 
CLU_3522 3122306942849 2786 
CLU_3522 3122302159562 11479 
CLU_3522 3122302159287 16689 
CLU_3522 CLU_2550 10769 
CLU_3522 CLU_2725 16123 
CLU_3522 CLU_3565 10916 
CLU_3522 CLU_4396 19843 
CLU_3522 CLU_8513 20945 
CLU_3523 3122302159694 2155 
CLU_3523 3122302159538 535 
CLU_3523 3122302159511 1303 
CLU_3523 3122300273600 3737 
CLU_3523 3122302159503 2417 
CLU_3523 3122302159597 4077 
CLU_3523 3122302159406 5634 
CLU_3523 3122302159678 2021 
CLU_3523 3122302159422 5357 
CLU_3523 3122302159414 4957 
CLU_3523 3122304445651 4549 
CLU_3523 3122306026028 3336 
CLU_3523 3122304194500 1690 
CLU_3523 3122302159392 11285 
CLU_3523 3122302206315 3599 
CLU_3523 3122307269161 2551 
CLU_3523 3122302159473 4818 
CLU_3523 3122302159554 2544 
CLU_3523 3122306072046 1417 
CLU_3523 3122302159546 2551 
CLU_3523 3122307676875 3022 
CLU_3523 3122306942822 3384 
CLU_3523 3122302206323 5394 
CLU_3523 3122303747719 3985 
CLU_3523 3122306017940 6121 
CLU_3523 3122304384881 3930 
CLU_3523 3122304207866 9028 
CLU_3523 3122302701804 3524 
CLU_3523 3122302159457 3737 
CLU_3523 3122302159856 5632 
CLU_3523 3122302159449 8891 
CLU_3523 3122307488882 5152 
CLU_3523 3122306223354 3985 
CLU_3523 3122302159589 2281 
CLU_3523 3122306942849 3320 
CLU_3523 3122302159562 11498 
CLU_3523 3122302159287 16824 
CLU_3523 CLU_2550 10627 
CLU_3523 CLU_2725 15864 
CLU_3523 CLU_3565 11254 
CLU_3523 CLU_4396 20299 
CLU_3523 CLU_8513 21443 
CLU_3524 3122302159694 1748 
CLU_3524 3122302159538 857 
CLU_3524 3122302159511 893 
CLU_3524 3122300273600 3797 
CLU_3524 3122302159503 2428 
CLU_3524 3122302159597 3723 
CLU_3524 3122302159406 5321 
CLU_3524 3122302159678 1520 
CLU_3524 3122302159422 4906 
CLU_3524 3122302159414 4495 
CLU_3524 3122304445651 4353 
CLU_3524 3122306026028 3627 
CLU_3524 3122304194500 2263 
CLU_3524 3122302159392 11422 
CLU_3524 3122302206315 3003 
CLU_3524 3122307269161 2963 
CLU_3524 3122302159473 4231 
CLU_3524 3122302159554 2374 
CLU_3524 3122306072046 1722 
CLU_3524 3122302159546 2963 
CLU_3524 3122307676875 3344 
CLU_3524 3122306942822 3581 
CLU_3524 3122302206323 4977 
CLU_3524 3122303747719 4479 
CLU_3524 3122306017940 5596 
CLU_3524 3122304384881 4432 
CLU_3524 3122304207866 8787 
CLU_3524 3122302701804 4065 
CLU_3524 3122302159457 3797 
CLU_3524 3122302159856 5307 
CLU_3524 3122302159449 8518 
CLU_3524 3122307488882 4551 
CLU_3524 3122306223354 4479 
CLU_3524 3122302159589 2078 
CLU_3524 3122306942849 3422 
CLU_3524 3122302159562 10908 
CLU_3524 3122302159287 16274 
CLU_3524 CLU_2550 11187 
CLU_3524 CLU_2725 16355 
CLU_3524 CLU_3565 10862 
CLU_3524 CLU_4396 20071 
CLU_3524 CLU_8513 21312 
CLU_3525 3122302159694 863 
CLU_3525 3122302159538 1719 
CLU_3525 3122302159511 0 
CLU_3525 3122300273600 3169 
CLU_3525 3122302159503 1813 
CLU_3525 3122302159597 2830 
CLU_3525 3122302159406 4427 
CLU_3525 3122302159678 1883 
CLU_3525 3122302159422 5191 
CLU_3525 3122302159414 4764 
CLU_3525 3122304445651 5021 
CLU_3525 3122306026028 4519 
CLU_3525 3122304194500 2640 
CLU_3525 3122302159392 10805 
CLU_3525 3122302206315 2549 
CLU_3525 3122307269161 2908 
CLU_3525 3122302159473 3675 
CLU_3525 3122302159554 3114 
CLU_3525 3122306072046 2607 
CLU_3525 3122302159546 2908 
CLU_3525 3122307676875 3104 
CLU_3525 3122306942822 3138 
CLU_3525 3122302206323 4105 
CLU_3525 3122303747719 5288 
CLU_3525 3122306017940 4837 
CLU_3525 3122304384881 4506 
CLU_3525 3122304207866 7904 
CLU_3525 3122302701804 4255 
CLU_3525 3122302159457 3169 
CLU_3525 3122302159856 4413 
CLU_3525 3122302159449 7632 
CLU_3525 3122307488882 4172 
CLU_3525 3122306223354 5288 
CLU_3525 3122302159589 2805 
CLU_3525 3122306942849 4291 
CLU_3525 3122302159562 10662 
CLU_3525 3122302159287 16207 
CLU_3525 CLU_2550 11367 
CLU_3525 CLU_2725 16308 
CLU_3525 CLU_3565 11205 
CLU_3525 CLU_4396 20637 
CLU_3525 CLU_8513 21985 
CLU_3526 3122302159694 1868 
CLU_3526 3122302159538 2255 
CLU_3526 3122302159511 1584 
CLU_3526 3122300273600 2020 
CLU_3526 3122302159503 832 
CLU_3526 3122302159597 3155 
CLU_3526 3122302159406 4479 
CLU_3526 3122302159678 3346 
CLU_3526 3122302159422 6724 
CLU_3526 3122302159414 6302 
CLU_3526 3122304445651 6239 
CLU_3526 3122306026028 4897 
CLU_3526 3122304194500 1772 
CLU_3526 3122302159392 9556 
CLU_3526 3122302206315 4011 
CLU_3526 3122307269161 1396 
CLU_3526 3122302159473 4996 
CLU_3526 3122302159554 4240 
CLU_3526 3122306072046 3062 
CLU_3526 3122302159546 1396 
CLU_3526 3122307676875 1520 
CLU_3526 3122306942822 1676 
CLU_3526 3122302206323 4581 
CLU_3526 3122303747719 5075 
CLU_3526 3122306017940 5749 
CLU_3526 3122304384881 3027 
CLU_3526 3122304207866 7623 
CLU_3526 3122302701804 2896 
CLU_3526 3122302159457 2020 
CLU_3526 3122302159856 4513 
CLU_3526 3122302159449 7816 
CLU_3526 3122307488882 5635 
CLU_3526 3122306223354 5075 
CLU_3526 3122302159589 3958 
CLU_3526 3122306942849 5030 
CLU_3526 3122302159562 12159 
CLU_3526 3122302159287 17772 
CLU_3526 CLU_2550 9898 
CLU_3526 CLU_2725 14731 
CLU_3526 CLU_3565 12721 
CLU_3526 CLU_4396 21974 
CLU_3526 CLU_8513 23169 
CLU_3527 3122302159694 2626 
CLU_3527 3122302159538 2058 
CLU_3527 3122302159511 2118 
CLU_3527 3122300273600 2599 
CLU_3527 3122302159503 1667 
CLU_3527 3122302159597 4038 
CLU_3527 3122302159406 5342 
CLU_3527 3122302159678 3588 
CLU_3527 3122302159422 6970 
CLU_3527 3122302159414 6561 
CLU_3527 3122304445651 6155 
CLU_3527 3122306026028 4359 
CLU_3527 3122304194500 925 
CLU_3527 3122302159392 9828 
CLU_3527 3122302206315 4660 
CLU_3527 3122307269161 905 
CLU_3527 3122302159473 5730 
CLU_3527 3122302159554 4160 
CLU_3527 3122306072046 2684 
CLU_3527 3122302159546 905 
CLU_3527 3122307676875 1427 
CLU_3527 3122306942822 1976 
CLU_3527 3122302206323 5464 
CLU_3527 3122303747719 4301 
CLU_3527 3122306017940 6601 
CLU_3527 3122304384881 2403 
CLU_3527 3122304207866 8402 
CLU_3527 3122302701804 2142 
CLU_3527 3122302159457 2599 
CLU_3527 3122302159856 5381 
CLU_3527 3122302159449 8680 
CLU_3527 3122307488882 6286 
CLU_3527 3122306223354 4301 
CLU_3527 3122302159589 3911 
CLU_3527 3122306942849 4672 
CLU_3527 3122302159562 12779 
CLU_3527 3122302159287 18279 
CLU_3527 CLU_2550 9249 
CLU_3527 CLU_2725 14295 
CLU_3527 CLU_3565 12896 
CLU_3527 CLU_4396 21899 
CLU_3527 CLU_8513 22956 
CLU_3528 3122302159694 3199 
CLU_3528 3122302159538 2391 
CLU_3528 3122302159511 2682 
CLU_3528 3122300273600 2834 
CLU_3528 3122302159503 2121 
CLU_3528 3122302159597 4547 
CLU_3528 3122302159406 5786 
CLU_3528 3122302159678 4062 
CLU_3528 3122302159422 7419 
CLU_3528 3122302159414 7017 
CLU_3528 3122304445651 6453 
CLU_3528 3122306026028 4370 
CLU_3528 3122304194500 741 
CLU_3528 3122302159392 9746 
CLU_3528 3122302206315 5229 
CLU_3528 3122307269161 664 
CLU_3528 3122302159473 6304 
CLU_3528 3122302159554 4484 
CLU_3528 3122306072046 2871 
CLU_3528 3122302159546 664 
CLU_3528 3122307676875 1357 
CLU_3528 3122306942822 2079 
CLU_3528 3122302206323 5974 
CLU_3528 3122303747719 4063 
CLU_3528 3122306017940 7155 
CLU_3528 3122304384881 1881 
CLU_3528 3122304207866 8727 
CLU_3528 3122302701804 1573 
CLU_3528 3122302159457 2834 
CLU_3528 3122302159856 5833 
CLU_3528 3122302159449 9116 
CLU_3528 3122307488882 6854 
CLU_3528 3122306223354 4063 
CLU_3528 3122302159589 4257 
CLU_3528 3122306942849 4818 
CLU_3528 3122302159562 13338 
CLU_3528 3122302159287 18807 
CLU_3528 CLU_2550 8694 
CLU_3528 CLU_2725 13809 
CLU_3528 CLU_3565 13299 
CLU_3528 CLU_4396 22162 
CLU_3528 CLU_8513 23135 
CLU_3529 3122302159694 4055 
CLU_3529 3122302159538 3222 
CLU_3529 3122302159511 3587 
CLU_3529 3122300273600 3125 
CLU_3529 3122302159503 2776 
CLU_3529 3122302159597 5230 
CLU_3529 3122302159406 6328 
CLU_3529 3122302159678 4960 
CLU_3529 3122302159422 8296 
CLU_3529 3122302159414 7900 
CLU_3529 3122304445651 7205 
CLU_3529 3122306026028 4822 
CLU_3529 3122304194500 1371 
CLU_3529 3122302159392 9378 
CLU_3529 3122302206315 6127 
CLU_3529 3122307269161 893 
CLU_3529 3122302159473 7177 
CLU_3529 3122302159554 5275 
CLU_3529 3122306072046 3569 
CLU_3529 3122302159546 893 
CLU_3529 3122307676875 1431 
CLU_3529 3122306942822 2252 
CLU_3529 3122302206323 6646 
CLU_3529 3122303747719 4145 
CLU_3529 3122306017940 7928 
CLU_3529 3122304384881 986 
CLU_3529 3122304207866 9030 
CLU_3529 3122302701804 693 
CLU_3529 3122302159457 3125 
CLU_3529 3122302159856 6391 
CLU_3529 3122302159449 9618 
CLU_3529 3122307488882 7754 
CLU_3529 3122306223354 4145 
CLU_3529 3122302159589 5070 
CLU_3529 3122306942849 5425 
CLU_3529 3122302159562 14248 
CLU_3529 3122302159287 19721 
CLU_3529 CLU_2550 7782 
CLU_3529 CLU_2725 12920 
CLU_3529 CLU_3565 14135 
CLU_3529 CLU_4396 22845 
CLU_3529 CLU_8513 23714 
CLU_3530 3122302159694 4229 
CLU_3530 3122302159538 3873 
CLU_3530 3122302159511 3919 
CLU_3530 3122300273600 2676 
CLU_3530 3122302159503 2717 
CLU_3530 3122302159597 5093 
CLU_3530 3122302159406 6008 
CLU_3530 3122302159678 5485 
CLU_3530 3122302159422 8865 
CLU_3530 3122302159414 8458 
CLU_3530 3122304445651 7929 
CLU_3530 3122306026028 5659 
CLU_3530 3122304194500 2120 
CLU_3530 3122302159392 8532 
CLU_3530 3122302206315 6388 
CLU_3530 3122307269161 1016 
CLU_3530 3122302159473 7344 
CLU_3530 3122302159554 5966 
CLU_3530 3122306072046 4322 
CLU_3530 3122302159546 1016 
CLU_3530 3122307676875 1068 
CLU_3530 3122306942822 1785 
CLU_3530 3122302206323 6470 
CLU_3530 3122303747719 4974 
CLU_3530 3122306017940 7883 
CLU_3530 3122304384881 770 
CLU_3530 3122304207866 8469 
CLU_3530 3122302701804 1092 
CLU_3530 3122302159457 2676 
CLU_3530 3122302159856 6085 
CLU_3530 3122302159449 9225 
CLU_3530 3122307488882 8012 
CLU_3530 3122306223354 4974 
CLU_3530 3122302159589 5740 
CLU_3530 3122306942849 6224 
CLU_3530 3122302159562 14537 
CLU_3530 3122302159287 20127 
CLU_3530 CLU_2550 7541 
CLU_3530 CLU_2725 12408 
CLU_3530 CLU_3565 14773 
CLU_3530 CLU_4396 23618 
CLU_3530 CLU_8513 24531 
CLU_3531 3122302159694 3264 
CLU_3531 3122302159538 2945 
CLU_3531 3122302159511 2908 
CLU_3531 3122300273600 2307 
CLU_3531 3122302159503 1890 
CLU_3531 3122302159597 4340 
CLU_3531 3122302159406 5443 
CLU_3531 3122302159678 4482 
CLU_3531 3122302159422 7869 
CLU_3531 3122302159414 7459 
CLU_3531 3122304445651 7037 
CLU_3531 3122306026028 5035 
CLU_3531 3122304194500 1405 
CLU_3531 3122302159392 9082 
CLU_3531 3122302206315 5398 
CLU_3531 3122307269161 0 
CLU_3531 3122302159473 6391 
CLU_3531 3122302159554 5050 
CLU_3531 3122306072046 3500 
CLU_3531 3122302159546 0 
CLU_3531 3122307676875 707 
CLU_3531 3122306942822 1484 
CLU_3531 3122302206323 5754 
CLU_3531 3122303747719 4675 
CLU_3531 3122306017940 7059 
CLU_3531 3122304384881 1631 
CLU_3531 3122304207866 8228 
CLU_3531 3122302701804 1565 
CLU_3531 3122302159457 2307 
CLU_3531 3122302159856 5503 
CLU_3531 3122302159449 8744 
CLU_3531 3122307488882 7025 
CLU_3531 3122306223354 4675 
CLU_3531 3122302159589 4808 
CLU_3531 3122306942849 5464 
CLU_3531 3122302159562 13545 
CLU_3531 3122302159287 19113 
CLU_3531 CLU_2550 8502 
CLU_3531 CLU_2725 13424 
CLU_3531 CLU_3565 13802 
CLU_3531 CLU_4396 22769 
CLU_3531 CLU_8513 23777 
CLU_3532 3122302159694 3088 
CLU_3532 3122302159538 3884 
CLU_3532 3122302159511 3138 
CLU_3532 3122300273600 893 
CLU_3532 3122302159503 1403 
CLU_3532 3122302159597 3440 
CLU_3532 3122302159406 4228 
CLU_3532 3122302159678 4985 
CLU_3532 3122302159422 8330 
CLU_3532 3122302159414 7902 
CLU_3532 3122304445651 7913 
CLU_3532 3122306026028 6336 
CLU_3532 3122304194500 2788 
CLU_3532 3122302159392 7906 
CLU_3532 3122302206315 5259 
CLU_3532 3122307269161 1484 
CLU_3532 3122302159473 6020 
CLU_3532 3122302159554 5912 
CLU_3532 3122306072046 4619 
CLU_3532 3122302159546 1484 
CLU_3532 3122307676875 821 
CLU_3532 3122306942822 0 
CLU_3532 3122302206323 4760 
CLU_3532 3122303747719 6141 
CLU_3532 3122306017940 6274 
CLU_3532 3122304384881 2551 
CLU_3532 3122304207866 6778 
CLU_3532 3122302701804 2797 
CLU_3532 3122302159457 893 
CLU_3532 3122302159856 4310 
CLU_3532 3122302159449 7442 
CLU_3532 3122307488882 6822 
CLU_3532 3122306223354 6141 
CLU_3532 3122302159589 5632 
CLU_3532 3122306942849 6610 
CLU_3532 3122302159562 13314 
CLU_3532 3122302159287 19087 
CLU_3532 CLU_2550 9046 
CLU_3532 CLU_2725 13435 
CLU_3532 CLU_3565 14342 
CLU_3532 CLU_4396 23650 
CLU_3532 CLU_8513 24827 
CLU_3533 3122302159694 1698 
CLU_3533 3122302159538 3641 
CLU_3533 3122302159511 2199 
CLU_3533 3122300273600 1267 
CLU_3533 3122302159503 883 
CLU_3533 3122302159597 1671 
CLU_3533 3122302159406 2794 
CLU_3533 3122302159678 4022 
CLU_3533 3122302159422 7128 
CLU_3533 3122302159414 6698 
CLU_3533 3122304445651 7215 
CLU_3533 3122306026028 6437 
CLU_3533 3122304194500 3464 
CLU_3533 3122302159392 8699 
CLU_3533 3122302206315 3669 
CLU_3533 3122307269161 2704 
CLU_3533 3122302159473 4281 
CLU_3533 3122302159554 5310 
CLU_3533 3122306072046 4529 
CLU_3533 3122302159546 2704 
CLU_3533 3122307676875 2354 
CLU_3533 3122306942822 1802 
CLU_3533 3122302206323 3059 
CLU_3533 3122303747719 6765 
CLU_3533 3122306017940 4485 
CLU_3533 3122304384881 4183 
CLU_3533 3122304207866 5959 
CLU_3533 3122302701804 4259 
CLU_3533 3122302159457 1267 
CLU_3533 3122302159856 2838 
CLU_3533 3122302159449 6130 
CLU_3533 3122307488882 5148 
CLU_3533 3122306223354 6765 
CLU_3533 3122302159589 5003 
CLU_3533 3122306942849 6393 
CLU_3533 3122302159562 11579 
CLU_3533 3122302159287 17424 
CLU_3533 CLU_2550 10841 
CLU_3533 CLU_2725 15169 
CLU_3533 CLU_3565 13119 
CLU_3533 CLU_4396 22754 
CLU_3533 CLU_8513 24169 
CLU_3534 3122302159694 870 
CLU_3534 3122302159538 2748 
CLU_3534 3122302159511 1236 
CLU_3534 3122300273600 2026 
CLU_3534 3122302159503 828 
CLU_3534 3122302159597 1973 
CLU_3534 3122302159406 3434 
CLU_3534 3122302159678 3075 
CLU_3534 3122302159422 6259 
CLU_3534 3122302159414 5829 
CLU_3534 3122304445651 6253 
CLU_3534 3122306026028 5570 
CLU_3534 3122304194500 2932 
CLU_3534 3122302159392 9616 
CLU_3534 3122302206315 3038 
CLU_3534 3122307269161 2572 
CLU_3534 3122302159473 3877 
CLU_3534 3122302159554 4348 
CLU_3534 3122306072046 3648 
CLU_3534 3122302159546 2572 
CLU_3534 3122307676875 2477 
CLU_3534 3122306942822 2223 
CLU_3534 3122302206323 3385 
CLU_3534 3122303747719 6063 
CLU_3534 3122306017940 4514 
CLU_3534 3122304384881 4186 
CLU_3534 3122304207866 6793 
CLU_3534 3122302701804 4114 
CLU_3534 3122302159457 2026 
CLU_3534 3122302159856 3446 
CLU_3534 3122302159449 6742 
CLU_3534 3122307488882 4619 
CLU_3534 3122306223354 6063 
CLU_3534 3122302159589 4040 
CLU_3534 3122306942849 5463 
CLU_3534 3122302159562 11134 
CLU_3534 3122302159287 16868 
CLU_3534 CLU_2550 11019 
CLU_3534 CLU_2725 15639 
CLU_3534 CLU_3565 12269 
CLU_3534 CLU_4396 21825 
CLU_3534 CLU_8513 23212 
CLU_3535 3122302159694 1838 
CLU_3535 3122302159538 2623 
CLU_3535 3122302159511 1741 
CLU_3535 3122300273600 1642 
CLU_3535 3122302159503 461 
CLU_3535 3122302159597 2880 
CLU_3535 3122302159406 4137 
CLU_3535 3122302159678 3580 
CLU_3535 3122302159422 6929 
CLU_3535 3122302159414 6503 
CLU_3535 3122304445651 6555 
CLU_3535 3122306026028 5291 
CLU_3535 3122304194500 2123 
CLU_3535 3122302159392 9223 
CLU_3535 3122302206315 4024 
CLU_3535 3122307269161 1506 
CLU_3535 3122302159473 4934 
CLU_3535 3122302159554 4565 
CLU_3535 3122306072046 3446 
CLU_3535 3122302159546 1506 
CLU_3535 3122307676875 1440 
CLU_3535 3122306942822 1404 
CLU_3535 3122302206323 4306 
CLU_3535 3122303747719 5457 
CLU_3535 3122306017940 5555 
CLU_3535 3122304384881 3114 
CLU_3535 3122304207866 7237 
CLU_3535 3122302701804 3062 
CLU_3535 3122302159457 1642 
CLU_3535 3122302159856 4177 
CLU_3535 3122302159449 7474 
CLU_3535 3122307488882 5634 
CLU_3535 3122306223354 5457 
CLU_3535 3122302159589 4275 
CLU_3535 3122306942849 5405 
CLU_3535 3122302159562 12160 
CLU_3535 3122302159287 17835 
CLU_3535 CLU_2550 9952 
CLU_3535 CLU_2725 14659 
CLU_3535 CLU_3565 12940 
CLU_3535 CLU_4396 22271 
CLU_3535 CLU_8513 23503 
CLU_3536 3122302159694 1686 
CLU_3536 3122302159538 2952 
CLU_3536 3122302159511 1813 
CLU_3536 3122300273600 1373 
CLU_3536 3122302159503 0 
CLU_3536 3122302159597 2454 
CLU_3536 3122302159406 3677 
CLU_3536 3122302159678 3695 
CLU_3536 3122302159422 6982 
CLU_3536 3122302159414 6552 
CLU_3536 3122304445651 6770 
CLU_3536 3122306026028 5681 
CLU_3536 3122304194500 2584 
CLU_3536 3122302159392 9013 
CLU_3536 3122302206315 3865 
CLU_3536 3122307269161 1890 
CLU_3536 3122302159473 4688 
CLU_3536 3122302159554 4802 
CLU_3536 3122306072046 3807 
CLU_3536 3122302159546 1890 
CLU_3536 3122307676875 1680 
CLU_3536 3122306942822 1403 
CLU_3536 3122302206323 3875 
CLU_3536 3122303747719 5907 
CLU_3536 3122306017940 5181 
CLU_3536 3122304384881 3451 
CLU_3536 3122304207866 6792 
CLU_3536 3122302701804 3455 
CLU_3536 3122302159457 1373 
CLU_3536 3122302159856 3718 
CLU_3536 3122302159449 7013 
CLU_3536 3122307488882 5446 
CLU_3536 3122306223354 5907 
CLU_3536 3122302159589 4504 
CLU_3536 3122306942849 5737 
CLU_3536 3122302159562 11958 
CLU_3536 3122302159287 17695 
CLU_3536 CLU_2550 10236 
CLU_3536 CLU_2725 14811 
CLU_3536 CLU_3565 12998 
CLU_3536 CLU_4396 22440 
CLU_3536 CLU_8513 23736 
CLU_3537 3122302159694 1392 
CLU_3537 3122302159538 3910 
CLU_3537 3122302159511 2219 
CLU_3537 3122300273600 3384 
CLU_3537 3122302159503 2629 
CLU_3537 3122302159597 1120 
CLU_3537 3122302159406 2631 
CLU_3537 3122302159678 3207 
CLU_3537 3122302159422 5598 
CLU_3537 3122302159414 5187 
CLU_3537 3122304445651 6351 
CLU_3537 3122306026028 6628 
CLU_3537 3122304194500 4681 
CLU_3537 3122302159392 10365 
CLU_3537 3122302206315 1781 
CLU_3537 3122307269161 4452 
CLU_3537 3122302159473 2150 
CLU_3537 3122302159554 4774 
CLU_3537 3122306072046 4765 
CLU_3537 3122302159546 4452 
CLU_3537 3122307676875 4309 
CLU_3537 3122306942822 3900 
CLU_3537 3122302206323 1969 
CLU_3537 3122303747719 7507 
CLU_3537 3122306017940 2676 
CLU_3537 3122304384881 6060 
CLU_3537 3122304207866 6188 
CLU_3537 3122302701804 5991 
CLU_3537 3122302159457 3384 
CLU_3537 3122302159856 2567 
CLU_3537 3122302159449 5550 
CLU_3537 3122307488882 3063 
CLU_3537 3122306223354 7507 
CLU_3537 3122302159589 4476 
CLU_3537 3122306942849 6213 
CLU_3537 3122302159562 9445 
CLU_3537 3122302159287 15315 
CLU_3537 CLU_2550 12866 
CLU_3537 CLU_2725 17304 
CLU_3537 CLU_3565 11425 
CLU_3537 CLU_4396 21343 
CLU_3537 CLU_8513 23012 
CLU_3538 3122302159694 2664 
CLU_3538 3122302159538 5194 
CLU_3538 3122302159511 3499 
CLU_3538 3122300273600 2815 
CLU_3538 3122302159503 2866 
CLU_3538 3122302159597 708 
CLU_3538 3122302159406 929 
CLU_3538 3122302159678 4896 
CLU_3538 3122302159422 7368 
CLU_3538 3122302159414 6962 
CLU_3538 3122304445651 8097 
CLU_3538 3122306026028 8014 
CLU_3538 3122304194500 5406 
CLU_3538 3122302159392 8790 
CLU_3538 3122302206315 3517 
CLU_3538 3122307269161 4703 
CLU_3538 3122302159473 3484 
CLU_3538 3122302159554 6418 
CLU_3538 3122306072046 6094 
CLU_3538 3122302159546 4703 
CLU_3538 3122307676875 4299 
CLU_3538 3122306942822 3623 
CLU_3538 3122302206323 1164 
CLU_3538 3122303747719 8599 
CLU_3538 3122306017940 2855 
CLU_3538 3122304384881 6130 
CLU_3538 3122304207866 4466 
CLU_3538 3122302701804 6250 
CLU_3538 3122302159457 2815 
CLU_3538 3122302159856 918 
CLU_3538 3122302159449 4206 
CLU_3538 3122307488882 4517 
CLU_3538 3122306223354 8599 
CLU_3538 3122302159589 6112 
CLU_3538 3122306942849 7756 
CLU_3538 3122302159562 10477 
CLU_3538 3122302159287 16493 
CLU_3538 CLU_2550 12601 
CLU_3538 CLU_2725 16518 
CLU_3538 CLU_3565 13118 
CLU_3538 CLU_4396 23106 
CLU_3538 CLU_8513 24799 
CLU_3539 3122302159694 1980 
CLU_3539 3122302159538 4541 
CLU_3539 3122302159511 2830 
CLU_3539 3122300273600 2736 
CLU_3539 3122302159503 2454 
CLU_3539 3122302159597 0 
CLU_3539 3122302159406 1624 
CLU_3539 3122302159678 4187 
CLU_3539 3122302159422 6719 
CLU_3539 3122302159414 6307 
CLU_3539 3122304445651 7391 
CLU_3539 3122306026028 7350 
CLU_3539 3122304194500 4899 
CLU_3539 3122302159392 9293 
CLU_3539 3122302206315 2892 
CLU_3539 3122307269161 4340 
CLU_3539 3122302159473 3037 
CLU_3539 3122302159554 5712 
CLU_3539 3122306072046 5436 
CLU_3539 3122302159546 4340 
CLU_3539 3122307676875 4025 
CLU_3539 3122306942822 3440 
CLU_3539 3122302206323 1427 
CLU_3539 3122303747719 8007 
CLU_3539 3122306017940 2836 
CLU_3539 3122304384881 5853 
CLU_3539 3122304207866 5174 
CLU_3539 3122302701804 5904 
CLU_3539 3122302159457 2736 
CLU_3539 3122302159856 1593 
CLU_3539 3122302159449 4814 
CLU_3539 3122307488882 4036 
CLU_3539 3122306223354 8007 
CLU_3539 3122302159589 5405 
CLU_3539 3122306942849 7062 
CLU_3539 3122302159562 10211 
CLU_3539 3122302159287 16171 
CLU_3539 CLU_2550 12485 
CLU_3539 CLU_2725 16629 
CLU_3539 CLU_3565 12529 
CLU_3539 CLU_4396 22464 
CLU_3539 CLU_8513 24121 
CLU_3540 3122302159694 2812 
CLU_3540 3122302159538 5361 
CLU_3540 3122302159511 3660 
CLU_3540 3122300273600 4024 
CLU_3540 3122302159503 3700 
CLU_3540 3122302159597 1300 
CLU_3540 3122302159406 1759 
CLU_3540 3122302159678 4560 
CLU_3540 3122302159422 6476 
CLU_3540 3122302159414 6097 
CLU_3540 3122304445651 7584 
CLU_3540 3122306026028 8076 
CLU_3540 3122304194500 6016 
CLU_3540 3122302159392 10089 
CLU_3540 3122302206315 2673 
CLU_3540 3122307269161 5589 
CLU_3540 3122302159473 2260 
CLU_3540 3122302159554 6142 
CLU_3540 3122306072046 6218 
CLU_3540 3122302159546 5589 
CLU_3540 3122307676875 5312 
CLU_3540 3122306942822 4741 
CLU_3540 3122302206323 653 
CLU_3540 3122303747719 8947 
CLU_3540 3122306017940 1539 
CLU_3540 3122304384881 7132 
CLU_3540 3122304207866 5086 
CLU_3540 3122302701804 7154 
CLU_3540 3122302159457 4024 
CLU_3540 3122302159856 1641 
CLU_3540 3122302159449 4160 
CLU_3540 3122307488882 3304 
CLU_3540 3122306223354 8947 
CLU_3540 3122302159589 5853 
CLU_3540 3122306942849 7626 
CLU_3540 3122302159562 9093 
CLU_3540 3122302159287 15117 
CLU_3540 CLU_2550 13785 
CLU_3540 CLU_2725 17865 
CLU_3540 CLU_3565 12015 
CLU_3540 CLU_4396 22122 
CLU_3540 CLU_8513 23961 
CLU_3541 3122302159694 1588 
CLU_3541 3122302159538 4021 
CLU_3541 3122302159511 2369 
CLU_3541 3122300273600 3709 
CLU_3541 3122302159503 2930 
CLU_3541 3122302159597 1369 
CLU_3541 3122302159406 2783 
CLU_3541 3122302159678 3160 
CLU_3541 3122302159422 5377 
CLU_3541 3122302159414 4972 
CLU_3541 3122304445651 6243 
CLU_3541 3122306026028 6686 
CLU_3541 3122304194500 4900 
CLU_3541 3122302159392 10650 
CLU_3541 3122302206315 1528 
CLU_3541 3122307269161 4731 
CLU_3541 3122302159473 1825 
CLU_3541 3122302159554 4739 
CLU_3541 3122306072046 4853 
CLU_3541 3122302159546 4731 
CLU_3541 3122307676875 4611 
CLU_3541 3122306942822 4218 
CLU_3541 3122302206323 1991 
CLU_3541 3122303747719 7638 
CLU_3541 3122306017940 2472 
CLU_3541 3122304384881 6347 
CLU_3541 3122304207866 6315 
CLU_3541 3122302701804 6261 
CLU_3541 3122302159457 3709 
CLU_3541 3122302159856 2706 
CLU_3541 3122302159449 5561 
CLU_3541 3122307488882 2745 
CLU_3541 3122306223354 7638 
CLU_3541 3122302159589 4449 
CLU_3541 3122306942849 6218 
CLU_3541 3122302159562 9121 
CLU_3541 3122302159287 14991 
CLU_3541 CLU_2550 13167 
CLU_3541 CLU_2725 17627 
CLU_3541 CLU_3565 11160 
CLU_3541 CLU_4396 21115 
CLU_3541 CLU_8513 22821 
CLU_3542 3122302159694 1996 
CLU_3542 3122302159538 4538 
CLU_3542 3122302159511 2839 
CLU_3542 3122300273600 3577 
CLU_3542 3122302159503 3034 
CLU_3542 3122302159597 932 
CLU_3542 3122302159406 2155 
CLU_3542 3122302159678 3796 
CLU_3542 3122302159422 5976 
CLU_3542 3122302159414 5577 
CLU_3542 3122304445651 6892 
CLU_3542 3122306026028 7258 
CLU_3542 3122304194500 5241 
CLU_3542 3122302159392 10191 
CLU_3542 3122302206315 2116 
CLU_3542 3122307269161 4906 
CLU_3542 3122302159473 2108 
CLU_3542 3122302159554 5372 
CLU_3542 3122306072046 5395 
CLU_3542 3122302159546 4906 
CLU_3542 3122307676875 4693 
CLU_3542 3122306942822 4199 
CLU_3542 3122302206323 1355 
CLU_3542 3122303747719 8127 
CLU_3542 3122306017940 2154 
CLU_3542 3122304384881 6486 
CLU_3542 3122304207866 5671 
CLU_3542 3122302701804 6463 
CLU_3542 3122302159457 3577 
CLU_3542 3122302159856 2072 
CLU_3542 3122302159449 4934 
CLU_3542 3122307488882 3117 
CLU_3542 3122306223354 8127 
CLU_3542 3122302159589 5078 
CLU_3542 3122306942849 6831 
CLU_3542 3122302159562 9295 
CLU_3542 3122302159287 15242 
CLU_3542 CLU_2550 13229 
CLU_3542 CLU_2725 17507 
CLU_3542 CLU_3565 11690 
CLU_3542 CLU_4396 21698 
CLU_3542 CLU_8513 23440 
CLU_3543 3122302159694 2590 
CLU_3543 3122302159538 4555 
CLU_3543 3122302159511 3156 
CLU_3543 3122300273600 5028 
CLU_3543 3122302159503 4153 
CLU_3543 3122302159597 2612 
CLU_3543 3122302159406 3743 
CLU_3543 3122302159678 3158 
CLU_3543 3122302159422 4470 
CLU_3543 3122302159414 4104 
CLU_3543 3122304445651 5810 
CLU_3543 3122306026028 6926 
CLU_3543 3122304194500 5795 
CLU_3543 3122302159392 11894 
CLU_3543 3122302206315 897 
CLU_3543 3122307269161 5853 
CLU_3543 3122302159473 538 
CLU_3543 3122302159554 4674 
CLU_3543 3122306072046 5265 
CLU_3543 3122302159546 5853 
CLU_3543 3122307676875 5818 
CLU_3543 3122306942822 5494 
CLU_3543 3122302206323 2671 
CLU_3543 3122303747719 8149 
CLU_3543 3122306017940 2158 
CLU_3543 3122304384881 7484 
CLU_3543 3122304207866 7095 
CLU_3543 3122302701804 7329 
CLU_3543 3122302159457 5028 
CLU_3543 3122302159856 3636 
CLU_3543 3122302159449 5944 
CLU_3543 3122307488882 1427 
CLU_3543 3122306223354 8149 
CLU_3543 3122302159589 4427 
CLU_3543 3122306942849 6258 
CLU_3543 3122302159562 7821 
CLU_3543 3122302159287 13664 
CLU_3543 CLU_2550 14346 
CLU_3543 CLU_2725 18924 
CLU_3543 CLU_3565 10022 
CLU_3543 CLU_4396 20100 
CLU_3543 CLU_8513 21949 
CLU_3544 3122302159694 3127 
CLU_3544 3122302159538 5022 
CLU_3544 3122302159511 3675 
CLU_3544 3122300273600 5534 
CLU_3544 3122302159503 4688 
CLU_3544 3122302159597 3037 
CLU_3544 3122302159406 4018 
CLU_3544 3122302159678 3521 
CLU_3544 3122302159422 4404 
CLU_3544 3122302159414 4070 
CLU_3544 3122304445651 5962 
CLU_3544 3122306026028 7301 
CLU_3544 3122304194500 6315 
CLU_3544 3122302159392 12275 
CLU_3544 3122302206315 1269 
CLU_3544 3122307269161 6391 
CLU_3544 3122302159473 0 
CLU_3544 3122302159554 4981 
CLU_3544 3122306072046 5698 
CLU_3544 3122302159546 6391 
CLU_3544 3122307676875 6355 
CLU_3544 3122306942822 6020 
CLU_3544 3122302206323 2878 
CLU_3544 3122303747719 8589 
CLU_3544 3122306017940 2004 
CLU_3544 3122304384881 8022 
CLU_3544 3122304207866 7242 
CLU_3544 3122302701804 7864 
CLU_3544 3122302159457 5534 
CLU_3544 3122302159856 3901 
CLU_3544 3122302159449 5934 
CLU_3544 3122307488882 1045 
CLU_3544 3122306223354 8589 
CLU_3544 3122302159589 4752 
CLU_3544 3122306942849 6578 
CLU_3544 3122302159562 7299 
CLU_3544 3122302159287 13172 
CLU_3544 CLU_2550 14884 
CLU_3544 CLU_2725 19445 
CLU_3544 CLU_3565 9760 
CLU_3544 CLU_4396 19905 
CLU_3544 CLU_8513 21833 
CLU_3545 3122302159694 4253 
CLU_3545 3122302159538 5783 
CLU_3545 3122302159511 4670 
CLU_3545 3122300273600 6792 
CLU_3545 3122302159503 5879 
CLU_3545 3122302159597 4314 
CLU_3545 3122302159406 5203 
CLU_3545 3122302159678 4043 
CLU_3545 3122302159422 3833 
CLU_3545 3122302159414 3592 
CLU_3545 3122304445651 5834 
CLU_3545 3122306026028 7731 
CLU_3545 3122304194500 7273 
CLU_3545 3122302159392 13522 
CLU_3545 3122302206315 2120 
CLU_3545 3122307269161 7501 
CLU_3545 3122302159473 1279 
CLU_3545 3122302159554 5282 
CLU_3545 3122306072046 6335 
CLU_3545 3122302159546 7501 
CLU_3545 3122307676875 7524 
CLU_3545 3122306942822 7240 
CLU_3545 3122302206323 4023 
CLU_3545 3122303747719 9206 
CLU_3545 3122306017940 2743 
CLU_3545 3122304384881 9129 
CLU_3545 3122304207866 8245 
CLU_3545 3122302701804 8921 
CLU_3545 3122302159457 6792 
CLU_3545 3122302159856 5079 
CLU_3545 3122302159449 6704 
CLU_3545 3122307488882 530 
CLU_3545 3122306223354 9206 
CLU_3545 3122302159589 5112 
CLU_3545 3122306942849 6866 
CLU_3545 3122302159562 6078 
CLU_3545 3122302159287 11902 
CLU_3545 CLU_2550 16003 
CLU_3545 CLU_2725 20675 
CLU_3545 CLU_3565 8697 
CLU_3545 CLU_4396 18926 
CLU_3545 CLU_8513 20992 
CLU_3546 3122302159694 2936 
CLU_3546 3122302159538 2430 
CLU_3546 3122302159511 2505 
CLU_3546 3122300273600 5667 
CLU_3546 3122302159503 4318 
CLU_3546 3122302159597 4630 
CLU_3546 3122302159406 6216 
CLU_3546 3122302159678 638 
CLU_3546 3122302159422 2759 
CLU_3546 3122302159414 2348 
CLU_3546 3122304445651 2763 
CLU_3546 3122306026028 3884 
CLU_3546 3122304194500 4280 
CLU_3546 3122302159392 13287 
CLU_3546 3122302206315 2354 
CLU_3546 3122307269161 5110 
CLU_3546 3122302159473 3528 
CLU_3546 3122302159554 1460 
CLU_3546 3122306072046 2666 
CLU_3546 3122302159546 5110 
CLU_3546 3122307676875 5471 
CLU_3546 3122306942822 5620 
CLU_3546 3122302206323 5477 
CLU_3546 3122303747719 5430 
CLU_3546 3122306017940 5403 
CLU_3546 3122304384881 6548 
CLU_3546 3122304207866 9776 
CLU_3546 3122302701804 6134 
CLU_3546 3122302159457 5667 
CLU_3546 3122302159856 6156 
CLU_3546 3122302159449 9012 
CLU_3546 3122307488882 3334 
CLU_3546 3122306223354 5430 
CLU_3546 3122302159589 1265 
CLU_3546 3122306942849 3060 
CLU_3546 3122302159562 9142 
CLU_3546 3122302159287 14259 
CLU_3546 CLU_2550 13198 
CLU_3546 CLU_2725 18482 
CLU_3546 CLU_3565 8737 
CLU_3546 CLU_4396 18153 
CLU_3546 CLU_8513 19593 
CLU_3547 3122302159694 5002 
CLU_3547 3122302159538 4715 
CLU_3547 3122302159511 4764 
CLU_3547 3122300273600 7855 
CLU_3547 3122302159503 6552 
CLU_3547 3122302159597 6307 
CLU_3547 3122302159406 7731 
CLU_3547 3122302159678 2977 
CLU_3547 3122302159422 430 
CLU_3547 3122302159414 0 
CLU_3547 3122304445651 2477 
CLU_3547 3122306026028 5314 
CLU_3547 3122304194500 6591 
CLU_3547 3122302159392 15384 
CLU_3547 3122302206315 3461 
CLU_3547 3122307269161 7459 
CLU_3547 3122302159473 4070 
CLU_3547 3122302159554 3009 
CLU_3547 3122306072046 4736 
CLU_3547 3122302159546 7459 
CLU_3547 3122307676875 7804 
CLU_3547 3122306942822 7902 
CLU_3547 3122302206323 6751 
CLU_3547 3122303747719 7137 
CLU_3547 3122306017940 6057 
CLU_3547 3122304384881 8886 
CLU_3547 3122304207866 11183 
CLU_3547 3122302701804 8452 
CLU_3547 3122302159457 7855 
CLU_3547 3122302159856 7641 
CLU_3547 3122302159449 10003 
CLU_3547 3122307488882 3278 
CLU_3547 3122306223354 7137 
CLU_3547 3122302159589 3058 
CLU_3547 3122306942849 4215 
CLU_3547 3122302159562 7392 
CLU_3547 3122302159287 12078 
CLU_3547 CLU_2550 15458 
CLU_3547 CLU_2725 20820 
CLU_3547 CLU_3565 6446 
CLU_3547 CLU_4396 16159 
CLU_3547 CLU_8513 17869 
CLU_3548 3122302159694 4501 
CLU_3548 3122302159538 3353 
CLU_3548 3122302159511 3978 
CLU_3548 3122300273600 7141 
CLU_3548 3122302159503 5772 
CLU_3548 3122302159597 6215 
CLU_3548 3122302159406 7792 
CLU_3548 3122302159678 2121 
CLU_3548 3122302159422 2039 
CLU_3548 3122302159414 1796 
CLU_3548 3122304445651 1206 
CLU_3548 3122306026028 3517 
CLU_3548 3122304194500 5206 
CLU_3548 3122302159392 14782 
CLU_3548 3122302206315 3763 
CLU_3548 3122307269161 6274 
CLU_3548 3122302159473 4785 
CLU_3548 3122302159554 1340 
CLU_3548 3122306072046 3143 
CLU_3548 3122302159546 6274 
CLU_3548 3122307676875 6735 
CLU_3548 3122306942822 6996 
CLU_3548 3122302206323 7010 
CLU_3548 3122303747719 5353 
CLU_3548 3122306017940 6757 
CLU_3548 3122304384881 7546 
CLU_3548 3122304207866 11348 
CLU_3548 3122302701804 7047 
CLU_3548 3122302159457 7141 
CLU_3548 3122302159856 7729 
CLU_3548 3122302159449 10503 
CLU_3548 3122307488882 4309 
CLU_3548 3122306223354 5353 
CLU_3548 3122302159589 1499 
CLU_3548 3122306942849 2422 
CLU_3548 3122302159562 9183 
CLU_3548 3122302159287 13792 
CLU_3548 CLU_2550 13895 
CLU_3548 CLU_2725 19422 
CLU_3548 CLU_3565 7569 
CLU_3548 CLU_4396 16669 
CLU_3548 CLU_8513 18029 
CLU_3549 3122302159694 5374 
CLU_3549 3122302159538 2827 
CLU_3549 3122302159511 4519 
CLU_3549 3122300273600 6897 
CLU_3549 3122302159503 5681 
CLU_3549 3122302159597 7350 
CLU_3549 3122302159406 8941 
CLU_3549 3122302159678 3780 
CLU_3549 3122302159422 5540 
CLU_3549 3122302159414 5314 
CLU_3549 3122304445651 3344 
CLU_3549 3122306026028 0 
CLU_3549 3122304194500 3630 
CLU_3549 3122302159392 14115 
CLU_3549 3122302206315 6045 
CLU_3549 3122307269161 5035 
CLU_3549 3122302159473 7301 
CLU_3549 3122302159554 2482 
CLU_3549 3122306072046 1925 
CLU_3549 3122302159546 5035 
CLU_3549 3122307676875 5713 
CLU_3549 3122306942822 6336 
CLU_3549 3122302206323 8583 
CLU_3549 3122303747719 1904 
CLU_3549 3122306017940 8995 
CLU_3549 3122304384881 5624 
CLU_3549 3122304207866 12364 
CLU_3549 3122302701804 4992 
CLU_3549 3122302159457 6897 
CLU_3549 3122302159856 8931 
CLU_3549 3122302159449 12141 
CLU_3549 3122307488882 7216 
CLU_3549 3122306223354 1904 
CLU_3549 3122302159589 2620 
CLU_3549 3122306942849 1141 
CLU_3549 3122302159562 12690 
CLU_3549 3122302159287 17215 
CLU_3549 CLU_2550 10990 
CLU_3549 CLU_2725 16843 
CLU_3549 CLU_3565 10378 
CLU_3549 CLU_4396 18220 
CLU_3549 CLU_8513 18922 
CLU_3550 3122302159694 3313 
CLU_3550 3122302159538 1880 
CLU_3550 3122302159511 2640 
CLU_3550 3122300273600 3489 
CLU_3550 3122302159503 2584 
CLU_3550 3122302159597 4899 
CLU_3550 3122302159406 6251 
CLU_3550 3122302159678 3703 
CLU_3550 3122302159422 6978 
CLU_3550 3122302159414 6591 
CLU_3550 3122304445651 5835 
CLU_3550 3122306026028 3630 
CLU_3550 3122304194500 0 
CLU_3550 3122302159392 10485 
CLU_3550 3122302206315 5161 
CLU_3550 3122307269161 1405 
CLU_3550 3122302159473 6315 
CLU_3550 3122302159554 3906 
CLU_3550 3122306072046 2206 
CLU_3550 3122302159546 1405 
CLU_3550 3122307676875 2095 
CLU_3550 3122306942822 2788 
CLU_3550 3122302206323 6317 
CLU_3550 3122303747719 3390 
CLU_3550 3122306017940 7358 
CLU_3550 3122304384881 2341 
CLU_3550 3122304207866 9325 
CLU_3550 3122302701804 1861 
CLU_3550 3122302159457 3489 
CLU_3550 3122302159856 6286 
CLU_3550 3122302159449 9588 
CLU_3550 3122307488882 6761 
CLU_3550 3122306223354 3390 
CLU_3550 3122302159589 3706 
CLU_3550 3122306942849 4112 
CLU_3550 3122302159562 13169 
CLU_3550 3122302159287 18512 
CLU_3550 CLU_2550 8937 
CLU_3550 CLU_2725 14242 
CLU_3550 CLU_3565 12775 
CLU_3550 CLU_4396 21499 
CLU_3550 CLU_8513 22427 
CLU_3551 3122302159694 4961 
CLU_3551 3122302159538 7321 
CLU_3551 3122302159511 5733 
CLU_3551 3122300273600 6409 
CLU_3551 3122302159503 6081 
CLU_3551 3122302159597 3704 
CLU_3551 3122302159406 3530 
CLU_3551 3122302159678 6062 
CLU_3551 3122302159422 6819 
CLU_3551 3122302159414 6540 
CLU_3551 3122304445651 8579 
CLU_3551 3122306026028 9817 
CLU_3551 3122304194500 8266 
CLU_3551 3122302159392 11719 
CLU_3551 3122302206315 3803 
CLU_3551 3122307269161 7963 
CLU_3551 3122302159473 2631 
CLU_3551 3122302159554 7578 
CLU_3551 3122306072046 8096 
CLU_3551 3122302159546 7963 
CLU_3551 3122307676875 7712 
CLU_3551 3122306942822 7144 
CLU_3551 3122302206323 2490 
CLU_3551 3122303747719 10948 
CLU_3551 3122306017940 910 
CLU_3551 3122304384881 9526 
CLU_3551 3122304207866 5643 
CLU_3551 3122302701804 9523 
CLU_3551 3122302159457 6409 
CLU_3551 3122302159856 3394 
CLU_3551 3122302159449 3797 
CLU_3551 3122307488882 3262 
CLU_3551 3122306223354 10948 
CLU_3551 3122302159589 7334 
CLU_3551 3122306942849 9164 
CLU_3551 3122302159562 7275 
CLU_3551 3122302159287 13370 
CLU_3551 CLU_2550 16186 
CLU_3551 CLU_2725 20138 
CLU_3551 CLU_3565 11520 
CLU_3551 CLU_4396 21805 
CLU_3551 CLU_8513 23973 
CLU_3552 3122302159694 1635 
CLU_3552 3122302159538 1507 
CLU_3552 3122302159511 1035 
CLU_3552 3122300273600 4204 
CLU_3552 3122302159503 2845 
CLU_3552 3122302159597 3553 
CLU_3552 3122302159406 5177 
CLU_3552 3122302159678 850 
CLU_3552 3122302159422 4211 
CLU_3552 3122302159414 3789 
CLU_3552 3122304445651 4012 
CLU_3552 3122306026028 3971 
CLU_3552 3122304194500 3085 
CLU_3552 3122302159392 11840 
CLU_3552 3122302206315 2264 
CLU_3552 3122307269161 3708 
CLU_3552 3122302159473 3522 
CLU_3552 3122302159554 2175 
CLU_3552 3122306072046 2202 
CLU_3552 3122302159546 3708 
CLU_3552 3122307676875 4016 
CLU_3552 3122306942822 4138 
CLU_3552 3122302206323 4658 
CLU_3552 3122303747719 5079 
CLU_3552 3122306017940 5047 
CLU_3552 3122304384881 5224 
CLU_3552 3122304207866 8718 
CLU_3552 3122302701804 4878 
CLU_3552 3122302159457 4204 
CLU_3552 3122302159856 5143 
CLU_3552 3122302159449 8238 
CLU_3552 3122307488882 3761 
CLU_3552 3122306223354 5079 
CLU_3552 3122302159589 1865 
CLU_3552 3122306942849 3529 
CLU_3552 3122302159562 10087 
CLU_3552 3122302159287 15465 
CLU_3552 CLU_2550 12004 
CLU_3552 CLU_2725 17128 
CLU_3552 CLU_3565 10211 
CLU_3552 CLU_4396 19601 
CLU_3552 CLU_8513 20964 
CLU_3553 3122302159694 2038 
CLU_3553 3122302159538 3975 
CLU_3553 3122302159511 2568 
CLU_3553 3122300273600 4612 
CLU_3553 3122302159503 3651 
CLU_3553 3122302159597 2404 
CLU_3553 3122302159406 3735 
CLU_3553 3122302159678 2659 
CLU_3553 3122302159422 4391 
CLU_3553 3122302159414 3997 
CLU_3553 3122304445651 5487 
CLU_3553 3122306026028 6398 
CLU_3553 3122304194500 5208 
CLU_3553 3122302159392 11684 
CLU_3553 3122302206315 542 
CLU_3553 3122307269161 5302 
CLU_3553 3122302159473 1108 
CLU_3553 3122302159554 4211 
CLU_3553 3122306072046 4701 
CLU_3553 3122302159546 5302 
CLU_3553 3122307676875 5298 
CLU_3553 3122306942822 5018 
CLU_3553 3122302206323 2781 
CLU_3553 3122303747719 7579 
CLU_3553 3122306017940 2612 
CLU_3553 3122304384881 6933 
CLU_3553 3122304207866 7202 
CLU_3553 3122302701804 6761 
CLU_3553 3122302159457 4612 
CLU_3553 3122302159856 3644 
CLU_3553 3122302159449 6222 
CLU_3553 3122307488882 1807 
CLU_3553 3122306223354 7579 
CLU_3553 3122302159589 3950 
CLU_3553 3122306942849 5775 
CLU_3553 3122302159562 8307 
CLU_3553 3122302159287 14085 
CLU_3553 CLU_2550 13802 
CLU_3553 CLU_2725 18453 
CLU_3553 CLU_3565 10126 
CLU_3553 CLU_4396 20109 
CLU_3553 CLU_8513 21866 
CLU_3554 3122302159694 2190 
CLU_3554 3122302159538 3770 
CLU_3554 3122302159511 2549 
CLU_3554 3122300273600 4930 
CLU_3554 3122302159503 3865 
CLU_3554 3122302159597 2892 
CLU_3554 3122302159406 4269 
CLU_3554 3122302159678 2269 
CLU_3554 3122302159422 3859 
CLU_3554 3122302159414 3461 
CLU_3554 3122304445651 4967 
CLU_3554 3122306026028 6045 
CLU_3554 3122304194500 5161 
CLU_3554 3122302159392 12138 
CLU_3554 3122302206315 0 
CLU_3554 3122307269161 5398 
CLU_3554 3122302159473 1269 
CLU_3554 3122302159554 3777 
CLU_3554 3122306072046 4429 
CLU_3554 3122302159546 5398 
CLU_3554 3122307676875 5464 
CLU_3554 3122306942822 5259 
CLU_3554 3122302206323 3323 
CLU_3554 3122303747719 7321 
CLU_3554 3122306017940 3048 
CLU_3554 3122304384881 7022 
CLU_3554 3122304207866 7745 
CLU_3554 3122302701804 6801 
CLU_3554 3122302159457 4930 
CLU_3554 3122302159856 4180 
CLU_3554 3122302159449 6746 
CLU_3554 3122307488882 1628 
CLU_3554 3122306223354 7321 
CLU_3554 3122302159589 3530 
CLU_3554 3122306942849 5361 
CLU_3554 3122302159562 8148 
CLU_3554 3122302159287 13829 
CLU_3554 CLU_2550 13894 
CLU_3554 CLU_2725 18672 
CLU_3554 CLU_3565 9643 
CLU_3554 CLU_4396 19589 
CLU_3554 CLU_8513 21328 
CLU_3555 3122302159694 1988 
CLU_3555 3122302159538 2200 
CLU_3555 3122302159511 1672 
CLU_3555 3122300273600 4779 
CLU_3555 3122302159503 3459 
CLU_3555 3122302159597 3678 
CLU_3555 3122302159406 5276 
CLU_3555 3122302159678 576 
CLU_3555 3122302159422 3523 
CLU_3555 3122302159414 3095 
CLU_3555 3122304445651 3712 
CLU_3555 3122306026028 4328 
CLU_3555 3122304194500 3870 
CLU_3555 3122302159392 12370 
CLU_3555 3122302206315 1718 
CLU_3555 3122307269161 4480 
CLU_3555 3122302159473 2983 
CLU_3555 3122302159554 2154 
CLU_3555 3122306072046 2747 
CLU_3555 3122302159546 4480 
CLU_3555 3122307676875 4753 
CLU_3555 3122306942822 4809 
CLU_3555 3122302206323 4590 
CLU_3555 3122303747719 5636 
CLU_3555 3122306017940 4699 
CLU_3555 3122304384881 6011 
CLU_3555 3122304207866 8838 
CLU_3555 3122302701804 5668 
CLU_3555 3122302159457 4779 
CLU_3555 3122302159856 5221 
CLU_3555 3122302159449 8154 
CLU_3555 3122307488882 3070 
CLU_3555 3122306223354 5636 
CLU_3555 3122302159589 1876 
CLU_3555 3122306942849 3692 
CLU_3555 3122302159562 9313 
CLU_3555 3122302159287 14676 
CLU_3555 CLU_2550 12793 
CLU_3555 CLU_2725 17903 
CLU_3555 CLU_3565 9540 
CLU_3555 CLU_4396 19080 
CLU_3555 CLU_8513 20552 
CLU_3556 3122302159694 4573 
CLU_3556 3122302159538 4428 
CLU_3556 3122302159511 4348 
CLU_3556 3122300273600 2642 
CLU_3556 3122302159503 2969 
CLU_3556 3122302159597 5232 
CLU_3556 3122302159406 6000 
CLU_3556 3122302159678 5987 
CLU_3556 3122302159422 9376 
CLU_3556 3122302159414 8964 
CLU_3556 3122304445651 8500 
CLU_3556 3122306026028 6244 
CLU_3556 3122304194500 2705 
CLU_3556 3122302159392 7976 
CLU_3556 3122302206315 6756 
CLU_3556 3122307269161 1508 
CLU_3556 3122302159473 7652 
CLU_3556 3122302159554 6528 
CLU_3556 3122306072046 4903 
CLU_3556 3122302159546 1508 
CLU_3556 3122307676875 1297 
CLU_3556 3122306942822 1804 
CLU_3556 3122302206323 6565 
CLU_3556 3122303747719 5510 
CLU_3556 3122306017940 8056 
CLU_3556 3122304384881 969 
CLU_3556 3122304207866 8244 
CLU_3556 3122302701804 1513 
CLU_3556 3122302159457 2642 
CLU_3556 3122302159856 6088 
CLU_3556 3122302159449 9137 
CLU_3556 3122307488882 8368 
CLU_3556 3122306223354 5510 
CLU_3556 3122302159589 6296 
CLU_3556 3122306942849 6812 
CLU_3556 3122302159562 14894 
CLU_3556 3122302159287 20545 
CLU_3556 CLU_2550 7279 
CLU_3556 CLU_2725 11960 
CLU_3556 CLU_3565 15309 
CLU_3556 CLU_4396 24200 
CLU_3556 CLU_8513 25120 
CLU_3557 3122302159694 3277 
CLU_3557 3122302159538 3472 
CLU_3557 3122302159511 3104 
CLU_3557 3122300273600 1697 
CLU_3557 3122302159503 1680 
CLU_3557 3122302159597 4025 
CLU_3557 3122302159406 4970 
CLU_3557 3122302159678 4834 
CLU_3557 3122302159422 8224 
CLU_3557 3122302159414 7804 
CLU_3557 3122304445651 7565 
CLU_3557 3122306026028 5713 
CLU_3557 3122304194500 2095 
CLU_3557 3122302159392 8420 
CLU_3557 3122302206315 5464 
CLU_3557 3122307269161 707 
CLU_3557 3122302159473 6355 
CLU_3557 3122302159554 5563 
CLU_3557 3122306072046 4108 
CLU_3557 3122302159546 707 
CLU_3557 3122307676875 0 
CLU_3557 3122306942822 821 
CLU_3557 3122302206323 5403 
CLU_3557 3122303747719 5381 
CLU_3557 3122306017940 6822 
CLU_3557 3122304384881 1833 
CLU_3557 3122304207866 7599 
CLU_3557 3122302701804 1999 
CLU_3557 3122302159457 1697 
CLU_3557 3122302159856 5042 
CLU_3557 3122302159449 8224 
CLU_3557 3122307488882 7073 
CLU_3557 3122306223354 5381 
CLU_3557 3122302159589 5303 
CLU_3557 3122306942849 6091 
CLU_3557 3122302159562 13598 
CLU_3557 3122302159287 19269 
CLU_3557 CLU_2550 8556 
CLU_3557 CLU_2725 13227 
CLU_3557 CLU_3565 14204 
CLU_3557 CLU_4396 23314 
CLU_3557 CLU_8513 24384 
CLU_3558 3122302159694 1701 
CLU_3558 3122302159538 3410 
CLU_3558 3122302159511 2073 
CLU_3558 3122300273600 1172 
CLU_3558 3122302159503 554 
CLU_3558 3122302159597 1987 
CLU_3558 3122302159406 3129 
CLU_3558 3122302159678 3937 
CLU_3558 3122302159422 7123 
CLU_3558 3122302159414 6692 
CLU_3558 3122304445651 7092 
CLU_3558 3122306026028 6181 
CLU_3558 3122304194500 3138 
CLU_3558 3122302159392 8749 
CLU_3558 3122302206315 3782 
CLU_3558 3122307269161 2370 
CLU_3558 3122302159473 4474 
CLU_3558 3122302159554 5158 
CLU_3558 3122306072046 4286 
CLU_3558 3122302159546 2370 
CLU_3558 3122307676875 2044 
CLU_3558 3122306942822 1553 
CLU_3558 3122302206323 3387 
CLU_3558 3122303747719 6456 
CLU_3558 3122306017940 4779 
CLU_3558 3122304384881 3866 
CLU_3558 3122304207866 6250 
CLU_3558 3122302701804 3928 
CLU_3558 3122302159457 1172 
CLU_3558 3122302159856 3175 
CLU_3558 3122302159449 6463 
CLU_3558 3122307488882 5304 
CLU_3558 3122306223354 6456 
CLU_3558 3122302159589 4853 
CLU_3558 3122306942849 6181 
CLU_3558 3122302159562 11772 
CLU_3558 3122302159287 17582 
CLU_3558 CLU_2550 10563 
CLU_3558 CLU_2725 14972 
CLU_3558 CLU_3565 13129 
CLU_3558 CLU_4396 22691 
CLU_3558 CLU_8513 24058 
CLU_3559 3122302159694 1093 
CLU_3559 3122302159538 3676 
CLU_3559 3122302159511 1956 
CLU_3559 3122300273600 2806 
CLU_3559 3122302159503 2063 
CLU_3559 3122302159597 922 
CLU_3559 3122302159406 2546 
CLU_3559 3122302159678 3273 
CLU_3559 3122302159422 5948 
CLU_3559 3122302159414 5528 
CLU_3559 3122304445651 6488 
CLU_3559 3122306026028 6463 
CLU_3559 3122304194500 4244 
CLU_3559 3122302159392 9917 
CLU_3559 3122302206315 2232 
CLU_3559 3122307269161 3913 
CLU_3559 3122302159473 2730 
CLU_3559 3122302159554 4790 
CLU_3559 3122306072046 4561 
CLU_3559 3122302159546 3913 
CLU_3559 3122307676875 3740 
CLU_3559 3122306942822 3315 
CLU_3559 3122302206323 2156 
CLU_3559 3122303747719 7209 
CLU_3559 3122306017940 3157 
CLU_3559 3122304384881 5509 
CLU_3559 3122304207866 6095 
CLU_3559 3122302701804 5465 
CLU_3559 3122302159457 2806 
CLU_3559 3122302159856 2511 
CLU_3559 3122302159449 5678 
CLU_3559 3122307488882 3618 
CLU_3559 3122306223354 7209 
CLU_3559 3122302159589 4483 
CLU_3559 3122306942849 6146 
CLU_3559 3122302159562 10028 
CLU_3559 3122302159287 15885 
CLU_3559 CLU_2550 12294 
CLU_3559 CLU_2725 16719 
CLU_3559 CLU_3565 11847 
CLU_3559 CLU_4396 21683 
CLU_3559 CLU_8513 23277 
CLU_3560 3122302159694 3593 
CLU_3560 3122302159538 6118 
CLU_3560 3122302159511 4427 
CLU_3560 3122300273600 3358 
CLU_3560 3122302159503 3677 
CLU_3560 3122302159597 1624 
CLU_3560 3122302159406 0 
CLU_3560 3122302159678 5799 
CLU_3560 3122302159422 8126 
CLU_3560 3122302159414 7731 
CLU_3560 3122304445651 8979 
CLU_3560 3122306026028 8941 
CLU_3560 3122304194500 6251 
CLU_3560 3122302159392 8382 
CLU_3560 3122302206315 4269 
CLU_3560 3122307269161 5443 
CLU_3560 3122302159473 4018 
CLU_3560 3122302159554 7334 
CLU_3560 3122306072046 7019 
CLU_3560 3122302159546 5443 
CLU_3560 3122307676875 4970 
CLU_3560 3122306942822 4228 
CLU_3560 3122302206323 1200 
CLU_3560 3122303747719 9491 
CLU_3560 3122306017940 2906 
CLU_3560 3122304384881 6777 
CLU_3560 3122304207866 3562 
CLU_3560 3122302701804 6957 
CLU_3560 3122302159457 3358 
CLU_3560 3122302159856 137 
CLU_3560 3122302159449 3337 
CLU_3560 3122307488882 5062 
CLU_3560 3122306223354 9491 
CLU_3560 3122302159589 7028 
CLU_3560 3122306942849 8683 
CLU_3560 3122302159562 10662 
CLU_3560 3122302159287 16731 
CLU_3560 CLU_2550 13033 
CLU_3560 CLU_2725 16658 
CLU_3560 CLU_3565 13761 
CLU_3560 CLU_4396 23830 
CLU_3560 CLU_8513 25595 
CLU_3561 3122302159694 3795 
CLU_3561 3122302159538 5254 
CLU_3561 3122302159511 4172 
CLU_3561 3122300273600 6414 
CLU_3561 3122302159503 5446 
CLU_3561 3122302159597 4036 
CLU_3561 3122302159406 5062 
CLU_3561 3122302159678 3515 
CLU_3561 3122302159422 3561 
CLU_3561 3122302159414 3278 
CLU_3561 3122304445651 5420 
CLU_3561 3122306026028 7216 
CLU_3561 3122304194500 6761 
CLU_3561 3122302159392 13304 
CLU_3561 3122302206315 1628 
CLU_3561 3122307269161 7025 
CLU_3561 3122302159473 1045 
CLU_3561 3122302159554 4778 
CLU_3561 3122306072046 5805 
CLU_3561 3122302159546 7025 
CLU_3561 3122307676875 7073 
CLU_3561 3122306942822 6822 
CLU_3561 3122302206323 3916 
CLU_3561 3122303747719 8678 
CLU_3561 3122306017940 2842 
CLU_3561 3122304384881 8650 
CLU_3561 3122304207866 8244 
CLU_3561 3122302701804 8427 
CLU_3561 3122302159457 6414 
CLU_3561 3122302159856 4946 
CLU_3561 3122302159449 6825 
CLU_3561 3122307488882 0 
CLU_3561 3122306223354 8678 
CLU_3561 3122302159589 4600 
CLU_3561 3122306942849 6368 
CLU_3561 3122302159562 6526 
CLU_3561 3122302159287 12278 
CLU_3561 CLU_2550 15523 
CLU_3561 CLU_2725 20255 
CLU_3561 CLU_3565 8726 
CLU_3561 CLU_4396 18898 
CLU_3561 CLU_8513 20882 
CLU_3562 3122302159694 3595 
CLU_3562 3122302159538 3030 
CLU_3562 3122302159511 3201 
CLU_3562 3122300273600 6358 
CLU_3562 3122302159503 5014 
CLU_3562 3122302159597 5202 
CLU_3562 3122302159406 6756 
CLU_3562 3122302159678 1336 
CLU_3562 3122302159422 2085 
CLU_3562 3122302159414 1688 
CLU_3562 3122304445651 2283 
CLU_3562 3122306026028 4047 
CLU_3562 3122304194500 4904 
CLU_3562 3122302159392 13970 
CLU_3562 3122302206315 2685 
CLU_3562 3122307269161 5789 
CLU_3562 3122302159473 3729 
CLU_3562 3122302159554 1570 
CLU_3562 3122306072046 3124 
CLU_3562 3122302159546 5789 
CLU_3562 3122307676875 6164 
CLU_3562 3122306942822 6319 
CLU_3562 3122302206323 5944 
CLU_3562 3122303747719 5734 
CLU_3562 3122306017940 5688 
CLU_3562 3122304384881 7199 
CLU_3562 3122304207866 10304 
CLU_3562 3122302701804 6764 
CLU_3562 3122302159457 6358 
CLU_3562 3122302159856 6688 
CLU_3562 3122302159449 9426 
CLU_3562 3122307488882 3335 
CLU_3562 3122306223354 5734 
CLU_3562 3122302159589 1507 
CLU_3562 3122306942849 3084 
CLU_3562 3122302159562 8737 
CLU_3562 3122302159287 13700 
CLU_3562 CLU_2550 13788 
CLU_3562 CLU_2725 19132 
CLU_3562 CLU_3565 8041 
CLU_3562 CLU_4396 17474 
CLU_3562 CLU_8513 18958 
CLU_3563 3122302159694 5645 
CLU_3563 3122302159538 3298 
CLU_3563 3122302159511 4838 
CLU_3563 3122300273600 7544 
CLU_3563 3122302159503 6249 
CLU_3563 3122302159597 7616 
CLU_3563 3122302159406 9237 
CLU_3563 3122302159678 3663 
CLU_3563 3122302159422 4709 
CLU_3563 3122302159414 4544 
CLU_3563 3122304445651 2334 
CLU_3563 3122306026028 1128 
CLU_3563 3122304194500 4504 
CLU_3563 3122302159392 14946 
CLU_3563 3122302206315 5896 
CLU_3563 3122307269161 5882 
CLU_3563 3122302159473 7103 
CLU_3563 3122302159554 2122 
CLU_3563 3122306072046 2465 
CLU_3563 3122302159546 5882 
CLU_3563 3122307676875 6527 
CLU_3563 3122306942822 7077 
CLU_3563 3122302206323 8738 
CLU_3563 3122303747719 2977 
CLU_3563 3122306017940 8929 
CLU_3563 3122304384881 6633 
CLU_3563 3122304207866 12741 
CLU_3563 3122302701804 6016 
CLU_3563 3122302159457 7544 
CLU_3563 3122302159856 9210 
CLU_3563 3122302159449 12320 
CLU_3563 3122307488882 6859 
CLU_3563 3122306223354 2977 
CLU_3563 3122302159589 2369 
CLU_3563 3122306942849 556 
CLU_3563 3122302159562 11931 
CLU_3563 3122302159287 16247 
CLU_3563 CLU_2550 12118 
CLU_3563 CLU_2725 17968 
CLU_3563 CLU_3565 9273 
CLU_3563 CLU_4396 17143 
CLU_3563 CLU_8513 17935 
CLU_3564 3122302159694 1566 
CLU_3564 3122302159538 1458 
CLU_3564 3122302159511 919 
CLU_3564 3122300273600 2831 
CLU_3564 3122302159503 1495 
CLU_3564 3122302159597 3317 
CLU_3564 3122302159406 4814 
CLU_3564 3122302159678 2490 
CLU_3564 3122302159422 5881 
CLU_3564 3122302159414 5462 
CLU_3564 3122304445651 5359 
CLU_3564 3122306026028 4232 
CLU_3564 3122304194500 1754 
CLU_3564 3122302159392 10424 
CLU_3564 3122302206315 3469 
CLU_3564 3122307269161 2040 
CLU_3564 3122302159473 4579 
CLU_3564 3122302159554 3364 
CLU_3564 3122306072046 2329 
CLU_3564 3122302159546 2040 
CLU_3564 3122307676875 2344 
CLU_3564 3122306942822 2560 
CLU_3564 3122302206323 4695 
CLU_3564 3122303747719 4691 
CLU_3564 3122306017940 5621 
CLU_3564 3122304384881 3607 
CLU_3564 3122304207866 8147 
CLU_3564 3122302701804 3338 
CLU_3564 3122302159457 2831 
CLU_3564 3122302159856 4825 
CLU_3564 3122302159449 8115 
CLU_3564 3122307488882 5091 
CLU_3564 3122306223354 4691 
CLU_3564 3122302159589 3078 
CLU_3564 3122306942849 4241 
CLU_3564 3122302159562 11574 
CLU_3564 3122302159287 17081 
CLU_3564 CLU_2550 10456 
CLU_3564 CLU_2725 15465 
CLU_3564 CLU_3565 11862 
CLU_3564 CLU_4396 21089 
CLU_3564 CLU_8513 22301 
CLU_3565 3122302159694 11431 
CLU_3565 3122302159538 10916 
CLU_3565 3122302159511 11205 
CLU_3565 3122300273600 14296 
CLU_3565 3122302159503 12998 
CLU_3565 3122302159597 12529 
CLU_3565 3122302159406 13761 
CLU_3565 3122302159678 9375 
CLU_3565 3122302159422 6016 
CLU_3565 3122302159414 6446 
CLU_3565 3122304445651 7118 
CLU_3565 3122306026028 10378 
CLU_3565 3122304194500 12775 
CLU_3565 3122302159392 21762 
CLU_3565 3122302206315 9643 
CLU_3565 3122307269161 13802 
CLU_3565 3122302159473 9760 
CLU_3565 3122302159554 8882 
CLU_3565 3122306072046 10668 
CLU_3565 3122302159546 13802 
CLU_3565 3122307676875 14204 
CLU_3565 3122306942822 14342 
CLU_3565 3122302206323 12639 
CLU_3565 3122303747719 12250 
CLU_3565 3122306017940 11425 
CLU_3565 3122304384881 15115 
CLU_3565 3122304207866 16942 
CLU_3565 3122302701804 14611 
CLU_3565 3122302159457 14296 
CLU_3565 3122302159856 13650 
CLU_3565 3122302159449 15313 
CLU_3565 3122307488882 8726 
CLU_3565 3122306223354 12250 
CLU_3565 3122302159589 9068 
CLU_3565 3122306942849 9293 
CLU_3565 3122302159562 7215 
CLU_3565 3122302159287 8109 
CLU_3565 CLU_2550 21309 
CLU_3565 CLU_2725 26969 
CLU_3565 CLU_3565 0 
CLU_3565 CLU_4396 10294 
CLU_3565 CLU_8513 12737 
CLU_3566 3122302159694 5093 
CLU_3566 3122302159538 2786 
CLU_3566 3122302159511 4291 
CLU_3566 3122300273600 7047 
CLU_3566 3122302159503 5737 
CLU_3566 3122302159597 7062 
CLU_3566 3122302159406 8683 
CLU_3566 3122302159678 3117 
CLU_3566 3122302159422 4420 
CLU_3566 3122302159414 4215 
CLU_3566 3122304445651 2213 
CLU_3566 3122306026028 1141 
CLU_3566 3122304194500 4112 
CLU_3566 3122302159392 14499 
CLU_3566 3122302206315 5361 
CLU_3566 3122307269161 5464 
CLU_3566 3122302159473 6578 
CLU_3566 3122302159554 1600 
CLU_3566 3122306072046 1991 
CLU_3566 3122302159546 5464 
CLU_3566 3122307676875 6091 
CLU_3566 3122306942822 6610 
CLU_3566 3122302206323 8182 
CLU_3566 3122303747719 3043 
CLU_3566 3122306017940 8387 
CLU_3566 3122304384881 6313 
CLU_3566 3122304207866 12193 
CLU_3566 3122302701804 5712 
CLU_3566 3122302159457 7047 
CLU_3566 3122302159856 8656 
CLU_3566 3122302159449 11764 
CLU_3566 3122307488882 6368 
CLU_3566 3122306223354 3043 
CLU_3566 3122302159589 1830 
CLU_3566 3122306942849 0 
CLU_3566 3122302159562 11606 
CLU_3566 3122302159287 16074 
CLU_3566 CLU_2550 12029 
CLU_3566 CLU_2725 17809 
CLU_3566 CLU_3565 9293 
CLU_3566 CLU_4396 17435 
CLU_3566 CLU_8513 18317 
CLU_3567 3122302159694 4654 
CLU_3567 3122302159538 4173 
CLU_3567 3122302159511 4321 
CLU_3567 3122300273600 3056 
CLU_3567 3122302159503 3150 
CLU_3567 3122302159597 5520 
CLU_3567 3122302159406 6404 
CLU_3567 3122302159678 5842 
CLU_3567 3122302159422 9209 
CLU_3567 3122302159414 8806 
CLU_3567 3122304445651 8189 
CLU_3567 3122306026028 5783 
CLU_3567 3122304194500 2354 
CLU_3567 3122302159392 8525 
CLU_3567 3122302206315 6806 
CLU_3567 3122307269161 1414 
CLU_3567 3122302159473 7772 
CLU_3567 3122302159554 6247 
CLU_3567 3122306072046 4558 
CLU_3567 3122302159546 1414 
CLU_3567 3122307676875 1494 
CLU_3567 3122306942822 2175 
CLU_3567 3122302206323 6891 
CLU_3567 3122303747719 4957 
CLU_3567 3122306017940 8314 
CLU_3567 3122304384881 397 
CLU_3567 3122304207866 8779 
CLU_3567 3122302701804 927 
CLU_3567 3122302159457 3056 
CLU_3567 3122302159856 6485 
CLU_3567 3122302159449 9597 
CLU_3567 3122307488882 8432 
CLU_3567 3122306223354 4957 
CLU_3567 3122302159589 6033 
CLU_3567 3122306942849 6414 
CLU_3567 3122302159562 14954 
CLU_3567 3122302159287 20524 
CLU_3567 CLU_2550 7112 
CLU_3567 CLU_2725 12034 
CLU_3567 CLU_3565 15088 
CLU_3567 CLU_4396 23836 
CLU_3567 CLU_8513 24691 
CLU_3568 3122302159694 5337 
CLU_3568 3122302159538 3829 
CLU_3568 3122302159511 4738 
CLU_3568 3122300273600 7860 
CLU_3568 3122302159503 6487 
CLU_3568 3122302159597 7117 
CLU_3568 3122302159406 8709 
CLU_3568 3122302159678 2956 
CLU_3568 3122302159422 2489 
CLU_3568 3122302159414 2394 
CLU_3568 3122304445651 283 
CLU_3568 3122306026028 3218 
CLU_3568 3122304194500 5584 
CLU_3568 3122302159392 15494 
CLU_3568 3122302206315 4724 
CLU_3568 3122307269161 6772 
CLU_3568 3122302159473 5741 
CLU_3568 3122302159554 1731 
CLU_3568 3122306072046 3401 
CLU_3568 3122302159546 6772 
CLU_3568 3122307676875 7294 
CLU_3568 3122306942822 7635 
CLU_3568 3122302206323 7955 
CLU_3568 3122303747719 5120 
CLU_3568 3122306017940 7718 
CLU_3568 3122304384881 7912 
CLU_3568 3122304207866 12270 
CLU_3568 3122302701804 7367 
CLU_3568 3122302159457 7860 
CLU_3568 3122302159856 8650 
CLU_3568 3122302159449 11460 
CLU_3568 3122307488882 5231 
CLU_3568 3122306223354 5120 
CLU_3568 3122302159589 2003 
CLU_3568 3122306942849 2077 
CLU_3568 3122302159562 9717 
CLU_3568 3122302159287 14005 
CLU_3568 CLU_2550 13999 
CLU_3568 CLU_2725 19668 
CLU_3568 CLU_3565 7318 
CLU_3568 CLU_4396 16024 
CLU_3568 CLU_8513 17251 
CLU_3569 3122302159694 5163 
CLU_3569 3122302159538 2592 
CLU_3569 3122302159511 4301 
CLU_3569 3122300273600 6281 
CLU_3569 3122302159503 5169 
CLU_3569 3122302159597 7091 
CLU_3569 3122302159406 8630 
CLU_3569 3122302159678 4011 
CLU_3569 3122302159422 6279 
CLU_3569 3122302159414 6009 
CLU_3569 3122304445651 4258 
CLU_3569 3122306026028 1027 
CLU_3569 3122304194500 2857 
CLU_3569 3122302159392 13287 
CLU_3569 3122302206315 6199 
CLU_3569 3122307269161 4251 
CLU_3569 3122302159473 7469 
CLU_3569 3122302159554 3027 
CLU_3569 3122306072046 1780 
CLU_3569 3122302159546 4251 
CLU_3569 3122307676875 4950 
CLU_3569 3122306942822 5637 
CLU_3569 3122302206323 8406 
CLU_3569 3122303747719 1165 
CLU_3569 3122306017940 9015 
CLU_3569 3122304384881 4671 
CLU_3569 3122304207866 11946 
CLU_3569 3122302701804 4030 
CLU_3569 3122302159457 6281 
CLU_3569 3122302159856 8635 
CLU_3569 3122302159449 11906 
CLU_3569 3122307488882 7525 
CLU_3569 3122306223354 1165 
CLU_3569 3122302159589 3069 
CLU_3569 3122306942849 2054 
CLU_3569 3122302159562 13307 
CLU_3569 3122302159287 18025 
CLU_3569 CLU_2550 9986 
CLU_3569 CLU_2725 15819 
CLU_3569 CLU_3565 11347 
CLU_3569 CLU_4396 19239 
CLU_3569 CLU_8513 19895 
CLU_3570 3122302159694 6077 
CLU_3570 3122302159538 5624 
CLU_3570 3122302159511 5793 
CLU_3570 3122300273600 4075 
CLU_3570 3122302159503 4492 
CLU_3570 3122302159597 6733 
CLU_3570 3122302159406 7401 
CLU_3570 3122302159678 7325 
CLU_3570 3122302159422 10685 
CLU_3570 3122302159414 10285 
CLU_3570 3122304445651 9581 
CLU_3570 3122306026028 6963 
CLU_3570 3122304194500 3766 
CLU_3570 3122302159392 7907 
CLU_3570 3122302206315 8250 
CLU_3570 3122307269161 2888 
CLU_3570 3122302159473 9170 
CLU_3570 3122302159554 7672 
CLU_3570 3122306072046 5937 
CLU_3570 3122302159546 2888 
CLU_3570 3122307676875 2815 
CLU_3570 3122306942822 3292 
CLU_3570 3122302206323 8039 
CLU_3570 3122303747719 5842 
CLU_3570 3122306017940 9564 
CLU_3570 3122304384881 1426 
CLU_3570 3122304207866 9322 
CLU_3570 3122302701804 1994 
CLU_3570 3122302159457 4075 
CLU_3570 3122302159856 7498 
CLU_3570 3122302159449 10425 
CLU_3570 3122307488882 9869 
CLU_3570 3122306223354 5842 
CLU_3570 3122302159589 7472 
CLU_3570 3122306942849 7706 
CLU_3570 3122302159562 16396 
CLU_3570 3122302159287 22001 
CLU_3570 CLU_2550 5759 
CLU_3570 CLU_2725 10548 
CLU_3570 CLU_3565 16538 
CLU_3570 CLU_4396 25139 
CLU_3570 CLU_8513 25875 
CLU_3571 3122302159694 2688 
CLU_3571 3122302159538 1180 
CLU_3571 3122302159511 1953 
CLU_3571 3122300273600 5011 
CLU_3571 3122302159503 3639 
CLU_3571 3122302159597 4634 
CLU_3571 3122302159406 6259 
CLU_3571 3122302159678 887 
CLU_3571 3122302159422 3917 
CLU_3571 3122302159414 3534 
CLU_3571 3122304445651 3136 
CLU_3571 3122306026028 2957 
CLU_3571 3122304194500 3060 
CLU_3571 3122302159392 12639 
CLU_3571 3122302206315 3102 
CLU_3571 3122307269161 4041 
CLU_3571 3122302159473 4368 
CLU_3571 3122302159554 1168 
CLU_3571 3122306072046 1417 
CLU_3571 3122302159546 4041 
CLU_3571 3122307676875 4496 
CLU_3571 3122306942822 4787 
CLU_3571 3122302206323 5740 
CLU_3571 3122303747719 4275 
CLU_3571 3122306017940 6039 
CLU_3571 3122304384881 5375 
CLU_3571 3122304207866 9790 
CLU_3571 3122302701804 4921 
CLU_3571 3122302159457 5011 
CLU_3571 3122302159856 6226 
CLU_3571 3122302159449 9321 
CLU_3571 3122307488882 4402 
CLU_3571 3122306223354 4275 
CLU_3571 3122302159589 865 
CLU_3571 3122306942849 2443 
CLU_3571 3122302159562 10417 
CLU_3571 3122302159287 15533 
CLU_3571 CLU_2550 11938 
CLU_3571 CLU_2725 17300 
CLU_3571 CLU_3565 9768 
CLU_3571 CLU_4396 18862 
CLU_3571 CLU_8513 20097 
CLU_3572 3122302159694 4896 
CLU_3572 3122302159538 4206 
CLU_3572 3122302159511 4506 
CLU_3572 3122300273600 3438 
CLU_3572 3122302159503 3451 
CLU_3572 3122302159597 5853 
CLU_3572 3122302159406 6777 
CLU_3572 3122302159678 5941 
CLU_3572 3122302159422 9282 
CLU_3572 3122302159414 8886 
CLU_3572 3122304445651 8158 
CLU_3572 3122306026028 5624 
CLU_3572 3122304194500 2341 
CLU_3572 3122302159392 8808 
CLU_3572 3122302206315 7022 
CLU_3572 3122307269161 1631 
CLU_3572 3122302159473 8022 
CLU_3572 3122302159554 6246 
CLU_3572 3122306072046 4514 
CLU_3572 3122302159546 1631 
CLU_3572 3122307676875 1833 
CLU_3572 3122306942822 2551 
CLU_3572 3122302206323 7236 
CLU_3572 3122303747719 4690 
CLU_3572 3122306017940 8630 
CLU_3572 3122304384881 0 
CLU_3572 3122304207866 9177 
CLU_3572 3122302701804 647 
CLU_3572 3122302159457 3438 
CLU_3572 3122302159856 6855 
CLU_3572 3122302159449 9984 
CLU_3572 3122307488882 8650 
CLU_3572 3122306223354 4690 
CLU_3572 3122302159589 6047 
CLU_3572 3122306942849 6313 
CLU_3572 3122302159562 15163 
CLU_3572 3122302159287 20682 
CLU_3572 CLU_2550 6873 
CLU_3572 CLU_2725 11934 
CLU_3572 CLU_3565 15115 
CLU_3572 CLU_4396 23748 
CLU_3572 CLU_8513 24545 
CLU_3573 3122302159694 2874 
CLU_3573 3122302159538 4266 
CLU_3573 3122302159511 3169 
CLU_3573 3122300273600 0 
CLU_3573 3122302159503 1373 
CLU_3573 3122302159597 2736 
CLU_3573 3122302159406 3358 
CLU_3573 3122302159678 5051 
CLU_3573 3122302159422 8286 
CLU_3573 3122302159414 7855 
CLU_3573 3122304445651 8142 
CLU_3573 3122306026028 6897 
CLU_3573 3122304194500 3489 
CLU_3573 3122302159392 7641 
CLU_3573 3122302206315 4930 
CLU_3573 3122307269161 2307 
CLU_3573 3122302159473 5534 
CLU_3573 3122302159554 6171 
CLU_3573 3122306072046 5082 
CLU_3573 3122302159546 2307 
CLU_3573 3122307676875 1697 
CLU_3573 3122306942822 893 
CLU_3573 3122302206323 3972 
CLU_3573 3122303747719 6878 
CLU_3573 3122306017940 5563 
CLU_3573 3122304384881 3438 
CLU_3573 3122304207866 5921 
CLU_3573 3122302701804 3689 
CLU_3573 3122302159457 0 
CLU_3573 3122302159856 3446 
CLU_3573 3122302159449 6549 
CLU_3573 3122307488882 6414 
CLU_3573 3122306223354 6878 
CLU_3573 3122302159589 5874 
CLU_3573 3122306942849 7047 
CLU_3573 3122302159562 12826 
CLU_3573 3122302159287 18689 
CLU_3573 CLU_2550 9789 
CLU_3573 CLU_2725 13935 
CLU_3573 CLU_3565 14296 
CLU_3573 CLU_4396 23806 
CLU_3573 CLU_8513 25108 
CLU_3574 3122302159694 3833 
CLU_3574 3122302159538 3450 
CLU_3574 3122302159511 3512 
CLU_3574 3122300273600 6644 
CLU_3574 3122302159503 5317 
CLU_3574 3122302159597 5330 
CLU_3574 3122302159406 6848 
CLU_3574 3122302159678 1692 
CLU_3574 3122302159422 1700 
CLU_3574 3122302159414 1287 
CLU_3574 3122304445651 2357 
CLU_3574 3122306026028 4428 
CLU_3574 3122304194500 5318 
CLU_3574 3122302159392 14228 
CLU_3574 3122302206315 2668 
CLU_3574 3122307269161 6171 
CLU_3574 3122302159473 3604 
CLU_3574 3122302159554 1967 
CLU_3574 3122306072046 3555 
CLU_3574 3122302159546 6171 
CLU_3574 3122307676875 6524 
CLU_3574 3122306942822 6647 
CLU_3574 3122302206323 5978 
CLU_3574 3122303747719 6144 
CLU_3574 3122306017940 5594 
CLU_3574 3122304384881 7602 
CLU_3574 3122304207866 10376 
CLU_3574 3122302701804 7177 
CLU_3574 3122302159457 6644 
CLU_3574 3122302159856 6772 
CLU_3574 3122302159449 9407 
CLU_3574 3122307488882 3103 
CLU_3574 3122306223354 6144 
CLU_3574 3122302159589 1928 
CLU_3574 3122306942849 3428 
CLU_3574 3122302159562 8320 
CLU_3574 3122302159287 13269 
CLU_3574 CLU_2550 14213 
CLU_3574 CLU_2725 19537 
CLU_3574 CLU_3565 7696 
CLU_3574 CLU_4396 17238 
CLU_3574 CLU_8513 18793 
CLU_3575 3122302159694 5618 
CLU_3575 3122302159538 4097 
CLU_3575 3122302159511 5021 
CLU_3575 3122300273600 8142 
CLU_3575 3122302159503 6770 
CLU_3575 3122302159597 7391 
CLU_3575 3122302159406 8979 
CLU_3575 3122302159678 3235 
CLU_3575 3122302159422 2524 
CLU_3575 3122302159414 2477 
CLU_3575 3122304445651 0 
CLU_3575 3122306026028 3344 
CLU_3575 3122304194500 5835 
CLU_3575 3122302159392 15775 
CLU_3575 3122302206315 4967 
CLU_3575 3122307269161 7037 
CLU_3575 3122302159473 5962 
CLU_3575 3122302159554 2004 
CLU_3575 3122306072046 3643 
CLU_3575 3122302159546 7037 
CLU_3575 3122307676875 7565 
CLU_3575 3122306942822 7913 
CLU_3575 3122302206323 8214 
CLU_3575 3122303747719 5248 
CLU_3575 3122306017940 7946 
CLU_3575 3122304384881 8158 
CLU_3575 3122304207866 12539 
CLU_3575 3122302701804 7606 
CLU_3575 3122302159457 8142 
CLU_3575 3122302159856 8919 
CLU_3575 3122302159449 11709 
CLU_3575 3122307488882 5420 
CLU_3575 3122306223354 5248 
CLU_3575 3122302159589 2281 
CLU_3575 3122306942849 2213 
CLU_3575 3122302159562 9730 
CLU_3575 3122302159287 13913 
CLU_3575 CLU_2550 14191 
CLU_3575 CLU_2725 19887 
CLU_3575 CLU_3565 7118 
CLU_3575 CLU_4396 15750 
CLU_3575 CLU_8513 16968 
CLU_3576 3122302159694 5035 
CLU_3576 3122302159538 7603 
CLU_3576 3122302159511 5890 
CLU_3576 3122300273600 4851 
CLU_3576 3122302159503 5243 
CLU_3576 3122302159597 3061 
CLU_3576 3122302159406 1566 
CLU_3576 3122302159678 7086 
CLU_3576 3122302159422 9019 
CLU_3576 3122302159414 8655 
CLU_3576 3122304445651 10170 
CLU_3576 3122306026028 10408 
CLU_3576 3122304194500 7815 
CLU_3576 3122302159392 8609 
CLU_3576 3122302206315 5263 
CLU_3576 3122307269161 6997 
CLU_3576 3122302159473 4661 
CLU_3576 3122302159554 8656 
CLU_3576 3122306072046 8497 
CLU_3576 3122302159546 6997 
CLU_3576 3122307676875 6502 
CLU_3576 3122306942822 5737 
CLU_3576 3122302206323 1955 
CLU_3576 3122303747719 11034 
CLU_3576 3122306017940 2952 
CLU_3576 3122304384881 8288 
CLU_3576 3122304207866 2597 
CLU_3576 3122302701804 8497 
CLU_3576 3122302159457 4851 
CLU_3576 3122302159856 1530 
CLU_3576 3122302159449 1774 
CLU_3576 3122307488882 5651 
CLU_3576 3122306223354 11034 
CLU_3576 3122302159589 8358 
CLU_3576 3122306942849 10077 
CLU_3576 3122302159562 10441 
CLU_3576 3122302159287 16534 
CLU_3576 CLU_2550 14354 
CLU_3576 CLU_2725 17635 
CLU_3576 CLU_3565 14345 
CLU_3576 CLU_4396 24549 
CLU_3576 CLU_8513 26488 
CLU_3577 3122302159694 3558 
CLU_3577 3122302159538 5944 
CLU_3577 3122302159511 4327 
CLU_3577 3122300273600 2679 
CLU_3577 3122302159503 3253 
CLU_3577 3122302159597 1779 
CLU_3577 3122302159406 847 
CLU_3577 3122302159678 5894 
CLU_3577 3122302159422 8494 
CLU_3577 3122302159414 8084 
CLU_3577 3122304445651 9122 
CLU_3577 3122306026028 8768 
CLU_3577 3122304194500 5830 
CLU_3577 3122302159392 7691 
CLU_3577 3122302206315 4650 
CLU_3577 3122307269161 4886 
CLU_3577 3122302159473 4598 
CLU_3577 3122302159554 7367 
CLU_3577 3122306072046 6845 
CLU_3577 3122302159546 4886 
CLU_3577 3122307676875 4351 
CLU_3577 3122306942822 3570 
CLU_3577 3122302206323 1953 
CLU_3577 3122303747719 9154 
CLU_3577 3122306017940 3702 
CLU_3577 3122304384881 6117 
CLU_3577 3122304207866 3595 
CLU_3577 3122302701804 6351 
CLU_3577 3122302159457 2679 
CLU_3577 3122302159856 978 
CLU_3577 3122302159449 3873 
CLU_3577 3122307488882 5637 
CLU_3577 3122306223354 9154 
CLU_3577 3122302159589 7057 
CLU_3577 3122306942849 8618 
CLU_3577 3122302159562 11439 
CLU_3577 3122302159287 17492 
CLU_3577 CLU_2550 12235 
CLU_3577 CLU_2725 15811 
CLU_3577 CLU_3565 14258 
CLU_3577 CLU_4396 24236 
CLU_3577 CLU_8513 25899 
CLU_3578 3122302159694 7104 
CLU_3578 3122302159538 9539 
CLU_3578 3122302159511 7904 
CLU_3578 3122300273600 5921 
CLU_3578 3122302159503 6792 
CLU_3578 3122302159597 5174 
CLU_3578 3122302159406 3562 
CLU_3578 3122302159678 9359 
CLU_3578 3122302159422 11560 
CLU_3578 3122302159414 11183 
CLU_3578 3122304445651 12539 
CLU_3578 3122306026028 12364 
CLU_3578 3122304194500 9325 
CLU_3578 3122302159392 6789 
CLU_3578 3122302206315 7745 
CLU_3578 3122307269161 8228 
CLU_3578 3122302159473 7242 
CLU_3578 3122302159554 10885 
CLU_3578 3122306072046 10441 
CLU_3578 3122302159546 8228 
CLU_3578 3122307676875 7599 
CLU_3578 3122306942822 6778 
CLU_3578 3122302206323 4432 
CLU_3578 3122303747719 12693 
CLU_3578 3122306017940 5535 
CLU_3578 3122304384881 9177 
CLU_3578 3122304207866 0 
CLU_3578 3122302701804 9543 
CLU_3578 3122302159457 5921 
CLU_3578 3122302159856 3620 
CLU_3578 3122302159449 2276 
CLU_3578 3122307488882 8244 
CLU_3578 3122306223354 12693 
CLU_3578 3122302159589 10577 
CLU_3578 3122306942849 12193 
CLU_3578 3122302159562 12769 
CLU_3578 3122302159287 18828 
CLU_3578 CLU_2550 14350 
CLU_3578 CLU_2725 16748 
CLU_3578 CLU_3565 16942 
CLU_3578 CLU_4396 27142 
CLU_3578 CLU_8513 29044 
CLU_3579 3122302159694 3360 
CLU_3579 3122302159538 5841 
CLU_3579 3122302159511 4179 
CLU_3579 3122300273600 4744 
CLU_3579 3122302159503 4387 
CLU_3579 3122302159597 2018 
CLU_3579 3122302159406 2241 
CLU_3579 3122302159678 4842 
CLU_3579 3122302159422 6378 
CLU_3579 3122302159414 6025 
CLU_3579 3122304445651 7713 
CLU_3579 3122306026028 8480 
CLU_3579 3122304194500 6631 
CLU_3579 3122302159392 10624 
CLU_3579 3122302206315 2745 
CLU_3579 3122307269161 6271 
CLU_3579 3122302159473 1998 
CLU_3579 3122302159554 6417 
CLU_3579 3122306072046 6668 
CLU_3579 3122302159546 6271 
CLU_3579 3122307676875 6015 
CLU_3579 3122306942822 5457 
CLU_3579 3122302206323 1042 
CLU_3579 3122303747719 9457 
CLU_3579 3122306017940 819 
CLU_3579 3122304384881 7830 
CLU_3579 3122304207866 5249 
CLU_3579 3122302701804 7834 
CLU_3579 3122302159457 4744 
CLU_3579 3122302159856 2108 
CLU_3579 3122302159449 4010 
CLU_3579 3122307488882 2996 
CLU_3579 3122306223354 9457 
CLU_3579 3122302159589 6142 
CLU_3579 3122306942849 7950 
CLU_3579 3122302159562 8457 
CLU_3579 3122302159287 14507 
CLU_3579 CLU_2550 14503 
CLU_3579 CLU_2725 18571 
CLU_3579 CLU_3565 11713 
CLU_3579 CLU_4396 21893 
CLU_3579 CLU_8513 23830 
CLU_3580 3122302159694 6420 
CLU_3580 3122302159538 7336 
CLU_3580 3122302159511 6638 
CLU_3580 3122300273600 9136 
CLU_3580 3122302159503 8101 
CLU_3580 3122302159597 6764 
CLU_3580 3122302159406 7658 
CLU_3580 3122302159678 5438 
CLU_3580 3122302159422 3363 
CLU_3580 3122302159414 3411 
CLU_3580 3122304445651 5872 
CLU_3580 3122306026028 8604 
CLU_3580 3122304194500 9064 
CLU_3580 3122302159392 15991 
CLU_3580 3122302206315 4237 
CLU_3580 3122307269161 9546 
CLU_3580 3122302159473 3730 
CLU_3580 3122302159554 6160 
CLU_3580 3122306072046 7653 
CLU_3580 3122302159546 9546 
CLU_3580 3122307676875 9676 
CLU_3580 3122306942822 9496 
CLU_3580 3122302206323 6468 
CLU_3580 3122303747719 10335 
CLU_3580 3122306017940 5022 
CLU_3580 3122304384881 11139 
CLU_3580 3122304207866 10552 
CLU_3580 3122302701804 10841 
CLU_3580 3122302159457 9136 
CLU_3580 3122302159856 7532 
CLU_3580 3122302159449 8809 
CLU_3580 3122307488882 2740 
CLU_3580 3122306223354 10335 
CLU_3580 3122302159589 6106 
CLU_3580 3122306942849 7555 
CLU_3580 3122302159562 4155 
CLU_3580 3122302159287 9595 
CLU_3580 CLU_2550 17973 
CLU_3580 CLU_2725 22900 
CLU_3580 CLU_3565 6525 
CLU_3580 CLU_4396 16819 
CLU_3580 CLU_8513 19118 
CLU_3581 3122302159694 4031 
CLU_3581 3122302159538 6094 
CLU_3581 3122302159511 4670 
CLU_3581 3122300273600 6128 
CLU_3581 3122302159503 5463 
CLU_3581 3122302159597 3444 
CLU_3581 3122302159406 3994 
CLU_3581 3122302159678 4622 
CLU_3581 3122302159422 5177 
CLU_3581 3122302159414 4892 
CLU_3581 3122304445651 6954 
CLU_3581 3122306026028 8403 
CLU_3581 3122304194500 7301 
CLU_3581 3122302159392 12376 
CLU_3581 3122302206315 2368 
CLU_3581 3122307269161 7255 
CLU_3581 3122302159473 1102 
CLU_3581 3122302159554 6070 
CLU_3581 3122306072046 6790 
CLU_3581 3122302159546 7255 
CLU_3581 3122307676875 7143 
CLU_3581 3122306942822 6719 
CLU_3581 3122302206323 2793 
CLU_3581 3122303747719 9679 
CLU_3581 3122306017940 1315 
CLU_3581 3122304384881 8877 
CLU_3581 3122304207866 6844 
CLU_3581 3122302701804 8769 
CLU_3581 3122302159457 6128 
CLU_3581 3122302159856 3862 
CLU_3581 3122302159449 5267 
CLU_3581 3122307488882 1616 
CLU_3581 3122306223354 9679 
CLU_3581 3122302159589 5847 
CLU_3581 3122306942849 7669 
CLU_3581 3122302159562 6782 
CLU_3581 3122302159287 12794 
CLU_3581 CLU_2550 15700 
CLU_3581 CLU_2725 20059 
CLU_3581 CLU_3565 10110 
CLU_3581 CLU_4396 20356 
CLU_3581 CLU_8513 22428 
CLU_3582 3122302159694 4598 
CLU_3582 3122302159538 2484 
CLU_3582 3122302159511 3833 
CLU_3582 3122300273600 6733 
CLU_3582 3122302159503 5390 
CLU_3582 3122302159597 6545 
CLU_3582 3122302159406 8170 
CLU_3582 3122302159678 2504 
CLU_3582 3122302159422 3865 
CLU_3582 3122302159414 3629 
CLU_3582 3122304445651 1890 
CLU_3582 3122306026028 1685 
CLU_3582 3122304194500 4042 
CLU_3582 3122302159392 14274 
CLU_3582 3122302206315 4726 
CLU_3582 3122307269161 5328 
CLU_3582 3122302159473 5932 
CLU_3582 3122302159554 951 
CLU_3582 3122306072046 1838 
CLU_3582 3122302159546 5328 
CLU_3582 3122307676875 5914 
CLU_3582 3122306942822 6367 
CLU_3582 3122302206323 7618 
CLU_3582 3122303747719 3529 
CLU_3582 3122306017940 7762 
CLU_3582 3122304384881 6328 
CLU_3582 3122304207866 11702 
CLU_3582 3122302701804 5757 
CLU_3582 3122302159457 6733 
CLU_3582 3122302159856 8136 
CLU_3582 3122302159449 11198 
CLU_3582 3122307488882 5708 
CLU_3582 3122306223354 3529 
CLU_3582 3122302159589 1204 
CLU_3582 3122306942849 660 
CLU_3582 3122302159562 11005 
CLU_3582 3122302159287 15584 
CLU_3582 CLU_2550 12309 
CLU_3582 CLU_2725 17999 
CLU_3582 CLU_3565 9005 
CLU_3582 CLU_4396 17458 
CLU_3582 CLU_8513 18472 
CLU_3583 3122302159694 4745 
CLU_3583 3122302159538 3741 
CLU_3583 3122302159511 4255 
CLU_3583 3122300273600 3689 
CLU_3583 3122302159503 3455 
CLU_3583 3122302159597 5904 
CLU_3583 3122302159406 6957 
CLU_3583 3122302159678 5546 
CLU_3583 3122302159422 8839 
CLU_3583 3122302159414 8452 
CLU_3583 3122304445651 7606 
CLU_3583 3122306026028 4992 
CLU_3583 3122304194500 1861 
CLU_3583 3122302159392 9440 
CLU_3583 3122302206315 6801 
CLU_3583 3122307269161 1565 
CLU_3583 3122302159473 7864 
CLU_3583 3122302159554 5730 
CLU_3583 3122306072046 3966 
CLU_3583 3122302159546 1565 
CLU_3583 3122307676875 1999 
CLU_3583 3122306942822 2797 
CLU_3583 3122302206323 7315 
CLU_3583 3122303747719 4049 
CLU_3583 3122306017940 8617 
CLU_3583 3122304384881 647 
CLU_3583 3122304207866 9543 
CLU_3583 3122302701804 0 
CLU_3583 3122302159457 3689 
CLU_3583 3122302159856 7025 
CLU_3583 3122302159449 10224 
CLU_3583 3122307488882 8427 
CLU_3583 3122306223354 4049 
CLU_3583 3122302159589 5547 
CLU_3583 3122306942849 5712 
CLU_3583 3122302159562 14908 
CLU_3583 3122302159287 20340 
CLU_3583 CLU_2550 7131 
CLU_3583 CLU_2725 12384 
CLU_3583 CLU_3565 14611 
CLU_3583 CLU_4396 23145 
CLU_3583 CLU_8513 23914 
CLU_3584 3122302159694 2977 
CLU_3584 3122302159538 4697 
CLU_3584 3122302159511 3425 
CLU_3584 3122300273600 639 
CLU_3584 3122302159503 1744 
CLU_3584 3122302159597 2393 
CLU_3584 3122302159406 2781 
CLU_3584 3122302159678 5281 
CLU_3584 3122302159422 8405 
CLU_3584 3122302159414 7976 
CLU_3584 3122304445651 8445 
CLU_3584 3122306026028 7399 
CLU_3584 3122304194500 4078 
CLU_3584 3122302159392 7421 
CLU_3584 3122302206315 4876 
CLU_3584 3122307269161 2940 
CLU_3584 3122302159473 5341 
CLU_3584 3122302159554 6507 
CLU_3584 3122306072046 5545 
CLU_3584 3122302159546 2940 
CLU_3584 3122307676875 2337 
CLU_3584 3122306942822 1529 
CLU_3584 3122302206323 3501 
CLU_3584 3122303747719 7467 
CLU_3584 3122306017940 5160 
CLU_3584 3122304384881 4061 
CLU_3584 3122304207866 5290 
CLU_3584 3122302701804 4327 
CLU_3584 3122302159457 639 
CLU_3584 3122302159856 2878 
CLU_3584 3122302159449 5922 
CLU_3584 3122307488882 6275 
CLU_3584 3122306223354 7467 
CLU_3584 3122302159589 6203 
CLU_3584 3122306942849 7482 
CLU_3584 3122302159562 12590 
CLU_3584 3122302159287 18513 
CLU_3584 CLU_2550 10284 
CLU_3584 CLU_2725 14239 
CLU_3584 CLU_3565 14390 
CLU_3584 CLU_4396 24026 
CLU_3584 CLU_8513 25411 
CLU_3585 3122302159694 3242 
CLU_3585 3122302159538 5823 
CLU_3585 3122302159511 4105 
CLU_3585 3122300273600 3972 
CLU_3585 3122302159503 3875 
CLU_3585 3122302159597 1427 
CLU_3585 3122302159406 1200 
CLU_3585 3122302159678 5149 
CLU_3585 3122302159422 7129 
CLU_3585 3122302159414 6751 
CLU_3585 3122304445651 8214 
CLU_3585 3122306026028 8583 
CLU_3585 3122304194500 6317 
CLU_3585 3122302159392 9583 
CLU_3585 3122302206315 3323 
CLU_3585 3122307269161 5754 
CLU_3585 3122302159473 2878 
CLU_3585 3122302159554 6727 
CLU_3585 3122306072046 6698 
CLU_3585 3122302159546 5754 
CLU_3585 3122307676875 5403 
CLU_3585 3122306942822 4760 
CLU_3585 3122302206323 0 
CLU_3585 3122303747719 9364 
CLU_3585 3122306017940 1756 
CLU_3585 3122304384881 7236 
CLU_3585 3122304207866 4432 
CLU_3585 3122302701804 7315 
CLU_3585 3122302159457 3972 
CLU_3585 3122302159856 1069 
CLU_3585 3122302159449 3581 
CLU_3585 3122307488882 3916 
CLU_3585 3122306223354 9364 
CLU_3585 3122302159589 6433 
CLU_3585 3122306942849 8182 
CLU_3585 3122302159562 9487 
CLU_3585 3122302159287 15545 
CLU_3585 CLU_2550 13761 
CLU_3585 CLU_2725 17651 
CLU_3585 CLU_3565 12639 
CLU_3585 CLU_4396 22764 
CLU_3585 CLU_8513 24614 
CLU_3586 3122302159694 2286 
CLU_3586 3122302159538 4865 
CLU_3586 3122302159511 3148 
CLU_3586 3122300273600 3401 
CLU_3586 3122302159503 3058 
CLU_3586 3122302159597 665 
CLU_3586 3122302159406 1649 
CLU_3586 3122302159678 4250 
CLU_3586 3122302159422 6480 
CLU_3586 3122302159414 6083 
CLU_3586 3122304445651 7376 
CLU_3586 3122306026028 7628 
CLU_3586 3122304194500 5413 
CLU_3586 3122302159392 9751 
CLU_3586 3122302206315 2621 
CLU_3586 3122307269161 4948 
CLU_3586 3122302159473 2523 
CLU_3586 3122302159554 5817 
CLU_3586 3122306072046 5741 
CLU_3586 3122302159546 4948 
CLU_3586 3122307676875 4666 
CLU_3586 3122306942822 4100 
CLU_3586 3122302206323 957 
CLU_3586 3122303747719 8413 
CLU_3586 3122306017940 2173 
CLU_3586 3122304384881 6486 
CLU_3586 3122304207866 5174 
CLU_3586 3122302701804 6513 
CLU_3586 3122302159457 3401 
CLU_3586 3122302159856 1567 
CLU_3586 3122302159449 4521 
CLU_3586 3122307488882 3554 
CLU_3586 3122306223354 8413 
CLU_3586 3122302159589 5519 
CLU_3586 3122306942849 7248 
CLU_3586 3122302159562 9594 
CLU_3586 3122302159287 15582 
CLU_3586 CLU_2550 13146 
CLU_3586 CLU_2725 17282 
CLU_3586 CLU_3565 12174 
CLU_3586 CLU_4396 22198 
CLU_3586 CLU_8513 23946 
CLU_3587 3122302159694 1866 
CLU_3587 3122302159538 3922 
CLU_3587 3122302159511 2451 
CLU_3587 3122300273600 4388 
CLU_3587 3122302159503 3451 
CLU_3587 3122302159597 2176 
CLU_3587 3122302159406 3534 
CLU_3587 3122302159678 2708 
CLU_3587 3122302159422 4595 
CLU_3587 3122302159414 4197 
CLU_3587 3122304445651 5619 
CLU_3587 3122306026028 6411 
CLU_3587 3122304194500 5086 
CLU_3587 3122302159392 11452 
CLU_3587 3122302206315 736 
CLU_3587 3122307269161 5130 
CLU_3587 3122302159473 1261 
CLU_3587 3122302159554 4278 
CLU_3587 3122306072046 4676 
CLU_3587 3122302159546 5130 
CLU_3587 3122307676875 5107 
CLU_3587 3122306942822 4809 
CLU_3587 3122302206323 2614 
CLU_3587 3122303747719 7540 
CLU_3587 3122306017940 2584 
CLU_3587 3122304384881 6762 
CLU_3587 3122304207866 7022 
CLU_3587 3122302701804 6605 
CLU_3587 3122302159457 4388 
CLU_3587 3122302159856 3446 
CLU_3587 3122302159449 6095 
CLU_3587 3122307488882 2026 
CLU_3587 3122306223354 7540 
CLU_3587 3122302159589 4007 
CLU_3587 3122306942849 5824 
CLU_3587 3122302159562 8508 
CLU_3587 3122302159287 14304 
CLU_3587 CLU_2550 13626 
CLU_3587 CLU_2725 18244 
CLU_3587 CLU_3565 10353 
CLU_3587 CLU_4396 20322 
CLU_3587 CLU_8513 22062 
CLU_3588 3122302159694 5479 
CLU_3588 3122302159538 6685 
CLU_3588 3122302159511 5792 
CLU_3588 3122300273600 8112 
CLU_3588 3122302159503 7142 
CLU_3588 3122302159597 5670 
CLU_3588 3122302159406 6526 
CLU_3588 3122302159678 4827 
CLU_3588 3122302159422 3527 
CLU_3588 3122302159414 3433 
CLU_3588 3122304445651 5886 
CLU_3588 3122306026028 8277 
CLU_3588 3122304194500 8317 
CLU_3588 3122302159392 14869 
CLU_3588 3122302206315 3292 
CLU_3588 3122307269161 8679 
CLU_3588 3122302159473 2633 
CLU_3588 3122302159554 5795 
CLU_3588 3122306072046 7113 
CLU_3588 3122302159546 8679 
CLU_3588 3122307676875 8756 
CLU_3588 3122306942822 8522 
CLU_3588 3122302206323 5335 
CLU_3588 3122303747719 9904 
CLU_3588 3122306017940 3903 
CLU_3588 3122304384881 10294 
CLU_3588 3122304207866 9438 
CLU_3588 3122302701804 10040 
CLU_3588 3122302159457 8112 
CLU_3588 3122302159856 6400 
CLU_3588 3122302159449 7745 
CLU_3588 3122307488882 1701 
CLU_3588 3122306223354 9904 
CLU_3588 3122302159589 5688 
CLU_3588 3122306942849 7300 
CLU_3588 3122302159562 4869 
CLU_3588 3122302159287 10577 
CLU_3588 CLU_2550 17159 
CLU_3588 CLU_2725 21953 
CLU_3588 CLU_3565 7568 
CLU_3588 CLU_4396 17850 
CLU_3588 CLU_8513 20060 
CLU_3589 3122302159694 5433 
CLU_3589 3122302159538 5098 
CLU_3589 3122302159511 5191 
CLU_3589 3122300273600 8286 
CLU_3589 3122302159503 6982 
CLU_3589 3122302159597 6719 
CLU_3589 3122302159406 8126 
CLU_3589 3122302159678 3393 
CLU_3589 3122302159422 0 
CLU_3589 3122302159414 430 
CLU_3589 3122304445651 2524 
CLU_3589 3122306026028 5540 
CLU_3589 3122304194500 6978 
CLU_3589 3122302159392 15812 
CLU_3589 3122302206315 3859 
CLU_3589 3122307269161 7869 
CLU_3589 3122302159473 4404 
CLU_3589 3122302159554 3317 
CLU_3589 3122306072046 5077 
CLU_3589 3122302159546 7869 
CLU_3589 3122307676875 8224 
CLU_3589 3122306942822 8330 
CLU_3589 3122302206323 7129 
CLU_3589 3122303747719 7391 
CLU_3589 3122306017940 6374 
CLU_3589 3122304384881 9282 
CLU_3589 3122304207866 11560 
CLU_3589 3122302701804 8839 
CLU_3589 3122302159457 8286 
CLU_3589 3122302159856 8034 
CLU_3589 3122302159449 10337 
CLU_3589 3122307488882 3561 
CLU_3589 3122306223354 7391 
CLU_3589 3122302159589 3393 
CLU_3589 3122306942849 4420 
CLU_3589 3122302159562 7230 
CLU_3589 3122302159287 11764 
CLU_3589 CLU_2550 15819 
CLU_3589 CLU_2725 21214 
CLU_3589 CLU_3565 6016 
CLU_3589 CLU_4396 15744 
CLU_3589 CLU_8513 17485 
CLU_3590 3122302159694 3571 
CLU_3590 3122302159538 6112 
CLU_3590 3122302159511 4413 
CLU_3590 3122300273600 3446 
CLU_3590 3122302159503 3718 
CLU_3590 3122302159597 1593 
CLU_3590 3122302159406 137 
CLU_3590 3122302159678 5749 
CLU_3590 3122302159422 8034 
CLU_3590 3122302159414 7641 
CLU_3590 3122304445651 8919 
CLU_3590 3122306026028 8931 
CLU_3590 3122304194500 6286 
CLU_3590 3122302159392 8516 
CLU_3590 3122302206315 4180 
CLU_3590 3122307269161 5503 
CLU_3590 3122302159473 3901 
CLU_3590 3122302159554 7292 
CLU_3590 3122306072046 7011 
CLU_3590 3122302159546 5503 
CLU_3590 3122307676875 5042 
CLU_3590 3122306942822 4310 
CLU_3590 3122302206323 1069 
CLU_3590 3122303747719 9508 
CLU_3590 3122306017940 2769 
CLU_3590 3122304384881 6855 
CLU_3590 3122304207866 3620 
CLU_3590 3122302701804 7025 
CLU_3590 3122302159457 3446 
CLU_3590 3122302159856 0 
CLU_3590 3122302159449 3305 
CLU_3590 3122307488882 4946 
CLU_3590 3122306223354 9508 
CLU_3590 3122302159589 6987 
CLU_3590 3122306942849 8656 
CLU_3590 3122302159562 10525 
CLU_3590 3122302159287 16594 
CLU_3590 CLU_2550 13141 
CLU_3590 CLU_2725 16789 
CLU_3590 CLU_3565 13650 
CLU_3590 CLU_4396 23730 
CLU_3590 CLU_8513 25509 
CLU_3591 3122302159694 6771 
CLU_3591 3122302159538 9349 
CLU_3591 3122302159511 7632 
CLU_3591 3122300273600 6549 
CLU_3591 3122302159503 7013 
CLU_3591 3122302159597 4814 
CLU_3591 3122302159406 3337 
CLU_3591 3122302159678 8720 
CLU_3591 3122302159422 10337 
CLU_3591 3122302159414 10003 
CLU_3591 3122304445651 11709 
CLU_3591 3122306026028 12141 
CLU_3591 3122304194500 9588 
CLU_3591 3122302159392 9036 
CLU_3591 3122302206315 6746 
CLU_3591 3122307269161 8744 
CLU_3591 3122302159473 5934 
CLU_3591 3122302159554 10300 
CLU_3591 3122306072046 10239 
CLU_3591 3122302159546 8744 
CLU_3591 3122307676875 8224 
CLU_3591 3122306942822 7442 
CLU_3591 3122302206323 3581 
CLU_3591 3122303747719 12805 
CLU_3591 3122306017940 3983 
CLU_3591 3122304384881 9984 
CLU_3591 3122304207866 2276 
CLU_3591 3122302701804 10224 
CLU_3591 3122302159457 6549 
CLU_3591 3122302159856 3305 
CLU_3591 3122302159449 0 
CLU_3591 3122307488882 6825 
CLU_3591 3122306223354 12805 
CLU_3591 3122302159589 10009 
CLU_3591 3122306942849 11764 
CLU_3591 3122302159562 10634 
CLU_3591 3122302159287 16652 
CLU_3591 CLU_2550 15824 
CLU_3591 CLU_2725 18716 
CLU_3591 CLU_3565 15313 
CLU_3591 CLU_4396 25591 
CLU_3591 CLU_8513 27695 
CLU_3592 3122302159694 7630 
CLU_3592 3122302159538 10210 
CLU_3592 3122302159511 8491 
CLU_3592 3122300273600 7360 
CLU_3592 3122302159503 7862 
CLU_3592 3122302159597 5676 
CLU_3592 3122302159406 4190 
CLU_3592 3122302159678 9557 
CLU_3592 3122302159422 11075 
CLU_3592 3122302159414 10753 
CLU_3592 3122304445651 12516 
CLU_3592 3122306026028 12999 
CLU_3592 3122304194500 10441 
CLU_3592 3122302159392 9268 
CLU_3592 3122302206315 7548 
CLU_3592 3122307269161 9576 
CLU_3592 3122302159473 6684 
CLU_3592 3122302159554 11138 
CLU_3592 3122306072046 11098 
CLU_3592 3122302159546 9576 
CLU_3592 3122307676875 9044 
CLU_3592 3122306942822 8253 
CLU_3592 3122302206323 4430 
CLU_3592 3122303747719 13665 
CLU_3592 3122306017940 4701 
CLU_3592 3122304384881 10786 
CLU_3592 3122304207866 2502 
CLU_3592 3122302701804 11043 
CLU_3592 3122302159457 7360 
CLU_3592 3122302159856 4162 
CLU_3592 3122302159449 861 
CLU_3592 3122307488882 7537 
CLU_3592 3122306223354 13665 
CLU_3592 3122302159589 10850 
CLU_3592 3122306942849 12612 
CLU_3592 3122302159562 10923 
CLU_3592 3122302159287 16871 
CLU_3592 CLU_2550 16506 
CLU_3592 CLU_2725 19202 
CLU_3592 CLU_3565 15905 
CLU_3592 CLU_4396 26196 
CLU_3592 CLU_8513 28366 
CLU_3593 3122302159694 4055 
CLU_3593 3122302159538 6448 
CLU_3593 3122302159511 4837 
CLU_3593 3122300273600 5563 
CLU_3593 3122302159503 5181 
CLU_3593 3122302159597 2836 
CLU_3593 3122302159406 2906 
CLU_3593 3122302159678 5272 
CLU_3593 3122302159422 6374 
CLU_3593 3122302159414 6057 
CLU_3593 3122304445651 7946 
CLU_3593 3122306026028 8995 
CLU_3593 3122304194500 7358 
CLU_3593 3122302159392 11251 
CLU_3593 3122302206315 3048 
CLU_3593 3122307269161 7059 
CLU_3593 3122302159473 2004 
CLU_3593 3122302159554 6817 
CLU_3593 3122306072046 7239 
CLU_3593 3122302159546 7059 
CLU_3593 3122307676875 6822 
CLU_3593 3122306942822 6274 
CLU_3593 3122302206323 1756 
CLU_3593 3122303747719 10075 
CLU_3593 3122306017940 0 
CLU_3593 3122304384881 8630 
CLU_3593 3122304207866 5535 
CLU_3593 3122302701804 8617 
CLU_3593 3122302159457 5563 
CLU_3593 3122302159856 2769 
CLU_3593 3122302159449 3983 
CLU_3593 3122307488882 2842 
CLU_3593 3122306223354 10075 
CLU_3593 3122302159589 6560 
CLU_3593 3122306942849 8387 
CLU_3593 3122302159562 7757 
CLU_3593 3122302159287 13832 
CLU_3593 CLU_2550 15320 
CLU_3593 CLU_2725 19374 
CLU_3593 CLU_3565 11425 
CLU_3593 CLU_4396 21668 
CLU_3593 CLU_8513 23716 
CLU_3594 3122302159694 6137 
CLU_3594 3122302159538 3627 
CLU_3594 3122302159511 5288 
CLU_3594 3122300273600 6878 
CLU_3594 3122302159503 5907 
CLU_3594 3122302159597 8007 
CLU_3594 3122302159406 9491 
CLU_3594 3122302159678 5162 
CLU_3594 3122302159422 7391 
CLU_3594 3122302159414 7137 
CLU_3594 3122304445651 5248 
CLU_3594 3122306026028 1904 
CLU_3594 3122304194500 3390 
CLU_3594 3122302159392 13482 
CLU_3594 3122302206315 7321 
CLU_3594 3122307269161 4675 
CLU_3594 3122302159473 8589 
CLU_3594 3122302159554 4179 
CLU_3594 3122306072046 2892 
CLU_3594 3122302159546 4675 
CLU_3594 3122307676875 5381 
CLU_3594 3122306942822 6141 
CLU_3594 3122302206323 9364 
CLU_3594 3122303747719 0 
CLU_3594 3122306017940 10075 
CLU_3594 3122304384881 4690 
CLU_3594 3122304207866 12693 
CLU_3594 3122302701804 4049 
CLU_3594 3122302159457 6878 
CLU_3594 3122302159856 9508 
CLU_3594 3122302159449 12805 
CLU_3594 3122307488882 8678 
CLU_3594 3122306223354 0 
CLU_3594 3122302159589 4232 
CLU_3594 3122306942849 3043 
CLU_3594 3122302159562 14461 
CLU_3594 3122302159287 19106 
CLU_3594 CLU_2550 9224 
CLU_3594 CLU_2725 15182 
CLU_3594 CLU_3565 12250 
CLU_3594 CLU_4396 19725 
CLU_3594 CLU_8513 20176 
CLU_3595 3122302159694 5284 
CLU_3595 3122302159538 3263 
CLU_3595 3122302159511 4540 
CLU_3595 3122300273600 5274 
CLU_3595 3122302159503 4561 
CLU_3595 3122302159597 6914 
CLU_3595 3122302159406 8238 
CLU_3595 3122302159678 5141 
CLU_3595 3122302159422 8051 
CLU_3595 3122302159414 7719 
CLU_3595 3122304445651 6340 
CLU_3595 3122306026028 3269 
CLU_3595 3122304194500 2015 
CLU_3595 3122302159392 11510 
CLU_3595 3122302206315 6959 
CLU_3595 3122307269161 2972 
CLU_3595 3122302159473 8171 
CLU_3595 3122302159554 4743 
CLU_3595 3122306072046 2984 
CLU_3595 3122302159546 2972 
CLU_3595 3122307676875 3642 
CLU_3595 3122306942822 4451 
CLU_3595 3122302206323 8333 
CLU_3595 3122303747719 1996 
CLU_3595 3122306017940 9339 
CLU_3595 3122304384881 2704 
CLU_3595 3122304207866 11190 
CLU_3595 3122302701804 2069 
CLU_3595 3122302159457 5274 
CLU_3595 3122302159856 8279 
CLU_3595 3122302159449 11574 
CLU_3595 3122307488882 8498 
CLU_3595 3122306223354 1996 
CLU_3595 3122302159589 4661 
CLU_3595 3122306942849 4213 
CLU_3595 3122302159562 14727 
CLU_3595 3122302159287 19794 
CLU_3595 CLU_2550 7855 
CLU_3595 CLU_2725 13598 
CLU_3595 CLU_3565 13459 
CLU_3595 CLU_4396 21476 
CLU_3595 CLU_8513 22069 
CLU_3596 3122302159694 5238 
CLU_3596 3122302159538 5522 
CLU_3596 3122302159511 5204 
CLU_3596 3122300273600 8105 
CLU_3596 3122302159503 6892 
CLU_3596 3122302159597 6183 
CLU_3596 3122302159406 7444 
CLU_3596 3122302159678 3649 
CLU_3596 3122302159422 1280 
CLU_3596 3122302159414 1253 
CLU_3596 3122304445651 3727 
CLU_3596 3122306026028 6483 
CLU_3596 3122304194500 7353 
CLU_3596 3122302159392 15440 
CLU_3596 3122302206315 3303 
CLU_3596 3122307269161 8053 
CLU_3596 3122302159473 3509 
CLU_3596 3122302159554 4083 
CLU_3596 3122306072046 5698 
CLU_3596 3122302159546 8053 
CLU_3596 3122307676875 8307 
CLU_3596 3122306942822 8286 
CLU_3596 3122302206323 6360 
CLU_3596 3122303747719 8260 
CLU_3596 3122306017940 5381 
CLU_3596 3122304384881 9569 
CLU_3596 3122304207866 10751 
CLU_3596 3122302701804 9193 
CLU_3596 3122302159457 8105 
CLU_3596 3122302159856 7339 
CLU_3596 3122302159449 9364 
CLU_3596 3122307488882 2541 
CLU_3596 3122306223354 8260 
CLU_3596 3122302159589 4071 
CLU_3596 3122306942849 5412 
CLU_3596 3122302159562 6208 
CLU_3596 3122302159287 11166 
CLU_3596 CLU_2550 16285 
CLU_3596 CLU_2725 21476 
CLU_3596 CLU_3565 6346 
CLU_3596 CLU_4396 16404 
CLU_3596 CLU_8513 18341 
CLU_3597 3122302159694 2929 
CLU_3597 3122302159538 4214 
CLU_3597 3122302159511 3197 
CLU_3597 3122300273600 5695 
CLU_3597 3122302159503 4613 
CLU_3597 3122302159597 3596 
CLU_3597 3122302159406 4881 
CLU_3597 3122302159678 2492 
CLU_3597 3122302159422 3281 
CLU_3597 3122302159414 2913 
CLU_3597 3122304445651 4723 
CLU_3597 3122306026028 6232 
CLU_3597 3122304194500 5748 
CLU_3597 3122302159392 12872 
CLU_3597 3122302206315 765 
CLU_3597 3122307269161 6087 
CLU_3597 3122302159473 1239 
CLU_3597 3122302159554 3834 
CLU_3597 3122306072046 4772 
CLU_3597 3122302159546 6087 
CLU_3597 3122307676875 6188 
CLU_3597 3122306942822 6011 
CLU_3597 3122302206323 3850 
CLU_3597 3122303747719 7651 
CLU_3597 3122306017940 3235 
CLU_3597 3122304384881 7700 
CLU_3597 3122304207866 8280 
CLU_3597 3122302701804 7448 
CLU_3597 3122302159457 5695 
CLU_3597 3122302159856 4782 
CLU_3597 3122302159449 7115 
CLU_3597 3122307488882 1040 
CLU_3597 3122306223354 7651 
CLU_3597 3122302159589 3632 
CLU_3597 3122306942849 5435 
CLU_3597 3122302159562 7464 
CLU_3597 3122302159287 13087 
CLU_3597 CLU_2550 14564 
CLU_3597 CLU_2725 19409 
CLU_3597 CLU_3565 8935 
CLU_3597 CLU_4396 18948 
CLU_3597 CLU_8513 20764 
CLU_3598 3122302159694 2308 
CLU_3598 3122302159538 2675 
CLU_3598 3122302159511 2120 
CLU_3598 3122300273600 5158 
CLU_3598 3122302159503 3868 
CLU_3598 3122302159597 3818 
CLU_3598 3122302159406 5373 
CLU_3598 3122302159678 870 
CLU_3598 3122302159422 3128 
CLU_3598 3122302159414 2698 
CLU_3598 3122304445651 3624 
CLU_3598 3122306026028 4630 
CLU_3598 3122304194500 4370 
CLU_3598 3122302159392 12702 
CLU_3598 3122302206315 1468 
CLU_3598 3122307269161 4967 
CLU_3598 3122302159473 2684 
CLU_3598 3122302159554 2309 
CLU_3598 3122306072046 3161 
CLU_3598 3122302159546 4967 
CLU_3598 3122307676875 5219 
CLU_3598 3122306942822 5240 
CLU_3598 3122302206323 4592 
CLU_3598 3122303747719 6031 
CLU_3598 3122306017940 4513 
CLU_3598 3122304384881 6507 
CLU_3598 3122304207866 8926 
CLU_3598 3122302701804 6168 
CLU_3598 3122302159457 5158 
CLU_3598 3122302159856 5307 
CLU_3598 3122302159449 8115 
CLU_3598 3122307488882 2647 
CLU_3598 3122306223354 6031 
CLU_3598 3122302159589 2069 
CLU_3598 3122306942849 3898 
CLU_3598 3122302159562 8819 
CLU_3598 3122302159287 14177 
CLU_3598 CLU_2550 13294 
CLU_3598 CLU_2725 18391 
CLU_3598 CLU_3565 9139 
CLU_3598 CLU_4396 18778 
CLU_3598 CLU_8513 20324 
CLU_3599 3122302159694 3383 
CLU_3599 3122302159538 3959 
CLU_3599 3122302159511 3363 
CLU_3599 3122300273600 1232 
CLU_3599 3122302159503 1700 
CLU_3599 3122302159597 3810 
CLU_3599 3122302159406 4585 
CLU_3599 3122302159678 5176 
CLU_3599 3122302159422 8544 
CLU_3599 3122302159414 8119 
CLU_3599 3122304445651 8027 
CLU_3599 3122306026028 6299 
CLU_3599 3122304194500 2698 
CLU_3599 3122302159392 7862 
CLU_3599 3122302206315 5566 
CLU_3599 3122307269161 1321 
CLU_3599 3122302159473 6359 
CLU_3599 3122302159554 6023 
CLU_3599 3122306072046 4646 
CLU_3599 3122302159546 1321 
CLU_3599 3122307676875 614 
CLU_3599 3122306942822 371 
CLU_3599 3122302206323 5131 
CLU_3599 3122303747719 5995 
CLU_3599 3122306017940 6643 
CLU_3599 3122304384881 2207 
CLU_3599 3122304207866 7051 
CLU_3599 3122302701804 2495 
CLU_3599 3122302159457 1232 
CLU_3599 3122302159856 4669 
CLU_3599 3122302159449 7777 
CLU_3599 3122307488882 7143 
CLU_3599 3122306223354 5995 
CLU_3599 3122302159589 5752 
CLU_3599 3122306942849 6637 
CLU_3599 3122302159562 13646 
CLU_3599 3122302159287 19396 
CLU_3599 CLU_2550 8677 
CLU_3599 CLU_2725 13112 
CLU_3599 CLU_3565 14549 
CLU_3599 CLU_4396 23776 
CLU_3599 CLU_8513 24901 
CLU_3600 3122302159694 3864 
CLU_3600 3122302159538 3821 
CLU_3600 3122302159511 3642 
CLU_3600 3122300273600 2148 
CLU_3600 3122302159503 2280 
CLU_3600 3122302159597 4606 
CLU_3600 3122302159406 5484 
CLU_3600 3122302159678 5309 
CLU_3600 3122302159422 8702 
CLU_3600 3122302159414 8287 
CLU_3600 3122304445651 7914 
CLU_3600 3122306026028 5840 
CLU_3600 3122304194500 2221 
CLU_3600 3122302159392 8283 
CLU_3600 3122302206315 6045 
CLU_3600 3122307269161 876 
CLU_3600 3122302159473 6951 
CLU_3600 3122302159554 5925 
CLU_3600 3122306072046 4367 
CLU_3600 3122302159546 876 
CLU_3600 3122307676875 600 
CLU_3600 3122306942822 1258 
CLU_3600 3122302206323 5969 
CLU_3600 3122303747719 5307 
CLU_3600 3122306017940 7412 
CLU_3600 3122304384881 1292 
CLU_3600 3122304207866 7956 
CLU_3600 3122302701804 1588 
CLU_3600 3122302159457 2148 
CLU_3600 3122302159856 5563 
CLU_3600 3122302159449 8697 
CLU_3600 3122307488882 7659 
CLU_3600 3122306223354 5307 
CLU_3600 3122302159589 5681 
CLU_3600 3122306942849 6319 
CLU_3600 3122302159562 14186 
CLU_3600 3122302159287 19834 
CLU_3600 CLU_2550 7956 
CLU_3600 CLU_2725 12668 
CLU_3600 CLU_3565 14655 
CLU_3600 CLU_4396 23645 
CLU_3600 CLU_8513 24636 
CLU_3601 3122302159694 3381 
CLU_3601 3122302159538 2584 
CLU_3601 3122302159511 2900 
CLU_3601 3122300273600 6069 
CLU_3601 3122302159503 4709 
CLU_3601 3122302159597 5098 
CLU_3601 3122302159406 6683 
CLU_3601 3122302159678 1018 
CLU_3601 3122302159422 2515 
CLU_3601 3122302159414 2131 
CLU_3601 3122304445651 2295 
CLU_3601 3122306026028 3655 
CLU_3601 3122304194500 4463 
CLU_3601 3122302159392 13702 
CLU_3601 3122302206315 2776 
CLU_3601 3122307269161 5387 
CLU_3601 3122302159473 3909 
CLU_3601 3122302159554 1174 
CLU_3601 3122306072046 2662 
CLU_3601 3122302159546 5387 
CLU_3601 3122307676875 5787 
CLU_3601 3122306942822 5981 
CLU_3601 3122302206323 5938 
CLU_3601 3122303747719 5301 
CLU_3601 3122306017940 5819 
CLU_3601 3122304384881 6769 
CLU_3601 3122304207866 10244 
CLU_3601 3122302701804 6324 
CLU_3601 3122302159457 6069 
CLU_3601 3122302159856 6624 
CLU_3601 3122302159449 9466 
CLU_3601 3122307488882 3623 
CLU_3601 3122306223354 5301 
CLU_3601 3122302159589 1068 
CLU_3601 3122306942849 2746 
CLU_3601 3122302159562 9185 
CLU_3601 3122302159287 14161 
CLU_3601 CLU_2550 13333 
CLU_3601 CLU_2725 18700 
CLU_3601 CLU_3565 8420 
CLU_3601 CLU_4396 17738 
CLU_3601 CLU_8513 19146 
CLU_3602 3122302159694 10322 
CLU_3602 3122302159538 11479 
CLU_3602 3122302159511 10662 
CLU_3602 3122300273600 12826 
CLU_3602 3122302159503 11958 
CLU_3602 3122302159597 10211 
CLU_3602 3122302159406 10662 
CLU_3602 3122302159678 9586 
CLU_3602 3122302159422 7230 
CLU_3602 3122302159414 7392 
CLU_3602 3122304445651 9730 
CLU_3602 3122306026028 12690 
CLU_3602 3122304194500 13169 
CLU_3602 3122302159392 18984 
CLU_3602 3122302206315 8148 
CLU_3602 3122307269161 13545 
CLU_3602 3122302159473 7299 
CLU_3602 3122302159554 10281 
CLU_3602 3122306072046 11808 
CLU_3602 3122302159546 13545 
CLU_3602 3122307676875 13598 
CLU_3602 3122306942822 13314 
CLU_3602 3122302206323 9487 
CLU_3602 3122303747719 14461 
CLU_3602 3122306017940 7757 
CLU_3602 3122304384881 15163 
CLU_3602 3122304207866 12769 
CLU_3602 3122302701804 14908 
CLU_3602 3122302159457 12826 
CLU_3602 3122302159856 10525 
CLU_3602 3122302159449 10634 
CLU_3602 3122307488882 6526 
CLU_3602 3122306223354 14461 
CLU_3602 3122302159589 10245 
CLU_3602 3122306942849 11606 
CLU_3602 3122302159562 0 
CLU_3602 3122302159287 6094 
CLU_3602 CLU_2550 22029 
CLU_3602 CLU_2725 26744 
CLU_3602 CLU_3565 7215 
CLU_3602 CLU_4396 16764 
CLU_3602 CLU_8513 19673 
CLU_3603 3122302159694 5653 
CLU_3603 3122302159538 6543 
CLU_3603 3122302159511 5849 
CLU_3603 3122300273600 8401 
CLU_3603 3122302159503 7337 
CLU_3603 3122302159597 6101 
CLU_3603 3122302159406 7092 
CLU_3603 3122302159678 4646 
CLU_3603 3122302159422 2833 
CLU_3603 3122302159414 2803 
CLU_3603 3122304445651 5280 
CLU_3603 3122306026028 7881 
CLU_3603 3122304194500 8266 
CLU_3603 3122302159392 15370 
CLU_3603 3122302206315 3480 
CLU_3603 3122307269161 8757 
CLU_3603 3122302159473 3097 
CLU_3603 3122302159554 5419 
CLU_3603 3122306072046 6875 
CLU_3603 3122302159546 8757 
CLU_3603 3122307676875 8898 
CLU_3603 3122306942822 8736 
CLU_3603 3122302206323 5920 
CLU_3603 3122303747719 9584 
CLU_3603 3122306017940 4598 
CLU_3603 3122304384881 10346 
CLU_3603 3122304207866 10127 
CLU_3603 3122302701804 10045 
CLU_3603 3122302159457 8401 
CLU_3603 3122302159856 6971 
CLU_3603 3122302159449 8498 
CLU_3603 3122307488882 2066 
CLU_3603 3122306223354 9584 
CLU_3603 3122302159589 5351 
CLU_3603 3122306942849 6854 
CLU_3603 3122302159562 4940 
CLU_3603 3122302159287 10370 
CLU_3603 CLU_2550 17176 
CLU_3603 CLU_2725 22124 
CLU_3603 CLU_3565 6829 
CLU_3603 CLU_4396 17093 
CLU_3603 CLU_8513 19265 
CLU_3604 3122302159694 8360 
CLU_3604 3122302159538 10423 
CLU_3604 3122302159511 9026 
CLU_3604 3122300273600 10085 
CLU_3604 3122302159503 9668 
CLU_3604 3122302159597 7363 
CLU_3604 3122302159406 7137 
CLU_3604 3122302159678 8820 
CLU_3604 3122302159422 8198 
CLU_3604 3122302159414 8095 
CLU_3604 3122304445651 10516 
CLU_3604 3122306026028 12555 
CLU_3604 3122304194500 11653 
CLU_3604 3122302159392 14953 
CLU_3604 3122302206315 6656 
CLU_3604 3122307269161 11521 
CLU_3604 3122302159473 5402 
CLU_3604 3122302159554 10115 
CLU_3604 3122306072046 11071 
CLU_3604 3122302159546 11521 
CLU_3604 3122307676875 11329 
CLU_3604 3122306942822 10800 
CLU_3604 3122302206323 6167 
CLU_3604 3122303747719 13963 
CLU_3604 3122306017940 4527 
CLU_3604 3122304384881 13119 
CLU_3604 3122304207866 8353 
CLU_3604 3122302701804 13062 
CLU_3604 3122302159457 10085 
CLU_3604 3122302159856 7005 
CLU_3604 3122302159449 6102 
CLU_3604 3122307488882 5340 
CLU_3604 3122306223354 13963 
CLU_3604 3122302159589 9940 
CLU_3604 3122306942849 11698 
CLU_3604 3122302159562 4842 
CLU_3604 3122302159287 10643 
CLU_3604 CLU_2550 19846 
CLU_3604 CLU_2725 23792 
CLU_3604 CLU_3565 11067 
CLU_3604 CLU_4396 21174 
CLU_3604 CLU_8513 23803 
CLU_3605 3122302159694 16016 
CLU_3605 3122302159538 16689 
CLU_3605 3122302159511 16207 
CLU_3605 3122300273600 18689 
CLU_3605 3122302159503 17695 
CLU_3605 3122302159597 16171 
CLU_3605 3122302159406 16731 
CLU_3605 3122302159678 14811 
CLU_3605 3122302159422 11764 
CLU_3605 3122302159414 12078 
CLU_3605 3122304445651 13913 
CLU_3605 3122306026028 17215 
CLU_3605 3122304194500 18512 
CLU_3605 3122302159392 25074 
CLU_3605 3122302206315 13829 
CLU_3605 3122307269161 19113 
CLU_3605 3122302159473 13172 
CLU_3605 3122302159554 15080 
CLU_3605 3122306072046 16809 
CLU_3605 3122302159546 19113 
CLU_3605 3122307676875 19269 
CLU_3605 3122306942822 19087 
CLU_3605 3122302206323 15545 
CLU_3605 3122303747719 19106 
CLU_3605 3122306017940 13832 
CLU_3605 3122304384881 20682 
CLU_3605 3122304207866 18828 
CLU_3605 3122302701804 20340 
CLU_3605 3122302159457 18689 
CLU_3605 3122302159856 16594 
CLU_3605 3122302159449 16652 
CLU_3605 3122307488882 12278 
CLU_3605 3122306223354 19106 
CLU_3605 3122302159589 15136 
CLU_3605 3122306942849 16074 
CLU_3605 3122302159562 6094 
CLU_3605 3122302159287 0 
CLU_3605 CLU_2550 27449 
CLU_3605 CLU_2725 32495 
CLU_3605 CLU_3565 8109 
CLU_3605 CLU_4396 14115 
CLU_3605 CLU_8513 17629 
CLU_3606 3122302159694 10530 
CLU_3606 3122302159538 11913 
CLU_3606 3122302159511 10952 
CLU_3606 3122300273600 12883 
CLU_3606 3122302159503 12116 
CLU_3606 3122302159597 10200 
CLU_3606 3122302159406 10475 
CLU_3606 3122302159678 10046 
CLU_3606 3122302159422 7982 
CLU_3606 3122302159414 8096 
CLU_3606 3122304445651 10505 
CLU_3606 3122306026028 13331 
CLU_3606 3122304194500 13525 
CLU_3606 3122302159392 18690 
CLU_3606 3122302206315 8406 
CLU_3606 3122307269161 13788 
CLU_3606 3122302159473 7428 
CLU_3606 3122302159554 10881 
CLU_3606 3122306072046 12315 
CLU_3606 3122302159546 13788 
CLU_3606 3122307676875 13782 
CLU_3606 3122306942822 13434 
CLU_3606 3122302206323 9336 
CLU_3606 3122303747719 15048 
CLU_3606 3122306017940 7581 
CLU_3606 3122304384881 15417 
CLU_3606 3122304207866 12297 
CLU_3606 3122302701804 15207 
CLU_3606 3122302159457 12883 
CLU_3606 3122302159856 10337 
CLU_3606 3122302159449 10098 
CLU_3606 3122307488882 6780 
CLU_3606 3122306223354 15048 
CLU_3606 3122302159589 10816 
CLU_3606 3122306942849 12277 
CLU_3606 3122302159562 1155 
CLU_3606 3122302159287 6562 
CLU_3606 CLU_2550 22290 
CLU_3606 CLU_2725 26817 
CLU_3606 CLU_3565 8368 
CLU_3606 CLU_4396 17874 
CLU_3606 CLU_8513 20814 
CLU_3607 3122302159694 13498 
CLU_3607 3122302159538 14722 
CLU_3607 3122302159511 13874 
CLU_3607 3122300273600 15907 
CLU_3607 3122302159503 15108 
CLU_3607 3122302159597 13232 
CLU_3607 3122302159406 13498 
CLU_3607 3122302159678 12829 
CLU_3607 3122302159422 10380 
CLU_3607 3122302159414 10574 
CLU_3607 3122304445651 12841 
CLU_3607 3122306026028 15886 
CLU_3607 3122304194500 16403 
CLU_3607 3122302159392 21660 
CLU_3607 3122302206315 11343 
CLU_3607 3122307269161 16741 
CLU_3607 3122302159473 10423 
CLU_3607 3122302159554 13501 
CLU_3607 3122306072046 15048 
CLU_3607 3122302159546 16741 
CLU_3607 3122307676875 16765 
CLU_3607 3122306942822 16441 
CLU_3607 3122302206323 12367 
CLU_3607 3122303747719 17679 
CLU_3607 3122306017940 10611 
CLU_3607 3122304384881 18365 
CLU_3607 3122304207866 15162 
CLU_3607 3122302701804 18127 
CLU_3607 3122302159457 15907 
CLU_3607 3122302159856 13360 
CLU_3607 3122302159449 12922 
CLU_3607 3122307488882 9716 
CLU_3607 3122306223354 17679 
CLU_3607 3122302159589 13474 
CLU_3607 3122306942849 14788 
CLU_3607 3122302159562 3243 
CLU_3607 3122302159287 4149 
CLU_3607 CLU_2550 25238 
CLU_3607 CLU_2725 29842 
CLU_3607 CLU_3565 9042 
CLU_3607 CLU_4396 17298 
CLU_3607 CLU_8513 20563 
CLU_3608 3122302159694 9702 
CLU_3608 3122302159538 10932 
CLU_3608 3122302159511 10065 
CLU_3608 3122300273600 12177 
CLU_3608 3122302159503 11328 
CLU_3608 3122302159597 9550 
CLU_3608 3122302159406 9987 
CLU_3608 3122302159678 9047 
CLU_3608 3122302159422 6843 
CLU_3608 3122302159414 6974 
CLU_3608 3122304445651 9361 
CLU_3608 3122306026028 12240 
CLU_3608 3122304194500 12595 
CLU_3608 3122302159392 18307 
CLU_3608 3122302206315 7538 
CLU_3608 3122307269161 12937 
CLU_3608 3122302159473 6657 
CLU_3608 3122302159554 9807 
CLU_3608 3122306072046 11292 
CLU_3608 3122302159546 12937 
CLU_3608 3122307676875 12975 
CLU_3608 3122306942822 12677 
CLU_3608 3122302206323 8813 
CLU_3608 3122303747719 13984 
CLU_3608 3122306017940 7081 
CLU_3608 3122304384881 14559 
CLU_3608 3122304207866 12105 
CLU_3608 3122302701804 14317 
CLU_3608 3122302159457 12177 
CLU_3608 3122302159856 9849 
CLU_3608 3122302159449 9981 
CLU_3608 3122307488882 5912 
CLU_3608 3122306223354 13984 
CLU_3608 3122302159589 9757 
CLU_3608 3122306942849 11173 
CLU_3608 3122302159562 676 
CLU_3608 3122302159287 6770 
CLU_3608 CLU_2550 21430 
CLU_3608 CLU_2725 26102 
CLU_3608 CLU_3565 7386 
CLU_3608 CLU_4396 17134 
CLU_3608 CLU_8513 19967 
CLU_4396 3122302159694 21065 
CLU_4396 3122302159538 19843 
CLU_4396 3122302159511 20637 
CLU_4396 3122300273600 23806 
CLU_4396 3122302159503 22440 
CLU_4396 3122302159597 22464 
CLU_4396 3122302159406 23830 
CLU_4396 3122302159678 18757 
CLU_4396 3122302159422 15744 
CLU_4396 3122302159414 16159 
CLU_4396 3122304445651 15750 
CLU_4396 3122306026028 18220 
CLU_4396 3122304194500 21499 
CLU_4396 3122302159392 31440 
CLU_4396 3122302206315 19589 
CLU_4396 3122307269161 22769 
CLU_4396 3122302159473 19905 
CLU_4396 3122302159554 17754 
CLU_4396 3122306072046 19297 
CLU_4396 3122302159546 22769 
CLU_4396 3122307676875 23314 
CLU_4396 3122306942822 23650 
CLU_4396 3122302206323 22764 
CLU_4396 3122303747719 19725 
CLU_4396 3122306017940 21668 
CLU_4396 3122304384881 23748 
CLU_4396 3122304207866 27142 
CLU_4396 3122302701804 23145 
CLU_4396 3122302159457 23806 
CLU_4396 3122302159856 23730 
CLU_4396 3122302159449 25591 
CLU_4396 3122307488882 18898 
CLU_4396 3122306223354 19725 
CLU_4396 3122302159589 18024 
CLU_4396 3122306942849 17435 
CLU_4396 3122302159562 16764 
CLU_4396 3122302159287 14115 
CLU_4396 CLU_2550 28813 
CLU_4396 CLU_2725 34873 
CLU_4396 CLU_3565 10294 
CLU_4396 CLU_4396 0 
CLU_4396 CLU_8513 3731 
CLU_4824 3122302159694 10396 
CLU_4824 3122302159538 11790 
CLU_4824 3122302159511 10805 
CLU_4824 3122300273600 7641 
CLU_4824 3122302159503 9013 
CLU_4824 3122302159597 9293 
CLU_4824 3122302159406 8382 
CLU_4824 3122302159678 12683 
CLU_4824 3122302159422 15812 
CLU_4824 3122302159414 15384 
CLU_4824 3122304445651 15775 
CLU_4824 3122306026028 14115 
CLU_4824 3122304194500 10485 
CLU_4824 3122302159392 0 
CLU_4824 3122302206315 12138 
CLU_4824 3122307269161 9082 
CLU_4824 3122302159473 12275 
CLU_4824 3122302159554 13789 
CLU_4824 3122306072046 12509 
CLU_4824 3122302159546 9082 
CLU_4824 3122307676875 8420 
CLU_4824 3122306942822 7906 
CLU_4824 3122302206323 9583 
CLU_4824 3122303747719 13482 
CLU_4824 3122306017940 11251 
CLU_4824 3122304384881 8808 
CLU_4824 3122304207866 6789 
CLU_4824 3122302701804 9440 
CLU_4824 3122302159457 7641 
CLU_4824 3122302159856 8516 
CLU_4824 3122302159449 9036 
CLU_4824 3122307488882 13304 
CLU_4824 3122306223354 13482 
CLU_4824 3122302159589 13498 
CLU_4824 3122306942849 14499 
CLU_4824 3122302159562 18984 
CLU_4824 3122302159287 25074 
CLU_4824 CLU_2550 10378 
CLU_4824 CLU_2725 10708 
CLU_4824 CLU_3565 21762 
CLU_4824 CLU_4396 31440 
CLU_4824 CLU_8513 32725 
CLU_8513 3122302159694 22527 
CLU_8513 3122302159538 20945 
CLU_8513 3122302159511 21985 
CLU_8513 3122300273600 25108 
CLU_8513 3122302159503 23736 
CLU_8513 3122302159597 24121 
CLU_8513 3122302159406 25595 
CLU_8513 3122302159678 20151 
CLU_8513 3122302159422 17485 
CLU_8513 3122302159414 17869 
CLU_8513 3122304445651 16968 
CLU_8513 3122306026028 18922 
CLU_8513 3122304194500 22427 
CLU_8513 3122302159392 32725 
CLU_8513 3122302206315 21328 
CLU_8513 3122307269161 23777 
CLU_8513 3122302159473 21833 
CLU_8513 3122302159554 18939 
CLU_8513 3122306072046 20280 
CLU_8513 3122302159546 23777 
CLU_8513 3122307676875 24384 
CLU_8513 3122306942822 24827 
CLU_8513 3122302206323 24614 
CLU_8513 3122303747719 20176 
CLU_8513 3122306017940 23716 
CLU_8513 3122304384881 24545 
CLU_8513 3122304207866 29044 
CLU_8513 3122302701804 23914 
CLU_8513 3122302159457 25108 
CLU_8513 3122302159856 25509 
CLU_8513 3122302159449 27695 
CLU_8513 3122307488882 20882 
CLU_8513 3122306223354 20176 
CLU_8513 3122302159589 19234 
CLU_8513 3122306942849 18317 
CLU_8513 3122302159562 19673 
CLU_8513 3122302159287 17629 
CLU_8513 CLU_2550 28910 
CLU_8513 CLU_2725 35031 
CLU_8513 CLU_3565 12737 
CLU_8513 CLU_4396 3731 
CLU_8513 CLU_8513 0 
;

end;
